plot_width,plot_length,plot_area_sqft,aspect_ratio,floors,bhk,family_size,parking_spaces,log_plot_area,area_per_bhk,sqft_per_person,frontage_ratio,total_potential_sqft,facing_direction_East,facing_direction_North,facing_direction_South,facing_direction_West,vastu_priority_False,vastu_priority_True,target_archetype_label,target_circulation_ratio
-0.7040000000000002,-0.4665523156089193,-0.4970268302053409,-0.0358192996524992,1.0,-1.0,-0.3333333333333333,0.0,-0.7813371796853189,-0.3302014009869596,-0.5953045310074654,0.03218877783757401,-0.2662545689099119,0.0,0.0,0.0,1.0,0.0,1.0,4,0.117
0.6684444444444444,-0.14751286449399645,0.1976340793495151,-0.8302592889601713,0.0,0.0,0.3333333333333333,1.0,0.175257259188511,0.313800669149859,0.07097848009038771,1.1395929610918232,0.2492904751666308,0.0,0.0,0.0,1.0,0.0,1.0,3,0.181
0.8711111111111111,1.130360205831904,1.4999340569862323,0.20261962042234705,0.0,0.5,0.6666666666666666,1.0,0.834347591621568,1.6565468076886631,1.2408991795402466,-0.16951394494611874,1.4700602021070737,0.0,0.0,1.0,0.0,1.0,0.0,0,0.169
-0.8782222222222223,-0.6449399656946825,-0.6022145384275746,-0.12563485699010957,0.0,-1.0,0.0,0.0,-1.1342399579453404,-0.6644847618978198,-0.8142539483085716,0.11899678273747986,-0.5004837669318426,0.0,1.0,0.0,0.0,0.0,1.0,1,0.099
0.9493333333333335,-0.1423670668953687,0.3213775782284839,-0.9414595028067364,0.0,0.5,0.3333333333333333,1.0,0.2678559891146069,0.15838004504734343,0.2133974108528767,1.3959227772530343,0.36528703504622656,1.0,0.0,0.0,0.0,0.0,1.0,2,0.186
-0.23466666666666672,0.02401372212692977,-0.09196470041802143,0.11387329591018452,0.0,0.0,-0.6666666666666666,0.0,-0.09721487236454468,-0.14636742012843593,0.3370999334762361,-0.09815958937196306,-0.0221780262309181,0.0,1.0,0.0,0.0,0.0,1.0,0,0.16
0.20266666666666652,0.9588336192109778,0.7760517910695957,0.7532745255279338,1.0,0.5,0.3333333333333333,1.0,0.5367119171268279,0.73635641341507,0.7366912874988119,-0.5266478012330743,1.5238120834229198,1.0,0.0,0.0,0.0,1.0,0.0,0,0.179
-0.472888888888889,0.1063464837049743,-0.1712339371419725,0.6709435979684578,0.0,0.0,-0.6666666666666666,1.0,-0.1919560012099219,-0.27232504063736884,0.17744290043610017,-0.48076948595687735,-0.09648462696194367,1.0,0.0,0.0,0.0,1.0,0.0,0,0.166
-0.46577777777777785,0.09605488850771883,-0.17217434186005176,0.63672814755413,1.0,-0.5,-0.3333333333333333,1.0,-0.19315179686579637,0.05151044665874578,-0.07187338310296396,-0.4608799737007698,0.19051816813588485,1.0,0.0,0.0,0.0,0.0,1.0,4,0.166
0.2915555555555554,0.8902229845626073,0.8002270733343654,0.554397219994654,0.0,1.0,1.3333333333333333,0.0,0.5487159192078401,0.43093834053750657,0.21669192105846694,-0.4116327711613597,0.8141582455385937,0.0,0.0,1.0,0.0,0.0,1.0,0,0.182
-0.6151111111111113,0.0034305317324185734,-0.2853669585361798,0.8024592354985303,-1.0,-0.5,0.6666666666666666,0.0,-0.3523562712242511,-0.18830469887041473,-0.5569979303717939,-0.5532944763399922,-0.43830359062567187,1.0,0.0,0.0,0.0,0.0,1.0,0,0.17
0.5368888888888886,0.6363636363636365,0.7898596847350524,0.024057738572574146,1.0,0.5,1.0,1.0,0.5435906453363144,0.7539088410878425,0.3494396810144462,-0.0219029084990901,1.5432272629542032,0.0,0.0,0.0,1.0,0.0,1.0,0,0.134
0.24888888888888888,0.09262435677530026,0.1928173722569139,-0.31702753274525536,-1.0,0.5,0.0,1.0,0.17142136059581828,-0.005044136191677229,0.2532676719146523,0.3266498278848269,-0.21417974629112022,0.0,1.0,0.0,0.0,0.0,1.0,4,0.136
0.4444444444444444,0.17667238421955422,0.35963599456400197,-0.37476610531943344,0.0,0.0,0.6666666666666666,1.0,0.2943993250269764,0.5712192668508409,0.09255580604627092,0.39803031889746704,0.4011502902601591,0.0,0.0,0.0,1.0,0.0,1.0,3,0.213
-0.2560000000000001,-0.2384219554030873,-0.24098444318292594,-0.2699812884255547,0.0,0.0,0.3333333333333333,2.0,-0.28601880001368013,-0.38315754178542005,-0.4338365732870131,0.2726290928668891,-0.16186841539453878,0.0,1.0,0.0,0.0,0.0,1.0,4,0.111
0.46933333333333316,0.14236706689536896,0.3457134173963405,-0.4282277465918206,-1.0,0.0,0.0,1.0,0.28484393177750383,0.5490965019061297,0.458567398428068,0.46692898169045355,-0.1425177381208342,0.0,1.0,0.0,0.0,0.0,1.0,4,0.15
0.42311111111111105,-0.4373927958833618,-0.1331590144099821,-1.0130981021117351,0.0,0.5,0.3333333333333333,1.0,-0.14501546365694265,-0.419421382180787,-0.30973807587932806,1.587082305447042,-0.060793377768221885,1.0,0.0,0.0,0.0,0.0,1.0,2,0.167
0.7644444444444445,0.35506003430531735,0.696553187341235,-0.4132584870355522,1.0,0.0,-0.3333333333333333,1.0,0.49588557277286743,1.106575600084555,1.327897479488506,0.44672185935583597,1.412029671038486,0.0,1.0,0.0,0.0,0.0,1.0,3,0.205
-0.4586666666666669,-0.40137221269296725,-0.39333000751176944,-0.29564287623630053,0.0,-0.5,0.3333333333333333,0.0,-0.5420191129097317,-0.417040238891845,-0.6091742077864482,0.3021027501346824,-0.3046764136744786,0.0,0.0,0.0,1.0,0.0,1.0,4,0.156
0.09955555555555545,0.015437392795883458,0.06512876090210039,-0.27960438385458447,-1.0,0.5,0.0,1.0,0.062198356557176766,-0.16736035687992473,0.08181499002143539,0.28346896437976965,-0.27402709094818317,0.0,1.0,0.0,0.0,1.0,0.0,4,0.141
0.5191111111111109,1.130360205831904,1.1820313888745535,0.5426356589147286,0.0,0.5,0.3333333333333333,0.0,0.7172968446579886,1.2524327752225035,1.2039415330031782,-0.40423452846455243,1.1720597720920232,0.0,1.0,0.0,0.0,0.0,1.0,0,0.173
-0.8142222222222223,-0.5265866209262434,-0.549483064113812,0.05078855920876783,-1.0,-1.5,-1.6666666666666667,0.0,-0.9375919765716237,0.2559972009417667,0.8471154556877818,-0.044488037728747556,-0.5620941732960654,1.0,0.0,0.0,0.0,0.0,1.0,0,0.172
-0.7857777777777778,-0.588336192109777,-0.5618230089510474,-0.1694734028334669,0.0,-1.0,-1.0,0.0,-0.9793767338235961,-0.5361217007194454,-0.4584750043117254,0.16379275909092342,-0.4626209417329607,0.0,0.0,0.0,1.0,0.0,1.0,1,0.117
0.3093333333333332,0.6740994854202402,0.6545790255342817,0.2892274792836143,-1.0,0.0,0.6666666666666666,2.0,0.4734380053990014,1.039879290613679,0.38957979155887335,-0.2342727053726716,0.002246828639002326,0.0,0.0,0.0,1.0,0.0,1.0,0,0.139
0.3057777777777776,0.7495711835334476,0.7077692338568635,0.37797380379577655,0.0,0.5,0.6666666666666666,1.0,0.5017763294569428,0.6495564513189837,0.44314528050853713,-0.2972152595022737,0.7274887121049237,0.0,0.0,0.0,1.0,0.0,1.0,0,0.174
0.6542222222222219,0.5969125214408235,0.8396781980928133,-0.11066559743384118,0.0,0.0,0.3333333333333333,1.0,0.5679176809488213,1.3339990815590173,0.8099202242801176,0.10443503095291667,0.8511395398838959,0.0,0.0,0.0,1.0,1.0,0.0,3,0.206
0.8391111111111109,1.130360205831904,1.4710338144306252,0.22935044105854072,-1.0,0.5,0.0,1.0,0.824401789342534,1.619809168373558,1.9695807770961138,-0.19014810082021436,0.38491722210277357,0.0,1.0,0.0,0.0,1.0,0.0,0,0.175
0.9635555555555554,1.130360205831904,1.5834236465913196,0.12884255546645293,-1.0,0.0,-0.3333333333333333,1.0,0.8623890658866991,2.5157993716697407,2.7569018404907975,-0.11062591513166059,0.43759406579230276,1.0,0.0,0.0,0.0,1.0,0.0,0,0.142
0.03911111111111091,-0.19554030874785575,-0.09896039405251364,-0.4966586474204759,-1.0,0.0,0.3333333333333333,1.0,-0.1051292307714303,-0.15748347170691526,-0.27037818231735006,0.5605785865601013,-0.3509352827348957,0.0,0.0,0.0,1.0,1.0,0.0,4,0.152
0.8604444444444446,-0.058319039451114774,0.3633288033349963,-0.8334669874365146,-1.0,0.0,0.0,1.0,0.2969143146125595,0.5770870842414482,0.48222029221179197,1.1460302413727,-0.13426144915072025,0.0,1.0,0.0,0.0,1.0,0.0,2,0.199
-0.07111111111111111,0.332761578044597,0.1722202152609335,0.3373429564287626,0.0,0.5,0.6666666666666666,0.0,0.15480266705178664,-0.031226993417839733,-0.09618227511272093,-0.2685796941946124,0.2254676413674478,1.0,0.0,0.0,0.0,0.0,1.0,4,0.186
0.9315555555555557,0.13036020583190408,0.5796906985945536,-0.7008821170809946,-1.0,0.0,-0.3333333333333333,0.0,0.4317140091933686,0.9208828696178265,1.1395982703821415,0.8868062277689115,-0.03285314986024515,0.0,0.0,1.0,0.0,0.0,1.0,4,0.154
0.7146666666666665,1.130360205831904,1.3586439822699306,0.3416198877305536,1.0,0.0,-0.3333333333333333,2.0,0.784474352443014,2.1586278783284376,2.394716904427526,-0.2716757512908468,2.3429907546764137,0.0,1.0,0.0,0.0,0.0,1.0,0,0.156
0.295111111111111,0.2967409948542026,0.3666316881984942,-0.12242715851376647,0.0,0.5,0.6666666666666666,1.0,0.2991569135514033,0.21590652311774272,0.0996008574173996,0.11608836016356107,0.4077080197806923,0.0,1.0,0.0,0.0,1.0,0.0,3,0.2
0.29866666666666664,1.130360205831904,0.9829408290470374,0.8174284950547984,0.0,0.0,-0.6666666666666666,0.0,0.6339309775961015,1.5616412394579742,2.5020788676177097,-0.5610141467754991,0.9854332401634057,0.0,0.0,0.0,1.0,0.0,1.0,0,0.144
0.5475555555555555,0.751286449399657,0.8929372165167181,0.1309810211173484,0.0,0.0,0.3333333333333333,0.0,0.5931140027451924,1.4186268578384567,0.8712171208937416,-0.11196504321498012,0.9010642872500538,1.0,0.0,0.0,0.0,0.0,1.0,0,0.162
-0.9955555555555556,-0.88336192109777,-0.6894657469049791,-0.6067896284415932,1.0,-1.0,-0.6666666666666666,-1.0,-1.6353011777313509,-0.9417664681570681,-0.8663334318870574,0.7272772648222054,-0.5368415394538809,0.0,1.0,0.0,0.0,0.0,1.0,1,0.117
-0.4906666666666668,-0.864493996569468,-0.6075587896303178,-1.129644480085539,0.0,-1.0,-0.6666666666666666,0.0,-1.1572348778687016,-0.6814686308669062,-0.7013637371572178,1.9529466213207896,-0.5054934422704795,1.0,0.0,0.0,0.0,1.0,0.0,1,0.109
-0.7644444444444446,-0.26758147512864483,-0.448263405067864,0.5821972734562956,0.0,0.0,0.0,0.0,-0.659654570331984,-0.7125206831451502,-0.607537512011235,-0.42877538238941343,-0.3561707159750591,0.0,1.0,0.0,0.0,1.0,0.0,0,0.186
0.29866666666666664,0.7324185248713551,0.6897409873102704,0.36728147554129936,0.0,0.0,0.3333333333333333,0.0,0.49228596738417674,1.0957511170720686,0.6373544132709626,-0.28955672307122954,0.7105891206192216,0.0,1.0,0.0,0.0,0.0,1.0,0,0.158
-0.27022222222222225,-0.6620926243567752,-0.46803484084796987,-0.9286287089013635,-1.0,-0.5,0.0,0.0,-0.7067335278518976,-0.5753133754649911,-0.6340854214403625,1.365455617215947,-0.5239195871855515,0.0,0.0,0.0,1.0,0.0,1.0,4,0.136
0.23466666666666647,0.16981132075471705,0.24052570917410668,-0.2143811815022721,1.0,0.5,0.6666666666666666,2.0,0.20860982938563605,0.05560212553484607,-0.02739485549560212,0.2112111645794409,0.7708127284454954,1.0,0.0,0.0,0.0,1.0,0.0,3,0.199
0.6826666666666668,1.130360205831904,1.3297437397143235,0.3715584068430904,0.0,0.5,0.3333333333333333,1.0,0.7738690457283848,1.4402029317219314,1.3739467070736933,-0.29298311731604804,1.3105246183616426,1.0,0.0,0.0,0.0,0.0,1.0,0,0.153
0.31288888888888877,1.130360205831904,0.995785381293974,0.7981823041967393,0.0,1.0,1.3333333333333333,2.0,0.6395861051519068,0.6380978066754625,0.37424236824599,-0.5506411711076113,0.9974736615781552,0.0,0.0,1.0,0.0,0.0,1.0,1,0.14
0.14222222222222222,0.14236706689536896,0.17183029135343728,-0.16198877305533282,1.0,0.5,0.3333333333333333,1.0,0.15448462748975597,-0.031722659980027546,0.04128037126595769,0.1556875087336431,0.67422059772092,0.0,0.0,1.0,0.0,0.0,1.0,3,0.187
-0.472888888888889,-0.29674099485420236,-0.3512640989030524,-0.08072707832130438,0.0,-0.5,-0.3333333333333333,0.0,-0.462564224088601,-0.32791744722001515,-0.36043868726439504,0.07551038585648526,-0.265244033541174,0.0,1.0,0.0,0.0,0.0,1.0,4,0.146
-0.6222222222222223,-0.6260720411663806,-0.5345742088271892,-0.5223202352312217,0.0,-1.0,-0.6666666666666666,0.0,-0.8899171109393934,-0.449525836619554,-0.5543646980560277,0.5976708344479457,-0.4370780477316706,0.0,1.0,0.0,0.0,0.0,1.0,1,0.109
-0.0960000000000001,-0.20926243567752992,-0.16169226975853396,-0.39508152900294047,0.0,0.0,-0.3333333333333333,1.0,-0.1799253515847197,-0.25716347520573807,-0.05498373863552367,0.42356831863657235,-0.0875403139109869,1.0,0.0,0.0,0.0,0.0,1.0,3,0.212
0.6115555555555554,0.012006861063464885,0.30990922800800486,-0.6474204758086075,1.0,0.0,-0.6666666666666666,2.0,0.25972058725496333,0.49220418546676487,1.1465185896962078,0.7939879072756116,0.868372393033756,0.0,1.0,0.0,0.0,0.0,1.0,2,0.173
-0.9671111111111113,-0.5591766723842194,-0.6007924630002353,0.37583533814488135,1.0,-1.0,-0.3333333333333333,0.0,-1.1282333647150764,-0.6599654491249298,-0.7625009239411633,-0.29566394093524034,-0.4121586755536443,1.0,0.0,0.0,0.0,0.0,1.0,0,0.178
0.6862222222222221,1.130360205831904,1.3329548777760576,0.368350708366747,1.0,0.0,0.0,1.0,0.7750545414557501,2.1178082790894317,1.7841765836351537,-0.2906084769026784,2.306869490432165,1.0,0.0,0.0,0.0,0.0,1.0,0,0.159
-0.22400000000000014,0.26415094339622647,0.04294897157569398,0.46885859395883456,0.0,0.0,-0.3333333333333333,2.0,0.0415672909705981,0.06800836801784413,0.2747523837682017,-0.35790191954184375,0.10428940012900455,0.0,0.0,1.0,0.0,0.0,1.0,0,0.15
-0.8604444444444446,-0.6054888507718695,-0.586158848118904,-0.05613472333600642,0.0,-1.0,-0.6666666666666666,0.0,-1.0689644979325703,-0.6134602628490622,-0.6582618818833617,0.05121257471899115,-0.4854332401634057,0.0,1.0,0.0,0.0,0.0,1.0,1,0.117
0.01422222222222217,0.22126929674099494,0.1534809310006708,0.07538091419406578,-1.0,1.0,1.3333333333333333,1.0,0.13936986568870627,-0.2541748974043109,-0.30435545864439356,-0.06618285925596253,-0.2326166415824554,1.0,0.0,0.0,0.0,0.0,1.0,0,0.156
-0.3271111111111112,0.10291595197255574,-0.0974236351229694,0.3843892007484633,0.0,0.0,1.0,1.0,-0.10338378799810762,-0.15504158496672463,-0.4448212071188639,-0.3014996079563523,-0.027295205332186587,1.0,0.0,0.0,0.0,1.0,0.0,0,0.18
-0.6328888888888891,0.025728987993138934,-0.28527521173441595,0.8976209569633792,-1.0,-0.5,-1.0,0.0,-0.3522131674609158,-0.18811031982641932,0.28418890285066656,-0.6023734080057765,-0.4382605891206192,0.0,1.0,0.0,0.0,0.0,1.0,1,0.149
0.430222222222222,0.6140651801029161,0.6957962762266835,0.09890403635391612,1.0,1.0,0.6666666666666666,1.0,0.4954864339621973,0.3203123671237005,0.4310878483258186,-0.08591996994116238,1.4109653837884328,0.0,0.0,1.0,0.0,0.0,1.0,0,0.144
0.8960000000000001,-0.3259005145797597,0.12228701840096785,-1.0804597701149428,0.0,1.0,1.0,1.0,0.11298460528710857,-0.2872193348835062,-0.24814493146409775,1.789049262026646,0.1786605031176091,0.0,0.0,1.0,0.0,1.0,0.0,3,0.198
0.15644444444444439,0.293310463121784,0.282522807681501,0.009088479016305752,0.0,0.5,0.6666666666666666,2.0,0.2399438236667725,0.1089883299681463,0.014898551260255745,-0.007982724004379074,0.3288647602666094,0.0,0.0,0.0,1.0,0.0,1.0,0,0.157
-0.38044444444444453,0.05317324185248728,-0.1489394643133613,0.3929430633520452,1.0,0.0,0.3333333333333333,1.0,-0.16412961961633465,-0.23689945986923153,-0.3279001193204017,-0.30762755760097343,0.22318856159965583,0.0,0.0,0.0,1.0,0.0,1.0,3,0.165
0.7324444444444442,0.5231560891938251,0.8282557212732163,-0.23790430366212242,1.0,0.0,0.0,0.0,0.5624064325658692,1.3158489383259595,1.1064965383004408,0.23655309339389538,1.5972156525478396,0.0,0.0,1.0,0.0,0.0,1.0,3,0.186
0.8426666666666668,-0.21955403087478553,0.20343706456107755,-0.96819032344293,0.0,1.0,1.0,2.0,0.17985374992892836,-0.20125520267659938,-0.17550262399290414,1.4665885448325184,0.2547301655557945,1.0,0.0,0.0,0.0,0.0,1.0,2,0.179
0.583111111111111,0.18010291595197253,0.43803363667119666,-0.46565089548249144,0.0,1.0,1.0,1.0,0.34612855852806046,0.047258405071349374,0.03449893644106083,0.5172415495802389,0.47463986239518385,1.0,0.0,0.0,0.0,0.0,1.0,2,0.193
0.049777777777777726,0.7289879931389365,0.5000086012626653,0.6923282544774126,-1.0,0.5,1.0,1.0,0.38472957591630186,0.38545364424261436,0.08997647029837127,-0.4929114118087186,-0.07019995699849495,0.0,1.0,0.0,0.0,0.0,1.0,0,0.16
0.6755555555555556,0.19039451114922826,0.49750850091460097,-0.5126971398021921,0.0,0.0,0.0,0.0,0.383208725931316,0.7902965981237565,0.6623888190800009,0.5834630106180159,0.5303913136959795,0.0,0.0,0.0,1.0,0.0,1.0,3,0.209
-1.0026666666666668,-0.5591766723842194,-0.6102882569827918,0.49879711307137137,1.0,-1.0,-0.6666666666666666,0.0,-1.1692452277547127,-0.6901427957051951,-0.7068611870796068,-0.37712525467055397,-0.42551064287250057,1.0,0.0,0.0,0.0,0.0,1.0,0,0.169
0.455111111111111,1.130360205831904,1.1242309037633391,0.6164127238706233,0.0,0.5,0.6666666666666666,0.0,0.693995655138851,1.1789574965922927,0.8625452731170077,-0.4488999372923,1.1178778757256504,0.0,0.0,1.0,0.0,0.0,1.0,0,0.174
-0.8391111111111111,-0.5506003430531731,-0.5638643752902928,0.04437316225608137,-1.0,-1.0,-0.3333333333333333,0.0,-0.9865095447782507,-0.5426091013127874,-0.702999113016483,-0.03955466118177651,-0.5688346592130725,0.0,0.0,1.0,0.0,0.0,1.0,0,0.143
-0.31644444444444464,0.1063464837049743,-0.0901985744840676,0.3715584068430904,0.0,0.0,0.0,1.0,-0.09522942190956926,-0.14356107268075416,-0.1267493286027545,-0.29289444569372797,-0.020522468286389983,0.0,0.0,0.0,1.0,1.0,0.0,0,0.164
0.910222222222222,1.130360205831904,1.5352565756653076,0.17054263565891475,0.0,1.0,1.3333333333333333,0.0,0.8463342408447556,1.209572196021547,0.8088642915219159,-0.14447072626632868,1.503171360997635,0.0,1.0,0.0,0.0,1.0,0.0,0,0.152
-1.0133333333333334,-0.5506003430531731,-0.6110681047977844,0.5682972467254745,0.0,-1.0,-0.6666666666666666,0.0,-1.1727109151730117,-0.6926211285161347,-0.7084318870574321,-0.41987440980997326,-0.5087830574070092,0.0,1.0,0.0,0.0,0.0,1.0,0,0.168
-0.4195555555555557,-0.2126929674099484,-0.29250027237331777,-0.009088479016305752,0.0,-0.5,-0.6666666666666666,0.0,-0.3635635417664784,-0.2034176695410466,-0.0668009461157513,0.008252420074573706,-0.21015910556869485,0.0,0.0,0.0,1.0,0.0,1.0,0,0.163
0.725333333333333,1.130360205831904,1.368277396455133,0.3309275594760759,0.0,0.0,0.3333333333333333,2.0,0.7879777289405101,2.173935228043065,1.4182958829181755,-0.26460522958323046,1.3466458826058911,0.0,1.0,0.0,0.0,0.0,1.0,0,0.155
-0.8177777777777779,-0.2109777015437392,-0.450442391609755,0.8890670943597972,-1.0,-0.5,-0.3333333333333333,0.0,-0.6647062592463724,-0.5380411937788987,-0.5202435508906792,-0.5979389944507191,-0.5156740485917007,1.0,0.0,0.0,0.0,0.0,1.0,0,0.164
-0.7964444444444445,-0.18010291595197242,-0.4319095376534609,0.8986901897888269,0.0,-0.5,-0.6666666666666666,0.0,-0.622747417297267,-0.4987766268918548,-0.3475866656811294,-0.6031544254123444,-0.3408406794237798,1.0,0.0,0.0,0.0,1.0,0.0,0,0.156
-0.8604444444444446,-0.7049742710120067,-0.6160912421943542,-0.3309275594760759,0.0,-1.0,-1.0,0.0,-1.195409871762722,-0.708584507504246,-0.6042113238228989,0.3442503104718543,-0.5134917222102774,1.0,0.0,0.0,0.0,1.0,0.0,1,0.096
-0.35555555555555557,0.04459691252144097,-0.1407510622559392,0.33520449077786685,1.0,0.0,0.0,2.0,-0.1541530696664742,-0.22388821261179825,-0.19462820607583703,-0.2672423788752994,0.23470221457751028,0.0,1.0,0.0,0.0,0.0,1.0,0,0.164
-0.6044444444444446,-0.890222984562607,-0.6351745769612313,-1.10077519379845,0.0,-1.5,-1.3333333333333333,-1.0,-1.2882037046262864,-0.2886528803329713,-0.45240779067189,1.8545979760894011,-0.5313803483121909,1.0,0.0,0.0,0.0,0.0,1.0,1,0.09
-0.9884444444444446,-0.6843910806174955,-0.6381334113181149,0.035819299652499435,0.0,-1.5,-0.6666666666666666,-1.0,-1.3036309154497134,-0.30745905283951336,-0.7629444156996081,-0.03152017597697701,-0.5341539453880886,0.0,1.0,0.0,0.0,1.0,0.0,0,0.175
-0.4088888888888889,-0.4065180102915951,-0.3794762404454308,-0.368350708366747,-1.0,-0.5,-0.3333333333333333,0.0,-0.5149501566273946,-0.3876890032485597,-0.4058965925049893,0.3898094958269235,-0.48241238443345513,0.0,0.0,1.0,0.0,0.0,1.0,4,0.134
-0.10666666666666667,-0.4802744425385933,-0.32431347588492665,-0.7714514835605456,-1.0,-0.5,-0.3333333333333333,0.0,-0.41559940958359304,-0.2708186030464056,-0.31701345258333957,1.0191556986230377,-0.4565577295205332,1.0,0.0,0.0,0.0,0.0,1.0,2,0.168
0.7537777777777779,-0.03773584905660358,0.333373472559105,-0.7671745522587546,0.0,0.0,0.0,2.0,0.2762760055477838,0.5294885158431071,0.4419980535639489,1.010813967790467,0.3765319286175016,1.0,0.0,0.0,0.0,1.0,0.0,2,0.184
0.4728888888888888,0.9759862778730704,1.0164284116908362,0.43464314354450684,0.0,1.0,1.3333333333333333,1.0,0.6485898774198011,0.6599654491249299,0.3908733091876708,-0.33550572739489415,1.0168243388518599,0.0,1.0,0.0,0.0,0.0,1.0,0,0.152
0.9137777777777779,0.018867924528302032,0.4623924125394941,-0.7885592087677095,0.0,0.5,0.3333333333333333,0.0,0.3615284691107273,0.3376363994197788,0.3756942757885178,1.0537932195622437,0.49747366157815526,0.0,0.0,1.0,0.0,0.0,1.0,3,0.201
0.6968888888888887,0.3259005145797598,0.6293715917496688,-0.3982892274792838,1.0,1.0,0.6666666666666666,1.0,0.45964081293304154,0.24994715319741387,0.3641945080937245,0.42713107050697857,1.3175661148140185,0.0,1.0,0.0,0.0,1.0,0.0,3,0.181
-0.6684444444444446,-0.16809605488850765,-0.3749118370576801,0.5650895482491316,-1.0,-0.5,-0.6666666666666666,0.0,-0.506233118743979,-0.3780186458097952,-0.23278697612536034,-0.41792359458167466,-0.4802730595570845,0.0,1.0,0.0,0.0,0.0,1.0,0,0.153
0.6506666666666666,1.130360205831904,1.3008434971587162,0.4036353916065224,0.0,0.5,0.3333333333333333,1.0,0.7631179172694024,1.4034652924068258,1.3406848251903316,-0.31443648488228726,1.2834336701784563,0.0,0.0,0.0,1.0,0.0,1.0,0,0.155
0.7466666666666667,1.130360205831904,1.3875442248255376,0.31168136861801676,0.0,0.5,0.0,1.0,0.7949377402114175,1.513678210352142,1.8574759159336731,-0.2505114459144601,1.3647065147280155,0.0,0.0,0.0,1.0,0.0,1.0,0,0.154
0.4479999999999998,0.39279588336192117,0.5329457030958812,-0.15022721197540778,0.0,0.0,0.0,1.0,0.4044943377178548,0.8466057774311354,0.7099717889964766,0.14418433828756014,0.5636099763491723,0.0,0.0,1.0,0.0,0.0,1.0,3,0.185
-0.5226666666666667,-0.005145797598627738,-0.24472312535480215,0.5661587810745793,-1.0,-1.0,-1.0,1.0,-0.2913948747863671,0.47161215549351626,0.39309076797989484,-0.41893519714283256,-0.41925392388733607,0.0,1.0,0.0,0.0,0.0,1.0,0,0.172
0.6471111111111112,0.41166380789022294,0.6739146640060094,-0.2828120823309276,0.0,0.5,0.0,2.0,0.4838587188547367,0.6065209309784312,0.8992565353438289,0.28787252091486915,0.6957536013760481,1.0,0.0,0.0,0.0,0.0,1.0,1,0.223
-0.5262222222222224,-0.36020583190394495,-0.39787147419907914,-0.11921946003742312,1.0,0.0,0.6666666666666666,0.0,-0.5511006294847351,-0.6324486657093499,-0.6702962155369945,0.11314334126440273,-0.12683293915287028,0.0,1.0,0.0,0.0,1.0,0.0,4,0.127
-0.952888888888889,-0.8027444253859347,-0.6617811494727426,-0.4325046778936113,0.0,-1.5,-1.0,-1.0,-1.4392655309363187,-0.4577626486088535,-0.7269107103259663,0.47217516940868604,-0.5563212212427434,0.0,1.0,0.0,0.0,0.0,1.0,1,0.123
-0.16,0.2315608919382504,0.061504762232428976,0.3202352312215987,-1.0,0.0,0.3333333333333333,1.0,0.05886439220706736,0.09749323925387605,-0.08569554290782762,-0.2565338599060806,-0.2757256503977639,0.0,0.0,0.0,1.0,0.0,1.0,0,0.156
-0.38755555555555576,0.39451114922813035,0.010929337760116436,1.0002673082063624,0.0,0.0,-0.3333333333333333,1.0,0.01078917416886834,0.017129653252082894,0.22315950920245392,-0.6529884172095589,0.07427434960223604,0.0,0.0,1.0,0.0,0.0,1.0,0,0.173
-0.010666666666666819,0.9022298456260721,0.5620294392550159,1.0205827318898693,1.0,1.0,0.6666666666666666,2.0,0.4215408865148217,0.17861004405115083,0.2963772266982037,-0.6622925932974043,1.2228768006880237,1.0,0.0,0.0,0.0,0.0,1.0,0,0.174
-0.9884444444444446,-0.44253859348198965,-0.5770071046429617,0.8334669874365147,-1.0,-1.0,-0.6666666666666666,0.0,-1.0340590251440824,-0.5843762983912705,-0.6398292556729986,-0.5693186028587016,-0.5749946248118685,0.0,1.0,0.0,0.0,1.0,0.0,0,0.143
-0.7502222222222222,-0.4665523156089193,-0.5110182174743253,0.05934242181234977,-1.0,-1.0,-0.6666666666666666,0.0,-0.8200570911027634,-0.37466560730087695,-0.5069203193140661,-0.052315095194942,-0.5440657923027306,0.0,1.0,0.0,0.0,0.0,1.0,0,0.148
-0.8213333333333334,-0.5403087478559175,-0.5557906567350754,0.030473135525260604,-1.0,-1.5,-1.3333333333333333,0.0,-0.958671301846557,0.21590652311774272,-0.13263175400990468,-0.027366432309580645,-0.5650505267684369,0.0,0.0,1.0,0.0,1.0,0.0,0,0.142
-0.21688888888888894,0.030874785591766915,-0.07960181888034501,0.09890403635391612,0.0,-0.5,0.0,0.0,-0.08342143913630985,0.2476389020499702,-0.11252063468598315,-0.08626998642766985,-0.010589120619221673,0.0,1.0,0.0,0.0,0.0,1.0,0,0.165
-0.7004444444444445,-0.3379073756432246,-0.44950198689167575,0.25501202886928653,-1.0,-0.5,-0.6666666666666666,0.0,-0.6625220522469344,-0.5360488085779472,-0.3830198092985439,-0.2089409303832955,-0.5152332831649108,0.0,0.0,1.0,0.0,0.0,1.0,0,0.171
0.0035555555555553536,-0.2813036020583189,-0.16701358426083618,-0.5811280406308474,1.0,0.0,0.6666666666666666,1.0,-0.18661190906187028,-0.2656189636195321,-0.4378095202897479,0.6859519164789136,0.19777467211352406,0.0,0.0,1.0,0.0,1.0,0.0,3,0.198
-1.0062222222222224,-0.7615780445969124,-0.661047175058632,-0.17375033413525787,0.0,-1.5,-1.3333333333333333,-1.0,-1.4346820031124987,-0.45309755155296705,-0.5566283539064232,0.16793525242950852,-0.5556331971619006,0.0,1.0,0.0,0.0,0.0,1.0,1,0.125
-0.3342222222222224,0.4819897084048029,0.0879737145412946,1.0302058273188992,-1.0,0.0,0.0,0.0,0.08289393620048052,0.13955200489835196,0.11248983664720229,-0.6670148643165766,-0.26331971619006667,0.0,0.0,1.0,0.0,0.0,1.0,0,0.154
0.7466666666666667,0.5025728987993141,0.8192186612994787,-0.2667735899492116,-1.0,0.0,-0.3333333333333333,2.0,0.5580184355993926,1.301489186450809,1.5255469731687483,0.2686574857903566,0.07941302945603095,0.0,1.0,0.0,0.0,0.0,1.0,4,0.122
-1.0204444444444445,-0.5351629502572898,-0.6092790421633897,0.6484897086340553,0.0,-1.0,-0.6666666666666666,0.0,-1.1647829025088896,-0.686935541479273,-0.704828516520068,-0.4679296238573061,-0.5071059987099549,1.0,0.0,0.0,0.0,0.0,1.0,0,0.151
0.3519999999999999,0.04459691252144097,0.2093317965744037,-0.45068163592622307,0.0,0.5,0.6666666666666666,0.0,0.1844954112178182,0.015948800559811727,-0.05880885505211036,0.49627693488036495,0.26025585895506337,0.0,1.0,0.0,0.0,1.0,0.0,3,0.2
0.1315555555555554,0.013722126929674294,0.07946419867769917,-0.3106121357925689,-1.0,0.0,1.0,1.0,0.07524891253893928,0.12603051265043125,-0.2864782237333793,0.3194975571402515,-0.26730810578370245,0.0,0.0,1.0,0.0,0.0,1.0,4,0.15
0.96,0.5831903945111492,1.0409706811626613,-0.3309275594760759,0.0,0.5,0.3333333333333333,0.0,0.6591611836509746,1.0731181071368698,1.041591871429627,0.3441270194897524,1.039830144055042,0.0,1.0,0.0,0.0,0.0,1.0,3,0.205
0.5759999999999998,1.130360205831904,1.2334095978622994,0.4806201550387599,0.0,1.0,1.3333333333333333,2.0,0.7374417020553307,0.8898186686493331,0.565682977308005,-0.36507942139896576,1.2202214577510213,0.0,1.0,0.0,0.0,0.0,1.0,0,0.14
0.6044444444444445,1.130360205831904,1.2590987023561726,0.45068163592622307,1.0,0.5,0.6666666666666666,0.0,0.747322790740777,1.350399813396118,0.9983646241407346,-0.3456886304998912,2.2030208557299504,0.0,1.0,0.0,0.0,0.0,1.0,0,0.16
0.9386666666666663,0.14922813036020588,0.601893424621401,-0.6880513231756217,0.0,0.5,0.6666666666666666,1.0,0.44431810795615906,0.5149684012566605,0.33652247024909443,0.863928188940592,0.6282412384433455,0.0,1.0,0.0,0.0,0.0,1.0,2,0.192
0.13511111111111102,0.1663807890222985,0.1842619829924365,-0.12563485699010957,-1.0,1.0,0.6666666666666666,2.0,0.16456132971080706,-0.22156781277410487,-0.08405554734274533,0.11866046009387372,-0.21818963663728233,0.0,0.0,1.0,0.0,0.0,1.0,4,0.159
-0.8284444444444446,-0.4150943396226414,-0.5185643919194005,0.3801122694466723,1.0,-1.0,-1.3333333333333333,0.0,-0.8417647112700127,-0.39864712185379286,0.017323896814250866,-0.29895013547523885,-0.29653837884325945,0.0,0.0,0.0,1.0,1.0,0.0,0,0.161
0.6719999999999997,0.9519725557461406,1.163636155120905,0.21331194867682446,1.0,1.0,1.3333333333333333,2.0,0.7099562037491678,0.8159060371701325,0.5094703969251236,-0.17720513569550594,2.0687916577080196,0.0,1.0,0.0,0.0,0.0,1.0,0,0.148
-0.6471111111111112,0.027444253859348344,-0.29153693095479755,0.9403902699812889,1.0,-0.5,-0.3333333333333333,0.0,-0.3620406050789252,-0.2013766895790965,-0.26420097568186857,-0.6238773020347834,0.022683293915287034,0.0,1.0,0.0,0.0,0.0,1.0,0,0.166
0.11022222222222201,0.9125214408233276,0.6676758814860688,0.8334669874365147,-1.0,0.0,0.6666666666666666,0.0,0.48051155274027685,1.0606899970114223,0.4027690516667898,-0.5696364628667927,0.008385293485271984,0.0,1.0,0.0,0.0,0.0,1.0,0,0.177
0.060444444444444294,0.8507718696397942,0.5868469491321326,0.8334669874365147,-1.0,0.5,0.3333333333333333,0.0,0.4357987186203997,0.49584150332752647,0.5189315544386134,-0.5694046753684306,-0.029499032466136277,0.0,1.0,0.0,0.0,0.0,1.0,0,0.169
-0.6186666666666667,-0.320754716981132,-0.4140877214108365,0.12242715851376647,-1.0,-1.0,-0.3333333333333333,0.0,-0.5844169102801009,-0.06662341732937763,-0.4616656811294257,-0.10514789520552127,-0.4986347022145775,0.0,0.0,1.0,0.0,0.0,1.0,0,0.149
0.03911111111111091,0.3361921097770156,0.24091563308160294,0.19620422346966057,0.0,0.0,0.3333333333333333,1.0,0.2089066026409273,0.3825744046534343,0.12079210795856495,-0.1645176135432696,0.28986239518383133,0.0,1.0,0.0,0.0,0.0,1.0,0,0.161
0.4764444444444444,0.8919382504288164,0.9518845366499803,0.34375835338144883,0.0,0.5,0.3333333333333333,0.0,0.620086275125552,0.9598728761052273,0.9390608006082171,-0.27344799494272354,0.9563212212427435,1.0,0.0,0.0,0.0,0.0,1.0,0,0.174
-0.7502222222222222,-0.45111492281303595,-0.505719839672464,0.09676557070302064,-1.0,-1.0,-1.0,0.0,-0.8051678574848977,-0.35782752261478684,-0.30781099859560934,-0.08429014893249742,-0.5415824553859385,1.0,0.0,0.0,0.0,0.0,1.0,0,0.163
-0.014222222222222424,0.8490566037735848,0.5262023131662394,0.9553595295375571,1.0,1.0,1.0,1.0,0.4004882615067955,0.14065753571107503,0.11342404382355582,-0.6308894421091672,1.1725005375188131,0.0,0.0,0.0,1.0,0.0,1.0,0,0.173
-0.768,-0.8885077186963978,-0.6580195306004256,-0.9500133654103183,1.0,-1.5,-1.3333333333333333,-1.0,-1.416053924350766,-0.43385402619743557,-0.5444323305491905,1.4177252810743004,-0.4926252418834659,0.0,1.0,0.0,0.0,0.0,1.0,3,0.111
-0.19555555555555557,-0.13550600343053157,-0.1608206751417775,-0.1812349639133922,-1.0,-0.5,-0.6666666666666666,1.0,-0.17883556888471397,0.07556485335316006,0.1984163648458866,0.17621587548431858,-0.37992904751666307,1.0,0.0,0.0,0.0,0.0,1.0,4,0.135
0.07111111111111111,0.7307032590051459,0.5171652531925021,0.6623897353648759,0.0,1.0,0.6666666666666666,1.0,0.3950871869022307,0.1310843677943082,0.25119650380663755,-0.47594314542623994,0.5488174586110515,1.0,0.0,0.0,0.0,1.0,0.0,4,0.156
0.5439999999999999,-0.1457975986277873,0.1464852373661786,-0.7682437850842022,-1.0,0.0,1.0,1.0,0.13352954949169835,0.23252593137933802,-0.2264836441882048,1.0125812854936982,-0.23589550634272202,0.0,0.0,1.0,0.0,0.0,1.0,4,0.142
0.33066666666666655,0.7530017152658662,0.7292609221700412,0.35338144881047884,-1.0,1.0,1.0,1.0,0.5129414280107976,0.3557622452723372,0.2951940687083711,-0.28016532822651197,0.03725005375188131,0.0,1.0,0.0,0.0,0.0,1.0,0,0.174
-0.19911111111111116,0.10463121783876515,-0.030356723033608084,0.186581128040631,-1.0,-0.5,-0.3333333333333333,2.0,-0.03077274982248481,0.3519718539144296,0.1566357454357306,-0.15705778430070672,-0.3187809073317566,0.0,0.0,0.0,1.0,0.0,1.0,0,0.165
-0.20622222222222236,-0.14751286449399645,-0.17194497485564217,-0.18765036086607864,0.0,0.5,0.3333333333333333,0.0,-0.19285997072197358,-0.4687256266901865,-0.3543776332323158,0.18220815174661784,-0.09715115029026014,1.0,0.0,0.0,0.0,1.0,0.0,3,0.199
0.4728888888888888,-0.17838765008576313,0.09024444788494947,-0.7639668537824112,1.0,0.5,0.0,1.0,0.08492141149491016,-0.13543359890370218,0.1155388424865104,1.0050484983763794,0.5595033326166415,0.0,0.0,1.0,0.0,1.0,0.0,3,0.204
-0.37333333333333335,0.25728987993138935,-0.046595906945806335,0.731889869018979,0.0,0.0,-0.3333333333333333,1.0,-0.0477455979737533,-0.07427709218669126,0.13046973168748616,-0.5151316179054873,0.020350462266179335,1.0,0.0,0.0,0.0,0.0,1.0,0,0.148
-0.20622222222222236,0.05660377358490585,-0.06028911710905836,0.12349639133921408,0.0,0.0,0.0,1.0,-0.06234944240001154,-0.09603539642391155,-0.08658868603247347,-0.10662376272328232,0.007514513007955239,1.0,0.0,0.0,0.0,0.0,1.0,0,0.167
0.5795555555555555,0.015437392795883458,0.2973628528668008,-0.6271050521251005,0.0,0.5,0.6666666666666666,0.0,0.2507224198236425,0.12785281618788685,0.029843299578682782,0.7585821683533529,0.3427757471511503,0.0,0.0,0.0,1.0,0.0,1.0,3,0.205
0.2737777777777776,1.130360205831904,0.9604628626148985,0.8527131782945738,-1.0,1.0,1.0,1.0,0.623935008154245,0.6006798407063735,0.5021568893159548,-0.5792578677012212,0.14561384648462697,1.0,0.0,0.0,0.0,1.0,0.0,0,0.169
0.04622222222222212,-0.5283018867924527,-0.30967986100359535,-0.93504410585405,1.0,-0.5,-0.3333333333333333,0.0,-0.39123288128845246,-0.23981514552916036,-0.29343447409268975,1.3808605035996995,-0.0028273489572134243,0.0,0.0,1.0,0.0,1.0,0.0,4,0.137
0.11733333333333323,-0.3687821612349913,-0.1831610213712707,-0.7746591820368887,0.0,-0.5,-0.3333333333333333,0.0,-0.20725938240262204,0.028233556140312525,-0.08957609579421985,1.0253506425532366,-0.10766501827563965,0.0,0.0,0.0,1.0,0.0,1.0,4,0.122
-0.6080000000000001,-0.699828473413379,-0.5603091867219442,-0.6966051857792036,1.0,-1.0,-1.0,0.0,-0.9741289358658705,-0.5313108193805626,-0.45440966319264786,0.8785310698020834,-0.3552354332401634,1.0,0.0,0.0,0.0,0.0,1.0,1,0.103
0.14577777777777756,0.1269296740994855,0.163229028688078,-0.18444266238973528,-1.0,0.0,0.3333333333333333,1.0,0.14743594671453128,0.25913156302619017,0.031381001657814274,0.1789546148990917,-0.2280477316706085,0.0,0.0,1.0,0.0,0.0,1.0,4,0.144
0.7039999999999998,-0.1252144082332761,0.23249786401977135,-0.8249131248329328,1.0,0.0,1.0,1.0,0.20247462548739184,0.36919869668851,-0.14948854723597868,1.1293074291517922,0.7595248333691678,0.0,1.0,0.0,0.0,0.0,1.0,2,0.201
-0.17777777777777778,-0.5711835334476844,-0.39615122166600725,-0.8537824111200216,-1.0,-0.5,0.3333333333333333,0.0,-0.5476482398034276,-0.4230173944946995,-0.6124212010179191,1.1895704421084068,-0.49022790797677923,0.0,0.0,1.0,0.0,0.0,1.0,4,0.156
0.3377777777777778,-0.45969125214408224,-0.17666993514647952,-0.9991980753809145,0.0,-0.5,-0.3333333333333333,2.0,-0.19889368757733838,0.04198587350297775,-0.07911708182422932,1.5503720770153373,-0.10158030531068583,1.0,0.0,0.0,0.0,0.0,1.0,2,0.192
-0.7004444444444445,-0.37221269296740983,-0.4618878051297931,0.1758887997861536,1.0,-0.5,-0.3333333333333333,0.0,-0.6917905259141981,-0.5622899795173083,-0.5386854165126764,-0.1481604067567825,-0.2168458396043862,1.0,0.0,0.0,0.0,1.0,0.0,0,0.174
0.7857777777777776,0.41337907375643235,0.7632531122235411,-0.3736968724939856,0.0,1.0,1.0,2.0,0.530281455686996,0.39177096317246046,0.32562253102389094,0.39581702590625933,0.7794990324661363,0.0,1.0,0.0,0.0,1.0,0.0,3,0.205
-0.6328888888888891,-0.3327615780445967,-0.42381288239780274,0.12456562416466195,0.0,0.0,0.3333333333333333,0.0,-0.605100189782964,-0.6736691717265961,-0.6442575736777082,-0.10684565711677337,-0.3332509137819824,0.0,0.0,0.0,1.0,0.0,1.0,0,0.163
0.96,-0.24699828473413363,0.22279563973324606,-1.0334135257952421,0.0,0.0,0.3333333333333333,1.0,0.19499496690241996,0.35378200876163535,0.09993743598407641,1.6464901393147353,0.272876800688024,1.0,0.0,0.0,0.0,1.0,0.0,4,0.188
-0.7111111111111112,-0.6003430531732417,-0.5469370903648656,-0.3341352579524193,-1.0,-1.0,-0.3333333333333333,0.0,-0.9292420001958822,-0.48881470088709733,-0.6757243698721265,0.3470862187557438,-0.5609008815308536,0.0,1.0,0.0,0.0,0.0,1.0,1,0.125
-0.8320000000000001,-0.5934819897084047,-0.5752868521098897,-0.08714247527399084,0.0,-1.0,-0.6666666666666666,0.0,-1.0276683262393211,-0.5789093877789036,-0.6363644763101485,0.08088310327379895,-0.4752418834659213,1.0,0.0,0.0,0.0,0.0,1.0,1,0.09
-0.35555555555555557,-0.11835334476843895,-0.22073133669356004,0.05827318898690191,-1.0,0.0,0.0,1.0,-0.25752120956631047,-0.3509756613139538,-0.3020209673048021,-0.05145229482465011,-0.40800903031606106,1.0,0.0,0.0,0.0,0.0,1.0,0,0.16
-0.9173333333333334,-0.8936535162950255,-0.6809332943409426,-0.7735899492114411,1.0,-1.5,-1.3333333333333333,-1.0,-1.569483543573279,-0.5794925249108893,-0.6367340527755192,1.0240156532663525,-0.5248441195441841,0.0,0.0,1.0,0.0,0.0,1.0,1,0.126
0.7573333333333332,-0.030874785591766672,0.3412636975107945,-0.7628976209569637,0.0,0.0,-0.6666666666666666,1.0,0.2817651942980775,0.5420259641808016,1.2096699682164236,1.001780168772972,0.38392818748656193,1.0,0.0,0.0,0.0,0.0,1.0,2,0.179
-0.2808888888888891,-0.25557461406517995,-0.25954023383966107,-0.2678428227746592,1.0,-0.5,0.3333333333333333,0.0,-0.3130724270692378,-0.13358699798574716,-0.4551928133216476,0.2705096611989143,0.06767361857665018,0.0,1.0,0.0,0.0,0.0,1.0,0,0.143
-0.8924444444444445,-0.7015437392795881,-0.6219171641063576,-0.25608126169473416,0.0,-1.5,-0.6666666666666666,0.0,-1.222589320714689,-0.20438956476102305,-0.730283095572474,0.25703114248743486,-0.5189529133519674,0.0,1.0,0.0,0.0,0.0,1.0,1,0.112
-0.760888888888889,-0.706689536878216,-0.5954711484979329,-0.5094894413258488,0.0,-1.0,-1.0,0.0,-1.1061577686769073,-0.6430544722973416,-0.5488364500948579,0.5778386741365913,-0.4941625456890991,0.0,0.0,1.0,0.0,0.0,1.0,1,0.125
-0.12800000000000006,-0.6775300171526585,-0.4443412292924602,-1.0408981555733763,-1.0,-0.5,-0.6666666666666666,0.0,-0.6506429698428678,-0.5251149873532135,-0.37262547120999334,1.6692922703644413,-0.5128144485056977,0.0,1.0,0.0,0.0,0.0,1.0,4,0.142
-0.5191111111111112,-0.6037735849056602,-0.4999856645622245,-0.6035819299652502,-1.0,-0.5,-0.3333333333333333,0.0,-0.789367146840301,-0.6430058775363428,-0.6000720674107473,0.7215376631584896,-0.5388948613201462,1.0,0.0,0.0,0.0,0.0,1.0,3,0.138
-0.4302222222222223,-0.8336192109777014,-0.5840257349778948,-1.1114675220529273,0.0,-0.5,-0.6666666666666666,0.0,-1.0606882625439737,-0.8210570818360075,-0.6539655554734274,1.8918363621178418,-0.48343367017845623,1.0,0.0,0.0,0.0,1.0,0.0,1,0.09
0.035555555555555556,0.7804459691252144,0.5221195804877489,0.7810745789895754,-1.0,0.0,0.0,1.0,0.39805280116655806,0.8294032320375541,0.6954351146918961,-0.541948564719162,-0.05983659428079987,1.0,0.0,0.0,0.0,1.0,0.0,0,0.162
0.590222222222222,-0.40994854202401354,-0.05753671305614339,-1.0515904838278538,0.0,0.0,0.0,1.0,-0.059392012225715336,-0.09166186793401804,-0.08289292137876661,1.7004949792932096,0.01009460331111585,0.0,0.0,1.0,0.0,0.0,1.0,3,0.188
-0.0960000000000001,0.36363636363636365,0.17538547992178577,0.4164661855118953,-1.0,0.0,0.6666666666666666,2.0,0.1573796239032594,0.27844798052321984,-0.09299467809889873,-0.3231077148153699,-0.22235003225112882,0.0,1.0,0.0,0.0,0.0,1.0,0,0.138
0.8035555555555554,1.130360205831904,1.4389224338132838,0.26035819299652513,0.0,1.0,0.6666666666666666,1.0,0.8132004666610717,1.107523197924032,1.1794570921723702,-0.2132304654782027,1.4128682003870134,1.0,0.0,0.0,0.0,1.0,0.0,0,0.159
-0.8462222222222223,-0.4854202401372212,-0.5458361287436996,0.23897353648757028,0.0,-1.0,0.0,0.0,-0.9256586341657215,-0.48531587809518256,-0.7385523689851431,-0.19702470619476475,-0.44763491722210275,0.0,0.0,0.0,1.0,0.0,1.0,0,0.157
-0.536888888888889,-0.25900514579759853,-0.3587643999472456,0.09676557070302064,0.0,-0.5,-0.6666666666666666,0.0,-0.47615231680622333,-0.3438079340666282,-0.20026424717274002,-0.08417441330966619,-0.2722747796172866,0.0,0.0,0.0,1.0,0.0,1.0,0,0.16
-0.6151111111111113,-0.6363636363636362,-0.5368908155717259,-0.5533279871692064,0.0,-1.0,-1.0,0.0,-0.8971369652266938,-0.4568879429108748,-0.3915200680020697,0.643970544017341,-0.4392496237368308,0.0,1.0,0.0,0.0,0.0,1.0,1,0.124
-0.14577777777777784,-0.2504288164665522,-0.20501969689150376,-0.4057738572574179,0.0,0.0,0.3333333333333333,2.0,-0.2361077108826275,-0.32601010285081167,-0.3924440091654964,0.43746071708199125,-0.1281552354332402,1.0,0.0,0.0,0.0,1.0,0.0,3,0.196
0.2275555555555555,-0.4802744425385933,-0.22492875287425532,-0.9713980219192732,0.0,0.5,0.3333333333333333,2.0,-0.26334256514229964,-0.5360779654345464,-0.4153577500184788,1.4738074272767565,-0.1468178886261019,0.0,0.0,1.0,0.0,0.0,1.0,4,0.128
0.6079999999999998,1.130360205831904,1.2623098404179067,0.4464047046244321,0.0,0.0,0.0,0.0,0.748549193126359,2.005554381182165,1.6893186241900113,-0.3432733634184142,1.2473124059342078,1.0,0.0,0.0,0.0,0.0,1.0,0,0.151
0.34844444444444433,0.2126929674099486,0.3345661809820348,-0.2624966586474206,-1.0,0.0,0.0,1.0,0.2771082429350843,0.5313837115220609,0.4435995515805552,0.2642808276667568,-0.14774242098473447,0.0,0.0,1.0,0.0,0.0,1.0,4,0.126
-0.8426666666666668,-0.6655231560891938,-0.6001731720883293,-0.25821972734562965,0.0,-1.5,-1.6666666666666667,0.0,-1.1256319438030158,-0.06618606448038834,0.4387334614531745,0.2596822595038489,-0.49857019995699847,0.0,0.0,1.0,0.0,0.0,1.0,1,0.109
1.0026666666666668,0.567753001715266,1.0552602455373783,-0.3694199411921946,0.0,1.0,0.3333333333333333,1.0,0.6652510553863232,0.7011009143104283,1.0580380241386227,0.39059428892600884,1.0532251128789507,0.0,0.0,0.0,1.0,0.0,1.0,3,0.214
-0.34488888888888897,-0.17152658662092624,-0.2424065186102654,-0.047580860732424485,-1.0,-0.5,-0.3333333333333333,1.0,-0.2880593338580778,-0.0972867115196311,-0.18503769679946788,0.043191598664759,-0.418168135884756,0.0,1.0,0.0,0.0,0.0,1.0,4,0.157
-0.8284444444444446,-0.8936535162950255,-0.6683181090984157,-0.8944132584870359,0.0,-1.5,-0.6666666666666666,-1.0,-1.4813182836209813,-0.4993111692628418,-0.8237397442530859,1.28252969630679,-0.5624489357127499,0.0,0.0,1.0,0.0,0.0,1.0,1,0.09
0.9955555555555555,-0.30531732418524865,0.1782296307764647,-1.0932905640203157,-1.0,1.0,0.6666666666666666,1.0,0.1596879283871072,-0.22795802384544908,-0.0901304604922758,1.832665155894841,-0.22101698559449576,0.0,1.0,0.0,0.0,0.0,1.0,4,0.135
0.34488888888888874,0.4322469982847342,0.4981736652273887,-0.01657310879444007,1.0,0.5,1.0,1.0,0.3836136446439442,0.38312109571467096,0.08833390823005728,0.01531340450394161,1.1330896581380347,0.0,0.0,1.0,0.0,0.0,1.0,0,0.173
0.7964444444444442,1.130360205831904,1.4325001576898155,0.26677358994921135,0.0,0.0,-0.3333333333333333,0.0,0.8109408169411809,2.2759842261405803,2.513720526276886,-0.2178668802966707,1.4068479896796389,0.0,0.0,0.0,1.0,0.0,1.0,0,0.181
-0.7146666666666667,-0.07547169811320739,-0.36114981679310526,0.9018978882651701,-1.0,-0.5,0.0,0.0,-0.4805238781291544,-0.3488617892105052,-0.49056656072141325,-0.6047452609081804,-0.473822833799183,0.0,0.0,1.0,0.0,0.0,1.0,0,0.171
0.25955555555555543,0.9262435677530017,0.8002270733343654,0.63672814755413,-1.0,0.5,0.0,1.0,0.5487159192078401,0.7670877402707216,1.0688613349101925,-0.4610149560974212,0.07051171791012681,0.0,1.0,0.0,0.0,0.0,1.0,0,0.165
0.9706666666666666,1.130360205831904,1.5898459227147879,0.12349639133921408,0.0,0.5,0.3333333333333333,1.0,0.8645050168154429,1.7708416855578801,1.6733036440239482,-0.10613935906543237,1.5543431520103204,0.0,1.0,0.0,0.0,0.0,1.0,0,0.164
0.02488888888888874,0.6998284734133792,0.4628052731474314,0.6923282544774126,1.0,0.5,0.0,0.0,0.3617868882760557,0.33816122283856587,0.6157913864045137,-0.4928719477328243,1.0833584175446143,0.0,0.0,0.0,1.0,0.0,1.0,0,0.165
-0.8817777777777779,-0.3773584905660376,-0.5246884909371363,0.6442127773322643,0.0,-1.0,-0.6666666666666666,0.0,-0.8598355689992467,-0.41810932363381903,-0.534453765984182,-0.46524879215620873,-0.42781122339281874,0.0,0.0,1.0,0.0,0.0,1.0,0,0.17
0.6826666666666668,-0.4373927958833618,-0.05180253794590388,-1.1114675220529273,0.0,-0.5,-0.6666666666666666,1.0,-0.05326639365175332,0.3065357523805359,0.41799098233424475,1.8901147795258604,0.015469791442700456,1.0,0.0,0.0,0.0,0.0,1.0,4,0.152
0.96,1.130360205831904,1.5802125085295855,0.13205025394279601,0.0,0.5,1.0,1.0,0.8613289393007585,1.7585958057861784,1.056932227889061,-0.11287147292070338,1.5453128359492583,0.0,1.0,0.0,0.0,1.0,0.0,0,0.171
0.9955555555555555,0.5883361921097772,1.0709030752381117,-0.3480352846832398,1.0,0.5,1.0,1.0,0.6718637222862793,1.1111678049989433,0.6010185938026131,0.364353916290847,1.9384003440120403,0.0,0.0,1.0,0.0,1.0,0.0,0,0.224
0.17777777777777778,0.58147512864494,0.49429736285286685,0.3341352579524193,0.0,0.0,-0.3333333333333333,1.0,0.38125099090588616,0.7851941482188808,1.002004952324636,-0.2665240520029783,0.5273812083422921,1.0,0.0,0.0,0.0,1.0,0.0,0,0.166
0.7573333333333332,-0.3790737564322469,0.024645484623809402,-1.0815290029403906,0.0,0.5,0.0,1.0,0.024122095040309918,-0.21882220877767156,0.027456451573163846,1.7946300536221311,0.08713179961298645,1.0,0.0,0.0,0.0,0.0,1.0,3,0.197
0.16,0.4819897084048029,0.41378954430510406,0.2346966051857793,1.0,0.5,0.6666666666666666,1.0,0.3304939478234667,0.27585302028588304,0.14709143321753274,-0.1938872437082374,1.0144377553214363,1.0,0.0,0.0,0.0,0.0,1.0,0,0.153
-0.003555555555555606,0.5162950257289881,0.32734112034313295,0.4913124832932375,0.0,1.0,1.0,1.0,0.2720531817136818,-0.07000075321879547,-0.06458862032999071,-0.3721238363033799,0.37087723070307455,0.0,0.0,1.0,0.0,1.0,0.0,0,0.168
-0.5724444444444445,-0.005145797598627738,-0.26841673691031176,0.6794974605720397,-1.0,-0.5,-0.3333333333333333,0.0,-0.32635265491665044,-0.15239317049228904,-0.2269476679725035,-0.4854179653200171,-0.4303590625671898,0.0,0.0,0.0,1.0,1.0,0.0,0,0.139
-0.8711111111111113,-0.30188679245283007,-0.49870120933753076,0.8217054263565894,-1.0,-1.0,-0.6666666666666666,0.0,-0.7858711360824289,-0.33552252731633003,-0.48211249907605885,-0.5633831624113433,-0.5382928402494087,0.0,0.0,0.0,1.0,0.0,1.0,0,0.149
-0.40533333333333355,-0.5540308747855917,-0.44796522796213156,-0.6335204490777869,0.0,-1.0,-0.3333333333333333,0.0,-0.6589658182808871,-0.1742851103222561,-0.5162521250646758,0.7698213088349015,-0.3558912061922167,1.0,0.0,0.0,0.0,0.0,1.0,4,0.15
0.02133333333333313,-0.4236706689536877,-0.25045730046504167,-0.7832130446404706,0.0,-0.5,-1.3333333333333333,0.0,-0.2997128860895844,-0.11434347263021567,1.0973187227437353,1.0415343886717068,-0.1707482261879166,0.0,1.0,0.0,0.0,0.0,1.0,2,0.149
-0.7146666666666667,-0.10977701543739264,-0.37335214142769496,0.8217054263565894,0.0,-1.0,-0.6666666666666666,0.0,-0.5032765711085923,0.06283302597147006,-0.22964557616970954,-0.5634053441927648,-0.28594925822403783,0.0,0.0,0.0,1.0,0.0,1.0,0,0.163
0.7360000000000001,1.130360205831904,1.3779108106403353,0.3213044640470463,0.0,0.5,1.3333333333333333,1.0,0.7914654786005055,1.5014323305804405,0.6820995638997708,-0.2575504962228676,1.3556761986669534,0.0,0.0,1.0,0.0,0.0,1.0,0,0.163
-0.8675555555555556,-0.8936535162950255,-0.6738687906051276,-0.844159315690992,1.0,-1.5,-1.0,-1.0,-1.5188923951013398,-0.5345909657479827,-0.7593718432010249,1.170575869672598,-0.5149107718770157,0.0,0.0,0.0,1.0,1.0,0.0,1,0.103
-0.37688888888888894,-0.44596912521440807,-0.38812337651167195,-0.475273990911521,-1.0,-1.0,-0.6666666666666666,0.0,-0.5317356238775248,0.015890486846613202,-0.25939648163204965,0.529552191726789,-0.48646527628467,0.0,1.0,0.0,0.0,0.0,1.0,2,0.193
0.615111111111111,0.5488850771869639,0.7710974637743486,-0.12670408981555742,1.0,1.0,0.6666666666666666,0.0,0.5342289757633367,0.40008066730325814,0.5069203193140659,0.12036257575567992,1.5168458396043858,0.0,0.0,0.0,1.0,0.0,1.0,3,0.187
-0.08888888888888889,-0.3173241852487134,-0.22272682963192336,-0.554397219994654,0.0,0.0,0.0,2.0,-0.26028333557150946,-0.3541464694691265,-0.30470039667873955,0.6449326477318653,-0.14475381638357343,0.0,1.0,0.0,0.0,0.0,1.0,2,0.199
0.824888888888889,1.130360205831904,1.4581892621836885,0.24218123496391364,1.0,0.5,0.6666666666666666,0.0,0.8199404973828351,1.6034813286779555,1.1988598566043311,-0.1993612191189756,2.482960653622877,1.0,0.0,0.0,0.0,1.0,0.0,2,0.157
0.7537777777777779,-0.00857632933104631,0.3598424248679705,-0.7404437316225609,-1.0,0.0,0.3333333333333333,0.0,0.2945401281695679,0.5715472814875828,0.25766739174049386,0.9593111487584979,-0.13589550634272204,0.0,0.0,1.0,0.0,0.0,1.0,4,0.142
-0.30933333333333346,0.3241852487135507,0.02418675061499024,0.7169206094627109,1.0,0.0,0.0,0.0,0.023679833172930466,0.03819548214507001,0.026840490797545965,-0.5068578491985486,0.4666200817028596,0.0,0.0,0.0,1.0,0.0,1.0,0,0.175
-0.7466666666666668,-0.6260720411663806,-0.56475890660749,-0.33520449077786685,-1.0,-1.0,-1.0,0.0,-0.9896557795587876,-0.5454518948312183,-0.4663593022396334,0.3489632955324664,-0.5692539238873361,0.0,0.0,1.0,0.0,0.0,1.0,1,0.103
0.6862222222222221,1.130360205831904,1.3329548777760576,0.368350708366747,-1.0,0.5,0.6666666666666666,1.0,0.7750545414557501,1.444284891645832,1.0727418877965849,-0.2906084769026784,0.32019995699849496,1.0,0.0,0.0,0.0,0.0,1.0,0,0.164
-1.0204444444444445,-0.5934819897084047,-0.623316302833256,0.4464047046244321,0.0,-1.0,-0.6666666666666666,0.0,-1.2292598117112121,-0.7315455320761869,-0.7331011161209253,-0.3433344860574056,-0.520264459256074,0.0,0.0,0.0,1.0,1.0,0.0,0,0.156
0.7395555555555554,1.025728987993139,1.2866686162862044,0.2218658112804064,0.0,0.0,-0.3333333333333333,2.0,0.7577902165031617,2.0442601083177228,2.2787438095942045,-0.18381903026135113,1.2701462051171792,0.0,0.0,1.0,0.0,0.0,1.0,0,0.134
0.32711111111111096,0.2727272727272728,0.3675491562161325,-0.17802726543704883,0.0,1.0,1.0,1.0,0.2997787179266631,-0.027407445203332565,-0.028595979008056806,0.17258559465512596,0.4085680498817459,0.0,0.0,1.0,0.0,1.0,0.0,0,0.193
0.48,-0.478559176672384,-0.14848073030454212,-1.0793905372894952,-1.0,-0.5,-1.0,0.0,-0.16356733068035156,0.10170883477052338,0.6515479094291273,1.7853569337402404,-0.3741453450870781,0.0,1.0,0.0,0.0,0.0,1.0,4,0.128
0.08888888888888889,-0.5265866209262434,-0.2966288784526902,-0.9564287623630048,-1.0,-0.5,-0.3333333333333333,0.0,-0.3701242203956167,-0.2121647265208336,-0.27240557321309766,1.4349195851454781,-0.443582025370888,0.0,1.0,0.0,0.0,0.0,1.0,2,0.173
-0.3982222222222223,-0.229845626072041,-0.29215622186670337,-0.07110398289227482,-1.0,-0.5,0.0,0.0,-0.36301929523466875,-0.20268874812606433,-0.39792606006849474,0.06604333675907018,-0.44148570199957,0.0,0.0,0.0,1.0,1.0,0.0,4,0.131
0.2737777777777776,-0.20240137221269291,-0.00904852832395802,-0.6752205292702488,0.0,0.5,0.3333333333333333,2.0,-0.00904650907255324,-0.2616536311220288,-0.1668967720135582,0.8404344095966139,0.05554719415179529,0.0,0.0,1.0,0.0,0.0,1.0,3,0.209
-0.9422222222222223,-0.6912521440823327,-0.6297844523576062,-0.11066559743384118,0.0,-1.5,-0.6666666666666666,-1.0,-1.260859060264817,-0.25439357382880556,-0.746128686525242,0.10385308867717012,-0.5263276714685013,0.0,1.0,0.0,0.0,1.0,0.0,1,0.11
-0.24888888888888888,-0.2864493996569467,-0.26371471331991536,-0.3533814488104786,-1.0,-1.0,-0.6666666666666666,1.0,-0.3192898241002868,0.4112574623329861,-0.008823638110725066,0.37127117132531834,-0.42815523543324013,0.0,1.0,0.0,0.0,0.0,1.0,4,0.16
0.6933333333333334,0.9965694682675813,1.2209320328224185,0.23576583801122716,0.0,0.5,0.0,2.0,0.7325968846852113,1.3018828040148995,1.6337589622292852,-0.1946081003081851,1.2085250483766932,1.0,0.0,0.0,0.0,0.0,1.0,0,0.169
-0.8568888888888889,-0.8936535162950255,-0.6723549683760244,-0.8591285752472604,0.0,-1.5,-1.6666666666666667,-1.0,-1.5084645478034164,-0.524969203070217,-0.14279510680759852,1.2013774788761118,-0.5662330681573855,0.0,0.0,1.0,0.0,1.0,0.0,0,0.099
0.18844444444444433,0.665523156089194,0.5601715665192983,0.4218123496391339,0.0,0.0,0.0,0.0,0.42046299232342654,0.889867263410332,0.7465290610293935,-0.32685525476268823,0.589131369597936,1.0,0.0,0.0,0.0,1.0,0.0,0,0.165
-0.8640000000000001,-0.5660377358490565,-0.5752409787090079,0.06255012028869288,0.0,-1.0,-0.6666666666666666,0.0,-1.0274986205499554,-0.578763603495907,-0.6362720821938059,-0.054862589369195934,-0.4751988819608686,0.0,1.0,0.0,0.0,0.0,1.0,0,0.177
0.18133333333333312,0.36535162950257305,0.3470666827223569,0.07003475006682719,0.0,0.0,0.0,0.0,0.2857778499750777,0.5512468200803272,0.4603844827161405,-0.061225267281696055,0.38936787787572563,1.0,0.0,0.0,0.0,0.0,1.0,0,0.153
-0.6577777777777779,-0.7272727272727271,-0.5813650777267436,-0.6976744186046513,0.0,-1.5,-1.3333333333333333,0.0,-1.0504864982766546,0.053357047576700796,-0.23565119373198318,0.8803672635451258,-0.48093958288540095,0.0,0.0,0.0,1.0,0.0,1.0,1,0.103
-0.5333333333333334,-0.739279588336192,-0.560997287735173,-0.8537824111200216,0.0,-1.0,-0.6666666666666666,0.0,-0.9765099333228562,-0.5334975836255093,-0.6075837090694064,1.1908022754859684,-0.4618469146420125,1.0,0.0,0.0,0.0,0.0,1.0,1,0.119
0.6364444444444441,-0.2418524871355059,0.10263026612306683,-0.9061748195669609,0.0,0.5,1.0,0.0,0.09588876632898131,-0.11968889634008545,-0.2657408776209131,1.3112707796291976,0.1602343582025371,0.0,1.0,0.0,0.0,0.0,1.0,2,0.179
-0.9351111111111112,-0.7307032590051457,-0.6390050059348713,-0.24859663191659984,0.0,-1.5,-1.0,-1.0,-1.3082340148016192,-0.3129988555933784,-0.6657458053071179,0.24853060239004596,-0.5349709739840894,1.0,0.0,0.0,0.0,0.0,1.0,1,0.096
0.6222222222222222,-0.06689536878216108,0.24731497250463036,-0.7308206361935313,0.0,0.5,1.0,1.0,0.21376115031770582,0.06423255508823603,-0.13622485853434183,0.940208498551669,0.2958611051386799,1.0,0.0,0.0,0.0,0.0,1.0,2,0.178
-0.9422222222222223,-0.334476843910806,-0.5334273738051413,0.9906442127773325,1.0,-1.0,-1.6666666666666667,0.0,-0.8863674454974773,-0.4458812295446427,0.9764672185675216,-0.64818205818495,-0.3174371102988604,0.0,1.0,0.0,0.0,1.0,0.0,0,0.152
-0.6400000000000001,-0.4202401372212691,-0.4598923121914298,-0.05185779203421546,0.0,-0.5,-0.3333333333333333,0.0,-0.6870003866802662,-0.5580622353104112,-0.5354701012639514,0.04743587337966514,-0.36707159750591273,1.0,0.0,0.0,0.0,0.0,1.0,4,0.15
-0.7644444444444446,-0.4819897084048026,-0.520514011456882,0.05185779203421546,-1.0,-1.0,-0.3333333333333333,0.0,-0.8474724193535096,-0.404842953881142,-0.6331491610614235,-0.04624980402155887,-0.5485164480756827,0.0,1.0,0.0,0.0,1.0,0.0,0,0.164
-0.060444444444444544,-0.44939965694682665,-0.29199566496361673,-0.7618283881315158,-1.0,-0.5,0.3333333333333333,0.0,-0.3627654431013365,-0.20234858479907278,-0.4925464346430419,0.9992657637642455,-0.4414104493657278,0.0,1.0,0.0,0.0,0.0,1.0,2,0.196
-0.9742222222222223,-0.44082332761578036,-0.5721445241494786,0.782143811815023,1.0,-1.0,-0.3333333333333333,0.0,-1.016127809977922,-0.5689231643936467,-0.7163408234163648,-0.5421724428263263,-0.3718770156955493,0.0,0.0,1.0,0.0,0.0,1.0,0,0.165
-0.4160000000000001,-0.36192109777015424,-0.3609204497886957,-0.2806736166800321,0.0,0.0,-0.6666666666666666,0.0,-0.4801024720501414,-0.5737340457325296,-0.2046067706408456,0.28452867999856535,-0.2742958503547624,1.0,0.0,0.0,0.0,0.0,1.0,4,0.156
0.6968888888888887,0.30360205831903947,0.6096001559695631,-0.4186046511627908,-1.0,0.5,0.6666666666666666,1.0,0.44864601243725416,0.5247651050740221,0.34428357602187887,0.4543065058895344,-0.01883465921307244,0.0,0.0,1.0,0.0,0.0,1.0,4,0.139
0.10311111111111106,-0.3379073756432246,-0.16751819167053733,-0.7265437048917404,1.0,0.0,-0.3333333333333333,2.0,-0.18724895746710488,-0.2664207771760127,-0.06437098085593915,0.9336186507874534,0.19706514728015476,0.0,1.0,0.0,0.0,0.0,1.0,2,0.174
-0.6542222222222223,-0.11492281303602038,-0.34890161875763365,0.6474204758086077,0.0,-0.5,-0.3333333333333333,0.0,-0.45833262815987036,-0.32291218683713696,-0.3566320496710769,-0.4668544135808679,-0.26302945603096106,0.0,0.0,1.0,0.0,0.0,1.0,0,0.175
0.6435555555555553,0.9845626072041167,1.1680858750064511,0.2699812884255547,0.0,0.5,0.6666666666666666,2.0,0.7117381989800401,1.2347054064101355,0.9067096607288048,-0.22045243199478348,1.1589873145560097,0.0,0.0,1.0,0.0,0.0,1.0,3,0.173
-0.6613333333333333,-0.8301886792452828,-0.6207473923838688,-0.9211440791232293,0.0,-1.0,-0.3333333333333333,0.0,-1.2170557005897844,-0.7233816122283856,-0.794654076428413,1.347794417257757,-0.5178563749731241,1.0,0.0,0.0,0.0,0.0,1.0,1,0.105
-0.6613333333333333,-0.88336192109777,-0.6407252584679431,-1.0398289227479287,-1.0,-1.5,-1.0,-1.0,-1.317399380669579,-0.32393267681811216,-0.6703655111242515,1.664492102595414,-0.6048591700709525,1.0,0.0,0.0,0.0,0.0,1.0,1,0.107
-0.760888888888889,-0.12349914236706669,-0.39816965130481163,0.927559476075916,-1.0,-0.5,-0.6666666666666666,0.0,-0.5517005968441917,-0.42729373346259547,-0.27963079311109473,-0.6175911685505011,-0.49117394108793805,0.0,0.0,1.0,0.0,0.0,1.0,0,0.153
0.6897777777777775,-0.1457975986277873,0.2081849615523558,-0.8388131515637532,-1.0,0.5,0.6666666666666666,1.0,0.1835945205489005,0.014490957729847227,-0.05996378150639375,1.156903661019721,-0.20697699419479684,0.0,1.0,0.0,0.0,0.0,1.0,2,0.173
-0.7040000000000002,-0.09433962264150943,-0.36314530973146864,0.8270515904838279,-1.0,-0.5,-0.3333333333333333,0.0,-0.48419972579684206,-0.3530895334174022,-0.37958274817059645,-0.5662368978499829,-0.4747581165340787,1.0,0.0,0.0,0.0,0.0,1.0,0,0.153
-0.5262222222222224,0.12006861063464837,-0.1930008658604417,0.818497727880246,0.0,-0.5,-0.3333333333333333,2.0,-0.22011411939585707,0.007386403671820219,-0.10543092615862232,-0.5618558827666407,-0.11688884110943885,1.0,0.0,0.0,0.0,1.0,0.0,0,0.168
-0.7537777777777779,-0.6826758147512864,-0.5857918609118486,-0.4613739641807005,0.0,-1.0,-0.6666666666666666,0.0,-1.0675343759780105,-0.6122939885850907,-0.6575227289526203,0.5109628360005934,-0.48508922812298433,0.0,0.0,1.0,0.0,1.0,0.0,1,0.1
-0.4337777777777779,-0.7495711835334475,-0.5458361287436996,-0.9574979951884526,-1.0,-0.5,0.3333333333333333,0.0,-0.9256586341657215,-0.7401468047729775,-0.7846966305185685,1.4375730062231278,-0.5603848634702214,0.0,1.0,0.0,0.0,0.0,1.0,4,0.144
-0.7537777777777779,-0.5111492281303601,-0.5273032747874056,-0.042234696605185654,0.0,-1.0,0.0,0.0,-0.8676802851127295,-0.4264190277646167,-0.7136675536501835,0.03845264345683011,-0.43026230918082137,1.0,0.0,0.0,0.0,0.0,1.0,1,0.106
0.4124444444444442,0.3018867924528303,0.4398226993055915,-0.21758887997861542,0.0,1.0,1.3333333333333333,2.0,0.3472700035378685,0.049153600750303325,-0.07366582896001184,0.21477909867565442,0.47631692109223833,0.0,0.0,1.0,0.0,0.0,1.0,3,0.2
-0.6542222222222223,-0.20583190394511136,-0.38330666941907077,0.4464047046244321,0.0,-0.5,-0.6666666666666666,0.0,-0.5223412101834113,-0.39580432833536205,-0.24969509941606916,-0.3432392933079771,-0.2952805848204687,0.0,0.0,0.0,1.0,0.0,1.0,0,0.153
0.20977777777777773,0.6346483704974271,0.5540015941006805,0.35872761293771743,1.0,0.0,0.3333333333333333,2.0,0.4168726201198842,0.8800632703788205,0.481129161694983,-0.28391752843031093,1.2115889056116962,0.0,0.0,0.0,1.0,0.0,1.0,0,0.165
0.7964444444444442,1.130360205831904,1.4325001576898155,0.26677358994921135,1.0,0.0,0.0,2.0,0.8109408169411809,2.2759842261405803,1.917840071944218,-0.2178668802966707,2.446839389378628,0.0,1.0,0.0,0.0,0.0,1.0,0,0.157
-0.6968888888888889,-0.8936535162950255,-0.6496476349394759,-1.0312750601443468,-1.0,-1.5,-1.6666666666666667,-1.0,-1.3667413742787524,-0.3806427629037312,0.04014524355089071,1.6409733860050004,-0.6090410664373254,1.0,0.0,0.0,0.0,0.0,1.0,1,0.124
-0.39111111111111113,-0.18867924528301874,-0.26970119213500554,-0.009088479016305752,-1.0,-0.5,-0.3333333333333333,0.0,-0.32829315942681686,-0.15511447710822293,-0.2290172961785794,0.008595264903556435,-0.43096108363792734,0.0,1.0,0.0,0.0,0.0,1.0,0,0.151
-0.44800000000000006,-0.3842195540308746,-0.38202221419437715,-0.2785351510291366,-1.0,-0.5,0.6666666666666666,0.0,-0.519854979278923,-0.39308302171942844,-0.6543351319387981,0.282242068938232,-0.48360567619866696,0.0,1.0,0.0,0.0,0.0,1.0,4,0.148
0.96,-0.17667238421955397,0.2921103484658215,-0.9735364875701688,0.0,0.5,0.3333333333333333,1.0,0.246924394687644,0.12117589602664955,0.17971315586623451,1.4808482005689765,0.33785207482261886,0.0,1.0,0.0,0.0,0.0,1.0,2,0.165
-0.40177777777777796,-0.7135506003430531,-0.5225095043952452,-0.9179363806468861,1.0,-1.0,-1.3333333333333333,0.0,-0.8533578950425987,-0.41118457019148763,0.0014321088033113628,1.338819320133625,-0.30208557299505484,0.0,0.0,1.0,0.0,0.0,1.0,1,0.122
-0.05688888888888894,0.8850771869639795,0.513908241729886,1.0804597701149428,0.0,0.0,-0.3333333333333333,2.0,0.39313142437310666,0.816355538709372,1.0336037401138296,-0.6904483076441518,0.5457643517523114,1.0,0.0,0.0,0.0,1.0,0.0,0,0.141
-0.060444444444444544,0.5917667238421955,0.33452030758115286,0.6805666933974873,0.0,0.5,1.0,1.0,0.27707625017876664,0.17508692387873667,-0.05816209623771162,-0.4863601103256102,0.3776069662438185,1.0,0.0,0.0,0.0,0.0,1.0,0,0.163
-0.8177777777777779,-0.602058319039451,-0.5743923207926924,-0.13953488372093034,0.0,-1.0,-1.3333333333333333,0.0,-1.0243656907487089,-0.5760665942604728,-0.20756338236381114,0.13352280110900408,-0.4744033541173941,0.0,0.0,1.0,0.0,0.0,1.0,1,0.145
0.04622222222222212,0.08576329331046312,0.08446439937382808,-0.13739641807003486,1.0,0.0,0.0,0.0,0.07975018809869529,0.13397575607373782,0.10777773671372613,0.13098853473422475,0.5513760481616858,0.0,0.0,1.0,0.0,0.0,1.0,3,0.213
-0.5617777777777779,-0.67409948542024,-0.5397579031268457,-0.695535952953756,0.0,-1.0,-1.6666666666666667,0.0,-0.9061657358210278,-0.46599946059815295,0.9254656663463668,0.8762959165877329,-0.4419372178026231,1.0,0.0,0.0,0.0,0.0,1.0,1,0.127
0.3697777777777777,0.3756432246998285,0.47090192840308964,-0.10211173483025923,1.0,0.0,0.0,1.0,0.3668375905298672,0.748019156054786,0.626663094094168,0.09555966083238143,1.0947430660073105,0.0,0.0,1.0,0.0,0.0,1.0,3,0.204
0.7324444444444442,0.9090909090909091,1.1755632393502031,0.12028869286287097,1.0,0.5,1.0,1.0,0.7147235698394703,1.2442105416615032,0.6947062277740816,-0.10320695580349988,2.0855622446785635,0.0,1.0,0.0,0.0,0.0,1.0,0,0.157
-0.14933333333333343,0.332761578044597,0.12506235915432387,0.45282010157711877,0.0,0.0,0.3333333333333333,0.0,0.11536853643747158,0.19848530129966704,-0.012545801083387003,-0.3472459621664166,0.1812620941732961,0.0,0.0,1.0,0.0,0.0,1.0,0,0.171
-0.7751111111111113,-0.40308747855917654,-0.49741675411283715,0.273188986901898,-1.0,-1.0,-1.0,0.0,-0.7823906866670864,-0.33144056739242933,-0.2855132185182447,-0.22261530349873665,-0.5376908191786713,0.0,1.0,0.0,0.0,0.0,1.0,0,0.148
-0.49422222222222245,-0.22641509433962256,-0.3282356516603305,0.08607324244854321,-1.0,-0.5,-0.3333333333333333,0.0,-0.4222613737153548,-0.2791283071772031,-0.3233332101411782,-0.07483393425705094,-0.45839604386153515,1.0,0.0,0.0,0.0,0.0,1.0,0,0.161
0.10666666666666667,0.7204116638078901,0.5370972458756945,0.5982357658380113,1.0,0.0,0.3333333333333333,0.0,0.40695049467758776,0.8532025162367246,0.46167360062511204,-0.43814963603063833,1.187819823693829,0.0,0.0,0.0,1.0,0.0,1.0,0,0.151
-0.37333333333333335,0.2452830188679247,-0.052398892157368766,0.7115744453354722,0.0,-0.5,-0.6666666666666666,0.0,-0.05390122671740764,0.3052722885945668,0.4167898588217901,-0.5036557076643818,0.014910771877015677,1.0,0.0,0.0,0.0,0.0,1.0,0,0.156
0.29866666666666664,0.3893653516295026,0.43697854845091255,-0.02085004009623104,-1.0,0.5,0.3333333333333333,1.0,0.34545461671771555,0.3053306023077653,0.34644493838632334,0.01905014819538398,-0.09974199096968396,0.0,1.0,0.0,0.0,1.0,0.0,0,0.169
-0.24533333333333354,-0.6946826758147511,-0.47966374797153555,-0.9970596097300191,0.0,-0.5,-0.6666666666666666,0.0,-0.7358083336395206,-0.5999509192913912,-0.44376894079385026,1.5427534705235184,-0.3856052461836164,1.0,0.0,0.0,0.0,0.0,1.0,4,0.155
-0.4622222222222222,0.2521440823327616,-0.09999254557235676,0.917936380646886,0.0,0.5,1.0,1.0,-0.10630373416266908,-0.3772605675382137,-0.4471207940145038,-0.6126615272890432,-0.02970328961513655,0.0,1.0,0.0,0.0,0.0,1.0,0,0.15
-0.7644444444444446,-0.8936535162950255,-0.6592351757237963,-0.9660518577920345,1.0,-1.5,-1.3333333333333333,-1.0,-1.4234801435825781,-0.44158059319624754,-0.5493292187153522,1.4601946532500916,-0.49433455170930984,1.0,0.0,0.0,0.0,0.0,1.0,1,0.123
0.035555555555555556,0.22813036020583208,0.16983479841507396,0.05934242181234977,-1.0,0.5,0.6666666666666666,0.0,0.15285498516931112,-0.03425930650416579,-0.0985845221376303,-0.05261292221787357,-0.22495162330681573,0.0,0.0,0.0,1.0,1.0,0.0,0,0.153
0.5368888888888886,1.0034305317324184,1.093197548066723,0.39508152900294047,0.0,0.5,0.0,1.0,0.6811926153295804,1.1395082696134533,1.4622446842585066,-0.3084932056586422,1.0887873575575147,0.0,0.0,0.0,1.0,0.0,1.0,4,0.158
-0.07111111111111111,-0.0034305317324183297,-0.02872821730229998,-0.13205025394279601,0.0,0.5,0.0,1.0,-0.029090820939224972,-0.28667021408421944,-0.04421058466996813,0.12527256860455874,0.037099548484196984,1.0,0.0,0.0,0.0,0.0,1.0,3,0.215
-0.2808888888888891,-0.23327615780445957,-0.24798013681741815,-0.23255813953488383,0.0,-0.5,0.0,1.0,-0.2961086437815654,-0.10909523844234344,-0.33860903737649983,0.23063343614939752,-0.16842614491507202,1.0,0.0,0.0,0.0,0.0,1.0,4,0.147
-0.6755555555555557,-0.8936535162950255,-0.6466199904812694,-1.050521251002406,0.0,-1.5,-1.6666666666666667,-1.0,-1.3496467380072146,-0.3613992375481999,0.0645372902653558,1.6967356474006112,-0.5421092238228338,0.0,0.0,1.0,0.0,0.0,1.0,1,0.11
-0.1671111111111112,-0.5728987993138934,-0.3943162856307306,-0.8634055065490513,0.0,-0.5,-0.6666666666666666,0.0,-0.5439824151767473,-0.41912981361479407,-0.27186968733831024,1.2118751507550978,-0.30560094603311116,0.0,1.0,0.0,0.0,0.0,1.0,2,0.204
-0.4444444444444444,-0.6003430531732417,-0.4796866846719766,-0.6773589949211443,0.0,-1.0,-1.3333333333333333,0.0,-0.7358667621066267,-0.27509494201430135,0.1739319240150787,0.8440809561220718,-0.38562674693614274,0.0,1.0,0.0,0.0,1.0,0.0,4,0.14
-0.9386666666666668,-0.8542024013722126,-0.6732494996932217,-0.6196204223469661,0.0,-1.5,-1.3333333333333333,-1.0,-1.5146096352436962,-0.5306547901070785,-0.6057820238007243,0.7470494073962116,-0.5670715975059126,1.0,0.0,0.0,0.0,0.0,1.0,1,0.099
-0.22400000000000014,-0.5831903945111491,-0.41482169582494716,-0.8377439187383056,0.0,-1.0,-0.6666666666666666,0.0,-0.5859589671549675,-0.06895596585732086,-0.31316985734348435,1.1566616050311376,-0.3248226187916577,0.0,0.0,1.0,0.0,0.0,1.0,4,0.143
0.8391111111111109,-0.1457975986277873,0.2713755712671953,-0.9018978882651699,1.0,0.5,0.6666666666666666,1.0,0.23174852296299753,0.09481809766089114,0.0036726661246210997,1.3002078554821406,0.8141904966673832,0.0,1.0,0.0,0.0,1.0,0.0,2,0.189
-0.29511111111111127,-0.30188679245283007,-0.28876159020144165,-0.3266506281742849,0.0,-1.0,-0.3333333333333333,0.0,-0.3576696069212763,0.33165924381692413,-0.2597291004508834,0.3382430854555968,-0.20665448290690175,0.0,0.0,1.0,0.0,1.0,0.0,4,0.136
0.7288888888888889,1.130360205831904,1.371488534516867,0.32771986099973305,1.0,0.0,-0.6666666666666666,1.0,0.7891420415838011,2.1790376779479406,3.2846570330401357,-0.2622519027595799,2.361051386798538,0.0,0.0,1.0,0.0,0.0,1.0,0,0.173
-0.8675555555555556,-0.26586620926243554,-0.4866594416060278,0.9104517508687521,-1.0,-0.5,-0.3333333333333333,0.0,-0.7538345492319986,-0.6147723213960303,-0.5785996747727103,-0.6088090379586023,-0.5326488927112448,0.0,0.0,1.0,0.0,1.0,0.0,0,0.133
0.7715555555555557,0.2881646655231563,0.639716043648541,-0.4784816893878644,-1.0,0.0,0.0,1.0,0.46533229392900355,1.0162622367682543,0.8533366595215215,0.5346751752682095,-0.004719415179531244,0.0,1.0,0.0,0.0,0.0,1.0,2,0.189
0.6862222222222221,1.130360205831904,1.3329548777760576,0.368350708366747,0.0,0.5,1.3333333333333333,2.0,0.7750545414557501,1.444284891645832,0.6458810702934435,-0.2906084769026784,1.31353472371533,1.0,0.0,0.0,0.0,0.0,1.0,0,0.148
0.35555555555555557,0.7615780445969126,0.7547206596595046,0.33520449077786685,0.0,1.0,0.3333333333333333,1.0,0.5259649123088407,0.38273233762668046,0.7121408508706165,-0.2672702928663901,0.7715007525263384,0.0,1.0,0.0,0.0,0.0,1.0,0,0.151
0.9031111111111108,1.130360205831904,1.5288342995418394,0.1769580326116012,0.0,0.5,0.6666666666666666,1.0,0.8441684732222179,1.6932844470037687,1.270003326188188,-0.149009794636841,1.4971511502902601,1.0,0.0,0.0,0.0,0.0,1.0,0,0.154
-0.6257777777777779,-0.25557461406517995,-0.3912657044720832,0.2753274525527933,1.0,-1.0,-0.3333333333333333,0.0,-0.5379257632600907,0.0059042634613563315,-0.4248928228250424,-0.22440712022004755,-0.11754461406149211,0.0,1.0,0.0,0.0,0.0,1.0,2,0.154
-0.4835555555555556,0.26758147512864505,-0.10538267017598191,0.9981288425554667,1.0,0.0,0.3333333333333333,1.0,-0.1124660799157843,-0.16768837151666677,-0.27776971162476377,-0.651808230521976,0.2844334551709309,0.0,0.0,1.0,0.0,1.0,0.0,0,0.171
0.7288888888888889,1.130360205831904,1.371488534516867,0.32771986099973305,0.0,0.5,0.6666666666666666,2.0,0.7891420415838011,1.493268410732639,1.1115474166605068,-0.2622519027595799,1.3496559879595786,1.0,0.0,0.0,0.0,0.0,1.0,0,0.158
0.0035555555555553536,0.04459691252144097,0.0369395560601629,-0.14701951349906442,-1.0,0.5,0.6666666666666666,2.0,0.03588247619464501,-0.20319413364045225,-0.23241739965998967,0.14074636019820652,-0.28723930337561815,0.0,0.0,1.0,0.0,0.0,1.0,4,0.163
-0.6080000000000001,-0.5660377358490565,-0.507348345403772,-0.4143277198609998,0.0,-1.0,-0.6666666666666666,0.0,-0.8097140968987544,-0.36300286466116094,-0.4995287900066524,0.4487823615496501,-0.4115566544829069,0.0,0.0,0.0,1.0,0.0,1.0,4,0.163
0.2062222222222221,0.19039451114922826,0.23956236775558648,-0.1641272387062283,0.0,1.0,1.3333333333333333,2.0,0.20787614160479626,-0.16298682839003123,-0.23500443491758444,0.15833034186397008,0.28859385078477745,0.0,0.0,0.0,1.0,0.0,1.0,3,0.205
-0.472888888888889,-0.07547169811320739,-0.25242985670296403,0.331996792301524,0.0,-0.5,0.0,1.0,-0.302594860406866,-0.11852262207611391,-0.3445838568999926,-0.2649126662778168,-0.1725972909051817,0.0,0.0,0.0,1.0,1.0,0.0,0,0.173
0.08177777777777767,-0.5797598627787306,-0.33346521936086887,-1.0205827318898695,-1.0,-0.5,0.0,0.0,-0.43123321604686576,-0.2902079126849334,-0.45339332791287845,1.60810170122795,-0.4608471296495378,0.0,0.0,1.0,0.0,0.0,1.0,4,0.143
0.03199999999999995,0.8216123499142367,0.545583825038849,0.840951617214649,0.0,0.5,0.0,1.0,0.41194748934207165,0.4433883183054037,0.7269415083647472,-0.5734345490487752,0.5754568909911847,0.0,0.0,0.0,1.0,0.0,1.0,0,0.162
-0.4302222222222223,-0.09262435677530002,-0.2411908734868946,0.2240042769313019,-1.0,-1.0,-1.0,1.0,-0.2863146763503745,0.482837545284243,0.40257656392440927,-0.18532044952900079,-0.417598365942808,0.0,1.0,0.0,0.0,0.0,1.0,0,0.134
0.9457777777777776,0.07718696397941681,0.5350788162368901,-0.7532745255279338,-1.0,0.5,0.6666666666666666,1.0,0.4057573046607247,0.4300344779829287,0.269236455022544,0.9830148486239906,-0.053762631692109264,0.0,0.0,0.0,1.0,0.0,1.0,4,0.11
-0.6542222222222223,-0.1818181818181817,-0.37422373604445136,0.49986634589681944,-1.0,-0.5,-0.3333333333333333,0.0,-0.5049273812392954,-0.3765608029798307,-0.3974332914480006,-0.37737273648156977,-0.4799505482691894,1.0,0.0,0.0,0.0,0.0,1.0,0,0.152
-0.8568888888888889,-0.37221269296740983,-0.5147798363466425,0.5800588078053998,-1.0,-1.0,-0.3333333333333333,0.0,-0.8308025852955314,-0.3866199185065857,-0.6239097494271564,-0.42688805186463996,-0.5458288540098903,0.0,1.0,0.0,0.0,0.0,1.0,0,0.175
0.8426666666666668,0.7701543739279588,1.1351487731732353,-0.09248863940122967,-1.0,0.0,-0.3333333333333333,2.0,0.6984505126106912,1.8034973649490853,2.0346015965703304,0.08609411038771206,0.22748871210492372,0.0,1.0,0.0,0.0,0.0,1.0,4,0.147
0.1528888888888888,-0.5060034305317322,-0.2646780547384357,-0.963913392141139,-1.0,-1.0,-1.0,1.0,-0.32073165602082393,0.4081959923900605,0.33950218050114545,1.456021065044584,-0.42860675123629327,1.0,0.0,0.0,0.0,0.0,1.0,2,0.182
0.14577777777777756,-0.3327615780445967,-0.14903121111512505,-0.7479283614006953,0.0,-0.5,-0.3333333333333333,1.0,-0.16424212594180712,0.10054256050655201,-0.03458311774706192,0.9738420914123325,-0.07567189851644804,0.0,1.0,0.0,0.0,0.0,1.0,2,0.187
0.999111111111111,-0.2521440823327615,0.2327042943237401,-1.050521251002406,1.0,0.5,1.3333333333333333,1.0,0.20263299238555474,0.04565963743448843,-0.24052960307487609,1.6970894990602152,0.7598150935282736,0.0,0.0,1.0,0.0,0.0,1.0,3,0.204
-0.07822222222222232,-0.14922813036020563,-0.11886945003526518,-0.32771986099973277,0.0,0.0,0.3333333333333333,2.0,-0.12810125753051074,-0.18911866111714484,-0.2932919231703325,0.34040717192710584,-0.04739840894431301,0.0,1.0,0.0,0.0,0.0,1.0,3,0.205
0.5404444444444443,-0.320754716981132,0.0001720252533071855,-0.9425287356321842,-1.0,0.0,0.6666666666666666,0.0,0.00017098732794555664,3.644607074924513e-05,-0.26944434178431514,1.3998301007694482,-0.3044721565254784,0.0,0.0,1.0,0.0,0.0,1.0,4,0.14
0.46577777777777757,0.07718696397941681,0.29169748785788424,-0.4945201817695804,1.0,0.0,-0.3333333333333333,0.0,0.2466250764650213,0.46326600529196965,0.6755580604627097,0.5565539812629992,0.8427649967748873,0.0,0.0,0.0,1.0,0.0,1.0,3,0.203
-0.4622222222222222,-0.32246998284734124,-0.35894789355077333,-0.14488104784816894,-1.0,-0.5,-1.0,0.0,-0.47648772440844184,-0.3441966921546189,0.08634230172222615,0.1385368354123994,-0.4727907976779187,0.0,1.0,0.0,0.0,1.0,0.0,4,0.156
0.32711111111111096,0.5077186963979418,0.5431984081929894,0.08393477679764773,1.0,0.0,-0.6666666666666666,2.0,0.4105461522116765,0.8628971710559886,1.6163888683568628,-0.07339001000353292,1.1963986239518385,0.0,0.0,0.0,1.0,1.0,0.0,0,0.132
-0.4835555555555556,-0.8096054888507718,-0.5821678622421772,-1.030205827318899,0.0,-1.0,-1.0,0.0,-1.0535506194931967,-0.600777030228371,-0.513110725109025,1.6381998114493168,-0.48169210922382283,1.0,0.0,0.0,0.0,1.0,0.0,1,0.099
-0.40533333333333355,-0.26243567753001706,-0.31032208861594224,-0.11815022721197549,1.0,0.0,1.0,0.0,-0.39228647773752195,-0.4933340136599873,-0.6353994710950139,0.11197134828547418,-0.0037303805633197946,0.0,0.0,0.0,1.0,0.0,1.0,4,0.147
0.295111111111111,0.5934819897084049,0.5848743928942102,0.21331194867682446,0.0,0.5,0.3333333333333333,0.0,0.43467493369787996,0.49333401365998747,0.516661299008479,-0.17781679008385035,0.6122876800688024,1.0,0.0,0.0,0.0,0.0,1.0,0,0.153
-0.2560000000000001,0.40823327615780464,0.10058889978382154,0.750066827051591,1.0,0.5,0.6666666666666666,0.0,0.09409173806255713,-0.1222838565774224,-0.16831898144726148,-0.5252436449992037,0.5740485917007094,0.0,0.0,0.0,1.0,0.0,1.0,0,0.142
0.010666666666666566,0.5214408233276159,0.34013979918918763,0.4774124565624165,0.0,0.5,0.3333333333333333,1.0,0.2809856536670043,0.1822303537455627,0.2349912357581068,-0.36346270568239086,0.3828746506127714,0.0,1.0,0.0,0.0,0.0,1.0,0,0.17
0.10666666666666667,0.9485420240137222,0.6887088357904273,0.8847901630580063,0.0,0.0,0.0,0.0,0.4917391241471504,1.0941110438883586,0.9191212703575032,-0.5957493091002738,0.7096215867555364,0.0,0.0,1.0,0.0,0.0,1.0,0,0.163
-0.02488888888888899,0.6106346483704975,0.3710355346831581,0.6506281742849506,-1.0,0.5,0.0,1.0,0.3021370751796718,0.22150463958480646,0.492568433242171,-0.468827972587489,-0.13064932272629545,0.0,1.0,0.0,0.0,0.0,1.0,0,0.145
0.4479999999999998,-0.1046312178387649,0.13850326561272527,-0.6730820636193533,1.0,1.0,0.6666666666666666,1.0,0.1268121239985113,-0.2700410868704244,-0.13013711286865254,0.8376484866268704,0.6273597075897657,0.0,0.0,1.0,0.0,0.0,1.0,3,0.197
-0.13866666666666688,0.3979416809605489,0.16877971019478982,0.5308740978348039,0.0,0.0,0.6666666666666666,1.0,0.15199196057918193,0.2679515121474753,-0.09964705447557111,-0.3972641006515019,0.22224252848849702,0.0,0.0,1.0,0.0,1.0,0.0,0,0.166
-0.5902222222222223,-0.3962264150943395,-0.4342949544993206,-0.08821170809943871,0.0,0.0,0.0,0.0,-0.6280234751996412,-0.6903250260589406,-0.5887815063936728,0.08193677129689053,-0.3430767576865191,0.0,0.0,0.0,1.0,0.0,1.0,0,0.148
-0.9315555555555557,-0.7958833619210975,-0.656138721164267,-0.45495856722801403,1.0,-1.5,-0.6666666666666666,-1.0,-1.4047015020674711,-0.42189971499172674,-0.7992091063641066,0.5017544508441266,-0.48998064932272634,0.0,0.0,1.0,0.0,0.0,1.0,1,0.121
0.0035555555555553536,-0.4356775300171525,-0.26362296651815165,-0.786420743116814,1.0,-0.5,-1.3333333333333333,1.0,-0.31915264533490273,-0.14223686544353661,1.044284499963042,1.0496201831494139,0.06193291765211777,0.0,1.0,0.0,0.0,1.0,0.0,2,0.172
0.8,1.130360205831904,1.4357112957515497,0.26356589147286846,-1.0,0.0,-1.0,1.0,0.8120714580645979,2.281086676045456,4.905865794466208,-0.21554783538443126,0.368361642657493,0.0,1.0,0.0,0.0,1.0,0.0,0,0.191
-0.8960000000000001,-0.3259005145797597,-0.5146651528444377,0.840951617214649,-1.0,-1.0,-0.3333333333333333,0.0,-0.8304727869184279,-0.3862554577990946,-0.6237249611944711,-0.5733642876317028,-0.5457751021285745,1.0,0.0,0.0,0.0,1.0,0.0,0,0.155
-0.15644444444444464,0.7392795883361922,0.35071361809246937,1.063352044907779,1.0,0.5,0.3333333333333333,2.0,0.28828914084832835,0.1956716646378356,0.24716086079638455,-0.6823474960251523,0.9257471511502904,0.0,0.0,1.0,0.0,0.0,1.0,0,0.15
-0.768,-0.43910806174957107,-0.5071648518002443,0.1662657043571238,1.0,-1.0,-0.6666666666666666,0.0,-0.8092005212082503,-0.362419727529175,-0.4991592135412816,-0.1410562136953655,-0.2805095678348742,1.0,0.0,0.0,0.0,1.0,0.0,0,0.168
0.8071111111111112,-0.10634648370497407,0.2944498919107992,-0.8537824111200216,0.0,0.5,0.0,1.0,0.2486183704147495,0.12414989539977708,0.38973378175277784,1.1896784167750392,0.34004515158030535,1.0,0.0,0.0,0.0,1.0,0.0,2,0.19
0.02844444444444434,0.6809605488850772,0.4534470993675205,0.6623897353648759,-1.0,0.5,0.6666666666666666,1.0,0.35590831231888914,0.3262652253460554,0.18702879000665232,-0.4756240686132411,-0.09202322081272844,1.0,0.0,0.0,0.0,0.0,1.0,0,0.179
0.6577777777777778,0.9828473413379075,1.1786596939097325,0.25501202886928653,-1.0,0.0,0.0,1.0,0.7159565134251943,1.8726355611601513,1.5769981767561037,-0.20936156011608678,0.24788217587615557,0.0,0.0,0.0,1.0,0.0,1.0,0,0.153
0.6293333333333334,0.04459691252144097,0.34656207531265587,-0.6260358192996526,-1.0,0.5,0.6666666666666666,2.0,0.28542973969866664,0.19039427359336394,0.07938964446744026,0.7576647537918809,-0.14211997419909697,0.0,1.0,0.0,0.0,1.0,0.0,2,0.17
0.9955555555555555,-0.16809605488850765,0.31529935261163,-0.9788826516974074,1.0,0.5,0.6666666666666666,1.0,0.2635547706882603,0.15065347804853166,0.04790634932367498,1.4948011586696925,0.8759514082992903,0.0,0.0,1.0,0.0,0.0,1.0,3,0.209
-0.03911111111111116,0.018867924528302032,0.00012615185242520677,-0.136327185244587,0.0,0.0,0.3333333333333333,2.0,0.00012539704394436287,-3.6446070749079395e-05,-0.15633744443153863,0.1296986507764436,0.06414749516233066,0.0,1.0,0.0,0.0,0.0,1.0,3,0.2
0.5119999999999999,1.130360205831904,1.1756091127510853,0.550120288692863,0.0,0.0,-0.3333333333333333,1.0,0.7147418498652026,1.8677882337505196,2.0997948850617187,-0.40916467301597353,1.1660395613846484,0.0,1.0,0.0,0.0,0.0,1.0,0,0.166
-0.760888888888889,-0.8113207547169811,-0.6308854139787722,-0.7671745522587546,0.0,-1.5,-0.3333333333333333,-1.0,-1.2663671708190947,-0.2613912194126351,-0.8109893561977972,1.0101481060824469,-0.5273597075897657,0.0,1.0,0.0,0.0,1.0,0.0,1,0.133
-0.8924444444444445,-0.45797598627787295,-0.5515703038539391,0.4464047046244321,-1.0,-1.0,-0.6666666666666666,0.0,-0.9445045999603202,-0.5035389134697389,-0.5885967181609875,-0.34327430669665504,-0.5630724575360138,0.0,0.0,1.0,0.0,0.0,1.0,0,0.171
0.18844444444444433,0.5660377358490566,0.4909944779893688,0.30312750601443483,0.0,0.0,-1.0,1.0,0.3792321937443947,0.7799459140310084,2.3688465518515773,-0.24409942470712231,0.5242850999784993,0.0,0.0,1.0,0.0,1.0,0.0,0,0.155
-0.23822222222222234,-0.01886792452830179,-0.1166445900924923,0.05185779203421546,0.0,0.0,0.0,0.0,-0.12550035534378146,-0.185583392254481,-0.16225946731712124,-0.045882603254235786,-0.04531283594925822,0.0,1.0,0.0,0.0,0.0,1.0,0,0.138
0.7146666666666665,0.8970840480274443,1.1502640587638266,0.12349639133921408,0.0,1.0,1.0,1.0,0.7045764612259333,0.8017406643389777,0.6720594032572004,-0.10641920936943695,1.1422812298430445,0.0,1.0,0.0,0.0,0.0,1.0,0,0.165
-0.8675555555555556,-0.6329331046312177,-0.5961133761102797,-0.11601176156108,-1.0,-0.5,0.0,0.0,-1.1087892292012862,-0.8466665208823837,-0.8060616699928548,0.10926620392126005,-0.5839496882390883,0.0,0.0,1.0,0.0,0.0,1.0,1,0.105
0.9564444444444441,1.130360205831904,1.5770013704678514,0.13418871959369152,0.0,0.5,0.6666666666666666,0.0,0.860267373442439,1.754513845862278,1.3185102372680906,-0.1151185546721244,1.5423027305955708,1.0,0.0,0.0,0.0,0.0,1.0,0,0.153
-0.5546666666666668,-0.4802744425385933,-0.457552768746452,-0.3148890670943599,0.0,-1.0,-0.3333333333333333,0.0,-0.6814214784310297,-0.20475402546851415,-0.5317004213171704,0.32432063649323056,-0.3648785207482262,0.0,1.0,0.0,0.0,0.0,1.0,4,0.137
0.8924444444444443,1.130360205831904,1.519200885356637,0.18551189521518316,0.0,0.5,0.6666666666666666,2.0,0.840908532392575,1.6810385672320671,1.2603019439722076,-0.15583021771021913,1.488120834229198,0.0,1.0,0.0,0.0,0.0,1.0,0,0.164
-0.45155555555555565,-0.7718696397941679,-0.5594605288056287,-0.9842288158246462,0.0,-0.5,-0.6666666666666666,0.0,-0.9712023226121373,-0.7690120928062746,-0.6044885061719268,1.5088391089407533,-0.4604063642227478,0.0,1.0,0.0,0.0,0.0,1.0,4,0.132
0.4906666666666666,-0.07890222984562596,0.178046137172937,-0.6709435979684578,0.0,0.0,-0.6666666666666666,1.0,0.15953921097699056,0.282675724730117,0.8809317022691994,0.8338214199246408,0.23092883250913787,0.0,0.0,0.0,1.0,1.0,0.0,3,0.217
0.8924444444444443,-0.20583190394511136,0.23630535629297048,-0.9746057203956164,0.0,0.5,0.3333333333333333,2.0,0.20539046729102972,0.05023726392057678,0.11548604584860044,1.483038433914143,0.28554074392603745,0.0,1.0,0.0,0.0,0.0,1.0,2,0.181
0.5404444444444443,0.9519725557461406,1.0536317398060702,0.33948142207965787,0.0,0.0,0.0,1.0,0.6645594149362263,1.673968029506739,1.40911806736147,-0.2700807341522836,1.0516985594495807,0.0,1.0,0.0,0.0,0.0,1.0,0,0.15
0.7964444444444442,0.3979416809605489,0.7557298744789067,-0.39401229617749284,0.0,0.5,0.3333333333333333,1.0,0.5264767155205626,0.7105234384680986,0.7133023769046385,0.42181953875777345,0.7724467856374972,1.0,0.0,0.0,0.0,0.0,1.0,3,0.198
0.035555555555555556,-0.4356775300171525,-0.25357669172501196,-0.8078053996257688,0.0,-0.5,-0.6666666666666666,2.0,-0.30427532303666743,-0.1209523601260547,0.011595461601005204,1.0924603155107233,-0.1736723285314986,1.0,0.0,0.0,0.0,0.0,1.0,2,0.176
-0.5120000000000002,-0.36363636363636354,-0.3944768425338173,-0.14808874632451227,0.0,-0.5,-0.3333333333333333,0.0,-0.54430248960739,-0.4194699769417858,-0.43006689334023207,0.14195139924352165,-0.3057514513007955,0.0,1.0,0.0,0.0,0.0,1.0,4,0.14
-0.9351111111111112,-0.5300171526586619,-0.5842551019823043,0.36514300989040366,0.0,-1.0,-0.3333333333333333,0.0,-1.0615739886929225,-0.6074102151047096,-0.7358544607879369,-0.28800768018527056,-0.4836486777037196,0.0,0.0,1.0,0.0,0.0,1.0,0,0.165
0.4266666666666667,0.2452830188679247,0.4038120796132873,-0.2892274792836141,-1.0,0.5,0.6666666666666666,1.0,0.32396772925519013,0.26316978766519217,0.13704357306526724,0.29475544030623985,-0.11528703504622657,0.0,1.0,0.0,0.0,1.0,0.0,4,0.128
-0.5084444444444446,0.23327615780445982,-0.13464989993864437,0.9949211440791235,-1.0,-0.5,-0.6666666666666666,0.0,-0.1468014516931735,0.1310114756528099,0.2511272082193805,-0.6501762423419237,-0.367662868200387,0.0,0.0,1.0,0.0,1.0,0.0,0,0.142
-0.5546666666666668,-0.054888507718696196,-0.28064199824534247,0.5383587276129377,1.0,0.0,0.3333333333333333,1.0,-0.3450202741653287,-0.44617279811063565,-0.4794792667602927,-0.4015224707521545,0.03800258009030316,0.0,1.0,0.0,0.0,0.0,1.0,0,0.152
0.19555555555555557,0.7135506003430533,0.5988657801631946,0.4699278267842827,1.0,0.0,0.0,1.0,0.4426112841266617,0.9513517847640848,0.7984853524527558,-0.35867243603814614,1.2746721135239734,0.0,1.0,0.0,0.0,0.0,1.0,0,0.155
-0.02488888888888899,0.36706689536878223,0.22121300740282004,0.3202352312215987,-1.0,0.5,0.6666666666666666,2.0,0.19376806450770195,0.031052052278243984,-0.046843816985734386,-0.256738918364412,-0.2008707804773167,0.0,0.0,0.0,1.0,1.0,0.0,0,0.149
0.6222222222222222,-0.3962264150943395,-0.03540279713061886,-1.050521251002406,0.0,0.0,0.0,1.0,-0.03600745293963586,-0.05649140966112444,-0.053172813955207496,1.6961919063107147,0.03084282949903243,0.0,0.0,1.0,0.0,0.0,1.0,3,0.191
0.08177777777777767,-0.41852487135505984,-0.227818777129816,-0.8152900294039029,0.0,0.0,0.0,2.0,-0.26737605435521405,-0.3622374971754294,-0.31153756128809706,1.1073149932150042,-0.1495269834444205,0.0,1.0,0.0,0.0,1.0,0.0,0,0.162
0.5297777777777777,1.130360205831904,1.1916648030597559,0.5308740978348039,0.0,0.0,0.0,1.0,0.7211137509295951,1.8933004832748983,1.5944606647448687,-0.39685436709372535,1.1810900881530852,0.0,1.0,0.0,0.0,0.0,1.0,0,0.161
0.3839999999999999,1.130360205831904,1.0600081425286565,0.704089815557338,0.0,1.0,1.3333333333333333,2.0,0.6672640433195818,0.706130472073806,0.42598307339788594,-0.49932810060900296,1.0576757686519027,1.0,0.0,0.0,0.0,0.0,1.0,0,0.159
-0.5475555555555557,-0.8353344768439107,-0.6040494744628512,-1.0312750601443468,0.0,-1.0,-0.6666666666666666,0.0,-1.1420592127130547,-0.6703161332176778,-0.6942955872570035,1.6419935784795228,-0.5022038271339497,0.0,1.0,0.0,0.0,1.0,0.0,1,0.115
0.8853333333333331,0.8885077186963981,1.2812096815812561,-0.019780807270783178,1.0,1.0,1.3333333333333333,0.0,0.7557287272379698,0.9404544096100999,0.6041928449996302,0.017522826413897886,2.2341109438830355,0.0,0.0,0.0,1.0,0.0,1.0,4,0.156
0.6079999999999998,1.130360205831904,1.2623098404179067,0.4464047046244321,-1.0,0.5,0.6666666666666666,0.0,0.748549193126359,1.3544817733200187,1.001598418212728,-0.3432733634184142,0.28708879810793375,0.0,1.0,0.0,0.0,0.0,1.0,0,0.133
0.09244444444444425,0.4476843910806176,0.34665382211441964,0.273188986901898,1.0,0.5,0.3333333333333333,1.0,0.2854930440046234,0.190510901019761,0.2424883583413406,-0.2229357089618103,0.9200387013545472,0.0,1.0,0.0,0.0,0.0,1.0,0,0.169
0.3164444444444444,0.9862778730703259,0.8918821282964339,0.6313819834268914,1.0,0.0,-0.3333333333333333,0.0,0.592622653027627,1.4169503385839974,1.6426287973981815,-0.4576977614647268,1.6866802838099333,1.0,0.0,0.0,0.0,1.0,0.0,0,0.155
0.910222222222222,1.130360205831904,1.5352565756653076,0.17054263565891475,0.0,0.5,0.0,1.0,0.8463342408447556,1.70144836685157,2.0558152856826077,-0.14447072626632868,1.503171360997635,0.0,0.0,1.0,0.0,0.0,1.0,0,0.165
0.7431111111111108,0.660377358490566,0.9594995211963784,-0.11815022721197549,0.0,0.0,-0.3333333333333333,0.0,0.6235037405449364,1.5243933551523814,1.7515799393894596,0.1119724655396997,0.9634594710814879,0.0,1.0,0.0,0.0,1.0,0.0,3,0.219
0.8462222222222221,-0.39108061749571177,0.043132465179221584,-1.121090617481957,1.0,0.5,0.0,1.0,0.04174022450236213,-0.19532178235864395,0.05227967083056143,1.925860950885131,0.49325951408299284,0.0,0.0,1.0,0.0,1.0,0.0,3,0.185
-0.3413333333333334,-0.3190394511149227,-0.3141066441887003,-0.2999198075380915,0.0,0.0,0.0,0.0,-0.39852417023255465,-0.4993476153335909,-0.42739978318180694,0.3071327978601408,-0.23041281444850573,1.0,0.0,0.0,0.0,0.0,1.0,4,0.131
0.9706666666666666,0.5797598627787308,1.04500754044027,-0.3405506549051057,1.0,0.5,0.6666666666666666,2.0,0.6608864092164809,1.078249713898345,0.7827629536551112,0.35529309359552885,1.9019888196086867,0.0,0.0,0.0,1.0,0.0,1.0,3,0.181
0.5546666666666664,1.130360205831904,1.2141427694918947,0.5030740443731624,1.0,0.0,0.0,1.0,0.7299480688082396,1.9290176326090287,1.6246427427501415,-0.3797035687387556,2.1398086433025156,0.0,1.0,0.0,0.0,0.0,1.0,0,0.17
0.3839999999999999,0.8096054888507719,0.8133927393874755,0.35658914728682173,0.0,0.5,0.0,1.0,0.5551765148060078,0.7838237759587141,1.086539409170424,-0.2819820704207565,0.8264996774887121,0.0,0.0,1.0,0.0,0.0,1.0,0,0.162
-0.9671111111111113,-0.5608919382504287,-0.6012282603086133,0.37048917401764275,0.0,-1.0,-0.6666666666666666,0.0,-1.1300691962971026,-0.6613503998133962,-0.6886133491019292,-0.29198486070524476,-0.49955923457321,1.0,0.0,0.0,0.0,0.0,1.0,0,0.156
-0.10666666666666667,0.5934819897084049,0.3031429013779222,0.7596899224806205,1.0,0.0,0.6666666666666666,1.0,0.25488069531604457,0.48145259459577666,0.03566412890827103,-0.5304377939016137,0.8588583100408512,0.0,1.0,0.0,0.0,0.0,1.0,0,0.187
0.44088888888888883,0.6963979416809607,0.7684368065231977,0.1758887997861536,1.0,0.0,0.6666666666666666,1.0,0.5328922830386211,1.220797585812274,0.5042408899401285,-0.14819938832888968,1.5131047086648035,1.0,0.0,0.0,0.0,0.0,1.0,0,0.157
0.5759999999999998,1.130360205831904,1.2334095978622994,0.4806201550387599,-1.0,0.5,0.0,1.0,0.7374417020553307,1.3177441340049132,1.6505130953260896,-0.36507942139896576,0.27354332401634057,0.0,0.0,1.0,0.0,1.0,0.0,0,0.152
0.9066666666666666,0.9897084048027447,1.3962601709931017,0.05185779203421546,1.0,0.0,-1.3333333333333333,1.0,0.7980660788237507,2.218399434356982,7.730661911449477,-0.046338260765241314,2.3958826058912064,1.0,0.0,0.0,0.0,1.0,0.0,0,0.15
-0.6577777777777779,-0.7238421955403086,-0.5800576858016091,-0.6901897888265172,0.0,-1.5,-1.3333333333333333,0.0,-1.045521916769022,0.06166675170749852,-0.23038472910045088,0.8667092081797501,-0.4797140399913997,1.0,0.0,0.0,0.0,1.0,0.0,1,0.103
0.23822222222222206,1.0188679245283019,0.8487381947669917,0.7735899492114411,0.0,0.0,0.3333333333333333,1.0,0.5722615947034888,1.3483952795049166,0.820347560267362,-0.5377273762376124,0.8596323371317995,0.0,0.0,1.0,0.0,1.0,0.0,0,0.144
-0.369777777777778,0.09090909090909109,-0.12531466285917447,0.4389200748462978,0.0,0.5,0.3333333333333333,0.0,-0.13568503353707745,-0.40944973722382993,-0.30070985079670126,-0.338316359719722,-0.053440120404214184,0.0,0.0,0.0,1.0,0.0,1.0,0,0.169
-0.3413333333333334,0.391080617495712,0.03817813788397466,0.8933440256615882,0.0,0.0,0.6666666666666666,1.0,0.03705754178402823,0.06042758530202866,-0.2311700790893636,-0.6002125980550833,0.09981724360352612,0.0,0.0,1.0,0.0,0.0,1.0,0,0.179
-0.11022222222222228,-0.24356775300171518,-0.187381374252407,-0.4303662122427158,1.0,0.0,0.6666666666666666,1.0,-0.2127469741064223,-0.2979830744447441,-0.45832101411782095,0.46948417450804064,0.16913566974844113,0.0,1.0,0.0,0.0,0.0,1.0,3,0.198
-0.28444444444444444,-0.2864493996569467,-0.27688037937302534,-0.313819834268912,-1.0,-0.5,-0.3333333333333333,0.0,-0.3392287785551462,-0.1703246373008525,-0.24058503954468174,0.3231671897621975,-0.43432595140829927,1.0,0.0,0.0,0.0,0.0,1.0,4,0.151
-0.9706666666666668,-0.39108061749571177,-0.5581302001800532,0.927559476075916,0.0,-0.5,-0.3333333333333333,0.0,-0.9666365893416322,-0.7661935966683432,-0.6937597013822159,-0.6175705334556338,-0.4591593205762202,0.0,1.0,0.0,0.0,0.0,1.0,0,0.151
-0.6826666666666668,-0.8216123499142365,-0.6211373162913649,-0.8805132317562152,1.0,-1.0,-1.6666666666666667,0.0,-1.2188958928050329,-0.7246207786338554,0.2698370167787714,1.2514126693339809,-0.44076542678993763,0.0,0.0,0.0,1.0,0.0,1.0,1,0.097
-0.8142222222222223,-0.862778730703259,-0.6564827716708813,-0.8302592889601713,0.0,-1.0,-0.6666666666666666,-1.0,-1.4067658849281737,-0.8369475686826203,-0.7999020622366766,1.1397275066442352,-0.5513545474091593,0.0,0.0,1.0,0.0,0.0,1.0,1,0.095
0.11733333333333323,0.8679245283018868,0.6437070295252676,0.7671745522587549,1.0,0.0,-1.0,1.0,0.46751709292176497,1.0226038530785997,2.778953236257915,-0.5342576670993386,1.3377230703074607,0.0,0.0,0.0,1.0,0.0,1.0,0,0.143
0.5226666666666665,1.130360205831904,1.1852425269362876,0.5383587276129377,0.0,0.5,1.3333333333333333,1.0,0.7185712181006765,1.256514735146404,0.526877448444083,-0.40177247218616774,1.1750698774457107,0.0,1.0,0.0,0.0,0.0,1.0,0,0.152
-0.2631111111111113,-0.6037735849056602,-0.4357399666271009,-0.8409516172146487,0.0,0.0,0.6666666666666666,0.0,-0.6312369501242733,-0.6926211285161347,-0.7084318870574321,1.162924144508848,-0.3444313050956784,0.0,1.0,0.0,0.0,1.0,0.0,2,0.185
0.6257777777777775,1.130360205831904,1.2783655307265773,0.4282277465918206,-1.0,0.0,-0.3333333333333333,2.0,0.7546525166262493,2.031066630706544,2.265365141547786,-0.3312253210039864,0.29461406149215225,0.0,1.0,0.0,0.0,0.0,1.0,4,0.17
-0.24888888888888888,-0.6535162950257288,-0.45858492026629516,-0.9296979417268113,0.0,-0.5,0.3333333333333333,0.0,-0.6838778561173794,-0.5552923339334785,-0.6842774252135623,1.3683455907443396,-0.3658460546119114,1.0,0.0,0.0,0.0,1.0,0.0,4,0.137
0.4017777777777777,0.5077186963979418,0.5931545417533961,0.012296177492649099,0.0,0.5,0.3333333333333333,2.0,0.4393814154618684,0.5038596388923312,0.5261910921512518,-0.011043756632483196,0.6200494517308106,1.0,0.0,0.0,0.0,0.0,1.0,0,0.171
0.28088888888888885,0.5506003430531734,0.5435883321004856,0.18016573108794456,-1.0,0.0,0.3333333333333333,0.0,0.4107753887137381,0.8635167542587235,0.469144324889391,-0.15178968766745696,-0.04977424209847345,0.0,0.0,1.0,0.0,0.0,1.0,0,0.16
-0.6542222222222223,-0.30531732418524865,-0.42094579484268296,0.22721197540764523,-1.0,-0.5,0.3333333333333333,0.0,-0.5989454481356236,-0.47554833113442035,-0.640957783808327,-0.18847965009476186,-0.5018490647172651,0.0,1.0,0.0,0.0,0.0,1.0,0,0.163
0.34488888888888874,-0.504288164665523,-0.20813908815147403,-1.0515904838278538,1.0,0.5,1.0,1.0,-0.2403127500279173,-0.5147351464038662,-0.5439292959157694,1.702109455946674,0.1399483981939367,0.0,1.0,0.0,0.0,0.0,1.0,3,0.203
-0.43733333333333346,-0.10977701543739264,-0.2522234263989954,0.20475808607324253,-1.0,-1.0,-0.6666666666666666,1.0,-0.30229276030883134,0.44777642522359684,0.014321088033114049,-0.17095956654687094,-0.4227692969253924,0.0,1.0,0.0,0.0,0.0,1.0,0,0.154
-0.3662222222222224,0.26586620926243565,-0.03833869478706143,0.7329591018444271,0.0,0.0,0.3333333333333333,2.0,-0.039069303002557766,-0.06115650671701075,-0.20060742531915568,-0.5152483548073388,0.02809073317566117,1.0,0.0,0.0,0.0,0.0,1.0,0,0.15
0.583111111111111,0.9605488850771869,1.0965463063311025,0.3052659716653301,-1.0,0.5,0.6666666666666666,1.0,0.6825843037167086,1.1437651706769494,0.8346653485106065,-0.24578769588223742,0.2093958288540098,0.0,0.0,0.0,1.0,0.0,1.0,0,0.161
-0.7715555555555557,-0.6295025728987992,-0.5719380938455099,-0.2999198075380915,0.0,-1.0,-1.6666666666666667,0.0,-1.015375603127529,-0.5682671351201627,0.6662077758888313,0.3071243177525751,-0.4721027735970759,1.0,0.0,0.0,0.0,0.0,1.0,1,0.109
-0.6791111111111111,-0.25728987993138924,-0.41225278537555987,0.3897353648757019,0.0,0.0,0.0,0.0,-0.580575020911488,-0.6553003520690435,-0.5591845911252371,-0.30538168312131947,-0.3224145345087078,0.0,0.0,1.0,0.0,0.0,1.0,0,0.154
-0.824888888888889,-0.2109777015437392,-0.45328654246443384,0.9125902165196473,-1.0,-0.5,-1.0,0.0,-0.6713495298429855,-0.544066944142752,-0.16700236528937845,-0.6098499120332374,-0.5170070952483337,1.0,0.0,0.0,0.0,0.0,1.0,0,0.18
-0.8213333333333334,-0.7049742710120067,-0.6077652199342863,-0.40470462443197025,0.0,-0.5,-0.3333333333333333,0.0,-1.1581368030755461,-0.8713526594697827,-0.7737360484884322,0.4352626769042592,-0.5056869490432164,0.0,1.0,0.0,0.0,1.0,0.0,4,0.127
0.6044444444444445,-0.02229845626072036,0.2772703032805215,-0.6773589949211443,-1.0,0.0,0.0,0.0,0.23609295097379066,0.44034142679077765,0.3666660507058909,0.8448105271977223,-0.17459686089013118,0.0,1.0,0.0,0.0,1.0,0.0,2,0.171
0.12444444444444444,0.5866209262435678,0.4606033499050993,0.40684309008286573,1.0,0.5,0.6666666666666666,1.0,0.360407664763185,0.33536216460503393,0.1942355310813806,-0.31698886035220203,1.0802623091808212,1.0,0.0,0.0,0.0,0.0,1.0,0,0.158
-0.721777777777778,-0.1457975986277873,-0.38917846473195605,0.7575514568297248,1.0,-0.5,0.0,0.0,-0.5338086048733475,-0.4082445871510592,-0.5282017641116613,-0.5289078688218591,-0.11460976134164699,0.0,1.0,0.0,0.0,0.0,1.0,0,0.15
-0.9173333333333334,-0.7667238421955401,-0.6454502187587805,-0.39508152900294047,1.0,-1.5,-1.6666666666666667,-1.0,-1.3431408081504415,-0.35396423911538094,0.07396149013230832,0.4236066683649301,-0.47495162330681573,0.0,0.0,0.0,1.0,0.0,1.0,1,0.097
-0.03911111111111116,-0.07375643224699822,-0.05634400463321351,-0.2624966586474206,1.0,0.0,-1.0,0.0,-0.05811392480836208,-0.08976667225506409,0.8989793529948011,0.26457768320634795,0.3533863685228984,1.0,0.0,0.0,0.0,0.0,1.0,3,0.203
0.02133333333333313,0.03773584905660382,0.04138927594570879,-0.17481956696070572,0.0,0.5,0.0,2.0,0.0400958096782345,-0.19753770346018998,0.04993901988321379,0.1691343591928232,0.1028273489572135,1.0,0.0,0.0,0.0,0.0,1.0,3,0.196
-0.08533333333333354,-0.0034305317324183297,-0.03549454393238261,-0.11601176156108,1.0,0.5,0.3333333333333333,0.0,-0.036102954492204506,-0.2952714867810101,-0.19733403376872957,0.10932447656757863,0.38270264459256087,0.0,1.0,0.0,0.0,0.0,1.0,3,0.216
0.5973333333333333,-0.04459691252144072,0.25497583045191025,-0.695535952953756,0.0,0.0,-0.3333333333333333,0.0,0.21953332666561748,0.40491584602264036,0.6163888683568628,0.8767175167595153,0.30304235648247685,0.0,0.0,0.0,1.0,0.0,1.0,3,0.203
0.9244444444444444,0.42024013722126924,0.8577523180402883,-0.4496124031007752,1.0,0.0,0.0,0.0,0.5765596963364842,1.362718585309318,1.146102816172666,0.4946328034045519,1.6386906041711458,0.0,0.0,0.0,1.0,0.0,1.0,3,0.211
-0.46933333333333344,-0.3001715265866208,-0.35149346590746194,-0.09248863940122967,-1.0,-0.5,-0.3333333333333333,0.0,-0.4629762808860179,-0.32840339483000336,-0.3608082637297657,0.0869132449891096,-0.4692969253923887,0.0,0.0,0.0,1.0,0.0,1.0,4,0.132
-0.11022222222222228,0.4253859348198972,0.202634280045644,0.5255279337075648,0.0,0.5,-0.3333333333333333,0.0,0.1792194799219864,0.0074349984328189915,0.5320515189592725,-0.39392008724520655,0.2539776392173726,0.0,0.0,1.0,0.0,0.0,1.0,0,0.156
0.12444444444444444,-0.2761578044596911,-0.11857127292953279,-0.6645282010157714,0.0,0.0,-1.0,2.0,-0.12775218056635645,-0.18864486219740648,0.7318691945696896,0.8216346314926769,-0.04711889916147067,0.0,0.0,0.0,1.0,1.0,0.0,3,0.19
-0.38755555555555576,-0.6861063464837048,-0.5063850039852518,-0.8805132317562152,-1.0,-1.0,-1.0,0.0,-0.807021579984818,-0.35994139471823544,-0.30959728484490107,1.251897838661542,-0.5418942162975704,1.0,0.0,0.0,0.0,0.0,1.0,4,0.128
0.9208888888888885,1.130360205831904,1.5448899898505102,0.16198877305533282,0.0,1.0,0.6666666666666666,0.0,0.8495716859614327,1.2197770958312986,1.2861722965481557,-0.13767387892117722,1.512201677058697,1.0,0.0,0.0,0.0,0.0,1.0,0,0.162
0.0,0.0703259005145799,0.05122912043487982,-0.1085271317829457,0.0,0.0,0.3333333333333333,1.0,0.04933308777267849,0.08116539955827373,-0.0975219897996895,0.10265781246261568,0.1120511717910127,0.0,0.0,1.0,0.0,0.0,1.0,3,0.206
0.09955555555555545,-0.49056603773584895,-0.2698158756372103,-0.9168671478214383,1.0,-0.5,-1.0,1.0,-0.32846665317282614,-0.15535745091321715,0.3257046591273065,1.3359882527477094,0.0532251128789507,0.0,1.0,0.0,0.0,0.0,1.0,2,0.189
-0.23822222222222234,-0.39279588336192095,-0.31665261793764665,-0.5308740978348037,-1.0,-0.5,-0.3333333333333333,0.0,-0.4027486094406612,-0.2545879528728008,-0.30466959863995857,0.6096671711876333,-0.4529671038486347,0.0,1.0,0.0,0.0,1.0,0.0,2,0.179
0.19555555555555557,1.0034305317324184,0.8012133514533266,0.8163592622293507,0.0,0.0,-0.3333333333333333,1.0,0.5492017551080361,1.2728790209127556,1.4965352206371494,-0.5606691240167049,0.8150827778972264,0.0,0.0,1.0,0.0,1.0,0.0,0,0.158
0.3164444444444444,0.16981132075471705,0.2848394144260376,-0.2838813151563755,-1.0,1.0,0.0,1.0,0.24163623520598673,-0.11502379928419915,0.37682940350358474,0.28881491527006087,-0.17104923672328534,0.0,1.0,0.0,0.0,0.0,1.0,4,0.132
0.935111111111111,-0.06689536878216108,0.38901790782886936,-0.8708901363271855,-1.0,0.5,0.6666666666666666,2.0,0.314189540626834,0.24436361515864993,0.12214502180501148,1.2296867379579772,-0.12222102773597072,1.0,0.0,0.0,0.0,0.0,1.0,2,0.191
-0.14577777777777784,0.44082332761578047,0.18875757627886436,0.6057203956161457,0.0,0.5,-0.3333333333333333,2.0,0.1681735669384172,-0.010204899809751512,0.509692142804346,-0.44242593297891314,0.24096968393893786,0.0,1.0,0.0,0.0,0.0,1.0,0,0.171
0.8533333333333334,-0.12864493996569468,0.2936012339944838,-0.8922747928361404,-1.0,0.0,-0.3333333333333333,0.0,0.24800431310687013,0.46629102916414605,0.6786255451252863,1.2779470539934372,-0.16694259299075465,0.0,0.0,1.0,0.0,0.0,1.0,4,0.131
0.7360000000000001,-0.35162950257289866,0.04221499716158326,-1.0494520181769582,0.0,0.5,0.6666666666666666,0.0,0.04087517412020276,-0.19648805662261548,-0.22710473797028607,1.6934519429170873,0.10360137604816166,0.0,0.0,1.0,0.0,0.0,1.0,3,0.166
0.34133333333333316,-0.5866209262435677,-0.2711462042627858,-1.141406041165464,-1.0,0.0,0.0,1.0,-0.33048199889677166,-0.43108412482050307,-0.36971505654519915,1.9968627128029686,-0.431638357342507,0.0,1.0,0.0,0.0,0.0,1.0,4,0.132
-0.7751111111111113,-0.7341337907375642,-0.6076275997316406,-0.5554664528201019,0.0,-1.5,-1.3333333333333333,0.0,-1.157535404024736,-0.11356595645423465,-0.3414424569443418,0.6462786273013428,-0.5055579445280585,0.0,1.0,0.0,0.0,0.0,1.0,4,0.129
0.2631111111111111,1.130360205831904,0.9508294484296962,0.8676824378508424,0.0,0.5,0.3333333333333333,1.0,0.6196115905638212,0.9585316607016598,0.9378464779362848,-0.5871125210304089,0.955332186626532,0.0,1.0,0.0,0.0,0.0,1.0,0,0.155
-0.06755555555555576,0.4682675814751288,0.2555492479629342,0.5201817695803262,0.0,1.0,1.0,1.0,0.2199636665595181,-0.14605155418194357,-0.12885386125278217,-0.3906121263886051,0.3035798752956353,0.0,1.0,0.0,0.0,0.0,1.0,0,0.136
-0.5333333333333334,-0.3945111492281302,-0.4148446325253881,-0.17588879978615335,0.0,-0.5,-1.0,0.0,-0.5860072054695934,-0.4626221247087351,-0.06376733929583361,0.1703545563421073,-0.324844119544184,0.0,1.0,0.0,0.0,0.0,1.0,4,0.139
0.37333333333333335,0.6981132075471698,0.7197651281874846,0.2464581662657046,0.0,0.5,0.3333333333333333,0.0,0.5080279372022775,0.6648054873204123,0.6719098127831218,-0.2026919507169026,0.7387336056761987,0.0,1.0,0.0,0.0,0.0,1.0,0,0.16
-0.0924444444444445,0.097770154373928,0.020792118949728405,0.035819299652499435,0.0,-0.5,-0.3333333333333333,0.0,0.020399297513264934,0.4603381709417908,0.23905129721339322,-0.03147733285032068,0.08351967318856156,0.0,0.0,1.0,0.0,0.0,1.0,0,0.15
0.39111111111111113,0.4734133790737565,0.5595522756073925,-0.014434643143544583,0.0,1.0,0.6666666666666666,2.0,0.4201033638058421,0.17598592695721496,0.29388258555695174,0.013424063938890953,0.5885508492797249,0.0,1.0,0.0,0.0,0.0,1.0,0,0.178
0.3377777777777778,-0.29502572898799306,-0.052926436267510736,-0.8174284950547984,0.0,0.0,0.3333333333333333,1.0,-0.05446323977604585,-0.08433620771344628,-0.21739675617456672,1.1113945022601779,0.01441625456890995,0.0,0.0,0.0,1.0,0.0,1.0,3,0.205
-0.29511111111111127,-0.5557461406518008,-0.41911085880740634,-0.7383052659716655,-1.0,-0.5,-1.0,0.0,-0.5950316867984358,-0.47166075025451504,-0.07522420972232494,0.9552471856521695,-0.5009890346162116,0.0,0.0,0.0,1.0,0.0,1.0,0,0.125
-0.46577777777777785,-0.39965694682675806,-0.3948897031417546,-0.2828120823309276,-1.0,-0.5,0.3333333333333333,0.0,-0.5451261402741563,-0.42034468263976454,-0.6109692934753914,0.2874258465796519,-0.48963663728230494,1.0,0.0,0.0,0.0,0.0,1.0,4,0.142
-0.5795555555555557,-0.29502572898799306,-0.38963719874077524,0.10211173483025947,0.0,-0.5,0.0,0.0,-0.5347116179783103,-0.40921648237103553,-0.5288177248872791,-0.0883390709048929,-0.30121479251773814,1.0,0.0,0.0,0.0,1.0,0.0,0,0.161
-0.49422222222222245,-0.01886792452830179,-0.23719988761016786,0.4806201550387599,1.0,-0.5,0.3333333333333333,1.0,-0.28061414835069637,-0.08625570077289962,-0.4294808506594299,-0.36497949707890404,0.09908621801763069,0.0,1.0,0.0,0.0,0.0,1.0,0,0.165
0.06755555555555551,0.17667238421955422,0.1544213357187502,-0.042234696605185654,0.0,0.5,0.6666666666666666,1.0,0.14015164170671768,-0.053852714138888605,-0.11410673368319904,0.03902025240208403,0.20878305740700928,1.0,0.0,0.0,0.0,1.0,0.0,3,0.196
0.34844444444444433,0.012006861063464885,0.18295459106730194,-0.483827853515103,1.0,0.5,0.6666666666666666,0.0,0.16350769234238707,-0.01758158452937181,-0.08537216350062835,0.5422361548208202,0.6898623951838313,1.0,0.0,0.0,0.0,1.0,0.0,1,0.185
0.6968888888888887,0.01715265866209262,0.35564500868727533,-0.6880513231756217,0.0,1.0,0.6666666666666666,0.0,0.29167213538053244,-0.040017785682525474,0.0885366619853648,0.8638817998384044,0.3974091593205763,0.0,0.0,1.0,0.0,0.0,1.0,0,0.212
-0.760888888888889,-0.5797598627787306,-0.5525336452724594,-0.19620422346966057,0.0,-1.0,-0.6666666666666666,0.0,-0.9477157706364876,-0.5066003834126642,-0.5905369946041836,0.19185764653382947,-0.45391313695979363,0.0,0.0,0.0,1.0,0.0,1.0,1,0.106
-0.07111111111111111,0.36363636363636365,0.19068425911590475,0.3801122694466723,1.0,1.0,0.0,0.0,0.16971657476165342,-0.21476454623427058,0.2504034543080294,-0.29853561667722067,0.7007310255858954,0.0,0.0,1.0,0.0,0.0,1.0,0,0.149
0.2631111111111111,0.9451114922813034,0.8168103077531781,0.653835872761294,0.0,1.0,0.6666666666666666,2.0,0.5568448779512754,0.44850534663857905,0.5529556877818019,-0.47092030228157156,0.8297032896151365,1.0,0.0,0.0,0.0,1.0,0.0,0,0.165
0.2453333333333333,0.1183533447684392,0.20942354337616767,-0.2838813151563755,1.0,0.5,0.3333333333333333,0.0,0.18456743765124023,0.016065427986208948,0.0845472160332831,0.2883202432316878,0.7270801978069233,0.0,0.0,1.0,0.0,0.0,1.0,3,0.173
0.664888888888889,1.130360205831904,1.3136880494056529,0.3897353648757019,0.0,0.0,-0.3333333333333333,0.0,0.7679144556753308,2.0871935796601773,2.322279917214871,-0.30488343759088105,1.2954740915932057,0.0,1.0,0.0,0.0,0.0,1.0,0,0.172
0.3839999999999999,1.1200686106346485,1.052094980876526,0.6923282544774126,0.0,0.0,0.0,1.0,0.6639061786111982,1.6715261427665487,1.4070545987631506,-0.49304084587508434,1.050258009030316,1.0,0.0,0.0,0.0,0.0,1.0,0,0.171
-0.9671111111111113,-0.44082332761578036,-0.5699196642067056,0.754343758353382,0.0,-0.5,0.3333333333333333,0.0,-1.0080585709431678,-0.7911713038217352,-0.8124148654213699,-0.5273104665146447,-0.47021070737475806,0.0,1.0,0.0,0.0,0.0,1.0,0,0.161
1.0062222222222221,0.40480274442538605,0.8942904818427345,-0.5062817428495057,-1.0,0.0,0.0,1.0,0.5937437605268463,1.4207771760126542,1.1951640919506243,0.5744203248604711,0.11459901096538379,0.0,0.0,0.0,1.0,1.0,0.0,4,0.13
0.8391111111111109,1.130360205831904,1.4710338144306252,0.22935044105854072,0.0,0.5,0.0,1.0,0.824401789342534,1.619809168373558,1.9695807770961138,-0.19014810082021436,1.4429692539238874,0.0,0.0,0.0,1.0,1.0,0.0,0,0.158
-0.28800000000000003,-0.13722126929674097,-0.20116633121742278,-0.06896551724137934,0.0,0.0,0.0,2.0,-0.2309442793056017,-0.3198871629649607,-0.2757502402247025,0.06334949488560199,-0.12454310900881531,0.0,0.0,1.0,0.0,0.0,1.0,3,0.221
-0.46933333333333344,0.15780445969125217,-0.14634761716353298,0.7596899224806205,0.0,0.0,0.3333333333333333,1.0,-0.16095798569128564,-0.23278105387458173,-0.3249171092784811,-0.5299160406203643,-0.07315631047086649,0.0,1.0,0.0,0.0,0.0,1.0,0,0.153
-0.24533333333333354,-0.08576329331046312,-0.15559110744123913,-0.04330392943063351,-1.0,-0.5,-0.3333333333333333,1.0,-0.17232857742968025,0.08664445886089014,-0.04515300465666357,0.03943415046848973,-0.37747796172866055,1.0,0.0,0.0,0.0,0.0,1.0,4,0.12
-0.2773333333333335,-0.6260720411663806,-0.45092406231901516,-0.8655439721999468,1.0,-0.5,0.3333333333333333,0.0,-0.6658273667455932,-0.5390616837598738,-0.675460386682576,1.217849987799127,-0.2014298000430016,0.0,1.0,0.0,0.0,0.0,1.0,4,0.136
-0.4408888888888891,-0.5934819897084047,-0.4756498253943679,-0.6677358994921146,1.0,-0.5,-0.6666666666666666,0.0,-0.7256500067244599,-0.5914468361165983,-0.4356844556138665,0.8286659734529066,-0.23619651687809076,1.0,0.0,0.0,0.0,0.0,1.0,4,0.145
0.664888888888889,1.130360205831904,1.3136880494056529,0.3897353648757019,0.0,1.0,0.6666666666666666,1.0,0.7679144556753308,0.9748595003972623,1.0533391233646239,-0.30488343759088105,1.2954740915932057,1.0,0.0,0.0,0.0,1.0,0.0,0,0.149
0.02488888888888874,-0.23670668953687815,-0.13081947096500443,-0.5394279604383856,0.0,0.0,0.3333333333333333,0.0,-0.14222103392858534,-0.20810706397743262,-0.30704544734591305,0.6221041879117264,-0.058600301010535406,0.0,0.0,0.0,1.0,0.0,1.0,3,0.214
-0.8426666666666668,-0.6706689536878214,-0.6017558044187554,-0.27211975407645017,0.0,-1.0,-1.3333333333333333,0.0,-1.1322973011431323,-0.6630269190678553,-0.3177895631606179,0.275435552953638,-0.5000537518813158,0.0,0.0,1.0,0.0,0.0,1.0,1,0.12
-0.014222222222222424,-0.12349914236706669,-0.07593194680979172,-0.35445068163592625,0.0,0.0,0.3333333333333333,1.0,-0.07937331381203656,-0.12089161667480623,-0.2438742700864809,0.3724767254574658,-0.007149000215007526,0.0,0.0,1.0,0.0,0.0,1.0,3,0.185
-0.20622222222222236,-0.3379073756432246,-0.27605465815715086,-0.4774124565624165,0.0,0.0,-0.3333333333333333,0.0,-0.3379631959308398,-0.4388835839608132,-0.23925456426934733,0.5329763837074635,-0.19474306600731026,0.0,1.0,0.0,0.0,0.0,1.0,2,0.188
0.9031111111111108,0.332761578044597,0.7598355438578384,-0.5126971398021921,1.0,0.0,0.0,0.0,0.52855537735146,1.2071303092813566,1.0146259886170446,0.5834537683138366,1.501010535368738,0.0,0.0,0.0,1.0,0.0,1.0,3,0.191
-0.40177777777777796,-0.753001715265866,-0.5411799785541852,-0.9874365143009893,-1.0,-0.5,-0.6666666666666666,0.0,-0.9106829842738202,-0.7302820682902177,-0.5676694508093725,1.516809122326255,-0.5582025370887981,1.0,0.0,0.0,0.0,1.0,0.0,1,0.151
0.2631111111111111,-0.39794168096054877,-0.1547883229258056,-0.8933440256615881,1.0,-0.5,-0.6666666666666666,1.0,-0.1713344741110529,0.08834527549584884,0.21056619114494773,1.2808217010486667,0.2149645237583314,1.0,0.0,0.0,0.0,0.0,1.0,2,0.19
0.5795555555555555,0.1063464837049743,0.3739484956391597,-0.5362202619620424,-1.0,0.5,0.6666666666666666,1.0,0.30410210491659306,0.22520756037291625,0.10696928819572755,0.6181975563824822,-0.12928402494087296,0.0,0.0,0.0,1.0,0.0,1.0,4,0.112
0.28444444444444444,-0.08061749571183513,0.08432677917118225,-0.542635658914729,-1.0,-0.5,-0.3333333333333333,1.0,0.079626645932169,0.594945658908513,0.34142397812107317,0.6275182888414604,-0.26502902601591055,0.0,1.0,0.0,0.0,1.0,0.0,2,0.197
0.5582222222222221,0.1663807890222985,0.41298675978967053,-0.46351242983159596,0.0,0.0,0.6666666666666666,2.0,0.32997086010794424,0.6559928274132768,0.14628298469953435,0.5140053564038743,0.4511610406364224,1.0,0.0,0.0,0.0,0.0,1.0,2,0.17
0.3697777777777777,-0.30360205831903936,-0.04774274196785424,-0.8430900828655442,0.0,0.5,1.0,1.0,-0.048958289306323684,-0.3108412482050309,-0.40034883911925817,1.1678272241074126,0.019275424639862416,1.0,0.0,0.0,0.0,1.0,0.0,2,0.175
-0.04266666666666677,-0.20240137221269291,-0.13620959556862958,-0.4357123763699547,0.0,0.0,0.6666666666666666,0.0,-0.14867424640786098,-0.21667189060347405,-0.4067881957276961,0.4759863704079719,-0.06365297785422494,0.0,1.0,0.0,0.0,0.0,1.0,3,0.2
-0.11377777777777788,0.14408233276157814,0.036756062456635305,0.12884255546645293,0.0,0.0,0.0,1.0,0.03570824212101742,0.05816792891558375,0.043717816049473904,-0.1102408792851811,0.09848419694689318,0.0,1.0,0.0,0.0,1.0,0.0,0,0.153
0.5546666666666664,1.130360205831904,1.2141427694918947,0.5030740443731624,0.0,0.0,0.3333333333333333,1.0,0.7299480688082396,1.9290176326090287,1.2408991795402466,-0.3797035687387556,1.202160825628897,1.0,0.0,0.0,0.0,0.0,1.0,0,0.153
0.4088888888888889,0.8181818181818181,0.8395405778901677,0.33841218925421024,0.0,0.0,-0.3333333333333333,2.0,0.5678515110250277,1.3337804051345228,1.558291448000591,-0.2694073517398575,0.8510105353687379,1.0,0.0,0.0,0.0,0.0,1.0,0,0.158
0.3519999999999999,-0.07718696397941681,0.11717213420263427,-0.5843357391071907,-1.0,1.0,1.0,1.0,0.10857194719094401,-0.29263765073487413,-0.25272357322952343,0.6913456811305987,-0.24963448720705222,1.0,0.0,0.0,0.0,0.0,1.0,2,0.178
0.6684444444444444,1.130360205831904,1.316899187467387,0.3854584335739109,1.0,0.5,0.0,1.0,0.7691090069169991,1.4238750920263288,1.7626179564885303,-0.30249974399522117,2.28429370027951,0.0,0.0,1.0,0.0,0.0,1.0,0,0.168
0.7644444444444445,1.130360205831904,1.4035999151342085,0.29564287623630053,-1.0,0.5,0.0,1.0,0.8006907961463822,1.534088009971645,1.8790345430802962,-0.23881426432441186,0.3533111158890561,0.0,1.0,0.0,0.0,0.0,1.0,0,0.143
0.3093333333333332,0.8044596912521441,0.7511425343907151,0.4357123763699549,-1.0,0.0,0.3333333333333333,2.0,0.5241476331340095,1.1933172484674428,0.7080227131136286,-0.33605880342160777,0.0475059127069447,0.0,0.0,1.0,0.0,0.0,1.0,0,0.169
0.2631111111111111,0.36363636363636365,0.3961512216660072,-0.015503875968992208,-1.0,0.0,0.6666666666666666,1.0,0.3189195628655836,0.629241411483428,0.12932866435065404,0.014424531730302488,-0.11887766071812515,1.0,0.0,0.0,0.0,1.0,0.0,0,0.165
0.3804444444444443,0.40308747855917665,0.49856358913488497,-0.08179631114675225,-1.0,0.5,0.3333333333333333,1.0,0.38385091333357585,0.3836167622768591,0.4173244247806298,0.07576206413616962,-0.07087723070307463,0.0,1.0,0.0,0.0,1.0,0.0,4,0.13
0.3875555555555555,0.24871355060034303,0.38415532733538604,-0.2550120288692863,0.0,0.0,0.3333333333333333,1.0,0.3109487379491258,0.610180116481642,0.2856496098328457,0.255580283581037,0.4241345947108148,1.0,0.0,0.0,0.0,1.0,0.0,3,0.204
-0.6542222222222223,-0.17152658662092624,-0.3703244969694885,0.522320235231222,-1.0,-1.0,-0.6666666666666666,0.0,-0.497569108098465,0.0724547886492358,-0.22354756449109323,-0.39168190423183213,-0.47812298430445066,0.0,0.0,0.0,1.0,0.0,1.0,2,0.144
0.8319999999999997,0.6003430531732418,0.9677796700555641,-0.23576583801122694,-1.0,0.5,0.0,0.0,0.6272028470829637,0.9800785777285351,1.293841008204597,0.234074612358937,0.1490432165125779,0.0,0.0,1.0,0.0,0.0,1.0,4,0.12
0.6079999999999998,1.130360205831904,1.2623098404179067,0.4464047046244321,0.0,0.0,0.0,1.0,0.748549193126359,2.005554381182165,1.6893186241900113,-0.3432733634184142,1.2473124059342078,1.0,0.0,0.0,0.0,0.0,1.0,0,0.168
-0.5120000000000002,-0.6689536878216121,-0.5263628700693262,-0.7372360331462179,1.0,-1.0,-0.6666666666666666,0.0,-0.8648498686209715,-0.4234304499631894,-0.5378261512306896,0.953821378586919,-0.30750376263169205,0.0,0.0,0.0,1.0,1.0,0.0,1,0.104
-0.21688888888888894,0.4734133790737565,0.16066011823869072,0.7789361133386796,0.0,0.0,-0.3333333333333333,1.0,0.14531835852608052,0.25504960310228963,0.46441902579643707,-0.5405597627806804,0.2146312620941733,0.0,0.0,1.0,0.0,0.0,1.0,0,0.167
-0.8640000000000001,-0.602058319039451,-0.5860212279162582,-0.03795776530339468,0.0,-1.0,-1.0,0.0,-1.068427895628073,-0.6130229100000729,-0.5234588661394042,0.03457913277748273,-0.4853042356482477,0.0,0.0,0.0,1.0,0.0,1.0,1,0.096
0.17066666666666658,-0.30874785591766707,-0.12370909382830741,-0.7350975674953224,1.0,0.0,0.3333333333333333,1.0,-0.13378894616850578,-0.19680878204520771,-0.29886196846984786,0.9484315693281432,0.25866480326811425,1.0,0.0,0.0,0.0,0.0,1.0,2,0.188
0.1528888888888888,0.2813036020583191,0.27224716588395176,-0.0016038492381716732,0.0,0.0,-0.3333333333333333,1.0,0.23239241240487837,0.43235973729672217,0.6442179761992756,0.0018384106188353228,0.3192324231348097,1.0,0.0,0.0,0.0,0.0,1.0,0,0.155
-0.9031111111111112,-0.7375643224699827,-0.6344635392475616,-0.33841218925421024,1.0,-1.5,-1.3333333333333333,-1.0,-1.2845413140399211,-0.28413356756008135,-0.4495435730652672,0.3528077791567464,-0.4595033326166416,0.0,1.0,0.0,0.0,1.0,0.0,1,0.116
-0.7893333333333334,-0.6706689536878214,-0.5897140366872524,-0.3715584068430901,0.0,-1.0,-0.6666666666666666,0.0,-1.0829559175783912,-0.6247585447812871,-0.6654224258999186,0.39416237079303124,-0.4887658568049882,1.0,0.0,0.0,0.0,0.0,1.0,1,0.111
0.8177777777777778,0.1663807890222985,0.5533134930874518,-0.6142742582197276,0.0,0.5,1.3333333333333333,1.0,0.4164711831253999,0.4532141789793641,0.017767388572695494,0.7379586297174169,0.5827026445925607,0.0,0.0,1.0,0.0,0.0,1.0,3,0.194
0.2311111111111111,0.30360205831903947,0.33378633316704226,-0.05399625768511094,0.0,0.5,0.3333333333333333,1.0,0.27656418797272325,0.17415390446755943,0.22767890140755834,0.05007090468439838,0.3769189421629757,0.0,0.0,0.0,1.0,0.0,1.0,3,0.202
0.6222222222222222,0.8490566037735848,1.0336538737219958,0.1587810745789897,0.0,0.5,0.3333333333333333,0.0,0.6560244769783923,1.0638170698816962,1.0331708076829669,-0.13499005685481527,1.03297140399914,1.0,0.0,0.0,0.0,0.0,1.0,0,0.186
-0.3022222222222222,-0.3464837049742709,-0.3141295808891412,-0.3908045977011495,1.0,-1.0,-1.3333333333333333,0.0,-0.39856212654239304,0.25104053531988724,0.84083265577648,0.4178510666363446,-0.009084067942377982,0.0,1.0,0.0,0.0,0.0,1.0,4,0.163
-0.38755555555555576,-0.6312178387650085,-0.48012248198035473,-0.7853515102913662,0.0,-0.5,0.3333333333333333,0.0,-0.736977733335062,-0.6009228145113675,-0.7090654467123533,1.0469321528570956,-0.3860352612341432,0.0,1.0,0.0,0.0,0.0,1.0,4,0.144
0.5368888888888886,0.5951972555746141,0.7558216212806707,-0.01657310879444007,0.0,0.5,0.3333333333333333,1.0,0.5265232264779975,0.710640065894496,0.7134079701804589,0.015435191671226258,0.7725327886476027,1.0,0.0,0.0,0.0,0.0,1.0,0,0.161
-0.33066666666666683,0.4734133790737565,0.08602409500381317,1.0077519379844964,-1.0,0.5,1.0,2.0,0.08114897015452185,-0.14079846051797146,-0.28060606433915625,-0.6565366013778658,-0.264233498172436,1.0,0.0,0.0,0.0,0.0,1.0,0,0.181
-0.0320000000000002,0.2144082332761578,0.123342106621252,0.12242715851376647,0.0,0.0,0.0,1.0,0.11389174970641969,0.19575184599348358,0.1599804124473354,-0.10521594725774243,0.17964953773382072,1.0,0.0,0.0,0.0,1.0,0.0,0,0.18
0.6186666666666664,0.7084048027444255,0.9102544253496414,0.02512697139802201,-1.0,0.0,0.0,0.0,0.6011347353429115,1.4461436412540367,1.2165995269421244,-0.022790291762878955,0.1220812728445496,0.0,0.0,1.0,0.0,0.0,1.0,0,0.16
0.27022222222222203,0.6723842195540308,0.6247154415601543,0.331996792301524,-1.0,0.0,0.3333333333333333,2.0,0.45706543278242295,0.9924265064983345,0.562515179033399,-0.264697145947721,-0.011750161255643966,0.0,0.0,1.0,0.0,0.0,1.0,0,0.148
0.9386666666666663,0.5248713550600345,0.9690870619806988,-0.368350708366747,0.0,1.0,0.6666666666666666,1.0,0.6277853201488627,0.6098156557741513,0.7063068223815506,0.3892025754062441,0.9724467856374974,0.0,0.0,0.0,1.0,1.0,0.0,3,0.206
0.3519999999999999,0.3344768439108062,0.42874427299260864,-0.1309810211173484,1.0,0.5,-0.3333333333333333,0.0,0.3401748880598316,0.2948632907886201,0.8963799985216938,0.12474252518432168,1.0354654912921955,0.0,0.0,0.0,1.0,1.0,0.0,3,0.204
-0.9991111111111112,-0.5248713550600341,-0.6008153997006761,0.6014434643143547,1.0,-1.0,-0.6666666666666666,0.0,-1.128329880047012,-0.660038341266428,-0.6877818020548452,-0.43986180169033423,-0.41219092668243384,0.0,0.0,1.0,0.0,0.0,1.0,0,0.145
-0.9777777777777779,-0.8936535162950255,-0.689511620305861,-0.6741512964448011,-1.0,-1.5,-1.6666666666666667,-1.0,-1.6356704428908382,-0.6340158467515618,-0.2810167048562348,0.8392814692284309,-0.6277252203827134,0.0,1.0,0.0,0.0,1.0,0.0,1,0.107
-0.8675555555555556,-0.504288164665523,-0.5577632129729978,0.24325046778936124,1.0,-1.0,-1.0,0.0,-0.9653817542307046,-0.5232197916742596,-0.44757249858329023,-0.20065082369677253,-0.3516555579445281,1.0,0.0,0.0,0.0,0.0,1.0,0,0.146
-0.40177777777777796,-0.6312178387650085,-0.4835400503460575,-0.7725207163859932,-1.0,-0.5,-0.3333333333333333,0.0,-0.7457452500453066,-0.6081634339001911,-0.5735734348436691,1.0218521010060015,-0.531186841539454,0.0,0.0,1.0,0.0,0.0,1.0,4,0.138
-0.9173333333333334,-0.3481989708404802,-0.5284959832103353,0.8527131782945738,0.0,-1.0,-1.3333333333333333,0.0,-0.871284882449814,-0.4302094191225243,-0.022682755562125758,-0.5795825025484425,-0.4313803483121909,0.0,0.0,0.0,1.0,0.0,1.0,0,0.165
-0.7360000000000001,-0.15951972555746136,-0.39995871393920635,0.7650360866078592,0.0,-0.5,0.0,0.0,-0.555310100734688,-0.43108412482050307,-0.5426768423386799,-0.5332767665376354,-0.3108901311545904,1.0,0.0,0.0,0.0,0.0,1.0,0,0.173
0.06755555555555551,0.7341337907375645,0.5167065191836828,0.6720128307939054,-1.0,0.5,0.3333333333333333,0.0,0.3948120231879266,0.40667983584689743,0.43820549507407364,-0.4814787547102799,-0.06237368307890774,0.0,0.0,0.0,1.0,0.0,1.0,0,0.167
0.9386666666666663,-0.37221269296740983,0.09217113072198997,-1.1328521785618821,-1.0,1.0,1.0,1.0,0.08663758047129033,-0.31912179547922936,-0.2751034814103038,1.966125737029594,-0.2613523973339067,1.0,0.0,0.0,0.0,0.0,1.0,4,0.145
-0.9386666666666668,-0.7358490566037734,-0.6411151823754394,-0.25608126169473416,0.0,-1.0,-0.6666666666666666,-1.0,-1.3194918844499206,-0.7881098338788095,-0.7689500332618817,0.2569728169442231,-0.5369490432165126,1.0,0.0,0.0,0.0,1.0,0.0,1,0.122
-0.3271111111111112,-0.17667238421955397,-0.2376356849185461,-0.08072707832130438,0.0,0.0,0.3333333333333333,0.0,-0.2812346023602804,-0.3778364154560497,-0.42998241871957593,0.0747364372150622,-0.1587293055256934,0.0,1.0,0.0,0.0,0.0,1.0,0,0.126
-0.6293333333333334,-0.30703259005145783,-0.41257389918173326,0.17268110130981024,-1.0,-0.5,-0.3333333333333333,0.0,-0.5812459903335707,-0.4578112433698523,-0.45922647645797915,-0.14578657054152722,-0.49792517738120834,0.0,1.0,0.0,0.0,0.0,1.0,0,0.153
-0.46577777777777785,-0.843910806174957,-0.5945078070794126,-1.1071905907511363,1.0,-1.5,-1.0,0.0,-1.1022271085325848,-0.030177346580265083,-0.5462494148372631,1.8773198005920535,-0.40332186626531924,0.0,0.0,0.0,1.0,1.0,0.0,1,0.106
-0.15644444444444464,-0.26415094339622625,-0.21687797101947903,-0.41539695268644766,0.0,0.0,0.6666666666666666,2.0,-0.2522149044469958,-0.3448527214281028,-0.4880257225219898,0.4499792695524943,-0.13927112448935713,0.0,0.0,0.0,1.0,0.0,1.0,4,0.143
0.13511111111111102,1.1234991423670668,0.830595264718194,1.0558674151296445,1.0,0.0,0.3333333333333333,0.0,0.5635384101964664,1.3195664375423688,0.7994664899739183,-0.679199698439525,1.6005052676843692,0.0,1.0,0.0,0.0,0.0,1.0,0,0.167
0.3839999999999999,0.10291595197255574,0.2700223059411788,-0.41005078855920885,0.0,0.5,0.3333333333333333,0.0,0.23074774797567885,0.09309784312153326,0.1542915747125224,0.44252304898110323,0.3171468501397549,0.0,1.0,0.0,0.0,0.0,1.0,3,0.201
-0.04622222222222237,0.7753001715265866,0.4559013263147029,0.9104517508687521,-1.0,0.5,0.3333333333333333,1.0,0.3574542782279157,0.3293850090021796,0.3682235515242388,-0.6087558435317812,-0.09087293055256936,0.0,1.0,0.0,0.0,0.0,1.0,0,0.164
0.3839999999999999,0.3001715265866209,0.4216797692567935,-0.19620422346966057,0.0,0.5,-0.3333333333333333,1.0,0.33561661645580637,0.285882978956039,0.884997043388277,0.19169594627054007,0.45930982584390456,0.0,1.0,0.0,0.0,0.0,1.0,3,0.198
-0.49777777777777776,-0.8456260720411662,-0.6003796023922979,-1.0890136327185247,0.0,-1.0,-1.3333333333333333,0.0,-1.1264981228128967,-0.6586533905779618,-0.31224591618005765,1.816117599708784,-0.4987637067297355,0.0,1.0,0.0,0.0,0.0,1.0,1,0.112
0.26666666666666666,-0.30188679245283007,-0.08400566536500892,-0.7853515102913662,0.0,0.0,0.0,2.0,-0.08830701721782983,-0.13372063357849379,-0.1184338581319141,1.0457156765591296,-0.01471726510427861,1.0,0.0,0.0,0.0,1.0,0.0,2,0.188
-0.31644444444444464,-0.0840480274442537,-0.1864180328338867,0.05827318898690191,0.0,0.5,0.3333333333333333,0.0,-0.21149097519985757,-0.4871236032043384,-0.3710349724929516,-0.05116018794208759,-0.11071812513437966,1.0,0.0,0.0,0.0,0.0,1.0,0,0.175
-0.22755555555555576,0.015437392795883458,-0.09313447214051027,0.09035017375033419,-1.0,0.0,0.0,2.0,-0.09853269184651331,-0.14822616973664063,-0.13069147756670857,-0.07875344541557071,-0.34820468716405073,0.0,1.0,0.0,0.0,0.0,1.0,0,0.161
0.7893333333333334,1.130360205831904,1.4260778815663473,0.273188986901898,0.0,0.0,0.0,0.0,0.8086746181807539,2.2657793263308283,1.9092166210855688,-0.22251000970182375,1.400827778972264,0.0,0.0,1.0,0.0,0.0,1.0,0,0.175
0.2773333333333332,0.567753001715266,0.5536575435940662,0.2036888532477949,-1.0,0.5,0.6666666666666666,0.0,0.4166719273848488,0.4536515318283537,0.2879462635819349,-0.17007681990304846,-0.0450548269189422,0.0,0.0,1.0,0.0,1.0,0.0,0,0.132
0.775111111111111,0.12178387650085777,0.48938890895850173,-0.632451216252339,0.0,0.5,0.6666666666666666,0.0,0.37824894811484394,0.3719540196371431,0.22322418508389374,0.7675253563183421,0.5227800473016555,0.0,1.0,0.0,0.0,1.0,0.0,2,0.175
-0.9742222222222223,-0.641509433962264,-0.6239355937451618,0.13418871959369152,0.0,-1.0,-1.0,0.0,-1.232230590200508,-0.733513619896639,-0.625277182349028,-0.11455624456328807,-0.5208449795742851,1.0,0.0,0.0,0.0,1.0,0.0,0,0.147
0.4942222222222222,-0.5420240137221268,-0.19566152311159282,-1.149959903769046,0.0,0.0,-0.3333333333333333,1.0,-0.22362659865716028,-0.3111401059851737,-0.10971801315692215,2.025358542860922,-0.11938292840249409,0.0,0.0,0.0,1.0,0.0,1.0,3,0.184
-0.9564444444444445,-0.3379073756432246,-0.5393450425189086,1.0376904570970331,-1.0,-0.5,0.0,0.0,-0.9048591498047595,-0.7263944874103123,-0.729836524010151,-0.6707545893257668,-0.5573425069877446,1.0,0.0,0.0,0.0,0.0,1.0,0,0.169
-0.8462222222222223,-0.8936535162950255,-0.670841146146921,-0.8719593691526333,0.0,-1.5,-1.3333333333333333,-1.0,-1.4981739403702876,-0.5153474403924513,-0.5960806415847438,1.2319753221022902,-0.5648140184906472,0.0,0.0,0.0,1.0,0.0,1.0,1,0.1
-0.5440000000000002,-0.26243567753001706,-0.36291594272705907,0.1031809676557071,-1.0,-0.5,-0.6666666666666666,0.0,-0.4837763345363986,-0.35260358580741413,-0.20862591470175182,-0.08908495017780829,-0.474650612771447,0.0,0.0,0.0,1.0,1.0,0.0,0,0.15
-0.08888888888888889,-0.1423670668953687,-0.11930524734364341,-0.3074044373162256,1.0,0.5,0.6666666666666666,1.0,-0.12861172743209018,-0.40181064079481577,-0.3897645797915588,0.31625060960959234,0.26485701999569994,0.0,0.0,1.0,0.0,0.0,1.0,3,0.198
0.32,-0.3807890222984562,-0.123342106621252,-0.9029671210906177,0.0,0.5,0.3333333333333333,0.0,-0.13335619958634556,-0.4069422475562908,-0.298439595366567,1.3037049484600334,-0.051591055686949,0.0,1.0,0.0,0.0,1.0,0.0,2,0.198
-0.9422222222222223,-0.5814751286449398,-0.6001502353878884,0.22828120823309286,-1.0,-1.0,0.0,0.0,-1.1255357608936525,-0.6579244691629795,-0.8114821248182914,-0.18895866514688414,-0.5858417544614062,0.0,1.0,0.0,0.0,0.0,1.0,0,0.18
-0.7253333333333334,-0.45797598627787295,-0.5004673352714846,0.027265437048917495,0.0,-0.5,-0.3333333333333333,0.0,-0.7906821912518449,-0.644026367517318,-0.6008481779880257,-0.024630946894044315,-0.4051064287250054,0.0,1.0,0.0,0.0,0.0,1.0,0,0.157
0.7004444444444445,-0.2504288164665522,0.11978691805290351,-0.9414595028067364,0.0,0.0,0.0,2.0,0.11083085658283033,0.19010270502737114,0.15520671643629733,1.3969169912359363,0.17631692109223826,0.0,1.0,0.0,0.0,0.0,1.0,2,0.173
-0.16,-0.7409948542024013,-0.48730166921837464,-1.116813686180166,-1.0,-0.5,-0.3333333333333333,0.0,-0.7555104325204427,-0.6161329747039971,-0.5796344888757483,1.9090700156461082,-0.5329499032466136,0.0,1.0,0.0,0.0,0.0,1.0,4,0.139
0.010666666666666566,-0.3859348198970839,-0.23013538387435284,-0.7254744720662926,0.0,-0.5,-0.3333333333333333,1.0,-0.2706243393363926,-0.0712885143852641,-0.16526535590213623,0.9314064950900368,-0.15169855944958077,0.0,1.0,0.0,0.0,0.0,1.0,2,0.202
-0.8746666666666667,-0.7684391080617494,-0.6378811076132643,-0.4816893878642075,0.0,-1.5,-1.3333333333333333,-1.0,-1.3023034811363798,-0.3058554257265524,-0.4633102964003252,0.5394878893402152,-0.5339174371102988,0.0,0.0,0.0,1.0,0.0,1.0,1,0.122
0.14222222222222222,-0.4288164665523155,-0.2154100221912577,-0.864474739374499,0.0,0.0,0.0,2.0,-0.2502028892855383,-0.34252017290015957,-0.29487582230763537,1.2132969405126526,-0.13789507632767145,0.0,1.0,0.0,0.0,0.0,1.0,2,0.18
0.7893333333333334,0.4253859348198972,0.7765563984792967,-0.36514300989040366,-1.0,0.5,0.3333333333333333,1.0,0.5369643674472584,0.7369978642602542,0.7372720505158229,0.38505436938183507,0.05941732960653621,0.0,0.0,1.0,0.0,1.0,0.0,4,0.146
-0.17066666666666683,-0.7478559176672382,-0.49326521133302376,-1.121090617481957,0.0,-1.5,-0.6666666666666666,0.0,-0.7712461748583791,0.6133144785660659,-0.47116379628945226,1.92474893851694,-0.3983551924317351,0.0,1.0,0.0,0.0,0.0,1.0,4,0.162
0.39111111111111113,1.0909090909090908,1.0359934171669736,0.6516974071103987,-1.0,0.5,0.3333333333333333,2.0,0.657028805605735,1.0667910692548237,1.0358634362163817,-0.46988205252730125,0.1810148355192432,0.0,0.0,1.0,0.0,1.0,0.0,0,0.16
-0.568888888888889,-0.2212692967409947,-0.3554615150837477,0.2314889067094362,1.0,-0.5,-0.3333333333333333,0.0,-0.4701394531302551,-0.33681028848279865,-0.36720193658067857,-0.19175267076403177,-0.06720060202107078,1.0,0.0,0.0,0.0,1.0,0.0,0,0.167
0.5226666666666665,0.9005145797598627,0.9965193557080846,0.3052659716653301,1.0,0.5,0.3333333333333333,0.0,0.6399080232629025,1.0166121190474455,0.9904319292947422,-0.24584511013389565,1.833809933347667,1.0,0.0,0.0,0.0,1.0,0.0,0,0.144
-0.8782222222222223,-0.6929674099485418,-0.6163435458992047,-0.26142742582197276,-1.0,-1.0,-1.3333333333333333,0.0,-1.1965675688000372,-0.7093863210607264,-0.3765522211545569,0.2632448783884788,-0.5934315201032037,0.0,0.0,0.0,1.0,0.0,1.0,1,0.106
-0.3271111111111112,-0.634648370497427,-0.4673008664338592,-0.8420208500400965,-1.0,-0.5,0.3333333333333333,0.0,-0.7049342025402852,-0.573758343113029,-0.694308786416481,1.1641840052758634,-0.5235755751451301,0.0,0.0,1.0,0.0,1.0,0.0,4,0.129
-0.9173333333333334,-0.30531732418524865,-0.5165000888797143,0.9810211173483029,-1.0,-1.0,-0.3333333333333333,0.0,-0.8357663263757472,-0.3920868291189526,-0.6266815729174365,-0.6435116954028712,-0.546635132229628,0.0,0.0,0.0,1.0,1.0,0.0,0,0.155
0.7822222222222223,1.130360205831904,1.419655605442879,0.27960438385458425,0.0,0.5,0.6666666666666666,0.0,0.8064018323078487,1.5544978095911481,1.1600543277404092,-0.22715988295119804,1.3948075682648893,0.0,0.0,0.0,1.0,0.0,1.0,0,0.173
-0.3840000000000002,0.10463121783876515,-0.12600276387240322,0.4891740176423418,0.0,0.0,0.3333333333333333,1.0,-0.13649905203098966,-0.20045338912011898,-0.3015018003653528,-0.3707283714162874,-0.05408514298000434,0.0,1.0,0.0,0.0,0.0,1.0,0,0.166
0.9457777777777776,-0.288164665523156,0.176968112252212,-1.063352044907779,0.0,0.5,0.3333333333333333,1.0,0.15866492449848285,-0.025191524101786385,0.047193594711888734,1.7375238147284429,0.2299182971404,1.0,0.0,0.0,0.0,0.0,1.0,3,0.198
0.984888888888889,1.053173241852487,1.525898401885397,0.047580860732424485,0.0,0.0,0.3333333333333333,1.0,0.8431764065291842,2.4243926262309667,1.5997051307772718,-0.04239415441687248,1.494399053966889,0.0,0.0,0.0,1.0,0.0,1.0,0,0.153
-0.6471111111111112,-0.39279588336192095,-0.45170391013400774,0.02085004009623104,-1.0,-0.5,-1.0,0.0,-0.6676459081401247,-0.5407139056338336,-0.16275223593761545,-0.019184622891771343,-0.516265319286175,1.0,0.0,0.0,0.0,1.0,0.0,0,0.166
0.5546666666666664,1.130360205831904,1.2141427694918947,0.5030740443731624,0.0,0.0,0.0,0.0,0.7299480688082396,1.9290176326090287,1.6246427427501415,-0.3797035687387556,1.202160825628897,0.0,0.0,1.0,0.0,0.0,1.0,0,0.17
0.430222222222222,1.130360205831904,1.1017529373312003,0.6463512429831596,0.0,0.0,0.6666666666666666,2.0,0.6847431856544113,1.7504318859383772,0.8399087146130533,-0.46645198496052187,1.0968071382498388,0.0,1.0,0.0,0.0,0.0,1.0,0,0.18
-0.7324444444444445,-0.16981132075471683,-0.4020688903797745,0.7308206361935313,-1.0,0.0,0.3333333333333333,0.0,-0.5595889922348327,-0.6391182966564375,-0.6192319673083218,-0.5142034788402294,-0.4930015050526768,0.0,0.0,1.0,0.0,0.0,1.0,0,0.158
0.15644444444444439,-0.4939965694682675,-0.2554575011611705,-0.9521518310612138,-1.0,-0.5,-0.6666666666666666,1.0,-0.30703912412856915,-0.1249371305279577,0.0078073028309557655,1.4229465890060096,-0.4242850999784992,0.0,0.0,1.0,0.0,1.0,0.0,4,0.149
0.35911111111111094,-0.09090909090909086,0.10992413686329154,-0.6046511627906977,0.0,0.5,1.0,1.0,0.10227607687306683,-0.11041701594151121,-0.25921169339936423,0.7225514522264532,0.16707159750591274,0.0,1.0,0.0,0.0,0.0,1.0,2,0.176
-0.5475555555555557,-0.20926243567752992,-0.3419976719249053,0.21545041432771994,-1.0,-0.5,0.0,0.0,-0.4460961566943416,-0.3082851637764932,-0.4648501983393697,-0.178886144100142,-0.4648462696194367,1.0,0.0,0.0,0.0,0.0,1.0,0,0.169
0.3982222222222221,1.130360205831904,1.072852694775593,0.6859128575247264,0.0,0.5,0.6666666666666666,1.0,0.6726839761229769,1.113646137809883,0.8108045679651118,-0.48917314661085953,1.0697161900666523,0.0,1.0,0.0,0.0,0.0,1.0,0,0.171
0.7146666666666665,-0.054888507718696196,0.29990882661574725,-0.7650360866078592,0.0,0.0,0.3333333333333333,0.0,0.2525567668017194,0.476313698620152,0.188688584310951,1.0056616691995555,0.3451623306815739,0.0,0.0,1.0,0.0,0.0,1.0,3,0.187
0.910222222222222,1.130360205831904,1.5352565756653076,0.17054263565891475,-1.0,0.5,0.3333333333333333,1.0,0.8463342408447556,1.70144836685157,1.6104756449109319,-0.14447072626632868,0.4150182756396474,0.0,0.0,1.0,0.0,0.0,1.0,0,0.172
0.7928888888888888,1.130360205831904,1.4292890196280814,0.2699812884255547,0.0,0.0,-0.6666666666666666,2.0,0.8098085385627725,2.2708817762357043,3.4010736196319016,-0.22018760385228425,1.4038378843259514,1.0,0.0,0.0,0.0,1.0,0.0,0,0.162
-0.38044444444444453,-0.4802744425385933,-0.4057387624503278,-0.529804865009356,0.0,0.0,0.6666666666666666,0.0,-0.567086774346733,-0.6449496679762955,-0.6782190110133787,0.6087921059374085,-0.3163083207912277,0.0,0.0,0.0,1.0,0.0,1.0,4,0.146
-0.7146666666666667,-0.5797598627787306,-0.5405148142413974,-0.27960438385458447,-1.0,-1.0,-0.6666666666666666,0.0,-0.9085668288260826,-0.4684049012675943,-0.5663297361224037,0.2835737631873788,-0.5578907761771662,0.0,0.0,1.0,0.0,1.0,0.0,1,0.113
0.9955555555555555,-0.29674099485420236,0.18680795674138292,-1.0868751670676293,1.0,1.0,1.3333333333333333,1.0,0.16660908429660845,-0.2188708035386705,-0.2775057284352132,1.8094466304839982,0.6952805848204687,0.0,0.0,0.0,1.0,0.0,1.0,3,0.197
-0.19911111111111116,-0.19554030874785575,-0.19531747260497845,-0.2678428227746592,-1.0,-0.5,-0.3333333333333333,0.0,-0.22317150952179046,0.002478332810939719,-0.10916364845886621,0.2707936682183756,-0.3960976134164696,0.0,1.0,0.0,0.0,1.0,0.0,4,0.14
0.7039999999999998,1.130360205831904,1.3490105680847282,0.35124298315958313,0.0,0.0,0.0,0.0,0.7809552084456737,2.1433205286138106,1.8057352107817772,-0.2787621678245629,1.328585250483767,1.0,0.0,0.0,0.0,0.0,1.0,0,0.153
-0.0320000000000002,0.8027444253859349,0.4836547338482622,0.9232825447741251,1.0,0.5,0.3333333333333333,1.0,0.3747272288610376,0.3646648054873206,0.4001655174598479,-0.6151538562835771,1.1126746936142764,0.0,0.0,1.0,0.0,0.0,1.0,0,0.172
0.40533333333333327,0.23327615780445982,0.3823203913001094,-0.286019780807271,0.0,0.0,0.3333333333333333,0.0,0.30972229434315207,0.6072644308217131,0.28353774431644185,0.2904330558283527,0.42241453450870775,1.0,0.0,0.0,0.0,0.0,1.0,3,0.197
0.7893333333333334,1.130360205831904,1.4260778815663473,0.273188986901898,0.0,0.5,0.0,0.0,0.8086746181807539,1.5626617294389495,1.9092166210855688,-0.22251000970182375,1.400827778972264,0.0,1.0,0.0,0.0,1.0,0.0,0,0.154
0.7786666666666664,0.19382504288164684,0.5573274156646195,-0.5682972467254745,1.0,0.0,-0.6666666666666666,1.0,0.41880999881493514,0.8853479506374418,1.6448462561904054,0.6661531541001008,1.2162653192861748,1.0,0.0,0.0,0.0,0.0,1.0,2,0.175
-0.31288888888888905,0.01715265866209262,-0.13354893831747836,0.2197273456295109,-1.0,0.0,0.3333333333333333,0.0,-0.14548217442450162,-0.21244414639657688,-0.31018684730156376,-0.1820572787947506,-0.3671468501397549,1.0,0.0,0.0,0.0,0.0,1.0,0,0.161
0.6968888888888887,0.37221269296741,0.6704282855389838,-0.35445068163592625,0.0,1.0,0.3333333333333333,0.0,0.48199001020875115,0.29343946429135476,0.6151270287108116,0.3724771074517207,0.6924854869920447,0.0,1.0,0.0,0.0,0.0,1.0,3,0.16
0.5653333333333332,-0.1629502572898799,0.14116392286387638,-0.7960438385458436,0.0,0.5,0.3333333333333333,2.0,0.12905768405443413,-0.07070537725327833,0.005985818823057215,1.0683461434059869,0.19635562244678564,0.0,1.0,0.0,0.0,0.0,1.0,2,0.169
0.26666666666666666,-0.5368782161234991,-0.25431066613912257,-1.054798182304197,0.0,0.0,0.3333333333333333,2.0,-0.30535271757251664,-0.4043327088906544,-0.44917399659989643,1.7114418231991113,-0.1743603526123414,0.0,1.0,0.0,0.0,1.0,0.0,4,0.152
-0.6257777777777779,-0.8524871355060033,-0.6235456698376656,-1.0034750066827054,1.0,-1.0,0.0,0.0,-1.2303587844299724,-0.7322744534911692,-0.8428961243747998,1.559882014719894,-0.44415179531283594,0.0,0.0,1.0,0.0,1.0,0.0,3,0.134
0.3235555555555554,0.5008576329331046,0.5356981071487962,0.07965784549585676,0.0,1.0,1.3333333333333333,1.0,0.40612359071276644,0.1507166512378302,0.003575652302461488,-0.06991033966377556,0.566190066652333,0.0,1.0,0.0,0.0,0.0,1.0,0,0.162
-0.24533333333333354,0.4785591766723843,0.1447420481326658,0.840951617214649,0.0,0.5,1.0,0.0,0.13206744294886064,-0.06615690762378908,-0.22804407815310324,-0.5733171304956721,0.1997097398408944,0.0,1.0,0.0,0.0,0.0,1.0,0,0.162
-0.003555555555555606,0.5403087478559176,0.3423187857310786,0.5233894680566695,-1.0,0.5,0.3333333333333333,1.0,0.2824963013739528,0.1850002551224954,0.2374990760588365,-0.39243978036871596,-0.14410879380778327,0.0,0.0,0.0,1.0,1.0,0.0,0,0.193
0.12088888888888884,-0.027444253859348098,0.04671059044801102,-0.35231221598503076,-1.0,-0.5,0.0,1.0,0.04510480623339411,0.5152502508704538,0.05708416488038038,0.3696587442020306,-0.2826596430875081,1.0,0.0,0.0,0.0,0.0,1.0,4,0.157
0.9279999999999998,0.1063464837049743,0.5544373914090589,-0.7201283079390539,0.0,1.0,0.6666666666666666,1.0,0.41712675699277346,0.17056761110584687,0.28873161357084776,0.921242630817866,0.5837561814663513,1.0,0.0,0.0,0.0,1.0,0.0,2,0.181
0.29866666666666664,-0.30360205831903936,-0.07361534006525498,-0.8045977011494255,-1.0,0.0,-0.3333333333333333,1.0,-0.0768286831559138,-0.1172105635291459,0.08693362406681934,1.0866951161595872,-0.33905611696409377,0.0,1.0,0.0,0.0,0.0,1.0,2,0.195
0.20266666666666652,0.914236706689537,0.7448120050690108,0.699812884255547,0.0,0.0,-0.3333333333333333,1.0,0.5209220638399447,1.183258132940688,1.4056563678024983,-0.4972416197988719,0.7622124274349603,0.0,1.0,0.0,0.0,1.0,0.0,1,0.156
0.8462222222222221,0.7204116638078901,1.0909726881239499,-0.1384656508954825,0.0,0.0,0.3333333333333333,0.0,0.680266629039386,1.7333022326862944,1.0991402067516338,0.13219527309956164,1.0867017845624596,0.0,0.0,0.0,1.0,0.0,1.0,3,0.212
0.2631111111111111,0.6192109777015439,0.5810439639205702,0.2785351510291366,0.0,0.5,0.3333333333333333,1.0,0.4324880760314244,0.4884648186079062,0.5122527797429859,-0.22646631739209386,0.6086970543969039,0.0,0.0,1.0,0.0,1.0,0.0,0,0.178
-0.028444444444444595,0.5540308747855919,0.33378633316704226,0.5789895749799522,0.0,0.5,0.0,0.0,0.27656418797272325,0.17415390446755943,0.44255241826200503,-0.426626910836322,0.3769189421629757,1.0,0.0,0.0,0.0,0.0,1.0,0,0.134
0.6008888888888888,0.31732418524871353,0.5644377928013165,-0.3426891205560012,-1.0,0.0,-0.3333333333333333,1.0,0.4229359488777262,0.8966462325696667,1.115021435434991,0.35804786970545,-0.04000215007525267,1.0,0.0,0.0,0.0,0.0,1.0,4,0.151
0.9031111111111108,1.130360205831904,1.5288342995418394,0.1769580326116012,0.0,1.0,1.3333333333333333,2.0,0.8441684732222179,1.2027689294817125,0.803690221006726,-0.149009794636841,1.4971511502902601,0.0,0.0,1.0,0.0,0.0,1.0,0,0.15
0.28088888888888885,0.2126929674099486,0.2968811821575406,-0.20582731889869013,0.0,0.5,0.3333333333333333,2.0,0.25037489660234624,0.12724052219930165,0.18520400620888441,0.2017175314991606,0.3423242313480971,0.0,0.0,1.0,0.0,0.0,1.0,3,0.188
-0.22755555555555576,-0.7821612349914235,-0.5229682384040645,-1.1435445068163597,0.0,-1.0,-0.6666666666666666,0.0,-0.8547171634608381,-0.4126424130214521,-0.5309889866213319,2.0027910568921423,-0.42619866695334335,1.0,0.0,0.0,0.0,1.0,0.0,1,0.112
-0.32,-0.3464837049742709,-0.3203224900081999,-0.3704891740176425,0.0,-1.0,-1.6666666666666667,0.0,-0.408878333811786,0.2313596571153665,2.6933346884470395,0.3926723091032014,-0.23623951838314342,0.0,0.0,0.0,1.0,0.0,1.0,4,0.146
0.03911111111111091,-0.04288164665523156,-0.0013876703766780047,-0.297781341887196,-1.0,-0.5,-0.3333333333333333,2.0,-0.001380575506474292,0.413347037055935,0.2033132530120481,0.3047364535206008,-0.30520318211137387,1.0,0.0,0.0,0.0,1.0,0.0,4,0.123
0.049777777777777726,-0.49571183533447666,-0.28772943868159856,-0.8944132584870359,-1.0,-0.5,0.0,0.0,-0.3560502422248091,-0.19330995925329295,-0.39198203858378305,1.2837081581120835,-0.43941087938077833,1.0,0.0,0.0,0.0,1.0,0.0,2,0.192
-0.728888888888889,-0.2864493996569467,-0.44145120503689944,0.44319700614808877,-1.0,-0.5,-0.3333333333333333,0.0,-0.644068675872286,-0.5189920474673625,-0.5057561534481483,-0.3408216502992156,-0.5114599010965384,0.0,1.0,0.0,0.0,0.0,1.0,0,0.146
0.8888888888888888,0.11320754716981146,0.5407671179462478,-0.695535952953756,1.0,1.0,1.3333333333333333,2.0,0.40911527723607327,0.15608637232819939,0.007659472244807416,0.877571229892978,1.1929800043001504,0.0,0.0,0.0,1.0,0.0,1.0,3,0.202
0.049777777777777726,-0.4150943396226414,-0.23586955898459236,-0.790697674418605,0.0,0.0,0.0,1.0,-0.278723170498763,-0.3750300680083681,-0.3223476729001898,1.0564932436795305,-0.15707374758116538,1.0,0.0,0.0,0.0,0.0,1.0,2,0.199
-0.369777777777778,0.25042881646655246,-0.047880362170499964,0.7137129109863675,-1.0,-0.5,0.3333333333333333,0.0,-0.04910393873594853,0.3148454565113336,-0.211589126004456,-0.5045607721642085,-0.32699419479681785,0.0,0.0,1.0,0.0,0.0,1.0,0,0.153
0.6719999999999997,1.130360205831904,1.320110325529121,0.3822507350975675,0.0,0.5,0.3333333333333333,1.0,0.7703017360052711,1.4279570519502294,1.3628594131125726,-0.30011786931954393,1.3014943023005805,0.0,1.0,0.0,0.0,0.0,1.0,0,0.174
0.049777777777777726,0.36535162950257305,0.26610013016577494,0.2207965784549588,1.0,0.5,0.3333333333333333,0.0,0.22783993964924476,0.08811202064305455,0.14977746217120874,-0.1835396569863613,0.8067727370457964,1.0,0.0,0.0,0.0,0.0,1.0,0,0.149
0.6542222222222219,1.130360205831904,1.3040546352204503,0.40042769313017906,1.0,0.0,0.3333333333333333,1.0,0.7643198131417019,2.07188622994555,1.3443805898440384,-0.3120454737120946,2.2662330681573857,0.0,1.0,0.0,0.0,0.0,1.0,0,0.141
0.8284444444444443,1.130360205831904,1.4614004002454226,0.23897353648757028,0.0,0.5,1.0,0.0,0.8210582089729461,1.607563288601856,0.9505763339657196,-0.19705547350211755,1.4339389378628251,1.0,0.0,0.0,0.0,0.0,1.0,0,0.143
-0.15644444444444464,0.5557461406518011,0.24687917519625202,0.7928361400695002,0.0,0.0,0.3333333333333333,2.0,0.2134315085396792,0.39205038304820355,0.1276556708868778,-0.5478921129197261,0.2954525908406793,0.0,0.0,1.0,0.0,0.0,1.0,0,0.159
-0.21333333333333335,0.20754716981132088,0.01829201860166406,0.36514300989040366,-1.0,0.0,0.6666666666666666,2.0,0.017974395741519954,0.028828841962548153,-0.25119650380663755,-0.28816822882476156,-0.2959793592775747,1.0,0.0,0.0,0.0,1.0,0.0,0,0.166
0.48,0.21955403087478578,0.41351430389981236,-0.3555199144613741,-1.0,0.5,-0.3333333333333333,1.0,0.330314642882336,0.2755031380066916,0.8718401212210805,0.3743320886151163,-0.11073962588690608,0.0,0.0,1.0,0.0,0.0,1.0,4,0.154
-0.6791111111111111,-0.36363636363636354,-0.4515204165304801,0.15022721197540778,-1.0,0.0,0.3333333333333333,0.0,-0.6672176353863357,-0.7176960251915241,-0.6761467429754073,-0.12760688280288462,-0.5161793162760696,0.0,0.0,0.0,1.0,0.0,1.0,0,0.183
-0.060444444444444544,0.4322469982847342,0.2385302162357434,0.4603047313552526,-1.0,1.0,1.0,1.0,0.2070892828537456,-0.1640802105125046,-0.14408862443639592,-0.35187773387609017,-0.19275424639862396,0.0,0.0,0.0,1.0,0.0,1.0,0,0.169
-0.8604444444444446,-0.8936535162950255,-0.6728595757857254,-0.8537824111200216,0.0,-1.5,-1.6666666666666667,-1.0,-1.5119250678623102,-0.5281764572961389,-0.14686044792667605,1.1911331173925301,-0.5667060847129649,0.0,1.0,0.0,0.0,0.0,1.0,1,0.128
-0.32,-0.2384219554030873,-0.26584782646092453,-0.1919272921678696,-1.0,-0.5,0.3333333333333333,1.0,-0.3224860337830343,-0.1469505572604217,-0.4624523510342861,0.18745311510266,-0.4291550204257149,1.0,0.0,0.0,0.0,0.0,1.0,4,0.135
-0.47644444444444467,-0.31217838765008565,-0.3594295642600334,-0.10425020048115471,-1.0,0.0,-0.6666666666666666,0.0,-0.47736885450486816,-0.5713650511338373,-0.20160396185970877,0.09823721974954008,-0.4730165555794453,0.0,1.0,0.0,0.0,1.0,0.0,4,0.145
0.2773333333333332,-0.10806174957118347,0.06113777502537367,-0.5693664795509223,-1.0,-0.5,-0.3333333333333333,2.0,0.05852598155040433,0.5458163555387096,0.3040597974720969,0.6675547542239225,-0.27589765641797465,1.0,0.0,0.0,0.0,1.0,0.0,2,0.161
-0.17422222222222242,-0.4631217838765007,-0.3348184846868854,-0.6944667201283081,-1.0,0.0,0.0,0.0,-0.4335717411041288,-0.5322584172200395,-0.45521041220095104,0.8751259446160927,-0.4614814018490647,1.0,0.0,0.0,0.0,0.0,1.0,2,0.186
0.41599999999999987,0.777015437392796,0.8129798787795381,0.2870890136327186,0.0,0.5,0.3333333333333333,1.0,0.5549747263736231,0.7832989525399267,0.7791925810164406,-0.2323916518952834,0.826112663943238,0.0,1.0,0.0,0.0,1.0,0.0,0,0.175
-0.07111111111111111,0.6723842195540308,0.37523295086385344,0.8110130981021122,1.0,0.0,0.3333333333333333,1.0,0.3049670083527593,0.5960025949602374,0.27538066375933173,-0.5575349828230566,0.9602236078262739,1.0,0.0,0.0,0.0,1.0,0.0,0,0.147
-0.8746666666666667,-0.6946826758147511,-0.6160683054939132,-0.27425821972734565,0.0,-1.0,-0.3333333333333333,0.0,-1.1953047115230795,-0.7085116153627478,-0.787114716534851,0.27701093860994097,-0.513470221457751,0.0,0.0,0.0,1.0,0.0,1.0,1,0.09
-0.5653333333333334,0.06861063464837049,-0.23465391386122156,0.8120823309275598,0.0,0.0,0.3333333333333333,2.0,-0.2769991976342351,-0.373098426258665,-0.42655063725541953,-0.558136850605081,-0.1559342076972694,0.0,1.0,0.0,0.0,0.0,1.0,0,0.157
0.09955555555555545,-0.03945111492281298,0.02879702740362279,-0.3480352846832398,1.0,0.5,1.0,0.0,0.028113229941374968,-0.21354481773320022,-0.331833468844704,0.3651848957953321,0.4731025585895506,0.0,0.0,1.0,0.0,0.0,1.0,3,0.197
0.5404444444444443,1.130360205831904,1.2012982172449582,0.5191125367548786,0.0,1.0,1.0,1.0,0.7249121155986746,0.8558023359501612,0.7177431607821879,-0.38949215512091745,1.1901204042141476,1.0,0.0,0.0,0.0,0.0,1.0,0,0.173
0.1315555555555554,0.2915951972555746,0.26671942107768076,0.03368083400160395,0.0,0.5,0.3333333333333333,1.0,0.22829978679852148,0.08889925577123534,0.15049021678299518,-0.029591465000923328,0.3140507417759621,1.0,0.0,0.0,0.0,0.0,1.0,0,0.171
-0.4302222222222223,0.23327615780445982,-0.09040500478803624,0.8110130981021122,0.0,-0.5,0.0,1.0,-0.09546122752241885,0.22475076961952745,-0.12702651095178258,-0.5575320223341682,-0.02071597505912705,0.0,1.0,0.0,0.0,0.0,1.0,0,0.168
-0.29866666666666686,-0.4133790737564321,-0.34715842952412085,-0.5041432771986102,0.0,-0.5,-0.3333333333333333,0.0,-0.4552249030663301,-0.3192189850012269,-0.3538232685342597,0.5701050917227035,-0.26139539883895935,1.0,0.0,0.0,0.0,1.0,0.0,2,0.179
-0.8817777777777779,-0.5454545454545454,-0.5739106500834323,0.1662657043571238,0.0,-1.0,0.0,0.0,-1.022593109628562,-0.5745358592890101,-0.7762491684529529,-0.14039269002604352,-0.47395183831434096,1.0,0.0,0.0,0.0,1.0,0.0,0,0.173
0.03199999999999995,-0.027444253859348098,0.005149289248995045,-0.27105052125100254,1.0,0.0,0.3333333333333333,1.0,0.005101809197124171,0.007945243423306601,-0.1505562125803829,0.27377128881967944,0.4398516448075683,0.0,1.0,0.0,0.0,0.0,1.0,3,0.193
-0.4266666666666667,-0.35162950257289866,-0.3597965514670887,-0.24752739909115223,-1.0,-0.5,-0.6666666666666666,0.0,-0.4780408588095886,-0.345994698311575,-0.2023431147904501,0.2478953502141536,-0.47318856159965605,0.0,0.0,1.0,0.0,1.0,0.0,4,0.153
-0.1884444444444446,0.20754716981132088,0.03214578566800265,0.3266506281742849,0.0,0.0,0.0,1.0,0.03131782033132405,0.050842268695011995,0.037527410254514885,-0.26134393312480847,0.09416254568909908,1.0,0.0,0.0,0.0,0.0,1.0,0,0.165
0.9493333333333335,-0.2847341337907374,0.18164719914216737,-1.062282812082331,0.0,0.5,0.3333333333333333,1.0,0.1624526332795474,-0.019243525355531324,0.05257885177871871,1.7320591221371253,0.23430445065577296,1.0,0.0,0.0,0.0,0.0,1.0,3,0.194
-0.3662222222222224,-0.5111492281303601,-0.416541948358019,-0.5982357658380113,0.0,0.0,0.0,0.0,-0.5895851243448436,-0.6621157672991275,-0.5649438243772636,0.7127228254358442,-0.3264351752311331,0.0,0.0,1.0,0.0,1.0,0.0,4,0.143
-0.3057777777777778,0.5128644939965695,0.12244757530405462,1.0195134990644217,0.0,1.0,0.3333333333333333,1.0,0.11312271691171588,-0.28704925322001035,-0.015555209444262695,-0.6618100722160167,0.1788110083852935,1.0,0.0,0.0,0.0,0.0,1.0,0,0.142
-0.5120000000000002,-0.34476843910806165,-0.38633431387727724,-0.11173483025928904,0.0,-0.5,0.3333333333333333,0.0,-0.5282330808973363,-0.402218836787206,-0.6011227205051581,0.10547618917486107,-0.2981186841539454,1.0,0.0,0.0,0.0,1.0,0.0,4,0.142
-0.31288888888888905,0.3396226415094341,0.02987505232434788,0.750066827051591,1.0,0.5,0.6666666666666666,0.0,0.02914627879652794,-0.21217444547303352,-0.2395317466183753,-0.5246894425881682,0.47461836164265764,0.0,1.0,0.0,0.0,0.0,1.0,0,0.153
0.2915555555555554,0.3825042881646657,0.42750569116879683,-0.021919272921678664,-1.0,0.5,0.3333333333333333,0.0,0.33937762917999814,0.2932888205322585,0.3355424326578882,0.019912066822904667,-0.10418189636637286,0.0,0.0,0.0,1.0,0.0,1.0,0,0.154
0.9422222222222222,0.097770154373928,0.5534281765896566,-0.7340283346698745,0.0,0.5,0.3333333333333333,1.0,0.41653810360511684,0.4533599632623608,0.4804692037211069,0.9467624697272373,0.5828101483551924,0.0,0.0,1.0,0.0,1.0,0.0,3,0.203
0.1279999999999998,0.8284734133790739,0.6257475930799974,0.7019513499064423,1.0,0.5,0.6666666666666666,0.0,0.45763706206700544,0.5452915321199221,0.3605449404981889,-0.4984923735362568,1.3124704364652762,0.0,0.0,1.0,0.0,1.0,0.0,0,0.139
-0.2915555555555557,0.5334476843910807,0.14258599829121574,1.0216519647153173,1.0,1.0,1.3333333333333333,0.0,0.13025525785544936,-0.2657161531415298,-0.31313289969694735,-0.6632300554195233,0.6331004085142978,0.0,1.0,0.0,0.0,0.0,1.0,0,0.158
0.4764444444444444,-0.01200686106346464,0.2254104235835154,-0.5939588345362203,0.0,0.0,-0.6666666666666666,1.0,0.1970178147041909,0.3579368608270344,0.9763286273930075,0.7054868324219384,0.2753278864760267,0.0,1.0,0.0,0.0,0.0,1.0,2,0.182
0.6044444444444445,1.130360205831904,1.2590987023561726,0.45068163592622307,1.0,0.5,0.0,2.0,0.747322790740777,1.350399813396118,1.6850068987606865,-0.3456886304998912,2.2030208557299504,1.0,0.0,0.0,0.0,0.0,1.0,0,0.164
0.08533333333333329,0.7890222984562607,0.5661580453343883,0.7158513766372632,-1.0,0.0,0.0,0.0,0.42393090031200953,0.8993796878758501,0.7545673491512058,-0.5060565099070632,-0.039195871855514985,1.0,0.0,0.0,0.0,1.0,0.0,0,0.163
-0.22400000000000014,0.3379073756432247,0.0827900202416381,0.5832665062817431,0.0,0.0,-0.3333333333333333,0.0,0.07824576413711741,0.13131519290905255,0.3389478158030895,-0.4289955696548548,0.14163620726725434,0.0,0.0,1.0,0.0,0.0,1.0,0,0.16
0.04622222222222212,0.5746140651801028,0.39823846140613445,0.49772788024592374,1.0,0.0,-0.3333333333333333,0.0,0.3202981948608368,0.6325580039215974,0.8472263286273929,-0.37595477409492395,0.9925714900021503,0.0,0.0,1.0,0.0,1.0,0.0,0,0.168
-0.35555555555555557,-0.6329331046312177,-0.4732644085485084,-0.8152900294039029,0.0,-0.5,0.0,0.0,-0.7196749907352752,-0.5863929809727213,-0.6411073742824057,1.1088602537125531,-0.379606536228768,1.0,0.0,0.0,0.0,0.0,1.0,4,0.131
-0.5404444444444445,-0.4922813036020582,-0.45837848996232655,-0.3587276129377172,-1.0,-1.0,-1.0,0.0,-0.6833859628605929,-0.20737814256245035,-0.18067669450809376,0.3773052976347521,-0.5193936787787572,1.0,0.0,0.0,0.0,0.0,1.0,4,0.132
0.5617777777777777,1.130360205831904,1.220565045615363,0.4955894145950285,0.0,0.5,0.0,2.0,0.7324539346245864,1.3014162943093106,1.6332661936087907,-0.3748210596134034,1.2081810363362717,0.0,0.0,1.0,0.0,1.0,0.0,0,0.157
-0.3271111111111112,0.1183533447684392,-0.08969396707436657,0.41005078855920907,0.0,0.5,0.6666666666666666,0.0,-0.09466307510351701,-0.3641691389251325,-0.3599443787419617,-0.31886914510782416,-0.020049451730810578,0.0,0.0,0.0,1.0,0.0,1.0,0,0.166
-0.21688888888888894,0.18353344768439112,0.003291416513277462,0.3341352579524193,0.0,0.5,-0.3333333333333333,1.0,0.0032649071265165755,-0.2459672422716106,0.21085261290561017,-0.2663027715686222,0.0671145990109654,0.0,0.0,1.0,0.0,0.0,1.0,0,0.164
0.5368888888888886,0.30703259005145805,0.5176927973026441,-0.3074044373162256,-1.0,0.0,0.0,1.0,0.39540350551097686,0.8223691403829756,0.6894910932071845,0.31629472553278143,-0.06191141689959145,1.0,0.0,0.0,0.0,1.0,0.0,4,0.123
0.02844444444444434,0.8593481989708406,0.5667543995458533,0.8965517241379316,-1.0,0.0,0.3333333333333333,2.0,0.4242755215031341,0.9003272857153272,0.4958066270339904,-0.601762582218382,-0.038916362072672545,0.0,1.0,0.0,0.0,1.0,0.0,0,0.182
0.2631111111111111,0.293310463121784,0.34527762008796214,-0.09676557070302064,1.0,0.0,0.0,2.0,0.28454294085524273,0.5484040265618964,0.457982235691231,0.0908597164892788,0.9181036336271768,1.0,0.0,0.0,0.0,0.0,1.0,3,0.176
0.13511111111111102,-0.45969125214408224,-0.23853021623574347,-0.897620956963379,-1.0,0.0,0.3333333333333333,1.0,-0.2825097103958463,-0.37925781221526506,-0.4310119531588229,1.2914578769997604,-0.41635132229628036,0.0,1.0,0.0,0.0,0.0,1.0,2,0.184
0.3377777777777778,0.7204116638078901,0.7101775874031642,0.30954290296712106,1.0,0.5,0.6666666666666666,1.0,0.5030354488351048,0.652617921261909,0.4455706260625323,-0.2488859517963232,1.431186841539454,1.0,0.0,0.0,0.0,0.0,1.0,2,0.14
0.5333333333333333,1.130360205831904,1.19487594112149,0.5265971665330129,0.0,0.0,-0.6666666666666666,2.0,0.722381923757348,1.898402933179774,2.9289396851208513,-0.3943983085272733,1.1841001935067728,0.0,0.0,0.0,1.0,0.0,1.0,0,0.155
-0.5297777777777779,0.11492281303602063,-0.19706066183849125,0.8174284950547984,0.0,-0.5,-0.3333333333333333,1.0,-0.22548002805871048,-0.0012148690249703077,-0.11197242959568338,-0.5610175845460106,-0.12069447430660071,0.0,1.0,0.0,0.0,1.0,0.0,0,0.166
0.8071111111111112,0.054888507718696446,0.4440659888871687,-0.7083667468591287,-1.0,0.0,0.0,2.0,0.34997063272614254,0.7053772532783243,0.5906293887205262,0.9000972527608381,-0.09642012470436462,0.0,1.0,0.0,0.0,0.0,1.0,2,0.199
-1.0133333333333334,-0.41166380789022283,-0.5772594083478122,1.04410585404972,0.0,-1.0,-0.3333333333333333,0.0,-1.0350007352888406,-0.5851781119477509,-0.724582378594131,-0.673387901686969,-0.47709094818318637,0.0,1.0,0.0,0.0,1.0,0.0,0,0.167
0.48,-0.015437392795883215,0.22433239866279042,-0.5993049986634592,0.0,1.0,0.6666666666666666,1.0,0.19618446750908267,-0.1791202890416383,-0.04370241703008348,0.7145630346226395,0.27431735110728883,0.0,0.0,1.0,0.0,0.0,1.0,3,0.203
-0.9031111111111112,-0.6792452830188678,-0.617834431427867,-0.16733493718257142,0.0,-1.0,-1.0,0.0,-1.2034437184288553,-0.7141243102581111,-0.6088926257175942,0.16167770463926726,-0.5151257794022791,0.0,1.0,0.0,0.0,0.0,1.0,1,0.098
-0.8640000000000001,-0.4614065180102914,-0.5438865092062182,0.35338144881047884,-1.0,-0.5,-0.6666666666666666,0.0,-0.919353101047029,-0.736016250088078,-0.57312070367359,-0.280195062413509,-0.5594710814878521,0.0,1.0,0.0,0.0,0.0,1.0,0,0.157
0.8995555555555554,1.130360205831904,1.5256231614801052,0.1790964982624967,0.0,0.5,1.3333333333333333,1.0,0.8430833357116624,1.689202487079868,0.8011031857491313,-0.151281689643276,1.4941410449365728,1.0,0.0,0.0,0.0,1.0,0.0,0,0.158
-0.8071111111111112,-0.4528301886792451,-0.5238168963203799,0.22614274258219738,0.0,-1.0,-1.0,0.0,-0.8572380562944076,-0.41533942225688647,-0.35641030379185457,-0.18692392399233923,-0.4269941947968179,0.0,0.0,0.0,1.0,1.0,0.0,0,0.17
-0.4124444444444445,-0.11663807890222978,-0.24458550515215643,0.15022721197540778,0.0,0.0,0.0,0.0,-0.29119632580886917,-0.3888795748930308,-0.3340509276369281,-0.12824340537829415,-0.16524403354117398,0.0,0.0,0.0,1.0,0.0,1.0,0,0.153
0.7111111111111111,0.4665523156089194,0.7633677957257459,-0.2753274525527935,-1.0,1.0,0.6666666666666666,2.0,0.5303393117540812,0.3918924500749574,0.49913611501219585,0.2790883992922638,0.053235863255213914,0.0,0.0,1.0,0.0,0.0,1.0,4,0.138
0.18133333333333312,-0.4922813036020582,-0.24699385869845703,-0.9628441593156912,0.0,0.0,0.3333333333333333,1.0,-0.2946782328272795,-0.3927064123216876,-0.44075293285323586,1.450643317558396,-0.16750161255643953,1.0,0.0,0.0,0.0,1.0,0.0,2,0.171
-0.9493333333333335,-0.8010291595197254,-0.6607031245520176,-0.43464314354450684,0.0,-1.5,-0.6666666666666666,-1.0,-1.4325426886160766,-0.4509107873080203,-0.8084023209402025,0.47492573051350967,-0.5553106858740056,0.0,1.0,0.0,0.0,1.0,0.0,1,0.109
-0.5902222222222223,-0.13550600343053157,-0.32935954998193745,0.4517508687516707,-1.0,-0.5,-0.6666666666666666,0.0,-0.42418086713056874,-0.2815094504661453,-0.1410396185970878,-0.3467464366557451,-0.4589228122984304,0.0,1.0,0.0,0.0,0.0,1.0,0,0.147
0.4622222222222222,0.029159519725557508,0.2515582620862076,-0.5415664260892811,-1.0,0.5,0.6666666666666666,1.0,0.21696357689985524,0.06962657355910475,-0.016284463005395815,0.6260059874239606,-0.18664803268114383,0.0,1.0,0.0,0.0,1.0,0.0,2,0.155
0.5724444444444442,0.842195540308748,0.9882162701484578,0.19834268912055605,0.0,1.0,1.0,2.0,0.6362585708628749,0.6300796711106577,0.5270006405992065,-0.16578474222564699,0.9903784132444635,0.0,1.0,0.0,0.0,0.0,1.0,0,0.157
-0.7928888888888891,-0.6689536878216121,-0.5899663403921029,-0.3608660785886127,1.0,-0.5,-0.3333333333333333,0.0,-1.083958436343558,-0.8336431249347007,-0.745056914775667,0.38101954066414284,-0.3969361427649968,1.0,0.0,0.0,0.0,0.0,1.0,1,0.103
0.010666666666666566,0.5128644939965695,0.3347496745855625,0.46672012830793935,1.0,1.0,1.3333333333333333,1.0,0.2772362008719053,-0.06215269931748658,-0.15831731835316726,-0.3561145958338273,0.9033003655127929,0.0,1.0,0.0,0.0,0.0,1.0,0,0.16
-1.016888888888889,-0.8233276157804458,-0.6780432700853819,-0.3576583801122696,-1.0,-1.0,0.3333333333333333,-1.0,-1.5483900381575453,-0.9054661816909518,-0.9368565409754707,0.3763975749079697,-0.6223500322511288,0.0,1.0,0.0,0.0,0.0,1.0,1,0.122
0.6542222222222219,0.13722126929674097,0.4395015854994179,-0.5511895215183109,0.0,0.0,0.6666666666666666,1.0,0.34706525145212574,0.6981244851992507,0.17298488432256623,0.6397251279415984,0.4760159105568694,0.0,1.0,0.0,0.0,0.0,1.0,2,0.169
0.28088888888888885,0.9914236706689538,0.8654361126880092,0.6837743918738307,0.0,0.5,1.0,0.0,0.5802049113217272,0.849980683582503,0.4170927062031355,-0.4878222308612113,0.8752848849709739,0.0,1.0,0.0,0.0,0.0,1.0,0,0.15
0.6684444444444444,1.130360205831904,1.316899187467387,0.3854584335739109,1.0,1.0,0.6666666666666666,1.0,0.7691090069169991,0.9782611336671794,1.0565729174366174,-0.30249974399522117,2.28429370027951,0.0,1.0,0.0,0.0,0.0,1.0,0,0.153
-0.29866666666666686,-0.060034305317324184,-0.16618786304496172,0.07110398289227482,0.0,0.0,-0.3333333333333333,2.0,-0.1855705844560357,-0.2643069050725641,-0.062227437356789234,-0.06274363465187995,-0.09175446140614922,0.0,0.0,0.0,1.0,0.0,1.0,0,0.151
0.3626666666666665,0.8061749571183533,0.7940800376161888,0.37583533814488135,0.0,0.5,1.3333333333333333,1.0,0.5456810959706911,0.759273702702112,0.21173959642249984,-0.29582908879618547,0.8083960438615352,1.0,0.0,0.0,0.0,0.0,1.0,0,0.164
0.6471111111111112,1.130360205831904,1.297632359096982,0.40684309008286573,0.0,0.0,0.0,0.0,0.7619141711058276,2.0616813301357984,1.7367476039125824,-0.31682933600032975,1.2804235648247688,0.0,1.0,0.0,0.0,1.0,0.0,0,0.161
0.035555555555555556,-0.2212692967409947,-0.11682808369601999,-0.5276663993584605,-1.0,0.0,0.3333333333333333,1.0,-0.1257145357082467,-0.18587496082047397,-0.2909424727833332,0.6049465515827683,-0.35930982584390453,0.0,1.0,0.0,0.0,0.0,1.0,2,0.173
-0.5831111111111111,-0.588336192109777,-0.5098025723509545,-0.4945201817695804,-1.0,-1.0,-0.6666666666666666,0.0,-0.8166157980316854,-0.3708023238014709,-0.5044718752309852,0.5579160696118592,-0.5434960223607826,0.0,0.0,1.0,0.0,1.0,0.0,3,0.149
0.9635555555555554,1.130360205831904,1.5834236465913196,0.12884255546645293,1.0,0.5,0.6666666666666666,0.0,0.8623890658866991,1.7626777657100792,1.3249778254120774,-0.11062591513166059,2.6590518168135886,0.0,0.0,0.0,1.0,0.0,1.0,0,0.13
-0.7360000000000001,-0.07890222984562596,-0.37193006600035555,0.9585672280139004,0.0,-0.5,-1.0,0.0,-0.5005906038398886,-0.371701326879949,0.051478921822258376,-0.6327296495276348,-0.28461621156740485,0.0,0.0,1.0,0.0,0.0,1.0,0,0.159
0.5368888888888886,1.0325900514579762,1.117281083529729,0.42395081529002965,0.0,0.0,0.3333333333333333,2.0,0.691146617371164,1.7751058758355267,1.1294190785930749,-0.32826282126472905,1.11136314771017,1.0,0.0,0.0,0.0,0.0,1.0,0,0.173
-0.9813333333333334,-0.6689536878216121,-0.632628603212285,0.06575781876503622,0.0,-1.0,-0.6666666666666666,-1.0,-1.2751684842730289,-0.7611397415244662,-0.7518571217384876,-0.05754695754109768,-0.5289937647817673,1.0,0.0,0.0,0.0,0.0,1.0,0,0.159
0.5759999999999998,-0.2795883361921097,0.047490438263003615,-0.9168671478214383,0.0,0.0,-0.6666666666666666,2.0,0.04583619489887554,0.07522469002616831,0.6179780471579568,1.336655512074436,0.1085465491292195,0.0,0.0,0.0,1.0,1.0,0.0,3,0.205
-0.6542222222222223,-0.29674099485420236,-0.41771172008050783,0.2464581662657046,-1.0,-0.5,-1.3333333333333333,0.0,-0.5920605519062944,-0.4686964698335871,0.42358082637297656,-0.20270154928213285,-0.5003332616641583,0.0,1.0,0.0,0.0,0.0,1.0,0,0.175
0.4017777777777777,0.9056603773584907,0.9017907828869277,0.4399893076717459,1.0,0.5,0.6666666666666666,1.0,0.5972249469701394,0.8961943012923778,0.6385357380442012,-0.33875244611089145,1.7006127714470005,0.0,0.0,1.0,0.0,1.0,0.0,0,0.157
-0.4586666666666669,-0.3173241852487134,-0.3553468315815429,-0.14060411654637797,0.0,-0.5,0.0,0.0,-0.46993150148926444,-0.33656731467780465,-0.482774656909848,0.13415174053568615,-0.2690711674908622,1.0,0.0,0.0,0.0,0.0,1.0,4,0.134
0.02844444444444434,0.8387650085763294,0.5536804802945072,0.86875167067629,1.0,0.0,-0.3333333333333333,1.0,0.41668530850320595,0.879553025388333,1.0976882992091062,-0.5880292482193141,1.2111373898086433,0.0,1.0,0.0,0.0,0.0,1.0,0,0.173
-0.6151111111111113,-0.6912521440823327,-0.5584742506866676,-0.6698743651430101,0.0,-1.0,-1.0,0.0,-0.9678148289950087,-0.5254794480607046,-0.44948197698770537,0.832223518340329,-0.4594818318641153,1.0,0.0,0.0,0.0,0.0,1.0,1,0.102
-0.7857777777777778,-0.4305317324185247,-0.5099172558531593,0.23041967388398835,0.0,-1.0,-0.6666666666666666,0.0,-0.8169398020808588,-0.371166784508962,-0.5047028605218419,-0.19047668873463608,-0.41396473876585677,1.0,0.0,0.0,0.0,0.0,1.0,0,0.138
-0.20266666666666677,0.40823327615780464,0.13425997603114803,0.653835872761294,0.0,0.5,1.0,1.0,0.12321744530868982,-0.0794815910896646,-0.23742721396834784,-0.47069872650574585,0.1898838959363578,1.0,0.0,0.0,0.0,1.0,0.0,0,0.179
-0.0320000000000002,-0.058319039451114774,-0.043682945989804704,-0.24859663191659984,0.0,-0.5,-0.3333333333333333,1.0,-0.04467379113055272,0.3237382977741169,0.1351633527976938,0.24904260005153533,0.023081057837024275,1.0,0.0,0.0,0.0,0.0,1.0,3,0.138
-0.5155555555555555,-0.27272727272727254,-0.35656247670491364,0.03261160117615609,-1.0,-0.5,-0.3333333333333333,0.0,-0.47213860784198103,-0.3391428370107419,-0.3689759036144578,-0.02948902253087086,-0.4716727585465491,0.0,1.0,0.0,0.0,1.0,0.0,4,0.17
-0.6186666666666667,-0.8919382504288162,-0.6378811076132643,-1.0932905640203157,0.0,-1.5,-1.6666666666666667,-1.0,-1.3023034811363798,-0.3058554257265524,0.13494160691847137,1.8307423861515102,-0.5339174371102988,0.0,1.0,0.0,0.0,0.0,1.0,1,0.123
0.9813333333333332,-0.013722126929674049,0.46278233644699035,-0.844159315690992,0.0,0.5,1.3333333333333333,1.0,0.3617725338961262,0.3381320659819666,-0.055168526868209056,1.1705857055874909,0.497839174371103,0.0,0.0,0.0,1.0,0.0,1.0,3,0.193
0.7857777777777776,1.130360205831904,1.4228667435046132,0.2763966853782414,-1.0,1.0,0.6666666666666666,2.0,0.8075390510258192,1.090515031574446,1.1632881218124027,-0.22483410150908947,0.36234143195011825,1.0,0.0,0.0,0.0,0.0,1.0,0,0.145
-0.035555555555555556,0.5694682675814752,0.338327799854352,0.6110665597433842,0.0,0.5,0.6666666666666666,0.0,0.2797272044054561,0.1799269620742189,0.0710972725256856,-0.4457182138474534,0.3811760911631908,1.0,0.0,0.0,0.0,1.0,0.0,0,0.15
0.984888888888889,-0.2315608919382503,0.24772783311256763,-1.0280673616680036,0.0,0.0,-0.6666666666666666,1.0,0.21407331438892963,0.39339888766592096,1.0212783649937172,1.632569171392206,0.296248118684154,0.0,0.0,0.0,1.0,1.0,0.0,3,0.2
-0.38044444444444453,0.26586620926243565,-0.04655003354492446,0.7618283881315158,-1.0,-0.5,-0.6666666666666666,1.0,-0.04769712941891539,0.31766395264926506,0.4285701086554807,-0.5312920980678354,-0.3263706729735541,1.0,0.0,0.0,0.0,0.0,1.0,0,0.162
-0.7395555555555557,-0.3859348198970839,-0.4798701782755042,0.23041967388398835,-1.0,0.0,0.3333333333333333,0.0,-0.7363343470873313,-0.7627433686374272,-0.7087750652038478,-0.1907594722027564,-0.5294667813373468,0.0,1.0,0.0,0.0,1.0,0.0,0,0.153
-0.08888888888888889,0.1680960548885079,0.06418835618402113,0.12991178829190053,1.0,0.0,-0.3333333333333333,0.0,0.061334578770915804,0.10175742953152231,0.3089751644615271,-0.11165706954103756,0.522866050311761,0.0,1.0,0.0,0.0,1.0,0.0,0,0.17
0.5866666666666667,0.3619210977701545,0.5936132757622153,-0.2892274792836141,1.0,0.0,0.3333333333333333,1.0,0.4396413360043293,0.943005634562538,0.5267190585303527,0.2943224313872215,1.2672866050311764,1.0,0.0,0.0,0.0,0.0,1.0,3,0.191
-0.28800000000000003,-0.2418524871355059,-0.255182260755879,-0.23790430366212242,0.0,0.0,0.0,1.0,-0.30663405472181593,-0.40571765957912076,-0.34827962155369946,0.23635885471565338,-0.17517738120834228,0.0,1.0,0.0,0.0,0.0,1.0,4,0.113
-0.37688888888888894,0.029159519725557508,-0.1587563721020913,0.34589681903234454,-1.0,-0.5,-0.6666666666666666,0.0,-0.17626054711070058,0.07993838184305356,0.2025741000813068,-0.2746270911779966,-0.37896151365297787,1.0,0.0,0.0,0.0,1.0,0.0,0,0.151
-0.37688888888888894,-0.3859348198970839,-0.359131387154301,-0.3715584068430901,-1.0,-0.5,-0.6666666666666666,0.0,-0.47682327594698193,-0.3445854502426094,-0.20100340010348144,0.3930641802051319,-0.47287680068802407,1.0,0.0,0.0,0.0,0.0,1.0,4,0.129
0.9066666666666666,1.0960548885077188,1.4989248421668302,0.1438118150227213,0.0,0.0,0.3333333333333333,1.0,0.8340024012412179,2.38153204703001,1.5686607076861343,-0.12307702596201171,1.4691141689959148,1.0,0.0,0.0,0.0,0.0,1.0,0,0.141
-0.7040000000000002,-0.7821612349914235,-0.6105634973880834,-0.7671745522587546,0.0,-1.5,-0.6666666666666666,0.0,-1.1704666582983443,-0.1322263446777802,-0.7074155517776628,1.009762172101452,-0.5083100408514298,0.0,1.0,0.0,0.0,1.0,0.0,1,0.1
-0.22400000000000014,-0.45454545454545436,-0.3453234934888442,-0.6399358460304734,0.0,-0.5,0.3333333333333333,0.0,-0.45196690268327255,-0.31533140412132166,-0.5539225262135307,0.7803274432058966,-0.25967533863685227,0.0,1.0,0.0,0.0,1.0,0.0,2,0.195
0.31288888888888877,1.0909090909090908,0.9664952148308705,0.7532745255279338,0.0,0.0,0.0,1.0,0.6266301699828014,1.5355094067308606,1.2921163180328674,-0.5267346947460035,0.9700172006020211,1.0,0.0,0.0,0.0,0.0,1.0,2,0.162
-0.06755555555555576,0.35677530017152675,0.18875757627886436,0.36514300989040366,-1.0,0.0,0.6666666666666666,0.0,0.1681735669384172,0.2996960397699525,-0.07952823564195435,-0.2884507155511938,-0.21608256288970115,0.0,1.0,0.0,0.0,0.0,1.0,0,0.157
-0.2915555555555557,0.2315608919382504,-0.012833083896716101,0.5330125634856991,0.0,0.0,0.3333333333333333,2.0,-0.012861488579182973,-0.020628476043997666,-0.17125249464114126,-0.3985826525244556,0.05199956998494945,1.0,0.0,0.0,0.0,1.0,0.0,4,0.169
0.9137777777777779,1.130360205831904,1.5384677137270417,0.16840417000801927,0.0,0.0,0.3333333333333333,0.0,0.8474148792644931,2.44436507300148,1.6141714095646387,-0.14220354637161794,1.5061814663513222,0.0,1.0,0.0,0.0,0.0,1.0,0,0.179
0.6791111111111109,-0.01886792452830179,0.31534522601251186,-0.7137129109863675,0.0,0.5,0.0,2.0,0.2635873214848716,0.15071179176173016,0.41779079508216893,0.9086754791877434,0.35963233713179954,0.0,0.0,1.0,0.0,0.0,1.0,3,0.195
0.2453333333333333,1.0891938250428816,0.9052771613539533,0.8452285485164399,1.0,0.0,0.0,1.0,0.5988378517058631,1.4382348439014792,1.209916352526671,-0.5757411006695059,1.7055149430230054,0.0,0.0,0.0,1.0,0.0,1.0,0,0.183
0.664888888888889,1.130360205831904,1.3136880494056529,0.3897353648757019,-1.0,0.5,0.3333333333333333,1.0,0.7679144556753308,1.4197931321024284,1.355467883805159,-0.30488343759088105,0.3111696409374328,0.0,1.0,0.0,0.0,1.0,0.0,0,0.15
0.7431111111111108,-0.04459691252144072,0.3222262361447993,-0.7682437850842022,0.0,0.0,0.0,1.0,0.26845465861535783,0.5117757254590383,0.4270302067164361,1.013361837475415,0.36608256288970104,0.0,1.0,0.0,0.0,0.0,1.0,2,0.189
-0.45511111111111124,0.2950257289879932,-0.07648242762037474,0.9799518845228553,-1.0,0.0,0.3333333333333333,0.0,-0.07997919816277271,-0.12176632237278497,-0.2445078297414021,-0.6431983151084283,-0.3403999139969899,0.0,0.0,0.0,1.0,0.0,1.0,0,0.172
-0.6364444444444445,0.04802744425385954,-0.2784171383025696,0.9553595295375571,-1.0,-1.0,-1.0,0.0,-0.34158963613675286,0.36453359963262355,0.30260613004163867,-0.6311818319710171,-0.43504622661793163,0.0,1.0,0.0,0.0,0.0,1.0,0,0.168
0.3804444444444443,1.130360205831904,1.0567970044669224,0.7083667468591289,1.0,0.0,0.0,0.0,0.6659031695984465,1.6789975872701166,1.413368196713233,-0.5018723533321279,1.9185658998064932,0.0,1.0,0.0,0.0,0.0,1.0,0,0.164
-0.4871111111111112,-0.18867924528301874,-0.308785329686398,0.14488104784816894,-1.0,-0.5,0.0,0.0,-0.38976773374531637,-0.23791994985020656,-0.4202546381846404,-0.123736422265909,-0.44927972479036765,0.0,1.0,0.0,0.0,0.0,1.0,0,0.164
-0.3057777777777778,-0.5060034305317322,-0.39663289237526744,-0.6474204758086075,-1.0,-0.5,-0.6666666666666666,0.0,-0.5486133733890548,-0.42403788447567475,-0.27653559021361523,0.7938850393799701,-0.49045366587830574,0.0,0.0,0.0,1.0,0.0,1.0,4,0.137
-0.1635555555555556,0.5300171526586621,0.2275206000240835,0.7671745522587549,0.0,0.5,-0.3333333333333333,0.0,0.19864648119858563,0.03907018784304874,0.5721505654519919,-0.5342934444151111,0.2773059557084498,0.0,1.0,0.0,0.0,0.0,1.0,0,0.143
-0.028444444444444595,-0.24699828473413363,-0.15788477748533494,-0.5084202085004011,1.0,0.0,0.0,1.0,-0.17517585666895238,-0.25111342746138543,-0.21763434104516227,0.5775352458448005,0.21061062137174785,1.0,0.0,0.0,0.0,0.0,1.0,2,0.189
0.08533333333333329,-0.5283018867924527,-0.2987619915936993,-0.9564287623630048,-1.0,-0.5,-0.3333333333333333,0.0,-0.37353559555985344,-0.21668403929372376,-0.27584263434104517,1.4356380087010217,-0.4445818103633627,0.0,1.0,0.0,0.0,0.0,1.0,3,0.169
-0.21688888888888894,0.15437392795883362,-0.012534906790983605,0.2892274792836143,0.0,0.0,0.0,2.0,-0.01256023803122185,-0.020154677124259137,-0.022467169290659512,-0.23417753444391323,0.05227907976779189,0.0,0.0,1.0,0.0,0.0,1.0,1,0.167
0.5226666666666665,1.130360205831904,1.1852425269362876,0.5383587276129377,0.0,0.5,0.3333333333333333,0.0,0.7185712181006765,1.256514735146404,1.207637297656885,-0.40177247218616774,1.1750698774457107,0.0,1.0,0.0,0.0,0.0,1.0,0,0.153
0.02844444444444434,0.18867924528301885,0.14075106225593909,0.01657310879444007,-1.0,1.0,1.3333333333333333,0.0,0.12870965750898192,-0.26765994358148254,-0.3146112055584301,-0.014499021156821076,-0.23858310040851433,0.0,1.0,0.0,0.0,0.0,1.0,0,0.156
0.08888888888888889,0.3996569468267583,0.3127533788626838,0.21758887997861542,1.0,0.0,0.0,1.0,0.2617460735893713,0.496723498239655,0.4143106166999286,-0.1805393965193314,0.8723715330036552,1.0,0.0,0.0,0.0,0.0,1.0,0,0.173
-0.9173333333333334,-0.8936535162950255,-0.6809332943409426,-0.7735899492114411,0.0,-1.0,-0.6666666666666666,-1.0,-1.569483543573279,-0.9146505915197283,-0.8491481262473205,1.0240156532663525,-0.574274349602236,0.0,0.0,0.0,1.0,1.0,0.0,1,0.113
0.725333333333333,1.130360205831904,1.368277396455133,0.3309275594760759,-1.0,0.0,1.0,1.0,0.7879777289405101,2.173935228043065,0.8672163089987762,-0.26460522958323046,0.33675553644377554,0.0,1.0,0.0,0.0,0.0,1.0,0,0.167
-0.06755555555555576,0.6758147512864494,0.379889101053368,0.8088746324512165,0.0,0.5,1.0,0.0,0.3080942878264085,0.23275918623213246,-0.017549749098644138,-0.5568627386548394,0.42013545474091596,0.0,0.0,1.0,0.0,1.0,0.0,0,0.165
-0.9066666666666668,-0.8593481989708404,-0.6696943111248732,-0.6891205560010696,0.0,-1.5,-1.0,-1.0,-1.4904672057893082,-0.5080582262426288,-0.7481613570847807,0.8651082676950148,-0.5637389808643302,0.0,1.0,0.0,0.0,0.0,1.0,1,0.112
-0.5226666666666667,-0.588336192109777,-0.49427442615242595,-0.5693664795509223,0.0,-0.5,0.0,0.0,-0.773940760409615,-0.6309057820476375,-0.6693183778057012,0.6680262936930956,-0.39930122554289404,0.0,1.0,0.0,0.0,0.0,1.0,4,0.134
-0.5511111111111112,0.0,-0.2561226654739583,0.6399358460304734,-1.0,-0.5,-1.0,0.0,-0.3080189090715025,-0.1263463785969234,0.3624775174316898,-0.4627353628015148,-0.42459686089013116,1.0,0.0,0.0,0.0,0.0,1.0,0,0.142
0.34488888888888874,1.0548885077186962,0.9677567333551232,0.6709435979684578,-1.0,0.0,-0.3333333333333333,1.0,0.6271926243833335,1.5375139406220617,1.7648846921428039,-0.48081175390312536,0.1490324661363148,0.0,1.0,0.0,0.0,0.0,1.0,0,0.148
-0.5475555555555557,-0.5077186963979415,-0.4669109425263629,-0.37904303662122446,0.0,0.0,-0.3333333333333333,0.0,-0.7039799924271336,-0.7421513386641786,-0.5467791411042944,0.4032755144588279,-0.37365082777897224,0.0,1.0,0.0,0.0,1.0,0.0,4,0.124
0.5973333333333333,0.9639794168096057,1.1114092882168436,0.2945736434108529,0.0,0.5,-0.3333333333333333,1.0,0.6887313926087204,1.1626588137532896,1.9963504324044647,-0.23818954050482063,1.1058589550634272,1.0,0.0,0.0,0.0,0.0,1.0,0,0.173
-0.23466666666666672,0.1389365351629504,-0.030356723033608084,0.29243517775995714,0.0,0.0,0.0,2.0,-0.03077274982248481,-0.04847327409631968,-0.046397245423411455,-0.23654411685448837,0.03557299505482688,0.0,0.0,0.0,1.0,0.0,1.0,0,0.167
-0.1884444444444446,-0.1646655231560891,-0.17391753109356453,-0.23362737236033146,0.0,0.0,0.0,0.0,-0.19537324208214593,-0.27658923091501497,-0.23916217015300464,0.23216644334304443,-0.09900021500752522,0.0,1.0,0.0,0.0,0.0,1.0,3,0.206
-0.20977777777777798,0.3704974271012008,0.10919016244918081,0.6089280940924889,1.0,0.0,0.0,1.0,0.10163568456808002,0.17326462034128107,0.14097802251952588,-0.44425576692173363,0.5861427649967748,1.0,0.0,0.0,0.0,0.0,1.0,0,0.156
-0.7786666666666667,-0.5506003430531731,-0.5474875711754487,-0.08821170809943871,0.0,-1.0,-1.0,0.0,-0.9310398602575789,-0.4905641122830548,-0.4199774558356124,0.08276863340933556,-0.44918297140399915,1.0,0.0,0.0,0.0,0.0,1.0,1,0.094
-0.20266666666666677,0.36020583190394506,0.10792864392492812,0.5811280406308474,0.0,0.5,0.6666666666666666,0.0,0.10053378339446013,-0.11295366246564961,-0.16092745213984777,-0.4275383358587914,0.16520103203612124,1.0,0.0,0.0,0.0,0.0,1.0,0,0.157
0.8960000000000001,1.130360205831904,1.5224120234183711,0.18230419673884005,0.0,0.5,0.6666666666666666,2.0,0.8419966901675524,1.6851205271559675,1.2635357380442012,-0.15355516290315258,1.4911309395828853,0.0,0.0,1.0,0.0,0.0,1.0,0,0.17
-0.05688888888888894,0.8216123499142367,0.4756268886939269,0.9927826784282282,0.0,0.0,-0.6666666666666666,1.0,0.36977002138953696,0.755527046629103,1.480292334984108,-0.6492999853076236,0.5098795957858525,0.0,1.0,0.0,0.0,1.0,0.0,0,0.154
-0.5511111111111112,0.11663807890223003,-0.2074509871382453,0.873028601978081,0.0,0.5,0.3333333333333333,1.0,-0.23938322191003134,-0.5138604407058875,-0.3952422309747315,-0.589941441284635,-0.13043431520103205,0.0,0.0,0.0,1.0,0.0,1.0,0,0.188
0.25955555555555543,-0.4288164665523155,-0.17825256747690563,-0.9275594760759158,0.0,0.5,0.3333333333333333,0.0,-0.2009251441217391,-0.4767437622549913,-0.3616371709449542,1.3618630434236114,-0.1030638572350032,0.0,0.0,1.0,0.0,0.0,1.0,3,0.192
-0.32,0.04288164665523156,-0.12403020763448075,0.273188986901898,0.0,0.0,1.0,1.0,-0.13416779599247905,-0.19731902703569518,-0.46863835710941926,-0.22242006735745462,-0.052236078262739155,0.0,1.0,0.0,0.0,0.0,1.0,0,0.137
-0.49422222222222245,-0.34991423670668936,-0.38238920140143245,-0.1491579791499599,-1.0,-0.5,-1.0,0.0,-0.5205645246639852,-0.3938605378954095,0.023391110454086223,0.14256919172228738,-0.4837776822188777,0.0,1.0,0.0,0.0,0.0,1.0,4,0.13
-0.21688888888888894,-0.058319039451114774,-0.12802119351120747,-0.03795776530339468,-1.0,0.0,0.0,1.0,-0.1388917400563153,-0.20366064334604078,-0.17753529455244285,0.03428542761071515,-0.3645560094603311,0.0,1.0,0.0,0.0,0.0,1.0,4,0.127
0.46933333333333316,1.0154373927958835,1.0450304771407108,0.47955092221331225,-1.0,0.0,0.3333333333333333,1.0,0.6608962007670828,1.6603007529758218,1.0462643738846709,-0.3648243324147823,0.18525048376693182,1.0,0.0,0.0,0.0,0.0,1.0,0,0.176
0.7466666666666667,1.130360205831904,1.3875442248255376,0.31168136861801676,0.0,0.0,0.6666666666666666,2.0,0.7949377402114175,2.2045499274723195,1.1277163870204743,-0.2505114459144601,1.3647065147280155,0.0,0.0,0.0,1.0,1.0,0.0,0,0.159
0.37688888888888866,-0.16809605488850765,0.05868354807819119,-0.6998128842555468,-1.0,0.0,0.6666666666666666,1.0,0.0562590876292841,0.0930103725517353,-0.21051999408677655,0.8840021426516541,-0.2770479466781337,1.0,0.0,0.0,0.0,1.0,0.0,2,0.176
0.14222222222222222,0.6552315608919382,0.5195277333379207,0.46885859395883456,0.0,1.0,1.3333333333333333,1.0,0.3965027485988213,0.13358699798574733,-0.00945191810185529,-0.3576525702274641,0.5510320361212643,0.0,0.0,1.0,0.0,1.0,0.0,0,0.175
0.64,0.8404802744425385,1.0404202003520784,0.13525795241913938,-1.0,0.0,-0.3333333333333333,1.0,0.6589256304150665,1.6529750927552505,1.8819665163722372,-0.11551923187505485,0.18308965813803488,0.0,1.0,0.0,0.0,0.0,1.0,0,0.18
-0.6435555555555557,-0.06518010291595192,-0.32523094390256496,0.7286821705426362,-1.0,-1.0,-0.6666666666666666,0.0,-0.4171526857413463,0.21576073883474625,-0.1327241481262474,-0.5132126416220918,-0.45698774457105995,0.0,0.0,0.0,1.0,0.0,1.0,0,0.181
0.25244444444444425,0.2898799313893654,0.33653873721995725,-0.0914194065757818,0.0,1.0,1.0,1.0,0.27848269460464653,-0.06025750363853263,-0.05635527796256608,0.08494334040017465,0.37949903246613637,0.0,1.0,0.0,0.0,0.0,1.0,3,0.205
-0.3982222222222223,-0.5385934819897082,-0.4386988009839845,-0.6132050253942797,-1.0,-0.5,-0.6666666666666666,0.0,-0.6378584191696381,-0.5131606761475045,-0.3612609948998447,0.7370021882739461,-0.5101698559449581,0.0,1.0,0.0,0.0,0.0,1.0,2,0.164
0.18133333333333312,1.0891938250428816,0.8484629543617003,0.9403902699812889,0.0,1.0,0.3333333333333333,0.0,0.5721299825178554,0.4820357317277626,0.8200307804399014,-0.6239701700719797,0.8593743281014835,0.0,0.0,1.0,0.0,0.0,1.0,0,0.168
0.5333333333333333,1.130360205831904,1.19487594112149,0.5265971665330129,1.0,1.0,1.3333333333333333,0.0,0.722381923757348,0.8489990694103271,0.5346385542168672,-0.3943983085272733,2.112717695119329,0.0,1.0,0.0,0.0,0.0,1.0,0,0.154
-0.9066666666666668,-0.46826758147512854,-0.5588183011932819,0.46137396418070076,0.0,-1.0,-0.6666666666666666,0.0,-0.9689948467661472,-0.5265728301831779,-0.6031949885431295,-0.352552370827129,-0.45980434315201035,0.0,1.0,0.0,0.0,1.0,0.0,0,0.168
0.5475555555555555,-0.24699828473413363,0.06395898917961156,-0.8719593691526333,1.0,0.0,0.6666666666666666,0.0,0.061123756433991996,0.10139296882403119,-0.20520733239707295,1.2303726094086855,0.522543539023866,1.0,0.0,0.0,0.0,0.0,1.0,2,0.201
0.43377777777777765,0.8181818181818181,0.8590826466658639,0.31168136861801676,0.0,0.0,0.3333333333333333,2.0,0.5771920258102936,1.3648324574127666,0.8322532021160891,-0.2504800828418364,0.8693291765211782,0.0,0.0,0.0,1.0,0.0,1.0,0,0.168
0.2311111111111111,-0.5317324185248712,-0.2604806385577403,-1.0334135257952421,0.0,-0.5,0.0,1.0,-0.31446874170620065,-0.1355793831866985,-0.3553939685120851,1.646174807951988,-0.18014405504192646,0.0,0.0,1.0,0.0,0.0,1.0,4,0.133
0.16711111111111096,0.006861063464837147,0.09191882701713945,-0.3501737503341353,0.0,0.5,0.3333333333333333,1.0,0.08641305827317253,-0.13330514837195395,-0.05069137197343266,0.3666077040804041,0.15019350677273707,0.0,1.0,0.0,0.0,0.0,1.0,3,0.208
-0.8960000000000001,-0.2692967409948541,-0.4984030322317984,1.0045442395081534,-1.0,-1.0,-1.0,0.0,-0.7850617927649074,-0.33457492947685313,-0.2881618498534014,-0.6550156275043413,-0.5381530853579874,0.0,0.0,0.0,1.0,0.0,1.0,0,0.164
0.049777777777777726,-0.6174957118353344,-0.3660582706874703,-1.0526597166533016,0.0,-1.0,-1.0,0.0,-0.48959683453711594,0.0860127269679056,0.06724751767807423,1.7036106562434166,-0.27911201892066223,0.0,1.0,0.0,0.0,1.0,0.0,2,0.152
0.3662222222222221,0.2727272727272728,0.390256489652681,-0.21117348302592898,0.0,0.0,0.0,2.0,0.31501288613661715,0.6198747713009062,0.5183771897405572,0.20779947239951835,0.4298537948828209,1.0,0.0,0.0,0.0,0.0,1.0,3,0.198
0.15644444444444439,1.0222984562607202,0.7806620678582283,0.8976209569633792,0.0,0.0,0.3333333333333333,2.0,0.539015371223724,1.240223341521551,0.7419973496087768,-0.6026865823968268,0.7958181036336273,1.0,0.0,0.0,0.0,0.0,1.0,0,0.172
-0.36266666666666675,-0.060034305317324184,-0.1953404093054194,0.16840417000801927,0.0,-0.5,0.3333333333333333,1.0,-0.22320184055849687,0.0024297380499409466,-0.38130391856646567,-0.14266584682787464,-0.11908191786712533,0.0,1.0,0.0,0.0,0.0,1.0,0,0.168
-0.8675555555555556,-0.6106346483704973,-0.5894617329824019,-0.05399625768511094,0.0,-1.0,-0.6666666666666666,0.0,-1.0819546825230708,-0.6239567312248067,-0.664914258260034,0.049084932403151406,-0.4885293485271985,0.0,0.0,1.0,0.0,0.0,1.0,1,0.116
-0.5617777777777779,-0.13379073756432242,-0.31649206103455996,0.39508152900294047,-1.0,-0.5,-0.3333333333333333,0.0,-0.402481528035436,-0.25424778954580907,-0.3044108951141992,-0.30851221443464044,-0.45289185121479253,0.0,1.0,0.0,0.0,0.0,1.0,0,0.17
0.46577777777777757,1.130360205831904,1.1338643179485415,0.6035819299652504,0.0,1.0,0.6666666666666666,1.0,0.6979277271641754,0.7843680372819006,0.8722466553329882,-0.4414092512055392,1.1269081917867125,0.0,1.0,0.0,0.0,0.0,1.0,0,0.172
-0.3271111111111112,-0.18010291595197242,-0.23935593745161796,-0.08607324244854321,0.0,-0.5,0.6666666666666666,1.0,-0.2836885816546029,-0.09082360830678839,-0.5106622810259442,0.08023319235529759,-0.16034186196516878,1.0,0.0,0.0,0.0,0.0,1.0,4,0.133
-0.8213333333333334,-0.5077186963979415,-0.5455150149375263,0.11708099438652764,0.0,-1.0,-0.6666666666666666,0.0,-0.9246165716174335,-0.48429538811420736,-0.5764006948037548,-0.10060254665342185,-0.44733390668673406,1.0,0.0,0.0,0.0,0.0,1.0,4,0.171
0.6542222222222219,0.46483704974271023,0.7246965187822907,-0.2368350708366748,0.0,0.5,1.0,2.0,0.5105834826839236,0.6710742114892596,0.29110819556343986,0.236214483945044,0.7433562674693615,1.0,0.0,0.0,0.0,0.0,1.0,3,0.198
-0.4622222222222222,-0.327615780445969,-0.3612645002953101,-0.15450414327719875,0.0,-1.0,0.0,0.0,-0.4807346663662263,0.10124718454103471,-0.49072055091531763,0.1482299008798312,-0.2746183616426575,0.0,1.0,0.0,0.0,0.0,1.0,4,0.141
0.9813333333333332,0.8078902229845627,1.2790995051406882,-0.15557337610264635,-1.0,0.0,0.3333333333333333,2.0,0.7549303902353515,2.0322329049705155,1.3156592188209455,0.149122670750042,0.2949580735325737,0.0,1.0,0.0,0.0,0.0,1.0,4,0.155
0.0639999999999999,0.30874785591766724,0.23814029232824713,0.1309810211173484,0.0,0.5,0.6666666666666666,1.0,0.20679181891067813,0.05256981244852001,-0.02979710252051149,-0.1123090859512939,0.28726080412814453,0.0,0.0,0.0,1.0,0.0,1.0,0,0.148
-0.43733333333333346,-0.45626072041166366,-0.41161055776321304,-0.42288158246458174,0.0,-0.5,-0.6666666666666666,0.0,-0.5792348068897515,-0.455770263407902,-0.3067022691994974,0.4596285603080582,-0.32181251343797035,0.0,0.0,0.0,1.0,0.0,1.0,4,0.129
-0.8320000000000001,-0.26415094339622625,-0.4726909910374844,0.7939053728949483,0.0,-1.0,0.0,0.0,-0.7182454701340242,-0.25286283885734273,-0.6403374233128833,-0.5488011684056402,-0.37906901741560955,1.0,0.0,0.0,0.0,0.0,1.0,0,0.171
-0.28800000000000003,0.15608919382504302,-0.04978410830709953,0.40470462443197003,-1.0,-0.5,0.0,1.0,-0.05112154431148058,0.3108120913484318,-0.07248318427082566,-0.3155769853340025,-0.32788647602666093,1.0,0.0,0.0,0.0,0.0,1.0,0,0.15
0.02844444444444434,0.3207547169811321,0.22465351246896376,0.18978882651697412,0.0,0.5,-0.3333333333333333,2.0,0.19643279147844875,0.03542558076813749,0.5675308596348584,-0.15902974087007327,0.2746183616426575,0.0,0.0,0.0,1.0,0.0,1.0,0,0.198
-0.369777777777778,-0.5694682675814751,-0.4458550515215634,-0.6944667201283081,0.0,-1.0,-1.0,0.0,-0.6541088352490939,-0.16757903330441937,-0.14704523615936133,0.8752426486603997,-0.3539131369597936,0.0,0.0,1.0,0.0,0.0,1.0,4,0.151
-0.014222222222222424,0.013722126929674294,0.009025591623516979,-0.1694734028334669,0.0,0.0,0.3333333333333333,0.0,0.008920519682901732,0.014104629379906653,-0.14609489667697964,0.1640085972166883,0.07248978714255001,1.0,0.0,0.0,0.0,0.0,1.0,3,0.187
-0.536888888888889,-0.25900514579759853,-0.3587643999472456,0.09676557070302064,1.0,0.0,0.0,0.0,-0.47615231680622333,-0.570308115082113,-0.4873635646882006,-0.08417441330966619,-0.07184476456675976,0.0,1.0,0.0,0.0,1.0,0.0,0,0.156
0.37688888888888866,-0.43910806174957107,-0.14898533771424316,-0.9949211440791236,0.0,0.5,0.6666666666666666,0.0,-0.1641858707555757,-0.43953961323429724,-0.419654076428413,1.5363727017107287,-0.0756288970113954,0.0,1.0,0.0,0.0,0.0,1.0,2,0.171
0.26666666666666666,1.130360205831904,0.9540405864914303,0.8623362737236038,0.0,1.0,1.0,1.0,0.6210553875250208,0.5938765741665394,0.4964079220768553,-0.5844918890339394,0.9583422919802194,1.0,0.0,0.0,0.0,0.0,1.0,0,0.155
0.16,-0.4271012006861062,-0.20862075886073414,-0.8719593691526333,0.0,-0.5,-0.6666666666666666,1.0,-0.240964077812919,-0.025706628568374034,0.10214169561682307,1.231433708242868,-0.1315308535798753,0.0,1.0,0.0,0.0,0.0,1.0,2,0.168
0.12444444444444444,0.4236706689536878,0.3512182255021704,0.20475808607324253,0.0,1.0,1.0,2.0,0.2886359807260842,-0.04470718011891133,-0.043214781416052665,-0.17104485809830872,0.3932595140829929,0.0,1.0,0.0,0.0,0.0,1.0,0,0.177
-0.8391111111111111,-0.8936535162950255,-0.669831931327519,-0.881582464581663,0.0,-1.5,-1.3333333333333333,-1.0,-1.4913880133077135,-0.5089329319406075,-0.5920153004656663,1.25226265729148,-0.5638679853794883,1.0,0.0,0.0,0.0,0.0,1.0,1,0.135
-1.0026666666666668,-0.6826758147512864,-0.6408628786705889,0.08286554397220011,0.0,-1.5,-1.3333333333333333,-1.0,-1.3181372721625433,-0.3248073825160909,-0.47532153152487244,-0.07232312896066079,-0.5367125349387228,0.0,1.0,0.0,0.0,1.0,0.0,0,0.15
-0.12800000000000006,0.2315608919382504,0.07960181888034491,0.273188986901898,0.0,0.0,0.3333333333333333,2.0,0.07537314826634378,0.12624918907492588,-0.06486726925229416,-0.22296194156074003,0.1386476026660933,0.0,0.0,1.0,0.0,0.0,1.0,0,0.152
0.6328888888888888,-0.4528301886792451,-0.08070278050151104,-1.1082598235765841,0.0,0.0,0.3333333333333333,1.0,-0.08463997482374236,-0.12847239939062172,-0.24936512042913112,1.8826542299418196,-0.011621156740485956,0.0,1.0,0.0,0.0,0.0,1.0,3,0.189
-0.6897777777777778,-0.602058319039451,-0.5421891933735874,-0.3715584068430901,-1.0,-1.0,-0.6666666666666666,0.0,-0.9139046794645628,-0.4737260275969647,-0.5697021213689112,0.39416237079303124,-0.5586755536443776,1.0,0.0,0.0,0.0,0.0,1.0,1,0.14
-0.0924444444444445,0.665523156089194,0.35559913528639325,0.8377439187383057,0.0,0.0,0.0,1.0,0.29164073301262977,0.564804758398997,0.47184135314263165,-0.5718041800029503,0.3973661578155235,1.0,0.0,0.0,0.0,1.0,0.0,0,0.164
0.05333333333333334,0.2521440823327616,0.1953404093054193,0.07003475006682719,0.0,0.0,-0.6666666666666666,2.0,0.1734329875367874,0.3101560620749477,0.9157642841303864,-0.061818049816257666,0.24714039991399694,0.0,1.0,0.0,0.0,0.0,1.0,0,0.165
-0.060444444444444544,0.7341337907375645,0.4201888837281313,0.8783747661053196,0.0,0.0,0.0,0.0,0.3346512384435482,0.667436893628498,0.5585686303496192,-0.5925655424075813,0.45791227692969255,0.0,0.0,1.0,0.0,0.0,1.0,0,0.17
-0.17066666666666683,0.03259005145797608,-0.05599995412659914,0.04009623095429041,1.0,0.0,0.0,0.0,-0.057745633642078,-0.0892199811938274,-0.08082945278044694,-0.03550876446984422,0.353870135454741,1.0,0.0,0.0,0.0,0.0,1.0,0,0.171
-0.11022222222222228,-0.30703259005145783,-0.22437827206367228,-0.521251002405774,0.0,-0.5,0.0,1.0,-0.26257663491263905,-0.059091229374560926,-0.3069178554709635,0.5955915535297117,-0.14630187056546975,1.0,0.0,0.0,0.0,0.0,1.0,3,0.177
-0.5120000000000002,-0.5643224699828472,-0.4811546335001978,-0.5351510291365946,0.0,-0.5,-1.6666666666666667,0.0,-0.739615294640443,-0.6031095787563143,1.397599600857417,0.6166493297208568,-0.3870027950978284,1.0,0.0,0.0,0.0,0.0,1.0,4,0.137
-0.6968888888888889,-0.8078902229845625,-0.6185684058419777,-0.8345362202619623,0.0,-1.0,-1.6666666666666667,0.0,-1.2068512421032214,-0.7164568587860543,0.2905332988395299,1.148009506945675,-0.515813803483122,1.0,0.0,0.0,0.0,0.0,1.0,1,0.11
-0.12088888888888909,-0.12006861063464837,-0.11999334835687214,-0.2421812349639134,0.0,-0.5,-0.3333333333333333,0.0,-0.12941841166817322,0.16206352793105389,0.01220526276886691,0.24198394103318974,-0.048451945818103616,0.0,0.0,1.0,0.0,0.0,1.0,4,0.141
0.8213333333333331,0.9982847341337909,1.3316933592518048,0.12670408981555742,1.0,0.5,0.3333333333333333,2.0,0.7745890253232813,1.442681264532871,1.3761905641848726,-0.1092175190634382,2.305095678348742,0.0,0.0,1.0,0.0,1.0,0.0,0,0.137
0.04622222222222212,0.2761578044596914,0.2066711393232527,0.10959636460839355,0.0,0.5,0.6666666666666666,0.0,0.18240375330972375,0.012566605194294176,-0.0614882844260477,-0.09492465317081347,0.25776177166200825,0.0,0.0,0.0,1.0,1.0,0.0,0,0.151
-0.928,-0.5728987993138934,-0.5940949464714754,0.21331194867682446,-1.0,-1.0,-1.0,0.0,-1.100548569868633,-0.6386809438074481,-0.5451406854411511,-0.1772560589834116,-0.5830036551279295,0.0,1.0,0.0,0.0,0.0,1.0,0,0.171
-0.3235555555555556,0.5180102915951973,0.11311233822458462,1.0665597433841223,1.0,0.5,0.0,1.0,0.10505170988497489,-0.10636421287421009,0.14624448715105817,-0.6839502482673997,0.5916577080197806,0.0,1.0,0.0,0.0,0.0,1.0,0,0.157
0.7679999999999998,0.5557461406518011,0.8819964104063809,-0.23255813953488383,1.0,0.5,0.0,0.0,0.588003858244194,0.8710319340471905,1.178656343164067,0.2306238862025879,1.6727800473016552,1.0,0.0,0.0,0.0,0.0,1.0,3,0.191
0.6862222222222221,0.8267581475128645,1.0650083432247854,0.08179631114675225,-1.0,0.0,0.0,1.0,0.6693784138438407,1.692045280598299,1.4243938945967918,-0.0715295008843823,0.19461406149215224,0.0,1.0,0.0,0.0,0.0,1.0,0,0.143
-0.31644444444444464,0.05317324185248728,-0.11705745070042958,0.2838813151563752,-1.0,0.0,0.0,2.0,-0.1259823436913702,-0.18623942152796508,-0.16281383201517738,-0.23069171899875784,-0.3594173296065363,1.0,0.0,0.0,0.0,0.0,1.0,0,0.157
-0.36266666666666675,0.10463121783876515,-0.11497021096030231,0.44961240310077544,-1.0,0.5,0.6666666666666666,2.0,-0.12354866492733546,-0.39629999489755,-0.3853989577943676,-0.34530904911290694,-0.3584390453665878,0.0,0.0,0.0,1.0,1.0,0.0,0,0.157
-0.7502222222222222,-0.2521440823327615,-0.4376207760632595,0.5811280406308474,-1.0,-0.5,0.0,0.0,-0.6354394479363259,-0.5108767223805603,-0.593247222016902,-0.4280157259189921,-0.5096645882605891,1.0,0.0,0.0,0.0,0.0,1.0,0,0.141
0.750222222222222,1.130360205831904,1.390755362887272,0.30847367014167343,-1.0,0.5,-0.3333333333333333,0.0,0.7960917426820642,1.5177601702760428,2.446457609579422,-0.24816856290330294,0.3472909051816814,0.0,1.0,0.0,0.0,0.0,1.0,0,0.162
0.7608888888888886,-0.4065180102915951,0.000837189566094886,-1.1082598235765841,-1.0,0.0,0.0,2.0,0.0008317479080921043,0.0010933821224733762,-0.004511912681400546,1.8807445099685396,-0.3041603956138465,0.0,0.0,1.0,0.0,0.0,1.0,4,0.124
-0.8817777777777779,-0.8421955403087477,-0.6608178080542224,-0.6784282277465921,-1.0,-1.5,-1.3333333333333333,-1.0,-1.4332551432992469,-0.4516397087230026,-0.5557044127429965,0.8472675408949151,-0.6142764996774888,1.0,0.0,0.0,0.0,1.0,0.0,1,0.099
-0.8391111111111111,-0.1646655231560891,-0.44463940639819266,1.0858059342421815,0.0,-0.5,0.0,0.0,-0.651324426426669,-0.525746719246198,-0.6026714218838544,-0.6929688005699771,-0.35277359707589767,0.0,0.0,0.0,1.0,0.0,1.0,0,0.133
-0.6471111111111112,-0.4734133790737563,-0.4824390887248916,-0.15450414327719875,1.0,-0.5,-0.3333333333333333,0.0,-0.742910067145062,-0.6058308853722479,-0.5717994678098898,0.14881016225044227,-0.24574285099978496,1.0,0.0,0.0,0.0,0.0,1.0,4,0.13
0.04266666666666651,0.660377358490566,0.4506946953146055,0.6142742582197276,0.0,0.5,1.0,0.0,0.3541708747874013,0.3227664025541408,0.04583261471242849,-0.4474904504934123,0.48650827778972267,0.0,1.0,0.0,0.0,0.0,1.0,0,0.151
0.4088888888888889,0.21783876500857635,0.3723199899078518,-0.3052659716653301,1.0,0.0,-0.3333333333333333,1.0,0.30300415371997375,0.5913739439751002,0.8054641880405055,0.3128478644776869,0.9561277144700067,1.0,0.0,0.0,0.0,1.0,0.0,3,0.202
-0.8604444444444446,-0.7684391080617494,-0.6351975136616723,-0.5073509756749534,0.0,-1.5,-1.3333333333333333,-1.0,-1.2883221323373317,-0.28879866461596765,-0.4525001847882326,0.5752542418068337,-0.5314018490647173,0.0,1.0,0.0,0.0,0.0,1.0,1,0.107
0.4266666666666667,1.130360205831904,1.0985417992694662,0.6506281742849506,1.0,0.5,0.6666666666666666,0.0,0.6834124212376973,1.1463018172010875,0.8366749205410597,-0.4689679310282447,1.977262954203397,0.0,1.0,0.0,0.0,0.0,1.0,0,0.17
0.10311111111111106,0.5454545454545456,0.4183768843932957,0.38331996792301515,0.0,0.5,0.3333333333333333,0.0,0.3334763259935235,0.28168439160574105,0.3250359017137789,-0.300789540379205,0.45621371748011186,0.0,1.0,0.0,0.0,0.0,1.0,0,0.155
0.8995555555555554,1.130360205831904,1.5256231614801052,0.1790964982624967,0.0,0.0,0.0,1.0,0.8430833357116624,2.423955273381977,2.0428801093946336,-0.151281689643276,1.4941410449365728,1.0,0.0,0.0,0.0,0.0,1.0,0,0.177
-0.8035555555555556,-0.32246998284734124,-0.4807188361918197,0.554397219994654,-1.0,-0.5,-0.6666666666666666,0.0,-0.7385005722417071,-0.6021862782973367,-0.4458940054697316,-0.41128633394371267,-0.5298645452590841,0.0,0.0,1.0,0.0,0.0,1.0,0,0.155
-0.9777777777777779,-0.40994854202401354,-0.565332324118514,0.8965517241379316,-1.0,-1.0,-1.0,0.0,-0.9916792757470265,-0.5472741983686739,-0.4678992041786779,-0.6016211698990666,-0.5695226832939153,0.0,1.0,0.0,0.0,0.0,1.0,0,0.159
-0.3840000000000002,-0.6775300171526585,-0.5014994867913277,-0.86875167067629,0.0,-1.5,-1.3333333333333333,0.0,-0.793507613142587,0.5609779209703402,0.08606511937319818,1.2245814485393995,-0.4060739625886906,0.0,0.0,1.0,0.0,1.0,0.0,4,0.132
0.4906666666666666,0.5454545454545456,0.6831581542837155,-0.02833466987436512,-1.0,0.0,0.3333333333333333,1.0,0.4887917461852088,1.0852910947670733,0.6297780957308639,0.02532441167365601,0.0156417974629112,1.0,0.0,0.0,0.0,0.0,1.0,0,0.166
-0.8284444444444446,-0.8936535162950255,-0.6683181090984157,-0.8944132584870359,0.0,-1.5,-1.0,-1.0,-1.4813182836209813,-0.4993111692628418,-0.7444655924310739,1.28252969630679,-0.5624489357127499,1.0,0.0,0.0,0.0,1.0,0.0,1,0.108
-0.6080000000000001,-0.27444253859348183,-0.39193086878487104,0.19941192194600393,-1.0,-0.5,0.0,0.0,-0.5392423929722424,-0.41407595847091727,-0.5318975287653682,-0.16668943034043113,-0.488249838744356,1.0,0.0,0.0,0.0,0.0,1.0,0,0.147
0.6293333333333334,0.40480274442538605,0.6567580120761727,-0.277465918203689,0.0,1.0,1.0,0.0,0.47461931175132455,0.27895822551370725,0.23029233498410798,0.2811050165931912,0.6796710384863469,0.0,0.0,1.0,0.0,0.0,1.0,4,0.189
0.8284444444444443,-0.288164665523156,0.1335948117183602,-1.0237904303662126,0.0,1.0,1.0,1.0,0.12265245382140613,-0.27524072629729784,-0.2380226427181117,1.6200059583314335,0.18926037411309396,1.0,0.0,0.0,0.0,1.0,0.0,2,0.157
-0.8142222222222223,-0.3001715265866208,-0.47741595132832176,0.6431435445068168,-1.0,-1.0,-0.3333333333333333,0.0,-0.7301034201441308,-0.2678786200059772,-0.5637057432182719,-0.4647327135623889,-0.5283164910771877,0.0,0.0,0.0,1.0,0.0,1.0,0,0.162
0.15644444444444439,-0.15780445969125192,-0.025723509544534492,-0.5415664260892811,0.0,0.0,-0.3333333333333333,0.0,-0.025997007644053327,-0.04111116780499885,0.16410119003621837,0.6254167008386416,0.039916147065147296,0.0,1.0,0.0,0.0,0.0,1.0,2,0.203
0.9315555555555557,1.130360205831904,1.5545234040357125,0.15343491045175087,0.0,0.5,0.0,1.0,0.8527957820617171,1.7259401263949736,2.0816856382585556,-0.13089106020158556,1.521231993119759,1.0,0.0,0.0,0.0,1.0,0.0,0,0.134
-0.5155555555555555,-0.04974271012006846,-0.2605494486590632,0.4645816626570436,-1.0,-1.0,-1.3333333333333333,1.0,-0.3145710090363538,0.42131657785974097,1.05666531155296,-0.354987913723392,-0.4266716835089228,0.0,0.0,0.0,1.0,0.0,1.0,0,0.16
-0.07466666666666671,-0.23499142367066886,-0.16852740648993939,-0.4517508687516707,0.0,0.5,-0.6666666666666666,2.0,-0.18852461345156712,-0.4643812550568923,0.18289415330031786,0.4975467420255204,-0.09394753816383569,1.0,0.0,0.0,0.0,0.0,1.0,3,0.184
0.750222222222222,-0.12864493996569468,0.24931046544299368,-0.8495054798182307,0.0,0.0,0.3333333333333333,2.0,0.2152687901491509,0.3959136665476096,0.13045389269611302,1.1804853534377067,0.2977316706084713,0.0,0.0,0.0,1.0,0.0,1.0,3,0.182
-0.2773333333333335,-0.5248713550600341,-0.3982843348070164,-0.7040898155573377,-1.0,-0.5,-0.6666666666666666,0.0,-0.551931476156313,-0.4275367072675895,-0.2798617784019514,0.8916006962746337,-0.4912276929692539,1.0,0.0,0.0,0.0,1.0,0.0,2,0.183
0.8604444444444446,1.130360205831904,1.49030064280103,0.21224271585137683,-1.0,0.5,0.6666666666666666,0.0,0.8310463607077686,1.6443009279169616,1.2311977973242663,-0.1763774297893834,0.3939475381638357,0.0,0.0,1.0,0.0,0.0,1.0,0,0.156
0.7039999999999998,0.8456260720411665,1.0958123319169921,0.0850040096230956,0.0,1.0,0.3333333333333333,1.0,0.6822794880082693,0.7440586830333824,1.1047102520511491,-0.07388686730687871,1.0912384433455171,0.0,1.0,0.0,0.0,1.0,0.0,0,0.149
-0.46577777777777785,0.253859348198971,-0.10127700079705039,0.9296979417268113,1.0,0.0,0.6666666666666666,1.0,-0.10776780647078636,-0.1611645248525756,-0.37160913593022393,-0.6183773829131172,0.29020640722425284,1.0,0.0,0.0,0.0,0.0,1.0,0,0.158
0.3662222222222221,-0.4288164665523155,-0.14446680772737447,-0.9788826516974074,0.0,-0.5,-0.6666666666666666,1.0,-0.15866447443267417,0.11021291794531636,0.23135486732204877,1.4930053819014213,-0.07139324876370677,0.0,0.0,0.0,1.0,0.0,1.0,4,0.152
0.814222222222222,0.09433962264150943,0.48434283486149093,-0.6762897620956966,-1.0,1.0,1.0,1.0,0.37515067362147253,0.09631481629965483,0.07595309664013924,0.8432810340670196,-0.07754246398623954,0.0,1.0,0.0,0.0,0.0,1.0,2,0.162
-0.9742222222222223,-0.5128644939965693,-0.5907232515066546,0.5490510558674154,0.0,-1.0,-1.0,0.0,-1.0869737279215785,-0.6279657990072091,-0.5360860620395693,-0.4084652012863689,-0.48971188991614706,0.0,0.0,0.0,1.0,0.0,1.0,0,0.163
-0.9066666666666668,-0.8936535162950255,-0.6794194721118394,-0.7896284415931571,0.0,-1.5,-1.6666666666666667,-1.0,-1.558363629509313,-0.5698707622331237,-0.19970988247468408,1.0558250814466215,-0.5728552999354978,0.0,0.0,0.0,1.0,1.0,0.0,1,0.091
-0.4302222222222223,0.3704974271012008,-0.026916217967464375,1.0580058807805404,0.0,0.5,0.3333333333333333,2.0,-0.027223621445601476,-0.28436682241287564,-0.18746106247954136,-0.6799553908484287,0.038798107933777644,1.0,0.0,0.0,0.0,1.0,0.0,0,0.161
-0.9066666666666668,-0.7341337907375642,-0.6341882988422701,-0.3213044640470463,0.0,-1.5,-1.6666666666666667,-1.0,-1.2831282070998618,-0.2823841561641239,0.16469251238081156,0.33167624800858914,-0.5304558159535584,1.0,0.0,0.0,0.0,0.0,1.0,1,0.126
0.20977777777777773,-0.3361921097770153,-0.12886985142752297,-0.7917669072440526,0.0,0.0,0.3333333333333333,1.0,-0.13989994711155085,-0.20500914796375805,-0.30480159023473385,1.0593132456817829,-0.05677273704579664,0.0,0.0,0.0,1.0,1.0,0.0,3,0.183
0.32711111111111096,-0.053173241852487035,0.1239384608327169,-0.5415664260892811,0.0,0.0,0.0,1.0,0.11440401835795629,0.19669944383296048,0.16078116145563848,0.6253167738058317,0.1802085572995055,0.0,0.0,1.0,0.0,0.0,1.0,3,0.196
0.23466666666666647,-0.49914236706689524,-0.23625948289208862,-0.9970596097300191,-1.0,-0.5,0.0,1.0,-0.27927694902636196,-0.08426331557194813,-0.32287123955946484,1.542624218070606,-0.4152870350462266,0.0,0.0,0.0,1.0,0.0,1.0,4,0.169
0.24888888888888888,0.2126929674099486,0.2790364292144754,-0.1769580326116012,0.0,0.0,0.3333333333333333,1.0,0.2373899033950575,0.4431477742384596,0.16466611406185647,0.17169217191398048,0.32559664588260595,0.0,0.0,0.0,1.0,0.0,1.0,3,0.201
-0.6897777777777778,-0.6706689536878214,-0.5672360702551135,-0.5287356321839082,0.0,-1.5,-1.3333333333333333,0.0,-0.9984350845707395,0.14316016590251412,-0.17873641806489765,0.6064389888190043,-0.4676951193291765,0.0,0.0,1.0,0.0,1.0,0.0,1,0.093
-0.5973333333333335,0.0017152658662094086,-0.2775226069853722,0.754343758353382,0.0,0.0,-0.3333333333333333,2.0,-0.3402145387441982,-0.4412161324887564,-0.24161985364771976,-0.5270632807796537,-0.19611911416899594,1.0,0.0,0.0,0.0,0.0,1.0,0,0.169
-0.9244444444444446,-0.40308747855917654,-0.5461572425498731,0.7137129109863675,0.0,-0.5,-0.3333333333333333,0.0,-0.9267020873231033,-0.7408271314269608,-0.6744678098898661,-0.5050858333649563,-0.4479359277574715,0.0,0.0,0.0,1.0,0.0,1.0,0,0.168
-0.03911111111111116,-0.22641509433962256,-0.14944407172306232,-0.47099705960973004,1.0,0.0,0.0,1.0,-0.164748604828574,-0.23770127342571193,-0.2063006627737946,0.5249539812483689,0.22247903676628683,0.0,1.0,0.0,0.0,0.0,1.0,2,0.167
0.41955555555555546,0.5008576329331046,0.5996915013790692,-0.011226944667201238,0.0,0.5,0.6666666666666666,2.0,0.44307715115440405,0.512169343023129,0.3343050114568704,0.010251011251950696,0.6261771662008171,0.0,0.0,1.0,0.0,0.0,1.0,0,0.153
0.7039999999999998,1.130360205831904,1.3490105680847282,0.35124298315958313,0.0,0.0,0.0,2.0,0.7809552084456737,2.1433205286138106,1.8057352107817772,-0.2787621678245629,1.328585250483767,0.0,1.0,0.0,0.0,0.0,1.0,0,0.149
0.34488888888888874,0.5883361921097772,0.6159077485908265,0.15557337610264635,-1.0,0.0,0.3333333333333333,0.0,0.45217045623374447,0.9784312153306755,0.5523782245546602,-0.13222725812545458,-0.015878305740700906,0.0,1.0,0.0,0.0,1.0,0.0,0,0.15
0.590222222222222,0.1063464837049743,0.3794762404454307,-0.542635658914729,-1.0,0.5,0.6666666666666666,1.0,0.30781749690742755,0.23223436281334522,0.11253603370537359,0.6278062921094961,-0.12669318426144915,0.0,1.0,0.0,0.0,0.0,1.0,2,0.19
0.01422222222222217,0.8919382504288164,0.5758832063213547,0.9628441593156913,0.0,0.5,0.6666666666666666,0.0,0.4295320061724059,0.4819045258730659,0.3103287382659472,-0.6349203739149871,0.6038593850784778,0.0,1.0,0.0,0.0,1.0,0.0,0,0.154
-0.21688888888888894,-0.5008576329331045,-0.3682831306302432,-0.7169206094627106,0.0,-0.5,0.0,0.0,-0.4937442749750957,-0.3639747598811372,-0.5001447507822702,0.91559546815313,-0.281197591915717,1.0,0.0,0.0,0.0,0.0,1.0,2,0.199
0.02488888888888874,-0.699828473413379,-0.4243633632083857,-1.1478214381181506,1.0,-0.5,0.0,0.0,-0.6062874641510466,-0.48278895052324405,-0.5754459556015472,2.020692355651758,-0.1640829929047516,0.0,1.0,0.0,0.0,0.0,1.0,4,0.123
-0.5191111111111112,-0.765008576329331,-0.569185689792595,-0.9168671478214383,0.0,-1.0,-1.0,0.0,-1.0054147173315355,-0.5595200781403756,-0.47824734520905704,1.336298665799595,-0.4695226832939153,1.0,0.0,0.0,0.0,0.0,1.0,1,0.101
0.935111111111111,1.130360205831904,1.5577345420974467,0.15129644480085538,0.0,1.0,1.3333333333333333,0.0,0.8538675333015253,1.2333836289109672,0.8269735383250792,-0.12863322312312117,1.5242420984734466,0.0,1.0,0.0,0.0,1.0,0.0,0,0.15
-0.5013333333333334,0.21955403087478578,-0.13662245617656674,0.9510825982357661,1.0,0.0,0.3333333333333333,2.0,-0.1491707379333711,-0.217327919876958,-0.31372422204154043,-0.6288211799589334,0.24050741775962167,0.0,0.0,0.0,1.0,0.0,1.0,0,0.165
-0.4906666666666668,-0.40994854202401354,-0.40757369848560443,-0.2678428227746592,0.0,-0.5,-0.3333333333333333,0.0,-0.5708627998460609,-0.44721758547211027,-0.4511697095128982,0.27044358822517395,-0.3180283809933348,0.0,1.0,0.0,0.0,0.0,1.0,4,0.153
0.32711111111111096,-0.03945111492281298,0.1341911659298251,-0.5265971665330127,0.0,1.0,1.0,0.0,0.12315901684158301,-0.2746089944043133,-0.2374888100459097,0.6027050492495066,0.18981939367877873,1.0,0.0,0.0,0.0,0.0,1.0,2,0.185
-0.5120000000000002,-0.03259005145797584,-0.25148945198488476,0.49024325046778944,-1.0,-0.5,-0.3333333333333333,2.0,-0.30121957091703505,-0.11653023687516242,-0.19967292482814702,-0.37163931865008476,-0.422425284884971,0.0,1.0,0.0,0.0,0.0,1.0,0,0.18
-0.49422222222222245,0.2881646655231563,-0.10253851932130308,1.063352044907779,0.0,0.0,0.3333333333333333,2.0,-0.10920840792803067,-0.1631690587437768,-0.27449632007433766,-0.6826516845111478,-0.0320898731455601,1.0,0.0,0.0,0.0,1.0,0.0,0,0.146
-0.8568888888888889,-0.8456260720411662,-0.6578360369968979,-0.7265437048917404,1.0,-1.5,-1.6666666666666667,-1.0,-1.4149390869340621,-0.43268775193346404,-0.025824155517776667,0.932374886500413,-0.49236723285314987,0.0,0.0,0.0,1.0,1.0,0.0,1,0.099
-0.9422222222222223,-0.6963979416809604,-0.6311835910845046,-0.12670408981555742,0.0,-1.0,-0.6666666666666666,-1.0,-1.2678656523699006,-0.756547536610078,-0.7489467070736935,0.11971779678727323,-0.5276392173726081,1.0,0.0,0.0,0.0,1.0,0.0,1,0.099
0.8568888888888887,1.130360205831904,1.4870895047392958,0.2143811815022723,-1.0,0.0,0.3333333333333333,2.0,0.829942845862356,2.362725874523468,1.555039175105329,-0.17866848377646002,0.39244248548699207,1.0,0.0,0.0,0.0,0.0,1.0,0,0.176
0.8071111111111112,1.130360205831904,1.442133571875018,0.2571504945201818,0.0,0.0,-0.6666666666666666,1.0,0.814327847438202,2.2912915758552073,3.4269439722078494,-0.21091476695373298,1.415878305740701,0.0,1.0,0.0,0.0,0.0,1.0,0,0.18
0.3377777777777778,1.130360205831904,1.018263347726113,0.7639668537824115,0.0,0.5,0.3333333333333333,0.0,0.6493852178171033,1.0442528191035725,1.0154575356641287,-0.5325780078687404,1.0185443990539669,1.0,0.0,0.0,0.0,1.0,0.0,0,0.181
-0.23466666666666672,0.1629502572898799,-0.01746629738578959,0.32985832665062825,0.0,0.0,0.0,2.0,-0.0175574334222311,-0.027990582335318332,-0.029088747628551022,-0.2633740141443496,0.047656417974629134,0.0,1.0,0.0,0.0,0.0,1.0,0,0.166
0.3519999999999999,0.06174957118353359,0.22231396902398606,-0.4314354450681637,0.0,1.0,1.3333333333333333,1.0,0.19462176557769106,-0.18125845852558625,-0.24890051001552216,0.47096846585298346,0.27242528488497103,0.0,1.0,0.0,0.0,0.0,1.0,3,0.207
0.15644444444444439,1.0343053173241854,0.7888504699156503,0.9125902165196473,1.0,0.0,-0.3333333333333333,1.0,0.5430899258566788,1.253234588778984,1.4766150491536696,-0.6100288312229994,1.5418082132874653,1.0,0.0,0.0,0.0,0.0,1.0,0,0.162
-0.22755555555555576,-0.7667238421955401,-0.5146422161439966,-1.1189521518310617,-1.0,-1.5,-1.6666666666666667,0.0,-0.8304068439320361,0.4774435268133743,1.127808781136817,1.9190119478439376,-0.5457643517523113,0.0,1.0,0.0,0.0,0.0,1.0,1,0.112
0.05688888888888868,0.9914236706689538,0.6748550687240887,1.0205827318898693,1.0,0.5,0.6666666666666666,2.0,0.4843620145648486,0.6077163620990024,0.40999889127060385,-0.6624184913959517,1.3815201032036122,0.0,1.0,0.0,0.0,1.0,0.0,0,0.174
0.7608888888888886,-0.11492281303602038,0.26637537057106636,-0.8409516172146487,0.0,0.0,0.3333333333333333,2.0,0.22804434954797925,0.42302954318494923,0.15009424199866933,1.1632229089322828,0.31372823048806703,0.0,0.0,1.0,0.0,0.0,1.0,3,0.198
-0.19911111111111116,0.06518010291595216,-0.05203190495031346,0.12670408981555742,-1.0,0.0,-0.3333333333333333,1.0,-0.05351049922338059,-0.08291481095423103,0.1217107694582007,-0.1091963460692016,-0.32894001290045155,1.0,0.0,0.0,0.0,1.0,0.0,0,0.15
0.13511111111111102,0.6706689536878218,0.5248031744393411,0.49772788024592374,-1.0,1.0,1.3333333333333333,1.0,0.39965449154847,0.1391753955006113,-0.005201788750092284,-0.37589867936525956,-0.05857880025800899,0.0,0.0,1.0,0.0,0.0,1.0,0,0.164
-0.824888888888889,-0.8387650085763291,-0.6505651029571142,-0.7532745255279338,0.0,-1.0,-0.3333333333333333,-1.0,-1.3719962257814164,-0.8181413961760783,-0.842699016926602,0.9829509229463163,-0.5458073532573641,0.0,0.0,0.0,1.0,0.0,1.0,1,0.111
0.4622222222222222,0.7924528301886793,0.8608946460006994,0.25501202886928653,0.0,0.5,0.6666666666666666,0.0,0.5780524803910828,0.8442076259758435,0.5973510606844554,-0.20914655929026033,0.8710277359707589,0.0,0.0,1.0,0.0,0.0,1.0,0,0.17
0.48711111111111094,0.31560891938250435,0.49507721066785937,-0.2624966586474206,0.0,0.0,-0.3333333333333333,0.0,0.38172689168965795,0.7864333146243505,1.0032615123068962,0.26367970573351635,0.5281122339281875,0.0,1.0,0.0,0.0,0.0,1.0,3,0.23
0.3093333333333332,0.3259005145797598,0.3966099556748263,-0.10211173483025923,0.0,0.5,0.3333333333333333,1.0,0.31922276738328653,0.25401453469301477,0.29998389702543726,0.0963643815805661,0.4358095033326166,0.0,0.0,0.0,1.0,1.0,0.0,4,0.202
-0.9493333333333335,-0.5523156089193824,-0.5941866932732393,0.34055065490510594,-1.0,-1.0,-0.6666666666666666,0.0,-1.1009212671877397,-0.638972512373441,-0.6744308522433291,-0.27106763752280666,-0.5830466566329822,0.0,1.0,0.0,0.0,0.0,1.0,0,0.162
-0.8817777777777779,-0.22641509433962256,-0.48048946918741015,1.0740443731622566,-1.0,0.0,-0.3333333333333333,0.0,-0.7379145139316429,-0.7637274125476533,-0.568658067854239,-0.6873274411808787,-0.5297570414964524,0.0,0.0,1.0,0.0,0.0,1.0,0,0.162
-0.8106666666666669,-0.8679245283018866,-0.6575837332920473,-0.848436246992783,1.0,-1.5,-1.3333333333333333,-1.0,-1.4134087762298668,-0.43108412482050307,-0.5426768423386799,1.1784457589300599,-0.49201247043646523,1.0,0.0,0.0,0.0,0.0,1.0,1,0.11
0.8995555555555554,-0.1938250428816466,0.2507096041698922,-0.9671210906174822,0.0,0.5,1.0,0.0,0.21632413999243916,0.06854776986493101,-0.13318611870796063,1.462416232034752,0.29904321651257804,1.0,0.0,0.0,0.0,0.0,1.0,2,0.191
0.6684444444444444,0.41509433962264153,0.6904061516230583,-0.2945736434108529,0.0,1.0,1.3333333333333333,0.0,0.492638174932047,0.3146024827063397,0.12821531524872493,0.30121294704037044,0.7112126424424856,0.0,0.0,0.0,1.0,0.0,1.0,3,0.187
0.010666666666666566,-0.6655231560891938,-0.4058534459525326,-1.096498262496659,0.0,-0.5,-1.0,0.0,-0.567322242460863,-0.443572978397199,-0.03962167689161564,1.8418109408609118,-0.3164158245538594,0.0,1.0,0.0,0.0,0.0,1.0,4,0.165
0.7679999999999998,0.097770154373928,0.46372274116506973,-0.6506281742849508,0.0,0.0,0.6666666666666666,2.0,0.3623608474970861,0.7366115359103137,0.19737693103703152,0.7979713910507588,0.4987207052246829,1.0,0.0,0.0,0.0,0.0,1.0,2,0.177
0.9777777777777777,0.37221269296741,0.8440361711765954,-0.5191125367548786,1.0,0.0,0.3333333333333333,1.0,0.5700101708598277,1.3409238350013486,0.814935904881577,0.59227134518232,1.61940442915502,0.0,1.0,0.0,0.0,1.0,0.0,2,0.161
-0.8817777777777779,-0.3361921097770153,-0.5126467232056333,0.7618283881315158,-1.0,-1.0,-0.6666666666666666,0.0,-0.8246909885771131,-0.3798409493472508,-0.5102003104442309,-0.5310545878458102,-0.5448290690174156,1.0,0.0,0.0,0.0,1.0,0.0,0,0.157
-0.8817777777777779,-0.4065180102915951,-0.5332209435011727,0.5608126169473406,0.0,-1.0,-1.0,0.0,-0.885730213547857,-0.44522520027115875,-0.3816646955921847,-0.41580527466220574,-0.43580950333261664,1.0,0.0,0.0,0.0,0.0,1.0,0,0.164
0.8853333333333331,1.0188679245283019,1.40603120538095,0.09462710505212515,1.0,0.5,0.3333333333333333,1.0,0.8015582947421336,1.53717863677117,1.461747515918186,-0.08187933649872575,2.4096215867555366,0.0,0.0,0.0,1.0,1.0,0.0,0,0.161
-0.7715555555555557,-0.5248713550600341,-0.5369596256730489,-0.03902699812884254,1.0,-1.5,-1.0,0.0,-0.897352439152831,0.33559541945782834,-0.39170485623475493,0.0356437857763934,-0.32240378413244464,0.0,1.0,0.0,0.0,0.0,1.0,1,0.095
0.16711111111111096,-0.25385934819897077,-0.08728561352806596,-0.6655974338412192,0.0,0.0,-0.3333333333333333,1.0,-0.09196569285163438,-0.13893242169561695,0.06490686673072658,0.8247422850826824,-0.017791872715545044,0.0,1.0,0.0,0.0,1.0,0.0,2,0.176
-0.8568888888888889,-0.8799313893653515,-0.6682034255962109,-0.8206361935311417,-1.0,-1.5,-1.6666666666666667,-1.0,-1.4805606835610525,-0.4985822478478596,-0.10934843669155159,1.119418704268978,-0.6177381208342292,0.0,1.0,0.0,0.0,1.0,0.0,1,0.109
0.3057777777777776,-0.3173241852487134,-0.0811615145103302,-0.8249131248329328,-1.0,-0.5,-0.6666666666666666,1.0,-0.08514825901668695,0.24433445830205033,0.35885874787493516,1.127223279842005,-0.3425929907546764,1.0,0.0,0.0,0.0,0.0,1.0,2,0.171
0.09244444444444425,-0.5540308747855917,-0.313739656981645,-0.9927826784282281,0.0,-1.0,-0.3333333333333333,0.0,-0.397917119720676,0.25227970172535696,-0.2999759775297509,1.5321392267310634,-0.23006880240808433,0.0,0.0,0.0,1.0,1.0,0.0,4,0.143
0.7146666666666665,1.130360205831904,1.3586439822699306,0.3416198877305536,-1.0,0.0,-0.6666666666666666,1.0,0.784474352443014,2.1586278783284376,3.258786680464188,-0.2716757512908468,0.33224037841324444,1.0,0.0,0.0,0.0,0.0,1.0,0,0.155
-0.3840000000000002,0.08233276157804478,-0.1367142029783306,0.45068163592622307,0.0,0.0,0.3333333333333333,0.0,-0.1492811122089799,-0.21747370415995446,-0.31382981531736054,-0.3456617600927456,-0.06412599440980435,1.0,0.0,0.0,0.0,0.0,1.0,0,0.161
0.24177777777777767,0.48885077186963977,0.4726221809361615,0.15129644480085538,0.0,1.0,1.0,1.0,0.36790649665477365,0.08389885486445717,0.06546123142878273,-0.1285892260760606,0.5070629972049022,0.0,1.0,0.0,0.0,0.0,1.0,1,0.154
-0.014222222222222424,0.5368782161234993,0.3329147385502858,0.5340817963111467,-1.0,0.5,0.6666666666666666,0.0,0.27595567823454437,0.1730459439167864,0.06564601966146791,-0.399329552810606,-0.14851644807568265,1.0,0.0,0.0,0.0,0.0,1.0,0,0.162
-0.721777777777778,-0.06689536878216108,-0.361310373696192,0.9435979684576318,0.0,-0.5,0.0,0.0,-0.4808189975743194,-0.3492019525374969,-0.4907821469928795,-0.6254138997250318,-0.27466136314771017,0.0,0.0,0.0,1.0,0.0,1.0,0,0.157
-0.05688888888888894,0.17667238421955422,0.08666632261616003,0.10104250200481162,-1.0,0.5,-0.6666666666666666,0.0,0.08172421271591254,-0.13998206853319142,0.6968826225145982,-0.0880034744217906,-0.2639324876370673,0.0,0.0,0.0,1.0,0.0,1.0,0,0.143
0.6542222222222219,0.3396226415094341,0.6157013182868577,-0.3576583801122696,1.0,0.0,0.0,1.0,0.45205536189569057,0.9781032006939332,0.8210911129179291,0.3758175630230596,1.2983444420554717,0.0,1.0,0.0,0.0,0.0,1.0,3,0.212
0.09244444444444425,-0.4734133790737563,-0.2605953220599451,-0.8912055600106926,-1.0,-1.0,-1.0,0.0,-0.3146391946880804,0.42117079357674464,0.35046628230714255,1.2750053806546708,-0.42669318426144914,0.0,0.0,1.0,0.0,0.0,1.0,4,0.142
-0.2560000000000001,0.39279588336192117,0.09242343442684049,0.7265437048917404,0.0,0.5,0.6666666666666666,1.0,0.08686203821804037,-0.13266369752676965,-0.1765420578017592,-0.5118082790684222,0.15066652332831648,0.0,0.0,1.0,0.0,0.0,1.0,0,0.182
0.615111111111111,-0.41852487135505984,-0.05682567534247361,-1.0686982090350177,0.0,-0.5,-0.3333333333333333,0.0,-0.058629824042381255,0.2958934997217951,0.11398662133195367,1.7546379997115935,0.01076112663943242,1.0,0.0,0.0,0.0,0.0,1.0,4,0.161
-1.0133333333333334,-0.5797598627787306,-0.6181555452340404,0.4677893611333869,0.0,-1.0,-0.6666666666666666,0.0,-1.2049326831673575,-0.7151448002390862,-0.7227067780323748,-0.35725118856723226,-0.5154267899376478,0.0,0.0,0.0,1.0,0.0,1.0,0,0.166
0.07822222222222207,0.24871355060034303,0.20733630363604041,0.03795776530339492,0.0,0.0,-0.3333333333333333,1.0,0.1829271925753511,0.32921735707673366,0.5396278364993716,-0.03364073840230829,0.258385293485272,0.0,0.0,0.0,1.0,0.0,1.0,0,0.182
-0.11022222222222228,0.4716981132075471,0.22965371316509264,0.5918203688853251,0.0,0.0,-1.0,1.0,0.200289409931158,0.3646793839156202,1.6670208441126468,-0.43447971950439795,0.2793055256933993,0.0,0.0,0.0,1.0,0.0,1.0,0,0.171
-0.9066666666666668,-0.3962264150943395,-0.5384046378008293,0.6730820636193535,-1.0,-1.0,-0.6666666666666666,0.0,-0.9018911624067611,-0.46169882424975756,-0.5620796067706407,-0.4816790623737503,-0.5569017415609546,1.0,0.0,0.0,0.0,0.0,1.0,0,0.149
0.8213333333333331,1.1132075471698113,1.438968307214166,0.22935044105854072,-1.0,0.5,1.0,1.0,0.8132165835507408,1.5790478828477506,0.9304960126805792,-0.19009846094488536,0.36988819608686313,1.0,0.0,0.0,0.0,0.0,1.0,0,0.155
0.33066666666666655,-0.5506003430531731,-0.2469250485971341,-1.0975674953221066,1.0,-0.5,-1.0,0.0,-0.2945785342963391,-0.10685987943639791,0.38717754453396397,1.8455441969081137,0.08541173941087939,0.0,1.0,0.0,0.0,0.0,1.0,4,0.154
-0.6755555555555557,-0.6037735849056602,-0.5392532957171446,-0.3982892274792838,0.0,-1.0,-0.6666666666666666,0.0,-0.9045690936164456,-0.4643958334851919,-0.5637888979229803,0.42702599769722244,-0.44146420124704366,0.0,1.0,0.0,0.0,0.0,1.0,1,0.115
-0.8711111111111113,-0.8936535162950255,-0.6743733980148287,-0.839882384389201,0.0,-1.0,-0.6666666666666666,-1.0,-1.5223994788879776,-0.8938034390512358,-0.8359357676103184,1.1602626761465147,-0.5681251343797032,1.0,0.0,0.0,0.0,0.0,1.0,1,0.113
0.8497777777777775,1.130360205831904,1.4806672286158276,0.2207965784549588,0.0,0.5,0.3333333333333333,2.0,0.8277311330129364,1.6320550481452596,1.5476476457979154,-0.1832554508301249,1.4519995699849495,1.0,0.0,0.0,0.0,0.0,1.0,0,0.157
0.08888888888888889,-0.0840480274442537,-0.005493339755609519,-0.39508152900294047,0.0,0.0,0.6666666666666666,0.0,-0.005479616800243715,-0.008965733404281652,-0.27514967846847516,0.42402053470231277,0.05887981079337775,0.0,1.0,0.0,0.0,0.0,1.0,3,0.211
-0.7964444444444445,-0.588336192109777,-0.5645754130039624,-0.14808874632451227,-1.0,-1.0,-1.0,0.0,-0.9890093651698525,-0.5448687576992324,-0.4658665336191391,0.14195935827684592,-0.5691679208772307,0.0,1.0,0.0,0.0,0.0,1.0,1,0.1
-0.021333333333333385,-0.07547169811320739,-0.04939418439960328,-0.2828120823309276,1.0,0.0,1.3333333333333333,2.0,-0.05070787562796804,-0.07872351281808308,-0.467800650454579,0.2873985690939026,0.36315846054611894,1.0,0.0,0.0,0.0,1.0,0.0,3,0.205
0.08177777777777767,-0.5454545454545454,-0.31098725292873003,-0.9767441860465119,0.0,0.0,0.0,0.0,-0.393379201326188,-0.4943909497117116,-0.4232112499076059,1.4877003451966044,-0.22748871210492372,0.0,0.0,0.0,1.0,0.0,1.0,4,0.143
0.9137777777777779,0.0017152658662094086,0.44578624142024054,-0.8035284683239778,0.0,0.5,0.0,1.0,0.3510628306939819,0.3165268352418928,0.592939241629093,1.0838655699955149,0.4819071167490863,1.0,0.0,0.0,0.0,0.0,1.0,2,0.164
-0.2808888888888891,0.10291595197255574,-0.07354652996393206,0.3074044373162258,0.0,0.0,0.0,2.0,-0.07675322656133823,-0.1171012253168985,-0.10438995244782812,-0.24782209052504475,-0.00491292195226831,0.0,1.0,0.0,0.0,1.0,0.0,0,0.17
-0.19555555555555557,-0.29502572898799306,-0.24869117453108783,-0.42288158246458174,0.0,-1.0,-0.6666666666666666,0.0,-0.29714149595812717,0.4590018150143235,0.02143543499149978,0.4592548434911604,-0.16909266824338848,0.0,0.0,0.0,1.0,0.0,1.0,4,0.146
0.32,-0.39794168096054877,-0.13611784876686572,-0.9222133119486771,1.0,0.5,0.6666666666666666,1.0,-0.14856395775706488,-0.4231826166820955,-0.4066958016113534,1.3499201310458355,0.24121694259299067,1.0,0.0,0.0,0.0,1.0,0.0,2,0.159
-0.3235555555555556,-0.26415094339622625,-0.2801603275360824,-0.23041967388398835,0.0,-0.5,0.6666666666666666,2.0,-0.3442762810789389,-0.17727368812368344,-0.5517545642693473,0.2284349610381476,-0.19859170070952487,0.0,1.0,0.0,0.0,0.0,1.0,4,0.141
-0.21688888888888894,0.5214408233276159,0.18673914664006003,0.8527131782945738,0.0,1.0,0.6666666666666666,1.0,0.16655381003189532,-0.21894369568016867,-0.08156090620149316,-0.5794580357473867,0.23907761771662003,0.0,1.0,0.0,0.0,0.0,1.0,0,0.16
-0.05688888888888894,0.3893653516295026,0.21495128818243844,0.39508152900294047,0.0,0.5,-0.3333333333333333,0.0,0.1888948336648009,0.02309223042663775,0.5518977751496783,-0.3090121580237938,0.2655235433240163,0.0,0.0,1.0,0.0,0.0,1.0,0,0.157
0.775111111111111,0.08233276157804478,0.45326360576399277,-0.6677358994921146,0.0,1.0,1.3333333333333333,0.0,0.35579260318112077,0.06339186572295644,-0.06283723852465073,0.8281592597710395,0.48891636207267253,1.0,0.0,0.0,0.0,0.0,1.0,0,0.179
0.7928888888888888,1.130360205831904,1.4292890196280814,0.2699812884255547,1.0,0.0,0.0,0.0,0.8098085385627725,2.2708817762357043,1.9135283465148938,-0.22018760385228425,2.4423242313480973,0.0,0.0,0.0,1.0,0.0,1.0,0,0.152
-0.6115555555555556,-0.1921097770154373,-0.3608057662864909,0.3801122694466723,0.0,0.0,0.3333333333333333,0.0,-0.479891854147001,-0.573551815378784,-0.5717413915081887,-0.29865280524279764,-0.2741883465921307,0.0,1.0,0.0,0.0,0.0,1.0,0,0.163
-0.6577777777777779,-0.22469982847341327,-0.39183912198310716,0.41325848703555196,-1.0,-0.5,-0.3333333333333333,0.0,-0.5390606570131017,-0.413881579426922,-0.4258167639884691,-0.3211096810667757,-0.4882068372393034,0.0,1.0,0.0,0.0,0.0,1.0,0,0.15
0.20266666666666652,0.8970840480274443,0.7327931740379486,0.6794974605720397,1.0,0.0,0.0,2.0,0.5147613015777207,1.1641603918681527,0.9783151008943746,-0.48568734355093457,1.4629864545259081,1.0,0.0,0.0,0.0,0.0,1.0,0,0.154
-0.010666666666666819,0.6037735849056604,0.3768385198947205,0.6196204223469661,0.0,0.0,0.0,1.0,0.30604679402934204,0.5985538199126753,0.5003603370537363,-0.45057572853835887,0.4172758546549129,0.0,1.0,0.0,0.0,0.0,1.0,0,0.159
0.08888888888888889,0.3619210977701545,0.28791293228512616,0.16947340283346712,0.0,0.5,0.6666666666666666,0.0,0.24387597382575868,0.11584019126897936,0.020326705595387684,-0.14325625080964635,0.3339174371102989,0.0,0.0,1.0,0.0,0.0,1.0,0,0.153
-0.4444444444444444,0.2555746140651802,-0.08824895494658616,0.8826516974071106,0.0,0.0,0.0,0.0,-0.0930435293920113,-0.1404631566670796,-0.12413149530637889,-0.5950480653359637,-0.018694904321651218,0.0,1.0,0.0,0.0,1.0,0.0,0,0.167
0.664888888888889,0.5506003430531734,0.8066722861582747,-0.16305800588078045,1.0,0.5,0.6666666666666666,1.0,0.5518853546712876,0.775280816975122,0.5427461379259367,0.15722633680313058,1.5668673403569124,0.0,0.0,0.0,1.0,0.0,1.0,3,0.203
0.017777777777777778,0.5300171526586621,0.35034663088541396,0.47955092221331225,-1.0,0.5,0.6666666666666666,1.0,0.28803679699662993,0.1952051549322469,0.08320090176657545,-0.3642690182503285,-0.14034616211567405,0.0,0.0,1.0,0.0,0.0,1.0,0,0.166
-0.7751111111111113,-0.6792452830188678,-0.5893699861806381,-0.41753541833734314,-1.0,-1.0,-1.0,0.0,-1.0815909146818121,-0.6236651626588138,-0.5324518934634243,0.45310930597906546,-0.5807890776177166,0.0,0.0,1.0,0.0,0.0,1.0,1,0.103
0.7111111111111111,1.1183533447684393,1.344721405102269,0.33306602512697164,1.0,1.0,0.6666666666666666,0.0,0.7793832411614268,1.0077338562129619,1.0845914332175324,-0.26612999058855236,2.3234143195011825,0.0,0.0,1.0,0.0,1.0,0.0,0,0.147
-0.1635555555555556,-0.11663807890222978,-0.13653070937480288,-0.18978882651697412,-1.0,-0.5,0.0,1.0,-0.14906037923579774,0.12702670525090706,-0.1889613669401532,0.18545426306272522,-0.36854439905396685,0.0,1.0,0.0,0.0,1.0,0.0,4,0.136
0.14577777777777756,-0.07890222984562596,0.023406902799997645,-0.4367816091954023,0.0,0.0,-0.3333333333333333,1.0,0.02292741343176387,0.03695631573960015,0.2432644689186192,0.4776175472655226,0.08597075897656416,1.0,0.0,0.0,0.0,0.0,1.0,3,0.188
-0.4906666666666668,-0.3790737564322469,-0.39399517182455723,-0.2090350173750335,0.0,-0.5,-1.0,0.0,-0.5433426591098764,-0.41844948696081075,-0.007776504792174903,0.2059610792041913,-0.3052999354977424,1.0,0.0,0.0,0.0,0.0,1.0,4,0.14
-0.760888888888889,-0.5694682675814751,-0.5490472668054337,-0.17054263565891475,0.0,-1.0,-0.3333333333333333,0.0,-0.9361563613204928,-0.4955207779049341,-0.6791244733535369,0.16520344400138454,-0.4506450225757901,1.0,0.0,0.0,0.0,0.0,1.0,1,0.121
-0.8675555555555556,-0.6209262435677528,-0.5925352508414903,-0.08179631114675225,0.0,-1.0,-1.0,0.0,-1.0942397447890162,-0.6337242781855688,-0.5409521521669499,0.07650779358722913,-0.49141044936572786,1.0,0.0,0.0,0.0,0.0,1.0,1,0.105
0.25955555555555543,0.7684391080617498,0.6862775455436859,0.45495856722801403,0.0,0.5,0.3333333333333333,2.0,0.49044949106400043,0.6222364766854488,0.6333682671087505,-0.34852070449308936,0.7073425069877447,0.0,1.0,0.0,0.0,0.0,1.0,0,0.138
0.06755555555555551,0.7838765008576329,0.5490472668054337,0.73616680032077,0.0,0.0,0.0,0.0,0.4139776630839201,0.8721909190970124,0.7315920122206616,-0.5173263262581742,0.5787035046226618,0.0,0.0,0.0,1.0,0.0,1.0,0,0.141
-0.6222222222222223,0.022298456260720606,-0.28139890935989414,0.8612670408981558,-1.0,-0.5,-1.0,1.0,-0.3461908383008588,-0.17989780521761947,0.2945986399586073,-0.5840462521467165,-0.43644377553214364,0.0,0.0,1.0,0.0,1.0,0.0,0,0.163
-0.5155555555555555,0.06346483704974275,-0.2117860235215864,0.6837743918738307,0.0,-0.5,-1.0,1.0,-0.24525778231008544,-0.032412705586210774,0.48154273535861214,-0.48809575153603724,-0.13449795742851003,0.0,1.0,0.0,0.0,0.0,1.0,0,0.165
-0.6933333333333335,-0.31389365351629495,-0.43826300367560633,0.2935044105854053,1.0,0.0,-0.3333333333333333,0.0,-0.6368796358779507,-0.6966301962985371,-0.5006190405794959,-0.2378353111403187,-0.18362717695119332,0.0,1.0,0.0,0.0,0.0,1.0,0,0.155
0.8711111111111111,0.3687821612349914,0.7748361459462249,-0.46351242983159596,0.0,0.0,0.0,2.0,0.5361034064481155,1.230966039551276,1.034767905979747,0.5143732649005833,0.7903569124919372,1.0,0.0,0.0,0.0,0.0,1.0,2,0.167
-0.8995555555555557,-0.5351629502572898,-0.5758143962200318,0.24431970061480887,0.0,-1.0,-1.0,0.0,-1.0296225936076835,-0.5805859070333627,-0.49604861162441166,-0.20088882624118343,-0.4757364007740271,0.0,1.0,0.0,0.0,0.0,1.0,0,0.163
-0.31288888888888905,0.5025728987993141,0.11247011061223786,1.0173750334135263,0.0,0.0,0.0,1.0,0.10449338147783162,0.1784764084584042,0.14538214206519318,-0.6611021012572013,0.16945818103633628,1.0,0.0,0.0,0.0,1.0,0.0,0,0.153
-0.8995555555555557,-0.7993138936535161,-0.6514137608734296,-0.525527933707565,0.0,-1.5,-1.0,-1.0,-1.3768886069312234,-0.39186815269445796,-0.6990692832680415,0.6017388297377343,-0.5466028811008385,1.0,0.0,0.0,0.0,1.0,0.0,1,0.114
0.9706666666666666,1.048027444253859,1.5083747627485047,0.05399625768511094,0.0,0.5,0.6666666666666666,1.0,0.8372286868323618,1.6672765309172017,1.2493994382437723,-0.04775704903751808,1.477972479036766,0.0,0.0,0.0,1.0,1.0,0.0,0,0.153
0.2773333333333332,0.8044596912521441,0.7261644676105119,0.47420475808607365,0.0,0.0,0.0,2.0,0.5113425928186893,1.1536274774216593,0.9694144676866974,-0.3612436238102335,0.7447323156310471,0.0,0.0,1.0,0.0,0.0,1.0,0,0.159
0.3804444444444443,-0.4734133790737563,-0.1741927714988561,-1.0334135257952421,0.0,0.0,0.3333333333333333,0.0,-0.19572457423049827,-0.2770265837640044,-0.35696466848991054,1.6462961600952486,-0.09925822403784135,0.0,1.0,0.0,0.0,0.0,1.0,2,0.172
0.6222222222222222,1.130360205831904,1.2751543926648432,0.4325046778936116,-1.0,0.5,0.6666666666666666,1.0,0.7534356571710569,1.3708096130156209,1.014533594500702,-0.3336311718008135,0.29310900881530855,0.0,0.0,1.0,0.0,0.0,1.0,0,0.164
-0.7644444444444446,-0.0960548885077186,-0.39046291995664967,1.0066827051590488,0.0,-1.0,-0.6666666666666666,0.0,-0.5363396742393881,0.00845548841379421,-0.2641085815655259,-0.6560216685446545,-0.3019888196086863,0.0,0.0,1.0,0.0,0.0,1.0,0,0.169
-0.184888888888889,0.22813036020583208,0.04554081872552218,0.35231221598503076,0.0,0.0,-0.3333333333333333,1.0,0.04400643890104179,0.07212677401249375,0.2789285978268902,-0.27933042051090184,0.10671898516448074,1.0,0.0,0.0,0.0,0.0,1.0,0,0.142
0.5546666666666664,1.130360205831904,1.2141427694918947,0.5030740443731624,0.0,0.0,-0.3333333333333333,2.0,0.7299480688082396,1.9290176326090287,2.1618837312439942,-0.3797035687387556,1.202160825628897,0.0,1.0,0.0,0.0,0.0,1.0,0,0.189
-0.7857777777777778,-0.2109777015437392,-0.43768958616458237,0.786420743116814,-1.0,-0.5,-0.3333333333333333,0.0,-0.6355936269688044,-0.5110225066635566,-0.49969509941606916,-0.5447602222136289,-0.5096968393893786,0.0,1.0,0.0,0.0,0.0,1.0,0,0.155
-0.7786666666666667,-0.4614065180102914,-0.5178992276066128,0.13525795241913938,-1.0,-1.0,-0.6666666666666666,0.0,-0.8398268689877383,-0.39653324975034443,-0.5207794367654668,-0.11608957560254621,-0.5472909051816813,1.0,0.0,0.0,0.0,0.0,1.0,0,0.158
0.25955555555555543,-0.5368782161234991,-0.25628322237704504,-1.0515904838278538,-1.0,-1.0,-0.6666666666666666,0.0,-0.30825559293851373,0.4348745161784108,0.006144208736787515,1.702002374197701,-0.4246721135239734,0.0,1.0,0.0,0.0,0.0,1.0,4,0.152
-0.12800000000000006,-0.4219554030874784,-0.2970417390606275,-0.6720128307939056,0.0,-0.5,-1.0,0.0,-0.3707833260491547,-0.2130394322188125,0.2525901150614727,0.8342944210789301,-0.21441625456890992,1.0,0.0,0.0,0.0,0.0,1.0,2,0.206
-0.8853333333333334,-0.843910806174957,-0.6618958329749474,-0.6784282277465921,1.0,-1.5,-0.3333333333333333,-1.0,-1.439984140453567,-0.4584915700238358,-0.8609560943159139,0.8461319754868789,-0.49807568264889274,0.0,1.0,0.0,0.0,1.0,0.0,1,0.11
0.6257777777777775,1.130360205831904,1.2783655307265773,0.4282277465918206,1.0,0.5,0.3333333333333333,2.0,0.7546525166262493,1.3748915729395217,1.3148144726143838,-0.3312253210039864,2.230111803913137,0.0,0.0,0.0,1.0,0.0,1.0,3,0.152
0.775111111111111,1.130360205831904,1.4132333293194108,0.286019780807271,1.0,1.0,1.0,2.0,0.8041224209175624,1.0803101317646946,0.9074590796724731,-0.23181652951542184,2.4197484411954417,1.0,0.0,0.0,0.0,0.0,1.0,0,0.178
-0.6328888888888891,-0.5420240137221268,-0.5046876881526209,-0.3266506281742849,1.0,-1.0,-1.3333333333333333,0.0,-0.8023000639584073,-0.3545473762473667,0.073222337201567,0.33929929316009827,-0.2770264459256074,0.0,0.0,0.0,1.0,0.0,1.0,4,0.138
0.9706666666666666,1.130360205831904,1.5898459227147879,0.12349639133921408,0.0,0.5,1.3333333333333333,1.0,0.8645050168154429,1.7708416855578801,0.8528438909010273,-0.10613935906543237,1.5543431520103204,0.0,1.0,0.0,0.0,0.0,1.0,0,0.166
-0.8604444444444446,-0.22641509433962256,-0.47211757352646044,0.9949211440791235,0.0,-1.0,-1.0,0.0,-0.7168185582436665,-0.25104053531988707,-0.21757274496760046,-0.6500526126767486,-0.37853149860245106,0.0,1.0,0.0,0.0,1.0,0.0,0,0.161
0.08888888888888889,0.34648370497427106,0.2777749106902227,0.15022721197540778,0.0,0.5,1.0,2.0,0.23646372837345336,0.10295286065209328,-0.10895832820032678,-0.12766624662557702,0.3244141044936574,0.0,1.0,0.0,0.0,0.0,1.0,0,0.155
0.3982222222222221,1.0686106346483706,1.0250526110566365,0.6196204223469661,1.0,0.5,0.0,1.0,0.652320963069989,1.0528832486569624,1.3707437110404808,-0.45070422489820594,1.873930337561815,1.0,0.0,0.0,0.0,0.0,1.0,0,0.163
-0.6471111111111112,-0.11149228130360204,-0.34449777227296974,0.63672814755413,0.0,-1.0,-0.6666666666666666,0.0,-0.4505052197057167,0.15453133997623716,-0.17152967699016933,-0.46083233530177387,-0.2589013115459041,0.0,1.0,0.0,0.0,0.0,1.0,0,0.141
0.6435555555555553,-0.005145797598627738,0.31048264551902877,-0.6816359262229352,-1.0,0.0,0.0,1.0,0.26012937393115776,0.49311533723549267,0.41126161086062024,0.8522772446101022,-0.15903031606106216,0.0,1.0,0.0,0.0,0.0,1.0,2,0.182
-0.6791111111111111,-0.2795883361921097,-0.42048706083386383,0.33948142207965787,0.0,-0.5,0.0,0.0,-0.5979651697389644,-0.47457643591444404,-0.5702410870475768,-0.27048743321238783,-0.3301333046656633,1.0,0.0,0.0,0.0,0.0,1.0,0,0.171
0.8675555555555553,-0.10120068610634633,0.3258043614135888,-0.8740978348035288,0.0,0.5,0.6666666666666666,0.0,0.2709737504201287,0.16400731837100643,0.058485475644910884,1.2355907427866757,0.36943668028380994,0.0,0.0,0.0,1.0,0.0,1.0,3,0.187
0.7039999999999998,0.07718696397941681,0.41248215237996927,-0.6356589147286824,0.0,0.0,0.3333333333333333,0.0,0.32964188291557966,0.6551910138567961,0.31825153374233106,0.773632059239198,0.45068802408084274,0.0,1.0,0.0,0.0,1.0,0.0,2,0.162
-0.7431111111111112,-0.06346483704974251,-0.3697969528593465,1.018444266238974,0.0,0.0,0.0,0.0,-0.4965788738942812,-0.5878386751124361,-0.502177421341809,-0.6613006084922413,-0.2826166415824554,0.0,1.0,0.0,0.0,0.0,1.0,0,0.17
-0.6364444444444445,-0.24871355060034292,-0.3926877798994226,0.3127506014434644,-1.0,-1.0,-1.3333333333333333,0.0,-0.5407433285290943,0.0013849506884663428,0.5243828073028308,-0.2516784140760133,-0.48860460116104065,1.0,0.0,0.0,0.0,0.0,1.0,0,0.164
0.5973333333333333,-0.030874785591766672,0.26665061097635806,-0.6816359262229352,1.0,0.5,0.3333333333333333,0.0,0.22824870602367525,0.08881178520143755,0.15041102182613014,0.8528110574358189,0.8075467641367449,0.0,1.0,0.0,0.0,0.0,1.0,2,0.171
-0.17777777777777778,0.49228130360205835,0.1968542315345226,0.73616680032077,0.0,0.5,0.6666666666666666,2.0,0.17463748424842399,8.747056979795628e-05,-0.07137445487471357,-0.5174570708914875,0.24855944958073536,1.0,0.0,0.0,0.0,0.0,1.0,0,0.183
-0.4835555555555556,0.0017152658662094086,-0.2230708801385377,0.49772788024592374,1.0,0.0,0.0,1.0,-0.2607605519187503,-0.3546931605303632,-0.30516236726045287,-0.3759594797039835,0.11895291335196732,1.0,0.0,0.0,0.0,0.0,1.0,0,0.137
0.9422222222222222,1.130360205831904,1.564156818220915,0.1459502806736168,0.0,0.5,0.3333333333333333,0.0,0.8560066387781954,1.7381860061666752,1.6437375267942935,-0.12412218359964144,1.5302623091808214,0.0,1.0,0.0,0.0,1.0,0.0,0,0.152
0.2311111111111111,0.3361921097770156,0.3569524006124099,-0.01657310879444007,0.0,0.0,0.3333333333333333,0.0,0.2925665731256202,0.5669550765731949,0.2543412035521578,0.014696238188939734,0.39863470221457753,0.0,1.0,0.0,0.0,0.0,1.0,0,0.167
-0.8995555555555557,-0.5591766723842194,-0.5826954063523193,0.17375033413525812,0.0,-1.5,-0.6666666666666666,0.0,-1.0555707426157948,0.04490155916290675,-0.65128612609949,-0.1469035413811984,-0.4821866265319286,0.0,0.0,1.0,0.0,0.0,1.0,0,0.155
0.11022222222222201,0.24013722126929674,0.2199285521781263,-0.008019246190858129,0.0,0.0,-0.3333333333333333,0.0,0.192770900458407,0.34922624991799633,0.559917584448222,0.007087493286242688,0.2701892066222317,1.0,0.0,0.0,0.0,1.0,0.0,0,0.156
-0.664888888888889,-0.8198970840480273,-0.6174903809212526,-0.8954824913124836,0.0,-1.0,-1.0,0.0,-1.2018515391764535,-0.7130309281356377,-0.6079686845541675,1.2847469731870533,-0.514803268114384,1.0,0.0,0.0,0.0,0.0,1.0,1,0.104
0.6897777777777775,0.7427101200686108,0.9935146479503192,-0.000534616412723812,0.0,1.0,0.0,2.0,0.6385893308896947,0.6356923660060212,1.3283964077167567,0.0003163507884035173,0.9953450870780478,1.0,0.0,0.0,0.0,0.0,1.0,0,0.161
-0.6862222222222224,-0.6809605488850771,-0.5701949046119972,-0.5576049184709974,-1.0,-1.5,-1.3333333333333333,0.0,-1.0090523253163055,0.12435399339597208,-0.1906552590731022,0.6487882836517319,-0.5718017630617072,0.0,1.0,0.0,0.0,0.0,1.0,1,0.108
-0.010666666666666819,0.4871355060034306,0.3044732300034978,0.46244319700614833,0.0,1.0,0.3333333333333333,1.0,0.2558346362374527,-0.09422524157670562,0.19394184978300577,-0.3535365991243878,0.3494409804343152,0.0,0.0,0.0,1.0,0.0,1.0,0,0.152
-0.4195555555555557,-0.5265866209262434,-0.438974041389276,-0.5693664795509223,0.0,-0.5,-0.3333333333333333,0.0,-0.6384772299602415,-0.5137438132794903,-0.501764727622145,0.6682963510392751,-0.34746291120189204,0.0,0.0,1.0,0.0,0.0,1.0,4,0.147
0.7182222222222223,1.130360205831904,1.3618551203316647,0.33841218925421024,0.0,0.5,0.3333333333333333,0.0,0.7856438895680572,1.4810225309609373,1.4109043536107617,-0.2693171499126231,1.3406256718985166,0.0,0.0,1.0,0.0,1.0,0.0,0,0.148
-0.9457777777777778,-0.739279588336192,-0.6434776625208581,-0.25073509756749535,0.0,-1.0,-0.3333333333333333,-1.0,-1.3322911615662596,-0.7956177244531267,-0.8312791041466479,0.250707659107811,-0.5391636207267254,0.0,1.0,0.0,0.0,0.0,1.0,1,0.107
0.04266666666666651,-0.27444253859348183,-0.14806786969660485,-0.6025126971398023,-1.0,-0.5,-0.6666666666666666,2.0,-0.16306161612525455,0.10258354046850211,0.22410192918914915,0.7196570272150076,-0.373951838314341,1.0,0.0,0.0,0.0,0.0,1.0,2,0.2
-0.4124444444444445,-0.7770154373927958,-0.5545291382108227,-1.021651964715317,-1.0,-0.5,-0.3333333333333333,0.0,-0.9544097302971529,-0.7585642191915289,-0.6879573508758962,1.6139854122483994,-0.5644592560739626,0.0,1.0,0.0,0.0,1.0,0.0,4,0.136
0.3057777777777776,-0.1646655231560891,0.031709988359624526,-0.6527666399358463,-1.0,-0.5,-0.3333333333333333,0.0,0.03090152721457665,0.4834692771772277,0.256643136965038,0.8016209187755894,-0.2896903891636207,0.0,0.0,1.0,0.0,0.0,1.0,4,0.157
-0.13155555555555565,-0.6295025728987992,-0.4175282264769802,-0.9692595562683777,-1.0,-0.5,-0.6666666666666666,0.0,-0.5916717309332487,-0.4683077117455966,-0.31862111020770195,1.4693068639807858,-0.500247258654053,0.0,1.0,0.0,0.0,0.0,1.0,2,0.172
0.5333333333333333,1.130360205831904,1.19487594112149,0.5265971665330129,-1.0,0.5,0.6666666666666666,1.0,0.722381923757348,1.2687606149181057,0.9336887427008647,-0.3943983085272733,0.2554826918942163,0.0,1.0,0.0,0.0,1.0,0.0,0,0.152
0.060444444444444294,-0.6569468267581474,-0.3889720344279874,-1.1082598235765841,0.0,0.0,0.6666666666666666,0.0,-0.5334025889607984,-0.6183075902586942,-0.6613339862517554,1.8822453411830864,-0.3005912706944743,1.0,0.0,0.0,0.0,0.0,1.0,4,0.127
-0.9706666666666668,-0.818181818181818,-0.6689144633098807,-0.4442662389735366,-1.0,-1.5,-1.3333333333333333,-1.0,-1.4852696803638803,-0.5031015606207494,-0.5883195358119594,0.4878948176621379,-0.6180713824983874,0.0,1.0,0.0,0.0,1.0,0.0,1,0.108
0.2311111111111111,0.8216123499142367,0.7022873624514745,0.5522587543437587,0.0,0.5,0.3333333333333333,2.0,0.4989027513482314,0.642587962591753,0.6517942937393744,-0.41041869979571033,0.7223500322511287,1.0,0.0,0.0,0.0,0.0,1.0,0,0.15
-0.184888888888889,-0.4768439108061749,-0.3456904806958995,-0.7062282812082332,0.0,-0.5,-0.6666666666666666,0.0,-0.4526174176631244,-0.31610892029730264,-0.1739319240150787,0.8965980286672698,-0.26001935067727366,0.0,1.0,0.0,0.0,0.0,1.0,2,0.171
-0.184888888888889,0.15951972555746158,0.007465895993531788,0.24966586474204747,0.0,0.0,0.0,0.0,0.007386238731053414,0.011626296568966934,0.004388720526276886,-0.2048031211246961,0.07102773597075895,1.0,0.0,0.0,0.0,0.0,1.0,0,0.158
0.34844444444444433,0.17324185248713564,0.30477140710923034,-0.30633520449077795,0.0,0.5,1.0,1.0,0.2560482910155911,0.1372704808694576,-0.08479213377025474,0.31429596922439335,0.3497204902171576,0.0,0.0,0.0,1.0,1.0,0.0,3,0.201
0.20266666666666652,0.9914236706689538,0.79889674470879,0.7917669072440526,0.0,0.0,0.0,2.0,0.5480601271121432,1.2691979677670953,1.067075048660901,-0.5475993957622798,0.8129112018920663,0.0,0.0,1.0,0.0,0.0,1.0,0,0.171
-0.369777777777778,0.4219554030874787,0.035379860430177816,1.0077519379844964,0.0,0.0,0.3333333333333333,0.0,0.03440024756929957,0.055981164670637,-0.11576322819762831,-0.6564017660789776,0.09719415179531288,0.0,0.0,1.0,0.0,0.0,1.0,0,0.174
0.7111111111111111,-0.17152658662092624,0.19426238438469431,-0.8719593691526333,0.0,0.5,0.6666666666666666,0.0,0.17257410735059056,-0.0032072542259218044,-0.07398458866139407,1.2311818229537241,0.2461298645452591,0.0,1.0,0.0,0.0,0.0,1.0,2,0.177
-0.6684444444444446,-0.2418524871355059,-0.4024358775868298,0.40042769313017906,0.0,-0.5,-0.3333333333333333,0.0,-0.5603355433937592,-0.4363323590083753,-0.44289119668859483,-0.3120454737120946,-0.31321221242743497,0.0,0.0,0.0,1.0,0.0,1.0,0,0.181
0.2204444444444443,0.20240137221269314,0.25587036176910777,-0.16305800588078045,0.0,0.5,0.3333333333333333,1.0,0.22020455348708032,0.07510806259977126,0.13800381191725722,0.15727368100033534,0.30388088583100414,1.0,0.0,0.0,0.0,1.0,0.0,3,0.192
0.1315555555555554,0.5763293310463122,0.4586307936671771,0.3854584335739109,1.0,0.5,0.6666666666666666,1.0,0.359170041090023,0.33285467493749527,0.19224905758001332,-0.30214046616076323,1.0774887121049237,1.0,0.0,0.0,0.0,0.0,1.0,0,0.161
-0.472888888888889,-0.6861063464837048,-0.5251701616463964,-0.8078053996257688,0.0,-1.0,-0.6666666666666666,0.0,-0.8612747471236103,-0.4196400586052817,-0.5354239042057801,1.092563231282799,-0.4282627391958718,0.0,0.0,1.0,0.0,0.0,1.0,1,0.114
-0.13866666666666688,0.35849056603773594,0.14620999696088716,0.47420475808607365,0.0,0.0,0.6666666666666666,0.0,0.13329887224722514,0.23208857853034873,-0.12237600709586816,-0.3608591464309604,0.2010857880025801,1.0,0.0,0.0,0.0,0.0,1.0,0,0.175
0.5475555555555555,-0.4768439108061749,-0.12692023189004153,-1.1018444266238976,-1.0,0.0,0.6666666666666666,0.0,-0.1375857299359773,-0.20191123195008348,-0.3974332914480006,1.8611977351951672,-0.364039991399699,1.0,0.0,0.0,0.0,0.0,1.0,4,0.145
0.8462222222222221,-0.13722126929674097,0.2824539975801781,-0.8965517241379314,0.0,1.0,1.0,0.0,0.23989349795567433,-0.11755072685613764,-0.1047697949261257,1.289031763949669,0.3288002580090303,0.0,1.0,0.0,0.0,0.0,1.0,2,0.184
1.0062222222222221,1.130360205831904,1.6219573033321293,0.09676557070302064,-1.0,0.5,1.0,2.0,0.8749997246885394,1.8116612847968863,1.0943005149432083,-0.08379697400926389,0.45565469791442703,0.0,0.0,1.0,0.0,1.0,0.0,0,0.157
0.7608888888888886,1.130360205831904,1.4003887770724743,0.29885057471264387,0.0,0.0,0.0,2.0,0.7995435662770354,2.2249597270918224,1.8747228176509716,-0.2411502615494968,1.3767469361427649,0.0,1.0,0.0,0.0,0.0,1.0,0,0.149
-0.19555555555555557,0.2898799313893654,0.07354652996393196,0.46244319700614833,0.0,0.0,0.0,1.0,0.06988801641388881,0.11662742639716013,0.09311787025402218,-0.3533184553872849,0.13297140399913993,0.0,0.0,1.0,0.0,0.0,1.0,0,0.16
0.2737777777777776,-0.4768439108061749,-0.20868956896205706,-0.9895749799518848,0.0,0.5,0.6666666666666666,0.0,-0.24105716894472554,-0.5154349109622492,-0.4797795476384064,1.522689511526787,-0.13159535583745435,0.0,1.0,0.0,0.0,0.0,1.0,2,0.177
-0.46577777777777785,-0.24871355060034292,-0.32706587993784164,-0.002673082063619297,-1.0,0.0,0.3333333333333333,0.0,-0.42026852553160293,-0.5199396453068394,-0.5329094643253117,0.0024803542469675195,-0.45784777467211346,0.0,0.0,0.0,1.0,0.0,1.0,0,0.158
0.6328888888888888,1.130360205831904,1.2847878068500456,0.4218123496391339,0.0,0.0,0.3333333333333333,1.0,0.7570805690263548,2.0412715305162954,1.3222060019217974,-0.3264192252821855,1.2683831434100195,0.0,1.0,0.0,0.0,1.0,0.0,0,0.167
-0.8640000000000001,-0.8936535162950255,-0.6733641831954265,-0.8495054798182307,1.0,-1.5,-1.0,-1.0,-1.515400971168624,-0.5313837115220608,-0.7580167294946657,1.1808659652538473,-0.5142012470436466,0.0,0.0,0.0,1.0,0.0,1.0,3,0.1
-0.7964444444444445,-0.41166380789022283,-0.5071648518002443,0.3052659716653301,-1.0,-1.0,-0.3333333333333333,0.0,-0.8092005212082503,-0.362419727529175,-0.6116398107768496,-0.24569015277315862,-0.5422597290905182,1.0,0.0,0.0,0.0,0.0,1.0,0,0.168
0.44088888888888883,0.3361921097770156,0.48376941735046697,-0.20475808607324253,0.0,0.5,0.3333333333333333,0.0,0.3747978189143214,0.3648105897703169,0.40029750905462336,0.20033614302976852,0.5175123629327026,0.0,0.0,0.0,1.0,0.0,1.0,3,0.209
0.4764444444444444,-0.4442538593481988,-0.12196590459479452,-1.041967388398824,-1.0,0.0,0.3333333333333333,0.0,-0.13173552961133483,-0.19403888066827504,-0.296855696229264,1.671878336396616,-0.36171791012685445,0.0,1.0,0.0,0.0,0.0,1.0,2,0.183
0.590222222222222,1.130360205831904,1.2462541501092361,0.4656508954824917,0.0,0.0,0.6666666666666666,0.0,0.7423978546753929,1.9800421316577863,0.9854294478527605,-0.3553687092542604,1.232261879165771,1.0,0.0,0.0,0.0,1.0,0.0,0,0.135
-0.5440000000000002,-0.7015437392795881,-0.5472811408714799,-0.7693130179096501,0.0,-1.5,-1.3333333333333333,0.0,-0.9303651782113916,0.2699924921094258,-0.09835353684677363,1.0140902787025179,-0.4489894646312621,0.0,1.0,0.0,0.0,0.0,1.0,1,0.098
-0.8533333333333335,-0.5780445969125213,-0.5760437632244414,0.003742314889067158,0.0,-0.5,-0.6666666666666666,0.0,-1.0304738009208794,-0.804146105008419,-0.6378889792298026,-0.003232191735366705,-0.4759514082992905,0.0,1.0,0.0,0.0,1.0,0.0,0,0.149
-0.5617777777777779,-0.015437392795883215,-0.26759101569443733,0.6335204490777872,0.0,-0.5,-0.3333333333333333,1.0,-0.3251077259647735,-0.15064375909633174,-0.22561719269716907,-0.45897118742849735,-0.18680928832509136,0.0,0.0,1.0,0.0,0.0,1.0,0,0.134
0.1279999999999998,0.1869639794168097,0.19426238438469431,-0.09248863940122967,0.0,0.5,0.6666666666666666,2.0,0.17257410735059056,-0.0032072542259218044,-0.07398458866139407,0.08659266023223243,0.2461298645452591,0.0,1.0,0.0,0.0,0.0,1.0,3,0.192
0.6791111111111109,1.130360205831904,1.3265326016525893,0.37583533814488135,1.0,1.0,0.6666666666666666,2.0,0.7726817498983563,0.9884660334769308,1.066274299652598,-0.29535956011381237,2.297839174371103,0.0,0.0,1.0,0.0,0.0,1.0,0,0.17
-0.010666666666666819,0.7632933104631218,0.4758103822974546,0.8334669874365147,0.0,0.5,0.3333333333333333,2.0,0.36988368066158633,0.3546931605303632,0.3911372923772213,-0.5695287772802874,0.5100516018060632,0.0,0.0,0.0,1.0,1.0,0.0,0,0.159
-0.672,-0.25385934819897077,-0.40828473619927413,0.38118150227211994,-1.0,-0.5,0.3333333333333333,0.0,-0.5723309258811425,-0.4487240230630735,-0.62638591174514,-0.29930915307565303,-0.4959148570199957,0.0,0.0,1.0,0.0,0.0,1.0,0,0.163
-0.14222222222222222,-0.40823327615780436,-0.29376179089757043,-0.6399358460304734,0.0,-0.5,0.0,0.0,-0.3655623596538807,-0.20609038139598157,-0.4000819227831571,0.7807072632870494,-0.2113416469576435,0.0,1.0,0.0,0.0,0.0,1.0,2,0.141
-0.6968888888888889,-0.7495711835334475,-0.5974437047358553,-0.6998128842555468,0.0,-1.0,-0.6666666666666666,0.0,-1.1142684469487254,-0.649323196466189,-0.6809908345036587,0.8848668248035747,-0.49601161040636416,1.0,0.0,0.0,0.0,0.0,1.0,1,0.128
-0.02488888888888899,0.04288164665523156,0.02180133376913058,-0.11921946003742312,0.0,0.5,0.0,0.0,0.021376030386978054,-0.22243765899598356,0.023637494764333335,0.11247337697873201,0.08446570629972047,1.0,0.0,0.0,0.0,0.0,1.0,3,0.198
-0.9955555555555556,-0.6174957118353344,-0.6229722523266417,0.2785351510291366,0.0,-1.0,-1.0,0.0,-1.2276142433156791,-0.7304521499537134,-0.6226901470914331,-0.22690355602368512,-0.5199419479681789,0.0,1.0,0.0,0.0,0.0,1.0,0,0.173
0.7146666666666665,-0.22298456260720398,0.14976518552923565,-0.9211440791232293,0.0,0.5,1.0,0.0,0.13627322858927296,-0.059771556028544566,-0.22354756449109323,1.3476733844492796,0.20441840464416255,0.0,0.0,0.0,1.0,1.0,0.0,3,0.2
-0.39111111111111113,0.40651801029159523,0.014438652927583062,1.0291365944934512,1.0,-0.5,-0.3333333333333333,0.0,0.014222142392905932,0.44687742214511855,0.2288140291226253,-0.6667894768559,0.45291335196731886,1.0,0.0,0.0,0.0,1.0,0.0,0,0.157
-0.824888888888889,-0.1732418524871354,-0.44142826833645854,1.0120288692862873,0.0,0.0,0.0,0.0,-0.6440167193979203,-0.7016597540619146,-0.5983596964545298,-0.6586401471036273,-0.3497634917222103,0.0,0.0,1.0,0.0,0.0,1.0,0,0.154
0.41599999999999987,1.130360205831904,1.0889083850842638,0.6634589681903235,0.0,1.0,1.0,0.0,0.6794064846458409,0.7367451715030605,0.6171362340979458,-0.476528655029234,1.0847667168350892,0.0,1.0,0.0,0.0,1.0,0.0,0,0.15
-0.3022222222222222,0.15951972555746158,-0.05565590361998477,0.43464314354450684,0.0,-0.5,0.0,1.0,-0.05737751586272439,0.2983718325327348,-0.08036748219873359,-0.33545370288017134,0.011857665018275659,0.0,0.0,1.0,0.0,0.0,1.0,0,0.172
-0.2311111111111111,-0.6723842195540307,-0.4645943357818262,-0.9713980219192732,-1.0,-0.5,-0.6666666666666666,0.0,-0.6983347472026422,-0.5680241613151685,-0.4134174735752827,1.4738021567491506,-0.5223070307460761,0.0,1.0,0.0,0.0,1.0,0.0,4,0.17
-0.9706666666666668,-0.5506003430531731,-0.5995080077755415,0.41539695268644766,1.0,-1.0,-0.3333333333333333,0.0,-1.122847431759859,-0.6558834892010292,-0.7604312957350876,-0.3224198345564205,-0.410352612341432,0.0,1.0,0.0,0.0,0.0,1.0,0,0.176
0.02133333333333313,-0.6603773584905659,-0.40016514424317495,-1.0943597968457635,0.0,-1.0,-0.6666666666666666,0.0,-0.5557276561868714,-0.022377887439954967,-0.2836499371720008,1.8362536115356796,-0.31108363792732746,1.0,0.0,0.0,0.0,0.0,1.0,4,0.15
-0.4337777777777779,-0.6003430531732417,-0.47698015401994354,-0.6880513231756217,0.0,-0.5,-0.3333333333333333,0.0,-0.7290021664686754,-0.5942653322545296,-0.5630035479340675,0.8626480011516388,-0.3830896581380348,1.0,0.0,0.0,0.0,0.0,1.0,4,0.125
-0.39111111111111113,-0.3687821612349913,-0.3556908820881573,-0.32451216252338944,-1.0,-0.5,0.0,0.0,-0.4705555224002664,-0.33729623609278686,-0.4832366274915614,0.3356638574768051,-0.4712642442485487,0.0,1.0,0.0,0.0,0.0,1.0,4,0.126
0.935111111111111,0.41337907375643235,0.8578440648420522,-0.4613739641807005,0.0,0.5,1.0,1.0,0.5766033216864929,0.8403297640481382,0.41029660564548587,0.5106932261422846,0.868168135884756,0.0,1.0,0.0,0.0,1.0,0.0,2,0.16
-0.9031111111111112,-0.30188679245283007,-0.5103530531615376,0.9371825715049455,1.0,-1.0,-0.6666666666666666,0.0,-0.818172243354131,-0.37255173519742835,-0.5055806046270973,-0.6220256533580836,-0.28499247473661576,0.0,1.0,0.0,0.0,0.0,1.0,0,0.153
0.9742222222222219,0.8902229845626073,1.355111730402023,-0.08179631114675225,1.0,0.0,0.0,0.0,0.7831858379256149,2.1530151834330744,1.8139274890974941,0.0756915027131036,2.3380240808428296,0.0,1.0,0.0,0.0,0.0,1.0,3,0.207
-0.952888888888889,-0.6912521440823327,-0.6321239958025839,-0.08393477679764773,-1.0,-1.5,-1.3333333333333333,-1.0,-1.2726105314884344,-0.26926357069444334,-0.4401193731983147,0.07771319502842836,-0.600827778972264,1.0,0.0,0.0,0.0,0.0,1.0,1,0.111
0.017777777777777778,-0.22641509433962256,-0.1270807887931282,-0.5201817695803262,0.0,0.5,0.6666666666666666,1.0,-0.13777605393590034,-0.41169481518197526,-0.39759498115160025,0.5935927415750067,-0.055095678348742204,0.0,1.0,0.0,0.0,0.0,1.0,2,0.184
-0.8924444444444445,-0.7341337907375642,-0.6313212112871504,-0.3501737503341353,0.0,-1.5,-1.6666666666666667,-1.0,-1.2685582289968298,-0.2641611207895676,0.18779104146647937,0.3669992661570098,-0.5277682218877661,0.0,1.0,0.0,0.0,0.0,1.0,1,0.09
0.15644444444444439,1.020583190394511,0.7794922961357393,0.8954824913124835,0.0,0.5,1.0,1.0,0.5384315548568526,0.7407299419049634,0.3401592053284712,-0.6016329909848027,0.7947215652547839,0.0,0.0,0.0,1.0,0.0,1.0,0,0.142
-0.5297777777777779,-0.053173241852487035,-0.26853142041251654,0.4881047848168942,0.0,-0.5,0.3333333333333333,1.0,-0.326525718585864,-0.15263614429728323,-0.46554095435202686,-0.3698434535084894,-0.18769081917867123,1.0,0.0,0.0,0.0,0.0,1.0,0,0.168
0.3662222222222221,-0.20240137221269291,0.02810892639039405,-0.7308206361935313,1.0,0.0,1.0,2.0,0.027453122720144482,0.04442776024316822,-0.33244942962032176,0.9411383085745777,0.4721350247258653,0.0,1.0,0.0,0.0,0.0,1.0,2,0.169
0.25244444444444425,-0.6243567753001713,-0.3211711479245154,-1.149959903769046,0.0,-0.5,0.0,0.0,-0.4103026997889653,-0.2641611207895676,-0.4368855791263212,2.0275464266215644,-0.23703504622661795,0.0,0.0,0.0,1.0,0.0,1.0,4,0.14
-0.23466666666666672,-0.6449399656946825,-0.4506717586141646,-0.926490243250468,1.0,-0.5,-0.6666666666666666,0.0,-0.6652399194914137,-0.5385271413888868,-0.38537585926528195,1.359243294221162,-0.20107503762631687,1.0,0.0,0.0,0.0,0.0,1.0,4,0.138
0.9315555555555557,1.130360205831904,1.5545234040357125,0.15343491045175087,0.0,0.5,0.0,0.0,0.8527957820617171,1.7259401263949736,2.0816856382585556,-0.13089106020158556,1.521231993119759,0.0,0.0,1.0,0.0,0.0,1.0,0,0.151
-0.9244444444444446,-0.5214408233276155,-0.5789108507795612,0.3576583801122698,1.0,-0.5,-0.6666666666666666,0.0,-1.0411928227704783,-0.8102204501332712,-0.6436636115012195,-0.28313875948602457,-0.38139109868845406,0.0,1.0,0.0,0.0,0.0,1.0,0,0.164
0.5155555555555555,-0.07204116638078882,0.1948128651952772,-0.6784282277465921,0.0,0.5,0.0,1.0,0.17301280233968816,-0.0025074896675389828,0.25594710128858966,0.8461273925151859,0.24664588260589113,0.0,1.0,0.0,0.0,1.0,0.0,2,0.17
-0.7040000000000002,-0.00857632933104631,-0.33229544763838004,1.0259288960171082,-1.0,-0.5,-0.3333333333333333,0.0,-0.4292173995888138,-0.28772957987399383,-0.3298747135782394,-0.6650149384829448,-0.4602988604601161,0.0,1.0,0.0,0.0,1.0,0.0,0,0.146
0.05688888888888868,0.44082332761578047,0.3192215283870339,0.30954290296712106,0.0,0.5,0.3333333333333333,1.0,0.2663329802969181,0.15563930052701036,0.21091596887110228,-0.24919750178225492,0.36326596430875085,1.0,0.0,0.0,0.0,1.0,0.0,0,0.168
0.9066666666666666,1.130360205831904,1.5320454376035735,0.17375033413525812,0.0,1.0,0.6666666666666666,1.0,0.8452521068790806,1.20617056275163,1.2732371202601815,-0.14673947460151485,1.5001612556439476,1.0,0.0,0.0,0.0,0.0,1.0,4,0.154
0.23466666666666647,0.04116638078902239,0.1488247808111564,-0.36514300989040366,0.0,1.0,1.0,2.0,0.1354875632806626,-0.25910726564569064,-0.22438937755110416,0.38526281514282834,0.2035368737905827,1.0,0.0,0.0,0.0,0.0,1.0,3,0.201
0.824888888888889,-0.13550600343053157,0.2749766332364257,-0.8869286287089017,0.0,0.0,-0.3333333333333333,0.0,0.23440537972115108,0.4366968197158664,0.6486159361371865,1.2653525843332987,0.3217910126854439,0.0,0.0,0.0,1.0,0.0,1.0,3,0.202
-0.08177777777777794,0.5540308747855919,0.2971793592632731,0.6623897353648759,1.0,0.5,0.3333333333333333,0.0,0.2505900482369572,0.12761956133509242,0.1855471843553001,-0.4760099254858239,0.8504730165555793,0.0,1.0,0.0,0.0,0.0,1.0,0,0.173
0.999111111111111,0.567753001715266,1.0528060185901957,-0.36728147554129914,-1.0,1.0,1.0,1.0,0.6642084901218919,0.6985010945969917,0.584818825403865,0.3880422560054509,0.18889486132014624,1.0,0.0,0.0,0.0,1.0,0.0,4,0.13
0.3626666666666665,1.130360205831904,1.0407413141582518,0.7308206361935313,1.0,0.0,0.0,0.0,0.6590630450928688,1.653485337745738,1.39180956956661,-0.5146269916893431,1.8959901096538379,0.0,1.0,0.0,0.0,0.0,1.0,0,0.161
0.9315555555555557,0.5025728987993141,0.9425492995705101,-0.3833199679230154,1.0,0.5,0.3333333333333333,1.0,0.615876310039219,0.948006035469316,0.9283166847935121,0.40784288634702026,1.7579230273059554,1.0,0.0,0.0,0.0,0.0,1.0,3,0.202
-0.08177777777777794,0.22813036020583208,0.10368535434335088,0.20475808607324253,0.0,0.0,0.0,1.0,0.0968159510377157,0.16451756336149403,0.13358649321211216,-0.1713302519260576,0.16122339281874865,0.0,0.0,1.0,0.0,0.0,1.0,0,0.139
0.7822222222222223,1.1200686106346485,1.4102056848612041,0.2699812884255547,-1.0,0.5,0.0,0.0,0.8030455322325689,1.5424851846722405,1.8879043782491924,-0.22029087449002296,0.35640722425284876,0.0,0.0,1.0,0.0,1.0,0.0,0,0.183
-0.28800000000000003,0.2367066895368784,-0.008176933707201572,0.5351510291365948,0.0,0.5,0.6666666666666666,1.0,-0.00817053844715562,-0.2605456705712556,-0.27785220637149827,-0.3998121860827,0.05636422274779619,0.0,0.0,0.0,1.0,1.0,0.0,0,0.182
-0.4088888888888889,-0.26072041166380777,-0.3108496327260842,-0.11066559743384118,-1.0,-0.5,-0.6666666666666666,0.0,-0.3931529952607675,-0.24229347834010007,-0.10375859265281981,0.10390975890153453,-0.45024725865405285,1.0,0.0,0.0,0.0,0.0,1.0,4,0.153
0.04266666666666651,0.5780445969125214,0.39796322100084297,0.5073509756749534,0.0,0.5,0.6666666666666666,0.0,0.3201165363080141,0.25573478923237297,0.13115344814842192,-0.3819513438165418,0.4370780477316707,0.0,1.0,0.0,0.0,0.0,1.0,0,0.163
-0.5653333333333334,-0.07890222984562596,-0.2954132333293195,0.5126971398021919,0.0,-1.0,-1.3333333333333333,0.0,-0.3681867405050326,0.31052052278243886,0.9162262547120996,-0.38598506215757017,-0.2128897011395399,0.0,0.0,1.0,0.0,0.0,1.0,0,0.139
-0.664888888888889,-0.25557461406517995,-0.40619749645914693,0.3608660785886127,-1.0,-0.5,-0.6666666666666666,0.0,-0.5680290725575234,-0.44430189981218127,-0.2957997634710622,-0.2854802614003342,-0.49493657278004727,0.0,1.0,0.0,0.0,0.0,1.0,0,0.166
0.6755555555555556,-0.08061749571183513,0.25942555033745623,-0.7703822507350977,0.0,0.0,0.6666666666666666,2.0,0.22286656861971402,0.41198638374796837,-0.00836166752901171,1.016240671874846,0.3072135024725866,1.0,0.0,0.0,0.0,1.0,0.0,2,0.19
0.6719999999999997,1.130360205831904,1.320110325529121,0.3822507350975675,1.0,0.0,0.0,0.0,0.7703017360052711,2.0973984794699287,1.7669296819178553,-0.30011786931954393,2.2888088583100408,0.0,0.0,0.0,1.0,0.0,1.0,0,0.174
-0.20622222222222236,-0.7255574614065179,-0.4880815170333673,-1.0676289762095699,0.0,-0.5,-0.6666666666666666,0.0,-0.7575502744402376,-0.6177851965779569,-0.46072326114273043,1.7515343700276986,-0.3934960223607826,0.0,1.0,0.0,0.0,1.0,0.0,4,0.133
-0.31288888888888905,-0.6363636363636362,-0.4647548926849129,-0.8559208767709171,-1.0,0.0,0.3333333333333333,0.0,-0.6987246900543655,-0.7387254080137621,-0.6913785730124705,1.1947350768881313,-0.5223822833799183,1.0,0.0,0.0,0.0,0.0,1.0,4,0.139
-0.8924444444444445,-0.8936535162950255,-0.6774010424730351,-0.8099438652766643,0.0,-1.5,-1.0,-1.0,-1.5437788767528147,-0.5570417453294361,-0.7688576391455392,1.0978895830184494,-0.57096323371318,0.0,1.0,0.0,0.0,1.0,0.0,1,0.118
0.060444444444444294,0.6706689536878218,0.4702826374911836,0.6014434643143547,0.0,1.0,0.6666666666666666,1.0,0.36645242633619995,0.08142052205351745,0.2039831103555324,-0.4399522852809847,0.5048699204472156,0.0,1.0,0.0,0.0,1.0,0.0,0,0.144
0.07111111111111111,0.09605488850771883,0.10386884794687859,-0.1491579791499599,0.0,0.5,1.3333333333333333,0.0,0.09697708838206374,-0.1181144260837239,-0.34432515337423314,0.14330765003679555,0.16139539883895937,0.0,1.0,0.0,0.0,0.0,1.0,3,0.184
-0.07466666666666671,0.58147512864494,0.31841874387160035,0.6901897888265174,0.0,0.5,1.0,1.0,0.26576514378050825,0.15461881054603513,-0.07257557838716826,-0.4913328287677258,0.362513437970329,0.0,1.0,0.0,0.0,0.0,1.0,0,0.152
0.9066666666666666,1.0891938250428816,1.4922961357393933,0.1384656508954825,0.0,1.0,0.3333333333333333,1.0,0.8317313325789614,1.1640632023461555,1.5610315935081254,-0.11827940552110987,1.4629004515158033,0.0,0.0,1.0,0.0,0.0,1.0,0,0.156
0.6933333333333334,-0.03945111492281298,0.30383100239115096,-0.7393744987971134,0.0,1.0,0.6666666666666666,1.0,0.2553742583349464,-0.09490556823068909,0.03635708478084106,0.9579713009217752,0.34883895936357767,0.0,1.0,0.0,0.0,0.0,1.0,2,0.178
-0.6577777777777779,-0.1612349914236705,-0.3679161434231879,0.5533279871692064,0.0,-0.5,0.0,0.0,-0.4930586442318223,-0.36319724370515616,-0.4996519821617759,-0.41110367445685614,-0.28085357987529563,1.0,0.0,0.0,0.0,1.0,0.0,0,0.155
-0.7324444444444445,-0.30703259005145783,-0.44996072090049494,0.40256615878107477,-1.0,-0.5,0.0,0.0,-0.663586756878601,-0.5370207037979235,-0.6098165668810209,-0.3139897015042709,-0.5154482906901742,1.0,0.0,0.0,0.0,1.0,0.0,0,0.175
-0.7360000000000001,-0.7118353344768438,-0.5919847700309073,-0.5586741512964449,0.0,-1.0,-0.6666666666666666,0.0,-1.0920251982229998,-0.6319748667896113,-0.6699959346588809,0.6515184136427392,-0.4908944313050957,0.0,0.0,1.0,0.0,0.0,1.0,1,0.094
0.5368888888888886,1.130360205831904,1.198087079183224,0.522320235231222,0.0,1.0,0.6666666666666666,0.0,0.7236480431005601,0.8524007026802441,0.9369225367728581,-0.3919442394786634,1.18711029886046,1.0,0.0,0.0,0.0,0.0,1.0,0,0.172
0.10666666666666667,0.679245283018868,0.5097337622496315,0.5469125902165196,0.0,0.0,0.3333333333333333,1.0,0.3906175686334639,0.8097223538330333,0.4301804061117385,-0.40679665904178547,0.5418512147925176,0.0,0.0,0.0,1.0,0.0,1.0,0,0.153
0.00711111111111096,0.40994854202401376,0.2678203826988468,0.33520449077786685,0.0,1.0,1.0,1.0,0.2291166256930558,-0.13305245561476017,-0.11786922742093123,-0.2669603106579457,0.3150827778972264,0.0,1.0,0.0,0.0,0.0,1.0,4,0.171
-0.06400000000000015,0.7993138936535163,0.45663530072881353,0.9746057203956167,1.0,0.0,-0.3333333333333333,2.0,0.35791603004508893,0.7253497000488377,0.941320496710769,-0.6405822532563972,1.0746828639002364,0.0,1.0,0.0,0.0,0.0,1.0,0,0.176
-0.7893333333333334,-0.2109777015437392,-0.4391116615919218,0.7971130713712912,0.0,-1.0,-1.0,0.0,-0.6387868191000975,-0.1461487437039413,-0.12893598935619785,-0.5505992852809344,-0.3475919157170501,1.0,0.0,0.0,0.0,0.0,1.0,0,0.166
0.3377777777777778,0.1063464837049743,0.24871411123152867,-0.3715584068430901,1.0,0.5,0.0,2.0,0.21481853559698252,0.0660111233407926,0.32832249242368233,0.39380580736047077,0.7823263814233496,1.0,0.0,0.0,0.0,1.0,0.0,3,0.221
-0.29866666666666686,0.2830188679245283,0.009507262332777077,0.6303127506014438,0.0,0.0,-0.3333333333333333,1.0,0.009393733956176807,0.014869996865637983,0.22086813511715567,-0.45683860591848147,0.0729413029456031,0.0,1.0,0.0,0.0,0.0,1.0,0,0.167
0.09955555555555545,0.22641509433962267,0.20476739318665313,-0.013365410318096722,0.0,0.0,-0.3333333333333333,0.0,0.1809036945169235,0.3251353971528331,0.5354885800872199,0.012402648104712206,0.25597720920232214,1.0,0.0,0.0,0.0,1.0,0.0,0,0.157
0.8426666666666668,-0.19554030874785575,0.22605265119586226,-0.9468056669339752,0.0,0.5,0.3333333333333333,1.0,0.19751385502486016,0.03720414902069422,0.10368599727569343,1.4116588833436465,0.2759299075467642,0.0,1.0,0.0,0.0,0.0,1.0,2,0.186
-0.6684444444444446,-0.3687821612349913,-0.4498001639974082,0.11601176156108,1.0,0.0,-0.6666666666666666,0.0,-0.6632139453247088,-0.7149625698853407,-0.3836203710547712,-0.10030292859149703,-0.19984949473231564,1.0,0.0,0.0,0.0,0.0,1.0,0,0.184
-0.3946666666666667,-0.699828473413379,-0.5144816592409099,-0.8997594226142744,0.0,-1.0,-0.3333333333333333,0.0,-0.8299453986777571,-0.3856723206671088,-0.6234293000221744,1.2944941522761915,-0.41824338851859816,1.0,0.0,0.0,0.0,0.0,1.0,1,0.117
-0.9777777777777779,-0.6295025728987992,-0.621687797101948,0.18337342956428768,0.0,-0.5,-0.3333333333333333,0.0,-1.2215012062047148,-0.9008496793960643,-0.7961693399364328,-0.1542453374047868,-0.518737905826704,1.0,0.0,0.0,0.0,0.0,1.0,0,0.16
-0.8000000000000002,-0.15608919382504277,-0.42560194503219745,0.972467254744721,0.0,-0.5,0.3333333333333333,0.0,-0.608965441264619,-0.4854130676171801,-0.6463166425562019,-0.6394266934529725,-0.3349279724790368,0.0,0.0,0.0,1.0,1.0,0.0,0,0.182
-0.9706666666666668,-0.48885077186963966,-0.5834981908677528,0.6142742582197276,-1.0,-1.0,-1.3333333333333333,0.0,-1.0586548919486252,-0.6050047744352681,-0.24424384655185155,-0.4472979246095128,-0.5780369812943452,0.0,1.0,0.0,0.0,0.0,1.0,0,0.165
0.35555555555555557,0.4253859348198972,0.4998021709586968,-0.034750066827051576,0.0,0.5,0.6666666666666666,2.0,0.38460411312561127,0.3851912325332207,0.23371091728878707,0.031417773221737735,0.5325413889486132,0.0,1.0,0.0,0.0,0.0,1.0,3,0.212
-0.12088888888888909,-0.0480274442538593,-0.0782714902547694,-0.1384656508954825,0.0,0.5,1.0,1.0,-0.08195157094824729,-0.34964902433868594,-0.42767696553083495,0.13234843704974047,-0.009342076972694005,1.0,0.0,0.0,0.0,0.0,1.0,3,0.229
-0.12800000000000006,0.6123499142367067,0.29906016869943164,0.8249131248329328,0.0,0.5,0.3333333333333333,1.0,0.2519457958283347,0.13001042357623419,0.18771184650961414,-0.5648036638942261,0.34436680283809923,1.0,0.0,0.0,0.0,0.0,1.0,0,0.159
0.9457777777777776,1.130360205831904,1.567367956282649,0.14274258219727345,0.0,0.0,0.3333333333333333,1.0,0.8570740010197511,2.4902871221453617,1.6474332914480003,-0.12186897482315286,1.5332724145345087,0.0,1.0,0.0,0.0,0.0,1.0,0,0.146
-0.8853333333333334,-0.8936535162950255,-0.6763918276536329,-0.8206361935311417,1.0,-1.5,-1.0,-1.0,-1.5365872637097715,-0.5506272368775922,-0.7661474117328207,1.1187757709992154,-0.5184583960438616,0.0,0.0,1.0,0.0,0.0,1.0,1,0.116
-0.6364444444444445,-0.11320754716981121,-0.34050678639624304,0.6067896284415932,0.0,-0.5,-0.3333333333333333,0.0,-0.4434786838010698,-0.3051265043115701,-0.3431055510385098,-0.44307222139395586,-0.25516018060632123,0.0,0.0,1.0,0.0,0.0,1.0,0,0.171
-0.40533333333333355,-0.36020583190394495,-0.3564707299031498,-0.29136594493450957,0.0,-0.5,0.3333333333333333,0.0,-0.47197181625417217,-0.3389484579667465,-0.5667521092256844,0.29690944816699927,-0.27012470436465275,1.0,0.0,0.0,0.0,0.0,1.0,4,0.122
-0.38044444444444453,0.19897084048027458,-0.07875316096402961,0.6463512429831596,0.0,0.5,0.3333333333333333,1.0,-0.08248344555533982,-0.35026131832727114,-0.24712126331795192,-0.4662054963100713,-0.00979359277574719,0.0,0.0,0.0,1.0,1.0,0.0,0,0.146
0.01422222222222217,0.6740994854202402,0.43867586428354355,0.6752205292702488,1.0,0.0,0.0,0.0,0.34653849976049467,0.6968124266522829,0.583391849607017,-0.4828799244218646,1.0494302300580522,0.0,0.0,1.0,0.0,0.0,1.0,0,0.146
-0.9173333333333334,-0.3464837049742709,-0.5280143125010752,0.8580593424218128,-1.0,-1.5,-0.6666666666666666,0.0,-0.8698271787852007,0.3924512898264439,-0.5411523394190257,-0.5822349436566253,-0.5520318211137389,0.0,0.0,1.0,0.0,0.0,1.0,0,0.156
0.6755555555555556,0.816466552315609,1.0475535141892163,0.08072707832130462,0.0,0.0,1.0,1.0,0.6619725234627502,1.6643098207582243,0.5801169914833154,-0.07092437617228455,1.046000860030101,1.0,0.0,0.0,0.0,1.0,0.0,0,0.163
-0.16,0.74442538593482,0.3509200483964379,1.0772520716385996,0.0,0.5,0.3333333333333333,1.0,0.28843104848518264,0.19593407634722915,0.2473984456669799,-0.6890770485372348,0.3929800043001505,0.0,1.0,0.0,0.0,0.0,1.0,0,0.154
0.9066666666666666,-0.20411663807890207,0.24364510043407706,-0.9788826516974074,0.0,0.0,0.3333333333333333,1.0,0.21098086751577808,0.3869114870725789,0.12393350791421608,1.4927637692841331,0.29242098473446576,0.0,1.0,0.0,0.0,0.0,1.0,2,0.17
0.8853333333333331,0.27101200686106364,0.6899932910151211,-0.5565356856455494,1.0,1.0,1.0,1.0,0.4924195820268959,0.3141651298573501,0.2600432404464484,0.6487054744808421,1.4028058482046872,0.0,1.0,0.0,0.0,0.0,1.0,2,0.182
0.01422222222222217,-0.30874785591766707,-0.1803398072170328,-0.6260358192996526,0.0,0.5,0.3333333333333333,0.0,-0.20361240720150806,-0.4793970362055266,-0.3640394179698636,0.7575248756718992,-0.10502042571489999,1.0,0.0,0.0,0.0,1.0,0.0,2,0.186
-0.8000000000000002,-0.20068610634648362,-0.4400291296095601,0.8580593424218128,0.0,-1.0,-0.3333333333333333,0.0,-0.6408538851659322,-0.1490644293638703,-0.5034647793628502,-0.5820267018672933,-0.3484519458181036,0.0,0.0,0.0,1.0,0.0,1.0,0,0.144
0.5795555555555555,0.17667238421955422,0.43319399287815447,-0.4667201283079391,0.0,0.0,0.3333333333333333,1.0,0.3430324268598657,0.6881018157432448,0.3420892157587404,0.518795304236738,0.4701032036121264,0.0,0.0,0.0,1.0,0.0,1.0,3,0.189
-0.12800000000000006,0.7084048027444255,0.35440642686346346,0.9628441593156913,-1.0,0.0,0.0,0.0,0.2908238284729438,0.5629095627200432,0.47023985512602534,-0.6350218318652617,-0.1384433455170931,0.0,0.0,1.0,0.0,1.0,0.0,0,0.164
-0.6897777777777778,0.0,-0.3224097297483271,1.0024057738572578,1.0,0.0,0.6666666666666666,0.0,-0.41238617205082156,-0.5125410929447696,-0.5943020548451474,-0.6539785316405625,-0.02072672543539016,0.0,1.0,0.0,0.0,0.0,1.0,2,0.154
0.8960000000000001,0.5900514579759863,1.002941631831553,-0.286019780807271,0.0,1.0,0.6666666666666666,0.0,0.6427191676198967,0.6456785893912779,0.7404002513119963,0.2909564592236408,1.004181896366373,0.0,0.0,0.0,1.0,1.0,0.0,3,0.192
0.7786666666666664,0.718696397941681,1.0388146313212114,-0.0914194065757818,0.0,0.0,0.3333333333333333,1.0,0.6582381945530044,1.6504238678028125,1.0391104294478524,0.08544932885918745,1.0378090733175662,0.0,0.0,1.0,0.0,0.0,1.0,3,0.218
0.7111111111111111,0.08404802744425395,0.4222073133669356,-0.6335204490777869,0.0,0.0,0.0,1.0,0.33595792646560424,0.6706441478544201,0.5612788577623377,0.7692832137234251,0.45980434315201035,0.0,0.0,1.0,0.0,1.0,0.0,3,0.2
0.24177777777777767,0.8010291595197255,0.6959568331297702,0.5148356054530876,1.0,1.0,0.6666666666666666,1.0,0.49557111679768157,0.3204824487871965,0.43124953802941823,-0.38696095516869683,1.4111911416899594,1.0,0.0,0.0,0.0,0.0,1.0,0,0.158
0.9706666666666666,1.130360205831904,1.5898459227147879,0.12349639133921408,1.0,0.5,0.3333333333333333,1.0,0.8645050168154429,1.7708416855578801,1.6733036440239482,-0.10613935906543237,2.6680821328746505,0.0,1.0,0.0,0.0,0.0,1.0,0,0.167
-0.15288888888888905,-0.09777015437392776,-0.12118605677980203,-0.17481956696070572,-1.0,0.0,-0.3333333333333333,1.0,-0.13081863884708234,-0.19279971426280534,0.010283465148939205,0.16900349980694068,-0.3613523973339067,0.0,1.0,0.0,0.0,0.0,1.0,1,0.133
0.41599999999999987,1.130360205831904,1.0889083850842638,0.6634589681903235,0.0,0.5,-0.3333333333333333,1.0,0.6794064846458409,1.134055937429386,1.9600949811515997,-0.476528655029234,1.0847667168350892,0.0,1.0,0.0,0.0,0.0,1.0,0,0.17
0.09244444444444425,0.5042881646655232,0.38394889703141755,0.3448275862068969,0.0,0.0,0.3333333333333333,0.0,0.3108108590383935,0.6098521018449002,0.2854120249622503,-0.27435150800792163,0.42394108793807783,0.0,0.0,1.0,0.0,0.0,1.0,0,0.16
-0.8675555555555556,-0.5368782161234991,-0.567488373959964,0.15236567762630326,-1.0,-1.0,-1.0,0.0,-0.9993348292766921,-0.554126059669507,-0.47368923546948527,-0.1298300814747115,-0.5705332186626533,0.0,0.0,0.0,1.0,0.0,1.0,0,0.151
0.750222222222222,0.7684391080617498,1.0626229263789257,-0.024057738572574146,0.0,0.5,0.0,0.0,0.6683704364630548,1.1006421797665995,1.421190898563579,0.022120775744865463,1.0601268544399054,0.0,0.0,1.0,0.0,0.0,1.0,0,0.172
0.5404444444444443,0.6106346483704975,0.7710974637743486,-0.004811547714514782,0.0,0.5,0.3333333333333333,2.0,0.5342289757633367,0.7300585323896231,0.7309892506045212,0.004064948898878496,0.786852289830144,0.0,1.0,0.0,0.0,1.0,0.0,0,0.15
-0.7466666666666668,-0.056603773584905606,-0.3690400417447949,1.046244319700615,-1.0,-1.0,-1.0,0.0,-0.49516028994309835,0.07653674857313633,0.05924002759504264,-0.6745051058727023,-0.4775209632337131,1.0,0.0,0.0,0.0,0.0,1.0,0,0.161
-0.7715555555555557,-0.2126929674099484,-0.43259763866668965,0.7393744987971134,0.0,0.0,-0.3333333333333333,0.0,-0.6242657070183546,-0.6876280168235063,-0.49149050188483995,-0.5190763344914497,-0.34148570199957,1.0,0.0,0.0,0.0,0.0,1.0,0,0.162
0.08533333333333329,-0.5197255574614065,-0.2931195632852237,-0.9457364341085274,0.0,-0.5,-0.6666666666666666,0.0,-0.3645441411629058,-0.20472972808801476,-0.06804826668637748,1.4077644854274338,-0.21073962588690606,0.0,1.0,0.0,0.0,0.0,1.0,2,0.174
-0.8213333333333334,-0.2401372212692966,-0.4610620839139186,0.8238438920074851,-1.0,-0.5,0.0,0.0,-0.6898048389988097,-0.5605405681213508,-0.6247228176509719,-0.5643026589969484,-0.5206514728015481,1.0,0.0,0.0,0.0,0.0,1.0,0,0.146
-0.007111111111111212,0.41680960548885093,0.26309542240800954,0.3630045442395084,1.0,0.0,0.3333333333333333,2.0,0.22560498217268407,0.41781775506782637,0.14631928238809766,-0.2868474868151879,0.8025478391743712,1.0,0.0,0.0,0.0,0.0,1.0,0,0.16
0.8355555555555556,0.8576329331046312,1.211803226046917,-0.009088479016305752,0.0,0.0,0.6666666666666666,2.0,0.7290332184074794,1.925300133392619,0.9507354571660873,0.008331506133983526,1.1999677488712104,0.0,0.0,1.0,0.0,0.0,1.0,0,0.154
-0.7075555555555556,-0.11663807890222978,-0.3727099138153482,0.7853515102913664,0.0,-0.5,-0.6666666666666666,0.0,-0.5020624109877944,-0.3733535487539089,-0.22835205854091217,-0.5441355073141928,-0.2853472371533004,0.0,0.0,0.0,1.0,0.0,1.0,0,0.16
-0.928,-0.8936535162950255,-0.682447116570046,-0.7575514568297248,0.0,-1.5,-1.3333333333333333,-1.0,-1.580763881594602,-0.589114287588655,-0.6428320644541354,0.9919770966712282,-0.5756933992689744,0.0,0.0,0.0,1.0,1.0,0.0,1,0.117
-0.9244444444444446,-0.7873070325900513,-0.6525147224945956,-0.44319700614808877,0.0,-1.5,-1.0,-1.0,-1.383281439358277,-0.3988657982782875,-0.7020258949910068,0.4860357463611566,-0.5476349172221028,1.0,0.0,0.0,0.0,0.0,1.0,1,0.105
-0.4408888888888891,-0.5711835334476844,-0.4654200569977006,-0.6271050521251005,0.0,-0.5,-1.0,0.0,-0.7003422424277642,-0.5697735727111259,-0.19958669031956042,0.7603501686446441,-0.37225327886476023,0.0,1.0,0.0,0.0,0.0,1.0,4,0.139
0.6684444444444444,1.130360205831904,1.316899187467387,0.3854584335739109,0.0,0.0,0.6666666666666666,2.0,0.7691090069169991,2.092296029565053,1.0565729174366174,-0.30249974399522117,1.2984841969468932,0.0,1.0,0.0,0.0,0.0,1.0,4,0.168
-0.28800000000000003,-0.7924528301886791,-0.5393909159197904,-1.1264367816091958,0.0,-1.0,-0.6666666666666666,0.0,-0.9050042182579924,-0.46483318633418125,-0.5640660802720082,1.9438851824588663,-0.4415932057622017,0.0,0.0,0.0,1.0,0.0,1.0,1,0.111
-0.35911111111111116,-0.20411663807890207,-0.26424225743005747,-0.08286554397219988,1.0,-0.5,-0.3333333333333333,1.0,-0.3200790693824753,-0.14354892399050448,-0.22022137630275704,0.07668624225823992,0.06106213717480112,0.0,0.0,0.0,1.0,0.0,1.0,4,0.152
0.09955555555555545,0.00857632933104631,0.06058729421479065,-0.28815824645816646,1.0,0.0,0.0,1.0,0.05801809078972973,0.09603539642391155,0.07571697834281894,0.2933951267674216,0.517802623091808,0.0,1.0,0.0,0.0,1.0,0.0,3,0.2
0.6684444444444444,0.6260720411663807,0.8752071470758575,-0.09355787222667729,0.0,0.5,0.3333333333333333,0.0,0.5848159085882962,0.8624015044938008,0.8508112203414887,0.08795542255904656,0.8844442055471942,0.0,1.0,0.0,0.0,0.0,1.0,3,0.219
-0.5262222222222224,0.09433962264150943,-0.20398754537166064,0.7682437850842024,-1.0,0.0,-0.6666666666666666,1.0,-0.23472130207043543,-0.3243700296671016,0.11147350136743278,-0.5349864744133326,-0.40016125564394756,1.0,0.0,0.0,0.0,1.0,0.0,0,0.16
-0.5084444444444446,-0.2813036020583189,-0.3575946282247568,0.004811547714514782,-1.0,-0.5,-0.3333333333333333,0.0,-0.47401746888380575,-0.3413296012556886,-0.37063899770862596,-0.004297202392988742,-0.47215652547839176,1.0,0.0,0.0,0.0,1.0,0.0,0,0.167
0.6435555555555553,-0.21612349914236695,0.12767714300459299,-0.8847901630580062,0.0,0.5,0.3333333333333333,1.0,0.11760792401305882,-0.08784960893366085,-0.009536392722511519,1.2604022782636657,0.1837131799612986,0.0,0.0,0.0,1.0,1.0,0.0,3,0.197
0.060444444444444294,-0.5231560891938248,-0.30238599026337076,-0.9361133386794978,1.0,-0.5,-0.6666666666666666,0.0,-0.3793656067969669,-0.22436201153153676,-0.08671187818759712,1.384256882661357,0.007428509997849866,0.0,0.0,0.0,1.0,0.0,1.0,4,0.148
0.7360000000000001,1.130360205831904,1.3779108106403353,0.3213044640470463,0.0,0.5,0.3333333333333333,1.0,0.7914654786005055,1.5014323305804405,1.4293831768792962,-0.2575504962228676,1.3556761986669534,0.0,1.0,0.0,0.0,0.0,1.0,0,0.18
-0.5155555555555555,-0.5351629502572898,-0.4695486630770731,-0.475273990911521,1.0,-0.5,0.0,0.0,-0.7104577646250693,-0.578520629690913,-0.6361180919999013,0.5296781150107035,-0.22761771662008162,0.0,0.0,1.0,0.0,0.0,1.0,4,0.148
-0.5866666666666668,-0.5368782161234991,-0.4899164530686439,-0.38438920074846306,1.0,-1.0,-1.6666666666666667,0.0,-0.7623709984687657,-0.30760483712250986,1.327010495971616,0.40936537747389046,-0.2562567189851645,0.0,0.0,1.0,0.0,0.0,1.0,4,0.135
-0.6257777777777779,-0.15437392795883362,-0.3518833898149582,0.49238171611868514,0.0,-0.5,-0.6666666666666666,0.0,-0.4636772761778775,-0.3292295057669832,-0.18640512972133932,-0.3728464634505221,-0.2658245538593851,1.0,0.0,0.0,0.0,0.0,1.0,0,0.16
0.3626666666666665,1.130360205831904,1.0407413141582518,0.7308206361935313,0.0,0.0,0.0,0.0,0.6590630450928688,1.653485337745738,1.39180956956661,-0.5146269916893431,1.0396151365297785,0.0,1.0,0.0,0.0,0.0,1.0,0,0.161
0.824888888888889,0.5437392795883362,0.9098645014421449,-0.2806736166800321,0.0,0.0,0.0,1.0,0.6009550385313919,1.4455240580513016,1.2160759602828488,0.2853848547275871,0.9169318426144915,0.0,0.0,0.0,1.0,0.0,1.0,3,0.203
-0.11022222222222228,0.1749571183533448,0.056642181738945904,0.16733493718257164,0.0,0.5,0.0,1.0,0.054368520753798104,-0.178148393821662,0.07041971567250599,-0.14202966337494108,0.11712534938722856,0.0,0.0,1.0,0.0,0.0,1.0,0,0.142
-0.28444444444444444,0.14236706689536896,-0.05496780260675603,0.376904570970329,1.0,0.0,0.0,0.0,-0.05664179981232049,-0.08757990801011734,-0.07944354103530687,-0.2965005420625914,0.35532143625026885,1.0,0.0,0.0,0.0,0.0,1.0,0,0.169
0.46577777777777757,1.130360205831904,1.1338643179485415,0.6035819299652504,1.0,0.5,1.0,0.0,0.6979277271641754,1.1912033763639944,0.6573790047716426,-0.4414092512055392,2.026929692539239,0.0,1.0,0.0,0.0,0.0,1.0,0,0.133
-0.035555555555555556,0.8713550600343054,0.5228076815009776,1.022721197540765,1.0,0.0,-0.3333333333333333,1.0,0.39846380388864894,0.8304966141600274,1.0479433069702118,-0.663512744284324,1.1677273704579658,1.0,0.0,0.0,0.0,0.0,1.0,0,0.145
0.4764444444444444,0.44939965694682676,0.5962280596124845,-0.11494252873563214,0.0,1.0,1.0,2.0,0.44112123552994903,0.21483743837576874,0.176108318755595,0.10859393878872649,0.6229305525693399,0.0,1.0,0.0,0.0,0.0,1.0,3,0.192
0.725333333333333,1.130360205831904,1.368277396455133,0.3309275594760759,0.0,0.0,0.0,1.0,0.7879777289405101,2.173935228043065,1.8316055633577253,-0.26460522958323046,1.3466458826058911,0.0,1.0,0.0,0.0,1.0,0.0,0,0.154
0.8533333333333334,1.130360205831904,1.4838783666775617,0.21758887997861542,1.0,0.0,-0.6666666666666666,1.0,0.8288377714355809,2.357623424618592,3.5110226180796804,-0.1809611563116415,2.5190819178671253,0.0,1.0,0.0,0.0,0.0,1.0,0,0.149
-0.7964444444444445,-0.22641509433962256,-0.44695601314272937,0.7800053461641273,-1.0,-0.5,-0.6666666666666666,0.0,-0.6566391489324649,-0.5306547901070785,-0.37789193584152553,-0.5413132424310032,-0.514039991399699,0.0,0.0,0.0,1.0,1.0,0.0,0,0.165
-0.07822222222222232,-0.6535162950257288,-0.4189503019043196,-1.03448275862069,-1.0,-0.5,-0.6666666666666666,0.0,-0.5946901628966615,-0.4713205869275233,-0.32148532781432476,1.6497914202761546,-0.5009137819823694,0.0,1.0,0.0,0.0,1.0,0.0,2,0.173
-0.6115555555555556,-0.6895368782161234,-0.5570292385588872,-0.6709435979684578,-1.0,-1.5,-1.0,0.0,-0.9628781092317937,0.20803417183593445,-0.44560142410131326,0.833226494873554,-0.565631047086648,0.0,1.0,0.0,0.0,1.0,0.0,1,0.118
0.8106666666666665,-0.061749571183533344,0.33745620523759556,-0.8152900294039029,0.0,0.5,0.6666666666666666,2.0,0.27912115218946426,0.1788190015234459,0.07021952842043018,1.1070623217248174,0.3803590625671899,0.0,0.0,1.0,0.0,0.0,1.0,3,0.212
0.20266666666666652,1.130360205831904,0.8962401013802159,0.9574979951884528,0.0,0.0,0.0,1.0,0.5946501478862998,1.4238750920263288,1.1977819252470001,-0.632039598901795,0.9041603956138465,0.0,1.0,0.0,0.0,0.0,1.0,0,0.158
0.615111111111111,-0.1921097770154373,0.13694356998274007,-0.848436246992783,-1.0,0.0,0.3333333333333333,2.0,0.1254927567046734,0.21736436594770722,0.001128528135328306,1.1792969452693423,-0.2403676628682004,0.0,0.0,1.0,0.0,0.0,1.0,4,0.135
-0.7324444444444445,-0.12006861063464837,-0.3847058081459692,0.8495054798182309,-1.0,-0.5,-0.3333333333333333,0.0,-0.5250584520213268,-0.39876860875629,-0.4143229359154409,-0.5777850060609018,-0.4848634702214577,1.0,0.0,0.0,0.0,0.0,1.0,0,0.158
-0.6257777777777779,-0.8130360205831902,-0.6081780805422237,-0.9179363806468861,1.0,-1.0,-0.6666666666666666,0.0,-1.1599437805509656,-0.6834367186873583,-0.7026110577278438,1.3401632458084831,-0.4225435390238658,1.0,0.0,0.0,0.0,0.0,1.0,1,0.1
0.984888888888889,0.293310463121784,0.76992769205186,-0.5886126704089817,0.0,0.5,0.0,1.0,0.5336415733480498,0.7285715327030593,1.0281771256806367,0.6978608813703974,0.7857557514513008,1.0,0.0,0.0,0.0,1.0,0.0,2,0.161
0.2275555555555555,0.44425385934819905,0.4315425504464055,0.11387329591018452,1.0,0.5,0.0,1.0,0.3419731152695322,0.2984204272937336,0.5738136595461599,-0.0985261056475802,1.0394001290045152,0.0,0.0,1.0,0.0,0.0,1.0,0,0.162
-1.0133333333333334,-0.8936535162950255,-0.6945576944028717,-0.6067896284415932,-1.0,-1.5,-1.0,-1.0,-1.677392795988909,-0.6660883890107808,-0.8149315051617512,0.7267754084946292,-0.6300903031606107,1.0,0.0,0.0,0.0,0.0,1.0,1,0.09
0.41955555555555546,-0.3310463121783876,-0.05109150023223409,-0.897620956963379,0.0,0.0,-0.3333333333333333,2.0,-0.05251015031127676,-0.08142052205351728,0.1232260329662208,1.2911103337834808,0.016136314771017023,0.0,1.0,0.0,0.0,0.0,1.0,2,0.195
0.5617777777777777,-0.4356775300171525,-0.08824895494658616,-1.066559743384122,1.0,0.0,0.0,1.0,-0.0930435293920113,-0.1404631566670796,-0.12413149530637889,1.7458236606868998,0.30852504837669337,0.0,0.0,1.0,0.0,0.0,1.0,3,0.185
0.02133333333333313,0.48027444253859347,0.3212858314267201,0.408981555733761,0.0,0.0,0.0,1.0,0.26779124062388077,0.5102814365583248,0.42576748712641965,-0.3178256576285765,0.3652010320361213,0.0,1.0,0.0,0.0,0.0,1.0,0,0.173
-0.7075555555555556,-0.3962264150943395,-0.47289742134145296,0.13525795241913938,1.0,0.0,0.3333333333333333,0.0,-0.7187597965290455,-0.751663763129697,-0.7007499762415128,-0.11582383603952828,-0.23232638142334985,0.0,1.0,0.0,0.0,1.0,0.0,0,0.164
0.3164444444444444,0.8662092624356774,0.8026124901802252,0.4966586474204761,0.0,1.0,0.6666666666666666,1.0,0.5498904467253346,0.43346526810944536,0.5386576982777735,-0.37551513385902685,0.816394323801333,1.0,0.0,0.0,0.0,0.0,1.0,0,0.149
-0.028444444444444595,-0.11492281303602038,-0.07680354142654817,-0.32985832665062825,-1.0,-0.5,-0.6666666666666666,0.0,-0.0803328476308917,0.25356746289182575,0.3676361889274889,0.3419889820974737,-0.3405504192646743,0.0,0.0,1.0,0.0,0.0,1.0,4,0.137
-0.35911111111111116,-0.746140651801029,-0.5295051980297375,-1.005613472333601,1.0,-1.0,-1.3333333333333333,0.0,-0.874347959218622,-0.4334166733484463,-0.026748096681203377,1.566867100731092,-0.31192216727585464,0.0,0.0,1.0,0.0,0.0,1.0,1,0.115
0.46933333333333316,1.130360205831904,1.1370754560102756,0.5993049986634594,1.0,1.0,0.0,0.0,0.6992340359942063,0.787769670551818,1.5211613324463498,-0.43891653300940625,2.0314448505697698,0.0,0.0,1.0,0.0,0.0,1.0,0,0.157
-0.23822222222222234,0.31217838765008576,0.06042673731170398,0.5682972467254745,0.0,0.5,0.3333333333333333,0.0,0.05786989382109257,-0.1733375124827792,-0.08693626389871494,-0.419749232334558,0.12067297355407439,0.0,1.0,0.0,0.0,0.0,1.0,0,0.137
-0.5760000000000001,-0.12864493996569468,-0.32048304691128665,0.4357123763699549,0.0,-0.5,0.3333333333333333,0.0,-0.40914760952471635,-0.2627032779596031,-0.5253331467852127,-0.33569895418051005,-0.23639002365082779,0.0,1.0,0.0,0.0,0.0,1.0,0,0.157
0.9208888888888885,-0.19554030874785575,0.2576823611039434,-0.9756749532210642,0.0,0.5,0.0,1.0,0.22156245488228452,0.07741145427111507,0.34036452558701047,1.4866558861028751,0.30557944528058484,0.0,0.0,0.0,1.0,0.0,1.0,3,0.195
-0.6008888888888889,-0.5403087478559175,-0.49521483087050516,-0.3704891740176425,-1.0,-1.0,-0.6666666666666666,0.0,-0.7764600095644689,-0.3244429218085998,-0.4750905462340158,0.3928517051993249,-0.536658783057407,0.0,1.0,0.0,0.0,0.0,1.0,4,0.135
0.4906666666666666,0.19725557461406518,0.40144959946786857,-0.38652766639935854,0.0,0.0,0.3333333333333333,1.0,0.32241443212724297,0.6376604538264732,0.30555394232495264,0.4125966982697402,0.44034616211567407,0.0,1.0,0.0,0.0,1.0,0.0,3,0.21
-0.17422222222222242,-0.4339622641509433,-0.3185334273738052,-0.6516974071103985,-1.0,-1.0,-1.0,0.0,-0.40588408993813946,0.237045244152228,0.19487459038608404,0.7996436755695069,-0.45384863470221454,0.0,0.0,1.0,0.0,0.0,1.0,4,0.145
-0.40533333333333355,-0.739279588336192,-0.5353999300430636,-0.9607056936647957,-1.0,-1.0,-0.6666666666666666,0.0,-0.8924828850568313,-0.45214995371349015,-0.5560277921501958,1.4457935916842988,-0.5554934422704795,0.0,1.0,0.0,0.0,0.0,1.0,1,0.117
-0.021333333333333385,0.22126929674099494,0.13352600161703732,0.11815022721197549,0.0,0.0,0.3333333333333333,1.0,0.12259398311878379,0.21193390140608942,-0.0028048213889740998,-0.10201913805136605,0.1891958718555149,0.0,1.0,0.0,0.0,0.0,1.0,0,0.154
-0.3022222222222222,0.30703259005145805,0.01969115732856248,0.6752205292702488,1.0,0.0,-0.3333333333333333,1.0,0.01933237739455553,0.031052052278243984,0.23727733017961408,-0.48333893054128146,0.4602988604601162,0.0,1.0,0.0,0.0,0.0,1.0,0,0.159
0.3057777777777776,-0.5265866209262434,-0.23591543238547424,-1.0601443464314357,0.0,0.0,-0.3333333333333333,1.0,-0.2787883005609128,-0.3751029601498662,-0.17457868282947744,1.7273765367061982,-0.157116749086218,1.0,0.0,0.0,0.0,0.0,1.0,4,0.133
0.910222222222222,0.029159519725557508,0.47060375129735715,-0.7789361133386796,0.0,0.5,0.6666666666666666,1.0,0.36665216478653556,0.3480745540823244,0.20430648976273189,1.0329793758527686,0.5051709309825845,0.0,0.0,1.0,0.0,0.0,1.0,3,0.188
0.46933333333333316,-0.35677530017152653,-0.05409620798999969,-0.9478748997594229,0.0,0.5,1.0,1.0,-0.05571088546882924,-0.3189176974830344,-0.406036210280796,1.4138438441695715,0.013319716190066614,0.0,0.0,1.0,0.0,0.0,1.0,3,0.182
0.4942222222222222,-0.29502572898799306,0.004484124936207239,-0.8954824913124836,1.0,0.0,-0.3333333333333333,2.0,0.00444464870982405,0.006888307371582304,0.21277441052553767,1.285631305157024,0.4389163620726725,0.0,0.0,0.0,1.0,1.0,0.0,3,0.216
-0.2915555555555557,-0.1646655231560891,-0.21683209761859717,-0.1085271317829457,1.0,0.0,0.0,0.0,-0.25215195054327993,-0.34477982928660467,-0.2967853007120507,0.101825072140247,0.12772522038271333,0.0,1.0,0.0,0.0,0.0,1.0,4,0.147
-0.4195555555555557,-0.4150943396226414,-0.3869536047891831,-0.3704891740176425,1.0,-0.5,0.0,0.0,-0.5294437249410273,-0.40353089533417397,-0.5252143543499149,0.39253336458986243,-0.11148140184906472,0.0,0.0,1.0,0.0,0.0,1.0,4,0.145
0.935111111111111,0.17667238421955422,0.6267797445998405,-0.6634589681903237,0.0,0.5,0.3333333333333333,1.0,0.4582082737618328,0.5466035906668903,0.5648910277393534,0.8201914290732102,0.6515695549344227,0.0,1.0,0.0,0.0,0.0,1.0,2,0.173
-0.5120000000000002,-0.72041166380789,-0.5485885327966146,-0.8366746859128578,-1.0,-1.0,-1.0,0.0,-0.9346480295242963,-0.49406293507496957,-0.42293406755857793,1.1538270705897449,-0.5616749086218017,1.0,0.0,0.0,0.0,0.0,1.0,1,0.114
0.910222222222222,-0.13550600343053157,0.31142305023710815,-0.9200748462977816,0.0,0.0,-0.6666666666666666,0.0,0.26079932177817,0.49460962613620646,1.1495675955355162,1.3451665447786312,0.3559557084497958,1.0,0.0,0.0,0.0,1.0,0.0,2,0.161
-0.7360000000000001,-0.4236706689536877,-0.49179726250480243,0.13205025394279601,-1.0,-1.0,-1.0,0.0,-0.7673432800383461,-0.3135819927253642,-0.2704221795156084,-0.11322617390684954,-0.5350569769941949,1.0,0.0,0.0,0.0,0.0,1.0,0,0.154
-0.9173333333333334,-0.6500857632933102,-0.6128571674321791,-0.047580860732424485,0.0,-1.0,-0.6666666666666666,0.0,-1.1807201354203907,-0.6983067155529962,-0.7120352575947964,0.043521091253709114,-0.5104601161040636,0.0,1.0,0.0,0.0,0.0,1.0,1,0.09
0.2737777777777776,-0.5643224699828472,-0.2723159759852746,-1.0900828655439725,-1.0,-0.5,0.0,1.0,-0.3322584153231203,-0.160654279862088,-0.3712857565230246,1.8198783599097048,-0.4321866265319286,0.0,1.0,0.0,0.0,0.0,1.0,4,0.13
0.775111111111111,1.130360205831904,1.4132333293194108,0.286019780807271,0.0,1.0,1.3333333333333333,1.0,0.8041224209175624,1.0803101317646946,0.7105569517333135,-0.23181652951542184,1.3887873575575145,0.0,1.0,0.0,0.0,0.0,1.0,0,0.154
0.8035555555555554,1.104631217838765,1.4150682653546873,0.23790430366212265,0.0,0.0,0.6666666666666666,2.0,0.8047743596406312,2.2482852123712544,1.1554346219232756,-0.1958823331226676,1.3905074177596215,0.0,0.0,0.0,1.0,0.0,1.0,0,0.178
0.3519999999999999,0.40480274442538605,0.48195741801563136,-0.05399625768511094,-1.0,1.0,1.0,1.0,0.37368175028644673,0.09378788872771633,0.07381776595133083,0.04950318306701916,-0.0786605031176091,0.0,0.0,0.0,1.0,0.0,1.0,4,0.139
0.8426666666666668,1.130360205831904,1.4742449524923593,0.22721197540764523,-1.0,0.0,0.0,1.0,0.825513146428058,2.342316074903965,1.9738925025254388,-0.18784891961867384,0.38642227477961727,1.0,0.0,0.0,0.0,0.0,1.0,0,0.169
-0.05333333333333334,0.6809605488850772,0.39342175431353327,0.7928361400695002,0.0,0.0,0.3333333333333333,2.0,0.3171130609443133,0.6249043290642837,0.29631453069068553,-0.5479013322440527,0.4328208987314556,1.0,0.0,0.0,0.0,1.0,0.0,0,0.169
-0.8213333333333334,-0.34305317324185236,-0.4935404517383152,0.5511895215183106,-1.0,-1.0,-0.6666666666666666,0.0,-0.7719801413960155,-0.31912179547922936,-0.4717181609875083,-0.40990056096581484,-0.5358740055901956,0.0,1.0,0.0,0.0,1.0,0.0,0,0.164
0.48,-0.4939965694682675,-0.16088948524310043,-1.0954290296712113,-1.0,0.5,0.3333333333333333,1.0,-0.17892154916087677,-0.45467202180932875,-0.34165364349598215,1.8367740597189939,-0.3799612986454526,0.0,1.0,0.0,0.0,1.0,0.0,4,0.138
0.08533333333333329,0.9931389365351629,0.7001771860109064,0.9746057203956167,0.0,0.5,1.0,1.0,0.4977937830365681,0.6399055317846184,0.2691594599255918,-0.6406909276904545,0.7203719630187057,1.0,0.0,0.0,0.0,1.0,0.0,0,0.154
-0.2631111111111113,-0.35677530017152653,-0.3059411788317193,-0.4496124031007752,-1.0,-0.5,-0.3333333333333333,0.0,-0.38512747360281496,-0.23189419948635348,-0.2874103777071477,0.49465337739060244,-0.4479466781337347,0.0,1.0,0.0,0.0,0.0,1.0,4,0.148
-0.40177777777777796,-0.30703259005145783,-0.3300705876956071,-0.20155038759689917,0.0,-1.0,-0.6666666666666666,0.0,-0.425397678589765,0.20038049697862081,-0.14247172740039915,0.197904508844651,-0.24537733820683724,1.0,0.0,0.0,0.0,0.0,1.0,4,0.129
0.984888888888889,0.2367066895368784,0.7136180924693079,-0.63672814755413,0.0,0.5,0.0,1.0,0.5048306808866555,0.6569914497518025,0.9525679404735505,0.7745131656468073,0.73297140399914,0.0,1.0,0.0,0.0,1.0,0.0,2,0.187
0.1315555555555554,0.7341337907375645,0.5649882736118996,0.5800588078053998,1.0,1.0,0.0,1.0,0.42325447110116055,0.18174440613557466,0.7529966491733805,-0.42750474545073014,1.2270371963018707,0.0,0.0,1.0,0.0,0.0,1.0,0,0.165
-0.672,-0.10634648370497407,-0.3534430854449434,0.7115744453354722,1.0,-0.5,-0.6666666666666666,0.0,-0.46648755876571846,-0.33253394951490284,-0.18954652967699023,-0.5039043858225928,-0.06436250268759415,0.0,0.0,1.0,0.0,0.0,1.0,0,0.163
0.7431111111111108,-0.03602058319039441,0.32997884089384316,-0.7607591553060682,-1.0,0.0,0.0,0.0,0.2739024700846257,0.5240944973722383,0.437439943824377,0.9979276763130895,-0.14989249623736833,0.0,1.0,0.0,0.0,0.0,1.0,2,0.187
-0.29866666666666686,-0.2710120068610634,-0.27424265882231513,-0.27211975407645017,1.0,0.0,0.3333333333333333,1.0,-0.33519310411264547,-0.4360043443716332,-0.472114135771834,0.2748754533068,0.047000645022575865,0.0,1.0,0.0,0.0,1.0,0.0,4,0.134
0.430222222222222,-0.21440823327615766,0.04439398370347428,-0.7789361133386796,-1.0,0.0,0.0,0.0,0.04292810830113054,0.07030447047503813,0.05397356296351034,1.0346317023783769,-0.28374543109008815,0.0,1.0,0.0,0.0,0.0,1.0,2,0.209
-0.568888888888889,-0.26072041166380777,-0.3716548255950641,0.15236567762630326,-1.0,-0.5,-0.3333333333333333,0.0,-0.5000718032276796,-0.37111818974796323,-0.3932940350358489,-0.12925740113480155,-0.47874650612771447,1.0,0.0,0.0,0.0,1.0,0.0,0,0.145
0.7288888888888889,0.40137221269296747,0.7164163699231046,-0.3480352846832398,0.0,0.5,1.3333333333333333,1.0,0.5062877695974707,0.6605485862569159,0.14917030083524283,0.36467846682962357,0.7355944958073533,0.0,1.0,0.0,0.0,1.0,0.0,3,0.186
0.8391111111111109,1.0514579759862779,1.3968565252045668,0.15985030740443734,1.0,0.5,0.3333333333333333,0.0,0.7982796662616768,1.525515894131454,1.4511881883361664,-0.13567186343619766,2.3967211352397335,0.0,1.0,0.0,0.0,0.0,1.0,0,0.163
-0.035555555555555556,-0.5265866209262434,-0.33146972642250555,-0.8837209302325585,0.0,0.0,0.3333333333333333,0.0,-0.4277975927534052,-0.526937290890669,-0.5379779415646812,1.2589043332377998,-0.24668888411094386,0.0,0.0,1.0,0.0,0.0,1.0,4,0.141
0.03911111111111091,0.7804459691252144,0.5248719845406637,0.7757284148623363,1.0,0.5,0.6666666666666666,0.0,0.3996955174219782,0.4170596767962445,0.2589576095794218,-0.5389392881867785,1.1706299720490214,1.0,0.0,0.0,0.0,0.0,1.0,0,0.15
-0.6364444444444445,-0.7512864493996568,-0.5862505949206678,-0.7746591820368887,0.0,-1.0,-1.3333333333333333,0.0,-1.0693224374950956,-0.6137518314150551,-0.2553311405129721,1.0252764020073364,-0.4855192431735111,1.0,0.0,0.0,0.0,0.0,1.0,1,0.108
0.8071111111111112,-0.11492281303602038,0.2864908568577868,-0.8612670408981559,0.0,0.0,0.0,1.0,0.24284047427116393,0.4549927472319212,0.379046862295809,1.2067595010759826,0.33258439045366595,0.0,0.0,1.0,0.0,0.0,1.0,3,0.216
0.3342222222222222,0.49914236706689546,0.5415240290607994,0.0678962844159317,-1.0,1.0,1.0,2.0,0.4095610190742844,0.1568881858846798,0.1271394370939792,-0.05928307835212138,-0.050741775962158675,0.0,0.0,1.0,0.0,0.0,1.0,0,0.147
0.9422222222222222,1.130360205831904,1.564156818220915,0.1459502806736168,0.0,0.0,0.3333333333333333,0.0,0.8560066387781954,2.4851846722404862,1.6437375267942935,-0.12412218359964144,1.5302623091808214,0.0,0.0,1.0,0.0,0.0,1.0,0,0.166
0.8711111111111111,-0.2212692967409947,0.21304754204583887,-0.9799518845228552,0.0,0.5,0.6666666666666666,2.0,0.18740718783121574,0.020672211328896562,-0.05506689334023221,1.49832489696895,0.2637389808643302,0.0,0.0,0.0,1.0,0.0,1.0,3,0.216
0.23822222222222206,-0.5403087478559175,-0.2646321813375537,-1.046244319700615,-1.0,-0.5,0.0,1.0,-0.32066293703667054,-0.14437503492748427,-0.3609684135314262,1.68544195340594,-0.4285852504837669,0.0,1.0,0.0,0.0,0.0,1.0,4,0.147
-0.8177777777777779,-0.7547169811320753,-0.6227658220226729,-0.5415664260892811,0.0,-1.0,-1.0,0.0,-1.2266285620245458,-0.7297961206802295,-0.6221357823933772,0.6253639889667872,-0.5197484411954418,0.0,0.0,0.0,1.0,0.0,1.0,1,0.102
0.0,0.9605488850771869,0.6071688657228214,1.0793905372894952,0.0,0.5,0.0,2.0,0.44728324639298694,0.5216744782744972,0.809634242491438,-0.6898236287779653,0.6331864115244034,0.0,0.0,1.0,0.0,0.0,1.0,0,0.167
0.34133333333333316,0.20411663807890232,0.3241529189818399,-0.2657043571237637,-1.0,0.0,1.0,1.0,0.26981210104071596,0.5148371954019639,-0.06744257192368663,0.26841540315510587,-0.15262309180821326,1.0,0.0,0.0,0.0,0.0,1.0,4,0.145
0.24177777777777767,1.130360205831904,0.9315626200592914,0.8986901897888269,-1.0,1.0,1.3333333333333333,1.0,0.610892372019405,0.5700651412771189,0.32250166309409406,-0.6028874358911356,0.13206837239303376,1.0,0.0,0.0,0.0,1.0,0.0,0,0.138
0.8319999999999997,0.16466552315608932,0.5593917187043057,-0.6228281208233095,0.0,1.0,1.3333333333333333,1.0,0.4200100997763417,0.17581584529371894,0.02266427673885724,0.7523800890493036,0.5884003440120403,0.0,0.0,1.0,0.0,0.0,1.0,3,0.175
0.24177777777777767,0.4682675814751288,0.45789681925306625,0.12670408981555742,0.0,0.5,0.3333333333333333,1.0,0.3587090294370214,0.3319216555263178,0.3705202052733281,-0.10914742420398069,0.49325951408299284,0.0,0.0,1.0,0.0,0.0,1.0,0,0.159
0.39466666666666644,0.27101200686106364,0.4054405853445952,-0.2368350708366748,0.0,0.0,0.0,1.0,0.32503665486346855,0.6440020701368186,0.5387654914135066,0.23523708629296652,0.4440872930552569,0.0,0.0,0.0,1.0,0.0,1.0,3,0.2
0.814222222222222,1.130360205831904,1.4485558479984861,0.25073509756749557,-1.0,0.5,0.0,1.0,0.8165777442632757,1.5912354489062535,1.9393986990908418,-0.20628836961826938,0.3743818533648678,0.0,1.0,0.0,0.0,0.0,1.0,0,0.175
0.1528888888888888,0.9794168096054887,0.7483442569369183,0.8516439454691261,1.0,0.5,1.0,1.0,0.5227234786534015,0.7011349306431275,0.3122767142188385,-0.5787158674706077,1.4848527198451944,0.0,1.0,0.0,0.0,0.0,1.0,0,0.15
-0.49422222222222245,0.23327615780445982,-0.12659911808386812,0.9596364608393481,0.0,0.0,-0.3333333333333333,0.0,-0.137205220857956,-0.20140098695959588,0.0015614605661909851,-0.6331163106630532,-0.05464416254568912,1.0,0.0,0.0,0.0,0.0,1.0,0,0.177
-0.8497777777777779,-0.5060034305317322,-0.5531529361843652,0.1919272921678696,0.0,-0.5,-0.3333333333333333,0.0,-0.9497870803528462,-0.7556485335315999,-0.685739892083672,-0.16111219448709166,-0.4544936572780047,1.0,0.0,0.0,0.0,0.0,1.0,0,0.161
0.5013333333333332,-0.367066895368782,-0.051458487439289505,-0.972467254744721,0.0,0.5,0.3333333333333333,1.0,-0.0529003781225862,-0.31556465897411606,-0.2157072637614437,1.4777119691678866,0.015792302730595533,0.0,0.0,0.0,1.0,0.0,1.0,3,0.204
0.48,0.9828473413379075,1.0279655720126382,0.43464314354450684,0.0,0.5,0.3333333333333333,1.0,0.6535771851759652,1.0565861694450722,1.0266240245821145,-0.3350787536052867,1.027639217372608,1.0,0.0,0.0,0.0,0.0,1.0,0,0.172
-0.21333333333333335,0.6518010291595197,0.26009071465024397,1.0451750868751675,0.0,0.5,0.3333333333333333,0.0,0.22336361820538975,0.08047292421404056,0.14286110260498613,-0.674202404769516,0.30783702429585036,0.0,0.0,1.0,0.0,1.0,0.0,0,0.182
-0.5866666666666668,0.17838765008576338,-0.20107458441565892,1.092221331194868,0.0,0.0,0.0,1.0,-0.23082175508226427,-0.31974137868196423,-0.27562704806957894,-0.6957576780019383,-0.12445710599870993,1.0,0.0,0.0,0.0,0.0,1.0,0,0.151
0.18133333333333312,1.053173241852487,0.8235078242819378,0.8976209569633792,0.0,0.5,0.3333333333333333,1.0,0.5601041340445091,0.7966819497190009,0.791309409416808,-0.6023524029156946,0.8359815093528272,0.0,1.0,0.0,0.0,0.0,1.0,0,0.146
-0.48,-0.40308747855917654,-0.40108261226081326,-0.2699812884255547,1.0,-0.5,0.3333333333333333,0.0,-0.557586160741623,-0.433465268109445,-0.6180968395932547,0.27259561209575756,-0.13134809718340135,0.0,1.0,0.0,0.0,0.0,1.0,4,0.145
-0.9173333333333334,-0.3739279588336191,-0.5356751704483552,0.7757284148623363,-1.0,-1.5,-1.0,0.0,-0.8933400174645929,0.3437593393056294,-0.38825547589129533,-0.5391469390769866,-0.5556224467856374,0.0,1.0,0.0,0.0,0.0,1.0,0,0.157
-0.184888888888889,-0.4699828473413377,-0.3418600517222596,-0.6966051857792036,-1.0,-0.5,0.0,0.0,-0.4458541764074873,-0.30799359521050035,-0.4646654101066844,0.8779433695795195,-0.4647817673618576,0.0,1.0,0.0,0.0,0.0,1.0,2,0.183
-0.4835555555555556,-0.2504288164665522,-0.3346579277837987,0.022988505747126523,0.0,-0.5,-0.3333333333333333,0.0,-0.4332939230302584,-0.29273484025687185,-0.33368135117155745,-0.02026201320680093,-0.24967748871210493,0.0,0.0,1.0,0.0,0.0,1.0,0,0.147
-0.7964444444444445,-0.699828473413379,-0.6007924630002353,-0.43464314354450684,0.0,-1.0,-1.0,0.0,-1.1282333647150764,-0.6599654491249298,-0.5631267400891911,0.47437473262189994,-0.4991507202752097,0.0,0.0,1.0,0.0,0.0,1.0,1,0.098
0.3377777777777778,0.40823327615780464,0.475581015293045,-0.03688853247794706,0.0,0.5,0.6666666666666666,1.0,0.3697416039898619,0.35440159196437054,0.20931887057432175,0.033658007389201015,0.5098365942807999,1.0,0.0,0.0,0.0,0.0,1.0,3,0.186
-0.8213333333333334,-0.6518010291595195,-0.5909755552115051,-0.26356589147286824,0.0,-0.5,-0.6666666666666666,0.0,-1.0879814146133864,-0.8357812944186488,-0.6679632640993421,0.26575722942866903,-0.48994839819393676,1.0,0.0,0.0,0.0,1.0,0.0,1,0.132
-0.8675555555555556,-0.3190394511149227,-0.5025087016107299,0.7618283881315158,0.0,-1.0,-0.3333333333333333,0.0,-0.7962801548717149,-0.3476226228050353,-0.6041374085298248,-0.531292617427977,-0.4070199956998495,0.0,0.0,1.0,0.0,0.0,1.0,0,0.174
0.2453333333333333,-0.31046312178387636,-0.09792824253267053,-0.782143811815023,1.0,0.0,0.3333333333333333,0.0,-0.10395648893042429,-0.1558433985232052,-0.2691902579643728,1.0407059997325725,0.2949150720275209,1.0,0.0,0.0,0.0,0.0,1.0,2,0.176
-0.14933333333333343,-0.13379073756432242,-0.1400858979431514,-0.23148890670943598,1.0,0.0,0.0,0.0,-0.1533482121989273,-0.22283127656007395,-0.1937350629511912,0.2297556250722525,0.2356374973124061,1.0,0.0,0.0,0.0,0.0,1.0,3,0.189
-0.9742222222222223,-0.8096054888507718,-0.6673088942790136,-0.4089815557337612,1.0,-1.5,-1.0,-1.0,-1.4746764610083467,-0.49289666081099787,-0.7417553650183555,0.44140732504508906,-0.5056869490432164,0.0,0.0,1.0,0.0,0.0,1.0,1,0.1
-0.34488888888888897,-0.7135506003430531,-0.5105824201659471,-0.9607056936647957,0.0,-0.5,-0.3333333333333333,0.0,-0.8188216777441911,-0.6654566571177961,-0.6171465001108729,1.445262974451021,-0.4145882605891206,0.0,0.0,1.0,0.0,0.0,1.0,4,0.151
-0.568888888888889,0.0034305317324185734,-0.2632101059102143,0.6880513231756217,-1.0,-0.5,-0.3333333333333333,0.0,-0.31853563853894484,-0.14136215974555771,-0.218558282208589,-0.4905211817444049,-0.42791872715545043,0.0,1.0,0.0,0.0,0.0,1.0,0,0.145
0.28444444444444444,-0.2847341337907374,-0.06499114069945476,-0.7757284148623366,-1.0,0.0,-0.6666666666666666,0.0,-0.06742774081687149,-0.10350684092747962,0.39142767388572675,1.0271035057679516,-0.33501397548914214,0.0,1.0,0.0,0.0,0.0,1.0,2,0.193
-0.7111111111111112,-0.0017152658662091648,-0.33321291565601835,1.0644212777332265,-1.0,-0.5,-0.3333333333333333,0.0,-0.43079799232569865,-0.28967337031394635,-0.3313530194397221,-0.6827568796846257,-0.46072887551064284,0.0,1.0,0.0,0.0,1.0,0.0,0,0.168
-0.184888888888889,-0.5111492281303601,-0.36472794206189474,-0.7586206896551727,0.0,-0.5,-0.6666666666666666,0.0,-0.4871273906267133,-0.3564425719263205,-0.21227548229728727,0.993053222516964,-0.27786497527413456,0.0,1.0,0.0,0.0,0.0,1.0,2,0.195
-0.37688888888888894,0.36020583190394506,0.0010436198700635294,0.9168671478214383,0.0,0.5,0.0,1.0,0.0010366980540434452,-0.24882461421834107,-0.004234730332372574,-0.6122834014736231,0.0650075252633842,0.0,0.0,0.0,1.0,0.0,1.0,0,0.159
0.583111111111111,1.0703259005145798,1.1891647027116914,0.41325848703555196,-1.0,1.0,0.3333333333333333,0.0,0.7201249617460284,0.8429490216659743,1.2121514101981987,-0.32118128401485885,0.2528058482046872,0.0,1.0,0.0,0.0,0.0,1.0,0,0.149
0.35555555555555557,1.130360205831904,1.0343190380347835,0.7404437316225609,0.0,0.0,0.0,2.0,0.6563101526605858,1.6432804379359864,1.3831861187079604,-0.5197445313780172,1.0335949258224038,0.0,0.0,0.0,1.0,1.0,0.0,0,0.152
0.7786666666666664,1.130360205831904,1.416444467381145,0.2828120823309276,0.0,0.0,-1.0,0.0,0.8052629572157977,2.2504719766162014,4.854125089314312,-0.22948735771865683,1.391797462911202,0.0,0.0,0.0,1.0,0.0,1.0,0,0.167
-0.6115555555555556,0.025728987993138934,-0.27486194973422107,0.840951617214649,-1.0,-0.5,-0.6666666666666666,0.0,-0.3361387409186117,-0.1660482983329567,-0.03127540838199436,-0.5732602867431758,-0.4333799182971404,0.0,1.0,0.0,0.0,1.0,0.0,0,0.15
0.44088888888888883,-0.3739279588336191,-0.07744576903889494,-0.9532210638866616,0.0,0.0,0.0,1.0,-0.08104062677918016,-0.12329705734424763,-0.10962561904057956,1.4271987768724466,-0.00856804988174584,0.0,1.0,0.0,0.0,0.0,1.0,2,0.191
0.19555555555555557,0.3361921097770156,0.33546071229923224,0.019780807270783178,1.0,0.0,0.0,1.0,0.27773184018839914,0.5328051082812765,0.4448006750930101,-0.017774881607288868,0.9043001505052678,1.0,0.0,0.0,0.0,0.0,1.0,0,0.147
0.16355555555555534,-0.5317324185248712,-0.279265796218885,-1.00133654103181,-1.0,-0.5,0.0,1.0,-0.3428964549492063,-0.17537849244472947,-0.3806175622736344,1.5548258591187527,-0.43544399053966887,0.0,1.0,0.0,0.0,0.0,1.0,2,0.182
-0.8711111111111113,-0.4768439108061749,-0.5506298991358598,0.3309275594760759,-1.0,-0.5,0.3333333333333333,0.0,-0.9413825548730045,-0.75030310982173,-0.7902138791801737,-0.2640210270922478,-0.5626316921092238,1.0,0.0,0.0,0.0,0.0,1.0,0,0.153
-0.28444444444444444,0.31732418524871353,0.03556335403370542,0.6591820368885325,0.0,0.0,0.0,1.0,0.03457477331316055,0.0562727332366298,0.04211631803286759,-0.4737529859711869,0.09736615781552352,1.0,0.0,0.0,0.0,0.0,1.0,0,0.15
0.6755555555555556,1.130360205831904,1.3233214635908552,0.3790430366212242,0.0,1.0,0.3333333333333333,1.0,0.7714926484906591,0.9850644002070138,1.3665551777662797,-0.2977378094063141,1.304504407654268,0.0,1.0,0.0,0.0,0.0,1.0,0,0.149
-0.3520000000000002,-0.25900514579759853,-0.28839460299438635,-0.18551189521518316,1.0,-0.5,-0.3333333333333333,0.0,-0.35709344850104113,-0.19471920732225867,-0.2591377781062903,0.18015650326930072,0.027101698559449522,1.0,0.0,0.0,0.0,0.0,1.0,4,0.14
-0.4444444444444444,-0.03773584905660358,-0.222382779125309,0.3480352846832398,-1.0,0.0,0.0,0.0,-0.2598064102986073,-0.3535997784078898,-0.30423842609702617,-0.2765885339681258,-0.40878305740700926,0.0,1.0,0.0,0.0,0.0,1.0,0,0.171
0.16355555555555534,-0.5180102915951972,-0.2698388123376512,-0.9842288158246462,0.0,0.0,0.3333333333333333,1.0,-0.32850135654192325,-0.4290066987878037,-0.46704565853246466,1.5091862922244208,-0.18891636207267257,0.0,0.0,0.0,1.0,0.0,1.0,4,0.152
0.2879999999999998,0.6432246998284734,0.6163435458992046,0.277465918203689,1.0,0.0,0.3333333333333333,0.0,0.45241337754956806,0.9791236906749085,0.5528797926148061,-0.22610621307899714,1.299247473661578,1.0,0.0,0.0,0.0,0.0,1.0,0,0.157
-0.02488888888888899,0.8524871355060034,0.5198029737432122,0.9778134188719596,0.0,0.5,0.6666666666666666,1.0,0.3966675018570551,0.41061601148780164,0.25385283465148933,-0.6421977580302569,0.5512900451515803,0.0,1.0,0.0,0.0,0.0,1.0,0,0.154
-0.5831111111111111,-0.8782161234991422,-0.6272384786086598,-1.0911520983694203,0.0,-1.5,-1.0,-1.0,-1.2482682312222573,-0.23821151841619953,-0.6341470175179245,1.8252575920431733,-0.5239410879380778,1.0,0.0,0.0,0.0,0.0,1.0,1,0.105
0.8035555555555554,0.3396226415094341,0.7061636648259965,-0.45068163592622307,0.0,0.0,0.3333333333333333,1.0,0.5009357887075582,1.1218465037284333,0.6562556096427778,0.49646908131691503,0.7259836594280801,1.0,0.0,0.0,0.0,0.0,1.0,3,0.206
0.750222222222222,0.9313893653516296,1.2103582139191367,0.12563485699010957,-1.0,0.0,0.0,0.0,0.7284676285540315,1.923004030935425,1.6195610663512947,-0.10781205660550673,0.2627391958718555,0.0,0.0,1.0,0.0,0.0,1.0,0,0.168
0.5511111111111111,1.1183533447684393,1.2009541667383439,0.4955894145950285,1.0,1.0,0.3333333333333333,1.0,0.724776776963861,0.8554378752426701,1.2257201461410934,-0.3745216692054953,2.1212642442485485,0.0,1.0,0.0,0.0,1.0,0.0,0,0.155
0.07822222222222207,-0.5368782161234991,-0.30635403943965644,-0.963913392141139,0.0,0.0,0.3333333333333333,0.0,-0.3857993535989134,-0.48702884342039077,-0.5090717823089025,1.453964778349526,-0.2231455600946033,0.0,1.0,0.0,0.0,1.0,0.0,2,0.156
0.3022222222222222,0.4391080617495713,0.4759021290992183,0.03154236835070846,1.0,0.0,-0.3333333333333333,1.0,0.36994050410266915,0.7559643994780922,0.9723649198019065,-0.028297185435974908,1.1017738120834226,0.0,0.0,1.0,0.0,0.0,1.0,0,0.141
0.05688888888888868,-0.20068610634648362,-0.09510702837843264,-0.5180433039294308,-1.0,-0.5,-0.6666666666666666,1.0,-0.10075993999454201,0.21478884361476996,0.3307709365067632,0.5910206552083497,-0.3491292195226833,0.0,1.0,0.0,0.0,0.0,1.0,2,0.181
-0.31644444444444464,0.3687821612349914,0.04246730086643378,0.8045977011494255,-1.0,-0.5,0.0,1.0,0.041113158394067886,0.5062602200856726,0.051386527705915584,-0.5543881732900526,-0.28464846269619437,1.0,0.0,0.0,0.0,0.0,1.0,0,0.141
0.5617777777777777,0.04459691252144097,0.31314330277018,-0.5875434375835339,-1.0,0.5,0.3333333333333333,1.0,0.26202335271140964,0.1479127335281984,0.20392041434801422,0.6955045430799788,-0.1577832724145345,0.0,0.0,1.0,0.0,0.0,1.0,4,0.152
0.5084444444444444,-0.08233276157804455,0.18320689477215257,-0.6848436246992786,1.0,0.0,0.3333333333333333,1.0,0.16371113645843,0.2908760906486673,0.05437393746766197,0.857569610525468,0.6902171576005162,1.0,0.0,0.0,0.0,0.0,1.0,2,0.189
0.24888888888888888,0.30874785591766724,0.3480070874404363,-0.06575781876503599,0.0,0.5,0.6666666666666666,1.0,0.2864261876913362,0.19223115555911938,0.08084485179983737,0.06067252408891328,0.3902494087293056,0.0,0.0,0.0,1.0,0.0,1.0,3,0.206
0.02133333333333313,0.48027444253859347,0.3212858314267201,0.408981555733761,-1.0,1.0,1.0,1.0,0.26779124062388077,-0.07641526167063924,-0.07000907515542734,-0.3178256576285765,-0.15396688884110943,0.0,0.0,0.0,1.0,0.0,1.0,0,0.152
-0.17777777777777778,0.4271012006861064,0.16049956133560409,0.6388666132050258,0.0,0.0,-0.6666666666666666,1.0,0.14518581865616595,0.2547944806070459,0.8455909527681277,-0.46218739144424453,0.21448075682648896,1.0,0.0,0.0,0.0,0.0,1.0,0,0.161
0.42311111111111105,0.14236706689536896,0.32112527452363343,-0.3961507618283883,0.0,0.0,0.3333333333333333,1.0,0.26767791786206446,0.5100263140630811,0.2131070293443714,0.4245073986729015,0.36505052676843697,0.0,0.0,1.0,0.0,1.0,0.0,3,0.193
0.11022222222222201,0.02401372212692977,0.07600075691111453,-0.2785351510291366,1.0,0.0,0.6666666666666666,1.0,0.07211579624344651,0.12052715596731528,-0.19308060462709734,0.28235277738574077,0.5394753816383574,0.0,0.0,1.0,0.0,0.0,1.0,3,0.187
-0.7075555555555556,0.006861063464837147,-0.3284420819642991,1.0729751403368084,0.0,0.0,-1.0,0.0,-0.42261358065537835,-0.5221264095517862,0.16826508487939476,-0.6868597101999113,-0.24385078477746724,1.0,0.0,0.0,0.0,0.0,1.0,4,0.184
-0.7893333333333334,-0.24699828473413363,-0.4509011256185742,0.7062282812082332,0.0,-1.0,-1.0,0.0,-0.6657739442087173,-0.18361530443402888,-0.1605963732229532,-0.5005497682881612,-0.358643302515588,0.0,1.0,0.0,0.0,0.0,1.0,0,0.163
-0.6577777777777779,-0.3807890222984562,-0.4506946953146056,0.0678962844159317,0.0,-0.5,-0.6666666666666666,0.0,-0.6652933055536804,-0.5385757361498857,-0.38542205632345333,-0.06009199960911115,-0.358449795742851,1.0,0.0,0.0,0.0,0.0,1.0,0,0.154
0.1279999999999998,0.3499142367066896,0.303853939091592,0.10959636460839355,0.0,0.5,0.3333333333333333,1.0,0.25539070507124984,0.13610420660548606,0.19322909517121953,-0.09451819193291462,0.3488604601161041,1.0,0.0,0.0,0.0,0.0,1.0,0,0.151
-0.8462222222222223,-0.6843910806174955,-0.6067560051148843,-0.3031275060144346,0.0,-0.5,0.0,0.0,-1.1537372474442373,-0.8692144899858347,-0.820351959987188,0.3102608714715907,-0.5047409159320576,0.0,1.0,0.0,0.0,0.0,1.0,1,0.093
-0.22755555555555576,-0.3259005145797597,-0.27708680967699395,-0.4378508420208502,-1.0,-0.5,-0.6666666666666666,1.0,-0.3395454945362606,-0.17076199014984195,-0.03575652302461383,0.4788772946356947,-0.4344227047946678,0.0,1.0,0.0,0.0,0.0,1.0,4,0.153
-0.14222222222222222,-0.5643224699828472,-0.3828938088111335,-0.8676824378508423,0.0,-0.5,-0.6666666666666666,0.0,-0.5215412020824586,-0.39492962263738346,-0.24886355236898514,1.2219501619146103,-0.2948935712749946,1.0,0.0,0.0,0.0,1.0,0.0,2,0.191
-0.5653333333333334,-0.634648370497427,-0.5242985670296401,-0.6110665597433842,0.0,-1.0,-0.3333333333333333,0.0,-0.8586724570613169,-0.41687015722834914,-0.6392471727400398,0.7340477698018123,-0.42744571059987096,1.0,0.0,0.0,0.0,0.0,1.0,1,0.119
0.2737777777777776,-0.6003430531732417,-0.29853262458928975,-1.1307137129109868,0.0,-1.0,-1.3333333333333333,0.0,-0.3731680660768554,0.3006071915386803,0.9036606548894964,1.9589301478016743,-0.2158138034831219,1.0,0.0,0.0,0.0,1.0,0.0,4,0.151
-0.26666666666666666,-0.20926243567752992,-0.22983720676862035,-0.21117348302592898,-1.0,0.0,0.3333333333333333,1.0,-0.2702054858130209,-0.3654447514013514,-0.4210069902748592,0.20763010489049363,-0.41227692969253926,0.0,1.0,0.0,0.0,0.0,1.0,4,0.14
0.6684444444444444,1.130360205831904,1.316899187467387,0.3854584335739109,1.0,1.0,1.0,1.0,0.7691090069169991,0.9782611336671794,0.8212245710859798,-0.30249974399522117,2.28429370027951,1.0,0.0,0.0,0.0,0.0,1.0,0,0.173
-0.8888888888888891,-0.3876500857632932,-0.5300786155407614,0.6377973803795781,-1.0,-1.0,0.3333333333333333,0.0,-0.8760937044418509,-0.4352389768859019,-0.7665609853964499,-0.46160399202758134,-0.5529993549774243,1.0,0.0,0.0,0.0,0.0,1.0,0,0.15
0.8035555555555554,1.130360205831904,1.4389224338132838,0.26035819299652513,0.0,0.5,0.3333333333333333,0.0,0.8132004666610717,1.578989569134552,1.4996027052997263,-0.2132304654782027,1.4128682003870134,0.0,0.0,1.0,0.0,0.0,1.0,0,0.165
-0.44800000000000006,-0.5197255574614065,-0.4438136851823182,-0.5265971665330127,1.0,-0.5,-0.3333333333333333,0.0,-0.6494387688552067,-0.5239973078502407,-0.5095627910414665,0.6026351657141328,-0.19143195011825423,0.0,1.0,0.0,0.0,0.0,1.0,4,0.132
-1.0062222222222224,-0.48713550600343036,-0.5935215289604514,0.7564822240042772,0.0,-0.5,-0.3333333333333333,0.0,-1.098223227761458,-0.8411753128895174,-0.7507853499889127,-0.5283039427068835,-0.49233498172436035,1.0,0.0,0.0,0.0,0.0,1.0,0,0.155
0.6826666666666668,0.1663807890222985,0.48026010218300036,-0.5394279604383856,-1.0,1.0,1.0,1.0,0.37263487196447326,0.09198988257076009,0.07229839603814008,0.6229376250985723,-0.07945603096108368,1.0,0.0,0.0,0.0,1.0,0.0,2,0.181
0.8319999999999997,0.7427101200686108,1.1012253932210583,-0.1085271317829457,-1.0,1.0,1.3333333333333333,0.0,0.6845247154901988,0.7497928648312429,0.45918951881144204,0.1024026310204186,0.2115889056116965,0.0,1.0,0.0,0.0,0.0,1.0,4,0.134
-0.728888888888889,-0.699828473413379,-0.5862735316211087,-0.5404971932638334,0.0,-1.0,-0.6666666666666666,0.0,-1.0694119479938118,-0.6138247235565534,-0.6584928671742183,0.623842431015274,-0.4855407439260374,0.0,1.0,0.0,0.0,0.0,1.0,1,0.105
-0.26666666666666666,0.48027444253859347,0.13159931877999692,0.885859395883454,0.0,0.0,-1.0,1.0,0.12095502574523669,0.20887243146316412,1.4036976125360336,-0.5962645913489076,0.18738980864330254,0.0,1.0,0.0,0.0,1.0,0.0,0,0.143
-0.24177777777777792,0.45626072041166393,0.13517744404878634,0.7992515370221869,1.0,0.0,-0.3333333333333333,1.0,0.12399607462512292,0.21455801850002562,0.42335908049375415,-0.5513631525515196,0.6226832939152871,0.0,0.0,1.0,0.0,1.0,0.0,0,0.156
-0.5048888888888889,-0.31046312178387636,-0.36894829494303105,-0.057203956161454045,0.0,-0.5,-0.3333333333333333,0.0,-0.49498851512679165,-0.3653840079501029,-0.3889330327444748,0.05259133241139616,-0.2818211137389809,0.0,0.0,1.0,0.0,0.0,1.0,4,0.135
0.6044444444444445,0.939965694682676,1.096913293538158,0.2646351242983161,0.0,0.0,0.0,0.0,0.6827366670226062,1.7427417650103143,1.4672339665410103,-0.21588010188818385,1.0922704794667812,1.0,0.0,0.0,0.0,0.0,1.0,0,0.163
-0.8995555555555557,-0.8387650085763291,-0.662698617490381,-0.6399358460304734,0.0,-1.5,-1.0,-1.0,-1.4450329844178038,-0.4635940199287115,-0.7293745534284376,0.7813618582259148,-0.557181251343797,0.0,1.0,0.0,0.0,1.0,0.0,1,0.111
-0.8711111111111113,-0.6792452830188678,-0.6107240542911699,-0.23790430366212242,0.0,-1.0,0.0,0.0,-1.1711800415638303,-0.6915277463936613,-0.825680020696282,0.23677112085504456,-0.5084605461191142,1.0,0.0,0.0,0.0,1.0,0.0,1,0.1
-0.7537777777777779,-0.08061749571183513,-0.3804854552648329,1.0109596364608398,0.0,-1.0,-0.3333333333333333,0.0,-0.5168907315007207,0.04016356996552212,-0.40752272895262026,-0.657707740531029,-0.2926359922597291,0.0,0.0,1.0,0.0,0.0,1.0,0,0.151
0.5404444444444443,-0.04459691252144072,0.22873624514745433,-0.6645282010157714,1.0,0.5,1.0,0.0,0.19958319694900975,0.0406155012428112,-0.15285579947602265,0.8221908627036234,0.7542356482476889,1.0,0.0,0.0,0.0,1.0,0.0,2,0.157
0.46577777777777757,-0.504288164665523,-0.17327530348121778,-1.10077519379845,-1.0,-0.5,-0.6666666666666666,2.0,-0.19455408045152817,0.04917789813080255,0.17333136225885123,1.8543387263106497,-0.385766501827564,0.0,0.0,1.0,0.0,0.0,1.0,4,0.122
-0.472888888888889,-0.5128644939965693,-0.4477817343586039,-0.48489708634055084,1.0,-0.5,-0.3333333333333333,0.0,-0.6585422722155879,-0.532404201503036,-0.5159564638923794,0.5430191768054675,-0.197011395398839,0.0,0.0,0.0,1.0,0.0,1.0,4,0.151
0.615111111111111,1.130360205831904,1.268732116541375,0.4399893076717459,-1.0,0.0,-0.6666666666666666,1.0,0.7509962422789364,2.0157592809919165,3.077694212432552,-0.3384485011216167,0.29009890346162115,0.0,0.0,0.0,1.0,1.0,0.0,0,0.173
0.4444444444444444,0.5180102915951973,0.629853262458929,-0.015503875968992208,1.0,0.5,1.0,1.0,0.45990674807540155,0.5505106094511953,0.20620826865745193,0.014138312585372665,1.3182433885185985,1.0,0.0,0.0,0.0,0.0,1.0,0,0.149
-0.7075555555555556,-0.6106346483704973,-0.5497353678186625,-0.3630045442395082,-1.0,-1.0,-1.3333333333333333,0.0,-0.9384243285704343,-0.49770754214988083,-0.1082397072954395,0.38352201079328513,-0.5622124274349602,0.0,0.0,1.0,0.0,1.0,0.0,1,0.113
0.3626666666666665,1.0977701543739278,1.0159467409815761,0.695535952953756,1.0,0.5,0.3333333333333333,1.0,0.6483809664436243,1.041307976587044,1.0127913054496684,-0.49468380437972614,1.8611266394323798,0.0,0.0,1.0,0.0,0.0,1.0,0,0.16
-0.8817777777777779,-0.4373927958833618,-0.5422809401753511,0.4731355252606255,-1.0,-1.0,-1.0,0.0,-0.9141982201383744,-0.4740175961629577,-0.40599514622908817,-0.3604923541049719,-0.5587185551494303,0.0,0.0,0.0,1.0,1.0,0.0,0,0.182
-0.9600000000000001,-0.8164665523156087,-0.6666666666666667,-0.4613739641807005,0.0,-1.5,-1.0,-1.0,-1.4704790331950122,-0.48881470088709733,-0.7400306748466257,0.5109223425638846,-0.5609008815308536,0.0,0.0,1.0,0.0,1.0,0.0,1,0.102
0.37688888888888866,1.130360205831904,1.0535858664051883,0.7126436781609199,0.0,0.0,-1.0,0.0,0.6645399232444678,1.6738951373652409,3.879675142286939,-0.5044188232702176,1.0516555579445281,1.0,0.0,0.0,0.0,0.0,1.0,0,0.181
-0.14577777777777784,-0.2710120068610634,-0.21674035081683332,-0.4357123763699547,0.0,0.0,0.6666666666666666,1.0,-0.2520260579394529,-0.34463404500360817,-0.4878871313474758,0.4769826293008282,-0.13914211997419912,0.0,0.0,1.0,0.0,0.0,1.0,4,0.149
-0.38044444444444453,0.11320754716981146,-0.12003922175775412,0.49772788024592374,-1.0,0.0,0.6666666666666666,1.0,-0.12947222021932014,-0.1909774107253497,-0.39050373272230027,-0.37595477409492445,-0.36081487852074823,0.0,0.0,0.0,1.0,0.0,1.0,0,0.158
0.9066666666666666,0.13379073756432266,0.5698967275062645,-0.6869820903501741,0.0,0.5,1.0,2.0,0.426088905603049,0.47429458630065086,0.1525375530752868,0.8608006220497937,0.5982476886691034,0.0,0.0,1.0,0.0,0.0,1.0,3,0.2
0.6542222222222219,1.130360205831904,1.3040546352204503,0.40042769313017906,1.0,1.0,1.3333333333333333,1.0,0.7643198131417019,0.9646546005875108,0.6225977529750903,-0.3120454737120946,2.2662330681573857,1.0,0.0,0.0,0.0,0.0,1.0,4,0.192
0.7146666666666665,1.130360205831904,1.3586439822699306,0.3416198877305536,0.0,1.0,0.0,2.0,0.784474352443014,1.0224823661761029,1.8186703870697511,-0.2716757512908468,1.337615566544829,0.0,0.0,0.0,1.0,0.0,1.0,0,0.137
0.01422222222222217,-0.26586620926243554,-0.15332037409758426,-0.5693664795509223,-1.0,0.0,0.0,1.0,-0.16951994726304223,-0.243860659382312,-0.2115055313277651,0.6673201243927064,-0.37641367447860674,0.0,0.0,0.0,1.0,0.0,1.0,4,0.145
0.4728888888888888,-0.5025728987993138,-0.169857735115515,-1.10077519379845,1.0,-0.5,-0.3333333333333333,1.0,-0.19020934606660916,0.05641851751962628,-0.06814066080272008,1.8572933536328056,0.19377553214362503,1.0,0.0,0.0,0.0,0.0,1.0,4,0.152
-0.44800000000000006,-0.20754716981132065,-0.30146852224573245,0.04437316225608137,-1.0,-1.0,-1.0,0.0,-0.37788554017923853,0.2912769974269074,0.2407020720920489,-0.03955466118177651,-0.4458503547624167,0.0,1.0,0.0,0.0,0.0,1.0,0,0.156
-0.2773333333333335,-0.25557461406517995,-0.2581869685136445,-0.27211975407645017,1.0,0.0,-0.3333333333333333,0.0,-0.3110674619914621,-0.41049209484725446,-0.2104645576169709,0.2752836401442708,0.06957643517523121,0.0,1.0,0.0,0.0,0.0,1.0,4,0.149
-0.8391111111111111,-0.36363636363636354,-0.5061097635799603,0.5490510558674154,0.0,-1.0,-1.0,0.0,-0.8062539893204109,-0.3590666890202567,-0.30885813191415973,-0.4083330036028024,-0.41039561384648465,0.0,0.0,1.0,0.0,0.0,1.0,0,0.177
-0.12088888888888909,-0.24356775300171518,-0.1914870436313385,-0.42074311681368626,0.0,-0.5,-0.3333333333333333,1.0,-0.2181226599800529,0.010593657897742022,-0.10299172148717571,0.45601407227993773,-0.11546979144270053,0.0,1.0,0.0,0.0,0.0,1.0,4,0.135
0.4088888888888889,0.9073756432246999,0.9089470334245067,0.4335739107190592,0.0,0.0,0.0,1.0,0.6005320595312035,1.444066215221337,1.214844038731613,-0.3346546996749194,0.9160718125134379,0.0,0.0,1.0,0.0,0.0,1.0,0,0.175
-0.48,0.19725557461406518,-0.13455815313688052,0.8569901095963648,0.0,0.5,0.6666666666666666,1.0,-0.14669142686298092,-0.42119995043334374,-0.40512510163352794,-0.5818881311171864,-0.06210492367232851,1.0,0.0,0.0,0.0,0.0,1.0,0,0.17
-0.8320000000000001,-0.8936535162950255,-0.6688227165081169,-0.8901363271852449,0.0,-1.5,-1.3333333333333333,-1.0,-1.4846604719492045,-0.5025184234887636,-0.5879499593465888,1.2724623569742932,-0.5629219522683294,0.0,1.0,0.0,0.0,0.0,1.0,1,0.112
-0.007111111111111212,0.40823327615780464,0.2577741079057071,0.35124298315958313,0.0,0.0,-0.3333333333333333,0.0,0.22163114670001177,0.409362266654032,0.620897701234385,-0.2788639840721114,0.3056654482906901,0.0,0.0,1.0,0.0,0.0,1.0,0,0.147
-0.39111111111111113,0.13722126929674097,-0.1141215530439869,0.5597433841218926,1.0,0.5,0.6666666666666666,1.0,-0.12256130914727473,-0.3952211912033763,-0.3845443122181979,-0.4146872204346035,0.27214577510212856,0.0,1.0,0.0,0.0,0.0,1.0,0,0.159
0.49777777777777776,0.7084048027444255,0.8202737495197628,0.1331194867682439,0.0,0.0,0.3333333333333333,2.0,0.5585320112898975,1.3031657057052681,0.7875872464441463,-0.11423516896658575,0.8329499032466137,1.0,0.0,0.0,0.0,0.0,1.0,0,0.152
-0.9671111111111113,-0.432246998284734,-0.5676948042639327,0.782143811815023,0.0,-1.0,-0.3333333333333333,0.0,-1.0000717548923816,-0.5547820889429911,-0.7091710399881735,-0.5420819347573417,-0.46812513437970327,0.0,1.0,0.0,0.0,1.0,0.0,0,0.176
-0.5155555555555555,-0.1818181818181817,-0.3174095290521982,0.2090350173750335,0.0,-1.0,-1.0,0.0,-0.40400893773279506,0.2406169590856411,0.1978927981866115,-0.17426820320247277,-0.23350892281229843,1.0,0.0,0.0,0.0,0.0,1.0,4,0.158
-1.016888888888889,-0.8936535162950255,-0.6950623018125729,-0.6003742314889068,0.0,-1.5,-1.3333333333333333,-1.0,-1.6816901380908715,-0.6692956432367027,-0.6936488284426047,0.7153566208056348,-0.5875188131584606,0.0,0.0,1.0,0.0,0.0,1.0,1,0.142
-0.05688888888888894,0.2452830188679247,0.1280441302116484,0.19620422346966057,-1.0,0.5,0.0,1.0,0.1179217114105717,-0.08738309922807215,0.16629401039741787,-0.16435171993710815,-0.24453880885831003,1.0,0.0,0.0,0.0,0.0,1.0,0,0.154
-0.8533333333333335,-0.7581475128644939,-0.6307248570756855,-0.4913124832932373,-1.0,-1.0,-0.3333333333333333,-1.0,-1.2655614840289207,-0.7550896937801136,-0.8107306526720377,0.5524182796418274,-0.6001720060202107,1.0,0.0,0.0,0.0,0.0,1.0,1,0.129
0.6115555555555554,0.19039451114922826,0.46234653913861223,-0.47420475808607343,0.0,1.0,1.0,1.0,0.36149975059745937,0.07301362840072217,0.05626288384622328,0.5281643754248783,0.4974306600731026,0.0,1.0,0.0,0.0,0.0,1.0,2,0.181
0.34844444444444433,-0.17152658662092624,0.04427930020126949,-0.6859128575247262,0.0,0.5,0.3333333333333333,1.0,0.042820193405133496,-0.19386393952867945,-0.10552068044306953,0.8605272798113373,0.10553644377553212,1.0,0.0,0.0,0.0,0.0,1.0,2,0.183
-0.6151111111111113,-0.0480274442538593,-0.3055971283251049,0.6933974873028602,0.0,0.0,-0.3333333333333333,0.0,-0.384568014282984,-0.4858261230856702,-0.2868560130090917,-0.49352376287907435,-0.22243603526123418,0.0,0.0,1.0,0.0,0.0,1.0,0,0.168
-0.3946666666666667,-0.2915951972555745,-0.32013899640467225,-0.18444266238973528,0.0,-0.5,-0.3333333333333333,0.0,-0.4085707036472273,-0.26197435654462087,-0.31028716091359304,0.17936628670148932,-0.23606751236293272,0.0,0.0,1.0,0.0,1.0,0.0,4,0.136
0.8213333333333331,1.130360205831904,1.4549781241219544,0.2453889334402565,-1.0,1.0,1.0,1.0,0.8188211857960375,1.1245313642736179,0.94482736672662,-0.20166861464388655,0.37739195871855513,0.0,1.0,0.0,0.0,0.0,1.0,0,0.166
0.18844444444444433,0.30360205831903947,0.3085100892811065,-0.012296177492649099,0.0,1.0,1.3333333333333333,1.0,0.25872224993261506,-0.08994890260880965,-0.17945709217237046,0.010680856719575419,0.35322511287895086,0.0,0.0,1.0,0.0,1.0,0.0,0,0.152
-0.9777777777777779,-0.8936535162950255,-0.689511620305861,-0.6741512964448011,1.0,-1.5,-0.6666666666666666,-1.0,-1.6356704428908382,-0.6340158467515618,-0.8664258260034,0.8392814692284309,-0.53690604171146,0.0,0.0,1.0,0.0,0.0,1.0,1,0.12
0.8888888888888888,1.130360205831904,1.5159897472949029,0.1887195936915265,0.0,0.5,0.3333333333333333,1.0,0.8398188581718695,1.676956607308166,1.5883010569886906,-0.1581068573696948,1.4851107288755105,0.0,1.0,0.0,0.0,0.0,1.0,0,0.147
0.42311111111111105,1.130360205831904,1.095330661207732,0.6549051055867415,0.0,0.0,0.3333333333333333,0.0,0.6820793881031504,1.7402269861286257,1.1041558873530932,-0.471486021064811,1.090786927542464,0.0,1.0,0.0,0.0,0.0,1.0,0,0.156
-0.6968888888888889,-0.07032590051457965,-0.35128703560349334,0.8623362737236038,-1.0,-0.5,0.0,0.0,-0.4626054199981322,-0.3279660419810139,-0.4773234040456303,-0.5844918890339394,-0.4692001720060202,0.0,1.0,0.0,0.0,0.0,1.0,0,0.167
-0.27022222222222225,-0.10291595197255574,-0.17566072032707744,-0.03688853247794706,1.0,0.0,0.0,0.0,-0.19760101644805572,-0.27935913229194764,-0.2415028211003524,0.0339734194042949,0.18561599655987954,0.0,1.0,0.0,0.0,0.0,1.0,3,0.197
-0.9635555555555556,-0.39279588336192095,-0.5562264540434536,0.8933440256615882,-1.0,-0.5,0.0,0.0,-0.960148895428929,-0.7621602315054414,-0.7525038805528863,-0.6003886591734685,-0.5652547839174371,1.0,0.0,0.0,0.0,0.0,1.0,0,0.143
-0.7040000000000002,0.01029159519725572,-0.32550618430785644,1.0697674418604657,0.0,0.0,0.3333333333333333,0.0,-0.41761927091323164,-0.5174613124958998,-0.5311143786363683,-0.6854109127313335,-0.24109868845409588,0.0,0.0,0.0,1.0,0.0,1.0,0,0.182
0.750222222222222,0.029159519725557508,0.3923666660932491,-0.7040898155573377,0.0,1.0,1.0,1.0,0.3164136292556461,-0.0011176795029727625,-0.006380327034107809,0.8920513155426611,0.431831864115244,0.0,1.0,0.0,0.0,0.0,1.0,2,0.177
0.5262222222222221,0.7615780445969126,0.8851846117676742,0.1609195402298852,0.0,0.0,0.3333333333333333,2.0,0.5894964290680493,1.4063080859252566,0.8622944890869346,-0.1363675657180483,0.8937970328961514,0.0,1.0,0.0,0.0,0.0,1.0,0,0.165
-0.7822222222222224,-0.6809605488850771,-0.5915030993216472,-0.41005078855920885,0.0,-1.0,-0.3333333333333333,0.0,-1.0900926016793155,-0.6304441318181486,-0.7475330770936506,0.4429578645789235,-0.4904429155020426,0.0,1.0,0.0,0.0,0.0,1.0,1,0.116
0.6222222222222222,1.130360205831904,1.2751543926648432,0.4325046778936116,0.0,1.0,1.3333333333333333,1.0,0.7534356571710569,0.9340399011582563,0.5993144356567371,-0.3336311718008135,1.2593528273489571,1.0,0.0,0.0,0.0,1.0,0.0,0,0.16
-0.4160000000000001,-0.1612349914236705,-0.2669946614829724,0.07751937984496128,0.0,-0.5,0.3333333333333333,0.0,-0.32420984171375006,-0.14938029531036248,-0.46377226698203855,-0.06748881268847204,-0.1862502687594066,1.0,0.0,0.0,0.0,0.0,1.0,1,0.167
-0.6328888888888891,0.03602058319039465,-0.28128422585768936,0.9200748462977817,0.0,-0.5,-1.3333333333333333,1.0,-0.34601336741771627,-0.17965483141262545,0.9731410303791851,-0.6135424042321487,-0.19964523758331545,0.0,0.0,1.0,0.0,0.0,1.0,0,0.144
0.6222222222222222,0.6878216123499143,0.8952308865608138,0.002673082063619297,1.0,0.0,0.0,2.0,0.5941810903073366,1.422271464913368,1.196426811540641,-0.0023015662014413164,1.6913889486132019,0.0,1.0,0.0,0.0,0.0,1.0,0,0.151
-0.9955555555555556,-0.7186963979416807,-0.6482943696134593,-0.05827318898690191,0.0,-1.5,-0.3333333333333333,-1.0,-1.3590543643253503,-0.3720414902069407,-0.8390402099194322,0.053869376670002175,-0.5436787787572566,1.0,0.0,0.0,0.0,0.0,1.0,1,0.114
-0.27022222222222225,0.567753001715266,0.17499555601428954,1.0323442929697946,1.0,0.0,-0.3333333333333333,1.0,0.15706263098557594,0.277828397320485,0.4875175548821049,-0.66786960930468,0.6786712534938723,0.0,1.0,0.0,0.0,0.0,1.0,0,0.18
-0.8924444444444445,-0.24528301886792447,-0.49012288337261256,1.0612135792568838,0.0,-1.5,-0.6666666666666666,0.0,-0.7629151944963108,0.6332869253365797,-0.46483479931997923,-0.6812848800150311,-0.39540958933562675,0.0,0.0,1.0,0.0,0.0,1.0,0,0.145
-0.9813333333333334,-0.7512864493996568,-0.6536615575166436,-0.20368885324779465,0.0,-1.5,-1.3333333333333333,-1.0,-1.3899966898447997,-0.40615501242811003,-0.526877448444083,0.19936703768808442,-0.5487099548484198,1.0,0.0,0.0,0.0,0.0,1.0,1,0.099
0.1279999999999998,-0.5248713550600341,-0.28454123732030534,-0.9746057203956164,1.0,0.0,-0.3333333333333333,0.0,-0.3510692792281147,-0.4523686301379848,-0.25292889348806263,1.483364732430476,0.032519888196086866,0.0,1.0,0.0,0.0,0.0,1.0,2,0.188
0.28088888888888885,0.8765008576329332,0.7815336624749846,0.5522587543437587,1.0,1.0,1.0,0.0,0.5394500884332528,0.41113597543048885,0.3419865556294706,-0.41028761122211727,1.5315201032036119,1.0,0.0,0.0,0.0,0.0,1.0,0,0.16
-0.31288888888888905,0.14408233276157814,-0.06921149358059096,0.4282277465918206,0.0,-0.5,0.0,2.0,-0.07201408130936852,0.26965232878243406,-0.09856912311823987,-0.3308856919363472,-0.0008492797247903285,0.0,0.0,1.0,0.0,0.0,1.0,0,0.176
-0.35911111111111116,-0.5111492281303601,-0.4145005820187737,-0.6057203956161457,1.0,-0.5,-0.6666666666666666,0.0,-0.5852839430364861,-0.46189320329375283,-0.3125230985290856,0.7240204258098798,-0.15021500752526332,1.0,0.0,0.0,0.0,0.0,1.0,2,0.173
-0.2773333333333335,-0.7770154373927958,-0.5294363879284146,-1.1082598235765841,-1.0,-1.5,-1.6666666666666667,0.0,-0.874138731470681,0.38341266428066395,1.008620371054771,1.8797871616291912,-0.5526983444420555,1.0,0.0,0.0,0.0,0.0,1.0,1,0.125
0.3022222222222222,-0.2847341337907374,-0.0583853709724588,-0.7853515102913662,0.0,0.5,1.0,1.0,-0.06030269434213751,-0.3243700296671016,-0.4098756991154803,1.0473646940396266,0.009299075467641367,0.0,1.0,0.0,0.0,0.0,1.0,2,0.181
0.583111111111111,0.12864493996569468,0.394614462736463,-0.5169740711039831,1.0,0.0,-0.3333333333333333,1.0,0.3179029702075028,0.6267995247432375,0.841387020474536,0.5890353795324762,0.9874758116534079,1.0,0.0,0.0,0.0,0.0,1.0,2,0.187
-0.5013333333333334,-0.4236706689536877,-0.41702361906727914,-0.27960438385458447,1.0,-0.5,0.0,0.0,-0.5906034691304356,-0.4672386270036226,-0.5655905831916622,0.2832875768296626,-0.15376263169210916,0.0,0.0,1.0,0.0,0.0,1.0,4,0.14
0.13511111111111102,0.07718696397941681,0.12403020763448075,-0.23576583801122694,1.0,0.5,0.0,0.0,0.11448279914043949,-0.0924855491329479,0.16090435361076214,0.23396931426908052,0.6070092453235865,1.0,0.0,0.0,0.0,0.0,1.0,3,0.192
-0.369777777777778,0.31046312178387664,-0.018727815910042283,0.8163592622293507,0.0,0.0,-1.0,2.0,-0.01884093222078766,-0.02999511622651952,0.999996920196122,-0.5605297467794953,0.046473876585680515,0.0,0.0,1.0,0.0,0.0,1.0,0,0.165
-0.8888888888888891,-0.5248713550600341,-0.5698967275062646,0.24431970061480887,1.0,-1.0,-0.6666666666666666,0.0,-1.0079758150600735,-0.5617797345268206,-0.6255081676398846,-0.20068130969971648,-0.36871640507417763,0.0,0.0,1.0,0.0,0.0,1.0,0,0.158
-0.0960000000000001,0.07375643224699847,0.004828175442821611,0.0058807805399626436,1.0,0.0,-0.3333333333333333,1.0,0.004784628262414276,0.0074349984328189915,0.21332877522359361,-0.005194476801725377,0.4394001290045151,1.0,0.0,0.0,0.0,0.0,1.0,0,0.171
0.64,0.6758147512864494,0.8979603539132878,-0.024057738572574146,0.0,0.0,0.0,1.0,0.5954490298418554,1.4266085473325123,1.200091778155567,0.021551676572641957,0.9057729520533219,1.0,0.0,0.0,0.0,0.0,1.0,0,0.18
-0.16,0.4682675814751288,0.19508810560056888,0.6698743651430101,0.0,1.0,1.3333333333333333,1.0,0.17323205757019766,-0.21009944917838394,-0.27083487323527233,-0.4799618854435325,0.24690389163620735,1.0,0.0,0.0,0.0,1.0,0.0,0,0.164
-0.7360000000000001,-0.229845626072041,-0.4244092366092676,0.5971665330125637,-1.0,-0.5,-0.3333333333333333,0.0,-0.6063864851048524,-0.4828861400452416,-0.4782966220711065,-0.4372463039101413,-0.5034723715330037,0.0,1.0,0.0,0.0,0.0,1.0,0,0.137
0.8817777777777777,1.130360205831904,1.5095674711714346,0.1940657578187651,-1.0,0.5,0.3333333333333333,2.0,0.8376349434455072,1.6687926874603651,1.580909527681277,-0.16266490452445995,0.40297785422489785,0.0,0.0,1.0,0.0,0.0,1.0,0,0.166
0.6862222222222221,1.130360205831904,1.3329548777760576,0.368350708366747,-1.0,1.0,1.0,1.0,0.7750545414557501,0.9952693000167654,0.8355969891837287,-0.2906084769026784,0.32019995699849496,1.0,0.0,0.0,0.0,1.0,0.0,0,0.169
0.0639999999999999,-0.4922813036020582,-0.2813530359590122,-0.8986901897888268,-1.0,-0.5,0.0,1.0,-0.3461198451138949,-0.17980061569562175,-0.3834201838026954,1.292796580533259,-0.43642227477961726,0.0,0.0,1.0,0.0,0.0,1.0,4,0.147
-0.4231111111111113,0.39451114922813035,-0.011342198368053827,1.0836674685912862,0.0,0.0,0.3333333333333333,2.0,-0.011356395130050363,-0.01825948144530535,-0.16953660390906314,-0.6919632654664022,0.053397118899161454,0.0,1.0,0.0,0.0,0.0,1.0,0,0.163
-0.8284444444444446,-0.49056603773584895,-0.5421891933735874,0.1790964982624967,-1.0,-1.0,-0.6666666666666666,0.0,-0.9139046794645628,-0.4737260275969647,-0.5697021213689112,-0.1512816896432765,-0.5586755536443776,1.0,0.0,0.0,0.0,0.0,1.0,0,0.148
0.16355555555555534,0.16981132075471705,0.20199205243329713,-0.1491579791499599,0.0,0.0,0.6666666666666666,0.0,0.17871169321476627,0.3207254225921904,-0.06620038435952406,0.14235725593341303,0.2533756181466351,0.0,0.0,0.0,1.0,0.0,1.0,3,0.214
-0.0320000000000002,0.35506003430531735,0.20946941677704956,0.313819834268912,-1.0,0.0,0.6666666666666666,0.0,0.18460344838008685,0.3326068416564012,-0.05867026387759627,-0.25197067241632787,-0.20637497312405934,0.0,0.0,1.0,0.0,0.0,1.0,1,0.141
-0.35911111111111116,-0.4288164665523155,-0.37420079934401046,-0.4645816626570436,0.0,-0.5,-0.6666666666666666,0.0,-0.5048838941860497,-0.37651220821883197,-0.231354867322049,0.516035607336335,-0.28674478606751236,0.0,1.0,0.0,0.0,0.0,1.0,2,0.194
-0.7182222222222223,-0.1457975986277873,-0.38766464250285276,0.7468591285752476,0.0,0.0,0.0,0.0,-0.5308360391479704,-0.6162301642259947,-0.5261690935521225,-0.5234635209534051,-0.299365727800473,0.0,0.0,0.0,1.0,0.0,1.0,0,0.151
0.9528888888888888,0.3704974271012008,0.8269483293480815,-0.5073509756749534,1.0,0.0,-0.6666666666666666,1.0,0.5617731423353942,1.3137715122932596,2.187892674994456,0.5753953687590208,1.595377338206837,0.0,0.0,1.0,0.0,0.0,1.0,3,0.179
-0.45511111111111124,-0.6981132075471697,-0.5266839838754996,-0.8462977813418875,0.0,-1.0,-0.3333333333333333,0.0,-0.8658152007938064,-0.4244509399441646,-0.6430907679798951,1.1735162988103256,-0.4296817888626102,0.0,0.0,1.0,0.0,0.0,1.0,1,0.101
0.295111111111111,0.8936535162950258,0.8056401346384315,0.554397219994654,0.0,1.0,1.0,1.0,0.5513786569795004,0.436672522335367,0.3635657148019479,-0.4112806208541948,0.8192324231348097,0.0,0.0,1.0,0.0,0.0,1.0,0,0.17
-0.1635555555555556,-0.31389365351629495,-0.247567276209481,-0.48275862068965536,-1.0,-0.5,-1.0,1.0,-0.29550954864766127,-0.10822053274436486,0.385452854362234,0.5399415982046049,-0.42058697054396904,1.0,0.0,0.0,0.0,0.0,1.0,2,0.171
-0.3946666666666667,-0.4665523156089193,-0.403445092406232,-0.4913124832932373,-1.0,-0.5,0.3333333333333333,0.0,-0.5623922419892805,-0.43847052849232326,-0.6208158664456247,0.5520231971490892,-0.49364652762846695,1.0,0.0,0.0,0.0,1.0,0.0,2,0.186
0.455111111111111,0.7907375643224701,0.8540136358684121,0.26035819299652513,0.0,1.0,0.0,1.0,0.5747798896653941,0.4879156978086194,1.1410827358513809,-0.21320348433485337,0.8645775102128573,0.0,0.0,1.0,0.0,1.0,0.0,0,0.174
-0.13866666666666688,0.30874785591766724,0.11774555171365822,0.40149692595562714,0.0,0.0,0.0,0.0,0.10906788099207826,0.1868590047307001,0.15246569098479806,-0.31301629899980926,0.17440335411739413,1.0,0.0,0.0,0.0,0.0,1.0,0,0.171
-0.8924444444444445,-0.8936535162950255,-0.6774010424730351,-0.8099438652766643,1.0,-1.5,-1.0,-1.0,-1.5437788767528147,-0.5570417453294361,-0.7688576391455392,1.0978895830184494,-0.5198774457105998,1.0,0.0,0.0,0.0,0.0,1.0,1,0.113
0.8960000000000001,-0.19554030874785575,0.24761314961036285,-0.9671210906174822,1.0,0.0,0.0,1.0,0.21398661464711688,0.3932166573121754,0.32684418656219966,1.462930368434949,0.7807783272414536,0.0,0.0,1.0,0.0,1.0,0.0,3,0.175
0.3697777777777777,1.130360205831904,1.04716359028172,0.7222667735899494,1.0,0.5,0.3333333333333333,1.0,0.661806279443894,1.080990458418678,1.0487194175474903,-0.5095184380437459,1.9050204257149,0.0,0.0,0.0,1.0,0.0,1.0,0,0.168
0.64,1.130360205831904,1.2912100829735138,0.41432771986100003,0.0,0.5,0.3333333333333333,0.0,0.7595011050554314,1.3912194126351238,1.329597531229211,-0.32162057511325814,1.274403354117394,0.0,0.0,1.0,0.0,0.0,1.0,0,0.166
-0.2915555555555557,0.35334476843910817,0.049875855108863276,0.7308206361935313,-1.0,-0.5,0.0,0.0,0.04806914638373895,0.5219563278882904,0.06133429423214318,-0.5142231373373388,-0.2811760911631907,1.0,0.0,0.0,0.0,0.0,1.0,0,0.154
-0.19911111111111116,0.3310463121783878,0.09407487685858942,0.5308740978348039,0.0,1.0,0.6666666666666666,2.0,0.08832962721979444,-0.3171051128977785,-0.17487896370759115,-0.39669128044086455,0.1522145775102128,0.0,1.0,0.0,0.0,0.0,1.0,0,0.158
0.42311111111111105,0.8576329331046312,0.8816294231993257,0.36514300989040366,0.0,1.0,1.0,2.0,0.5878318685352073,0.517169743929907,0.4315883164560079,-0.28805504435177437,0.890464416254569,0.0,1.0,0.0,0.0,1.0,0.0,0,0.15
-0.7893333333333334,-0.3001715265866208,-0.4683330179537023,0.5704357123763703,-1.0,-0.5,0.0,0.0,-0.7074656881307588,-0.5759451073579757,-0.6344857959445142,-0.42150794535351843,-0.5240593420769727,1.0,0.0,0.0,0.0,0.0,1.0,0,0.181
0.13511111111111102,0.5969125214408235,0.47500759778202106,0.4057738572574181,1.0,0.0,0.3333333333333333,1.0,0.3693862993258289,0.754543002718877,0.3902133512137945,-0.31631815233685734,1.1005160180606322,1.0,0.0,0.0,0.0,0.0,1.0,0,0.172
0.4942222222222222,-0.4665523156089193,-0.13451227973599864,-1.0719059075113608,1.0,0.5,-0.3333333333333333,0.0,-0.14663642025299137,-0.4211416367201452,-0.011188927489097611,1.7634831647397995,0.24347452160825622,0.0,0.0,1.0,0.0,0.0,1.0,3,0.189
-0.3946666666666667,-0.5780445969125213,-0.4565206172266089,-0.6859128575247262,-1.0,-0.5,-0.3333333333333333,0.0,-0.678972793230629,-0.5509188054435851,-0.5300373272230025,0.8599565935504638,-0.5185228983014406,0.0,0.0,1.0,0.0,0.0,1.0,4,0.15
-0.760888888888889,-0.6277873070325899,-0.5687728291846577,-0.3148890670943599,-1.0,-1.0,-1.3333333333333333,0.0,-1.003931468779241,-0.5582080195934076,-0.18492682385985665,0.3243373521232102,-0.5711352397333906,0.0,0.0,1.0,0.0,0.0,1.0,1,0.114
0.7395555555555554,1.130360205831904,1.3811219487020694,0.318096765570703,-1.0,0.5,0.0,2.0,0.7926246132314106,1.5055142905043408,1.8488524650750238,-0.25520240872476524,0.3427757471511503,0.0,1.0,0.0,0.0,1.0,0.0,0,0.159
-0.4586666666666669,-0.17152658662092624,-0.2894496912146704,0.12777332264100505,0.0,-0.5,0.3333333333333333,0.0,-0.35875104957305454,-0.1969545663282042,-0.48961622123903153,-0.11014396020433347,-0.2072995054826919,0.0,1.0,0.0,0.0,0.0,1.0,0,0.156
1.0026666666666668,0.9296740994854205,1.4177518593062797,-0.06789628441593147,1.0,1.0,1.3333333333333333,1.0,0.8057268422896295,1.0850967157230782,0.7141972799172148,0.06284674090181289,2.426101913566975,1.0,0.0,0.0,0.0,0.0,1.0,3,0.191
0.9173333333333332,0.74442538593482,1.1675353941958677,-0.1662657043571238,0.0,0.5,-0.3333333333333333,2.0,0.7115179659653647,1.2340056418517518,2.0867857934806704,0.16071446477447215,1.1584712964953772,0.0,0.0,1.0,0.0,0.0,1.0,3,0.19
-0.7111111111111112,-0.3293310463121783,-0.4501900879049045,0.29885057471264387,-1.0,-0.5,0.0,0.0,-0.6641196533489531,-0.5375066514079118,-0.6101245472688299,-0.24141141072851405,-0.5155557944528059,1.0,0.0,0.0,0.0,0.0,1.0,0,0.144
0.01422222222222217,0.8473413379073756,0.5478086849816218,0.9040363539160654,1.0,0.0,0.6666666666666666,1.0,0.4132522459979613,0.8702228312765601,0.28205613866508966,-0.6057296049326217,1.202881100838529,0.0,1.0,0.0,0.0,0.0,1.0,0,0.167
-0.017777777777777778,0.2967409948542026,0.1821518065518684,0.21545041432771994,0.0,0.0,-0.6666666666666666,0.0,0.16286001777071782,0.28919957139420804,0.8892009756818683,-0.17945860419442394,0.23477746721135237,1.0,0.0,0.0,0.0,0.0,1.0,0,0.171
-0.9493333333333335,-0.7941680960548884,-0.658868188516741,-0.4132584870355522,0.0,-1.0,-1.3333333333333333,-1.0,-1.4212308246328658,-0.8445283513984357,-0.5478509128538694,0.4467746634972362,-0.5535906256718985,0.0,1.0,0.0,0.0,0.0,1.0,2,0.1
-0.0995555555555557,0.4373927958833619,0.21648804711198258,0.5265971665330129,0.0,1.0,1.3333333333333333,1.0,0.1900936433037699,-0.18742999317243617,-0.25359413112573,-0.3942168400892667,0.26696409374328095,0.0,0.0,1.0,0.0,1.0,0.0,0,0.158
0.8106666666666665,0.5454545454545456,0.901767846186487,-0.2699812884255547,0.0,1.0,1.3333333333333333,0.0,0.5972143247309425,0.5385028440083877,0.29849767166826807,0.2729920902699578,0.9093420769726941,0.0,1.0,0.0,0.0,1.0,0.0,3,0.197
-0.5475555555555557,-0.30703259005145783,-0.3829167455115745,0.02085004009623104,-1.0,-0.5,-0.6666666666666666,0.0,-0.5215856255100586,-0.39497821739838224,-0.24890974942715652,-0.018309407984915895,-0.4840249408729305,0.0,1.0,0.0,0.0,1.0,0.0,0,0.154
0.6435555555555553,0.5934819897084049,0.8292190626917365,-0.10638866613205021,1.0,0.0,0.3333333333333333,1.0,0.5628727394839821,1.3173796732974221,0.7978825908366154,0.09952521787909509,1.5985701999569986,0.0,0.0,1.0,0.0,0.0,1.0,3,0.193
-0.1635555555555556,-0.1938250428816466,-0.1799728200099775,-0.30419673883988246,0.0,0.5,0.6666666666666666,2.0,-0.20313925173262726,-0.47893052649993806,-0.45086018922315024,0.31250089597862896,-0.1046764136744786,1.0,0.0,0.0,0.0,0.0,1.0,3,0.201
-0.6044444444444446,-0.8662092624356773,-0.6256329095777927,-1.0494520181769582,1.0,-1.0,-1.0,0.0,-1.2404310626274195,-0.7389076383675076,-0.6298352920885998,1.6955552314994962,-0.44708664803268117,0.0,1.0,0.0,0.0,0.0,1.0,1,0.12
0.9422222222222222,0.5111492281303603,0.9580545090685979,-0.3822507350975675,0.0,0.0,0.0,0.0,0.622856392804415,1.522097252695187,1.2807826397614996,0.4064742678580222,0.9621049236723286,0.0,0.0,1.0,0.0,1.0,0.0,3,0.187
-0.8533333333333335,-0.5711835334476844,-0.5739565234843143,0.021919272921678664,0.0,-0.5,0.0,0.0,-1.0227617538566893,-0.7997239817575267,-0.7763107645305146,-0.02007808579159841,-0.4739948398193937,1.0,0.0,0.0,0.0,0.0,1.0,0,0.163
0.5119999999999999,0.6209262435677531,0.7593768098490192,0.030473135525260604,0.0,0.0,0.6666666666666666,1.0,0.5283233986629516,1.2064013878663744,0.49511697095128976,-0.02743484110430812,0.7758654052891851,1.0,0.0,0.0,0.0,0.0,1.0,0,0.174
-0.9884444444444446,-0.8936535162950255,-0.6910254425349641,-0.6549051055867418,0.0,-1.5,-0.6666666666666666,-1.0,-1.6479550686733717,-0.6436376094293274,-0.8694748318427082,0.8058438743692388,-0.583734680713825,0.0,0.0,1.0,0.0,0.0,1.0,1,0.108
0.5688888888888889,1.130360205831904,1.2269873217388312,0.4881047848168942,-1.0,0.0,0.0,1.0,0.7349517953796224,1.9494274322285317,1.64188964446744,-0.36994635627301053,0.2705332186626532,0.0,0.0,1.0,0.0,0.0,1.0,0,0.17
0.23466666666666647,0.15780445969125217,0.2319703199096293,-0.22828120823309286,0.0,0.5,1.0,0.0,0.20206976429723295,0.044726618023310835,-0.14996078383061906,0.22644886986027843,0.2814771016985594,0.0,0.0,0.0,1.0,0.0,1.0,3,0.203
0.9066666666666666,-0.07890222984562596,0.3645444484583669,-0.8698209035017378,0.0,0.0,0.0,1.0,0.2977404638031185,0.5790187259911509,0.4838525882671789,1.2273655340524516,0.40575145130079543,1.0,0.0,0.0,0.0,1.0,0.0,2,0.177
-0.7751111111111113,-0.8782161234991422,-0.655611177054125,-0.9157979149959906,0.0,-1.5,-1.3333333333333333,-1.0,-1.4015466629318079,-0.4185466764828083,-0.5347309483332101,1.334717250066253,-0.5505375188131585,0.0,0.0,1.0,0.0,1.0,0.0,1,0.09
0.3697777777777777,0.8284734133790739,0.8166497508500915,0.3929430633520452,-1.0,0.5,0.6666666666666666,1.0,0.5567665781132214,0.7879640495958131,0.5527939980782023,-0.30701048349376714,0.07820898731455601,0.0,1.0,0.0,0.0,0.0,1.0,0,0.159
-0.7146666666666667,-0.46826758147512854,-0.5008572591789808,-0.018711574445335555,-1.0,-1.0,-0.6666666666666666,0.0,-0.7917483732763992,-0.3423743886171631,-0.48645502254416434,0.01649118901389673,-0.5393033756181467,0.0,1.0,0.0,0.0,0.0,1.0,0,0.162
0.7217777777777776,-0.15094339622641503,0.21710733802388862,-0.8569901095963649,0.0,0.0,0.6666666666666666,1.0,0.19057622659672466,0.34474338321585574,-0.05097845369206884,1.1985872391560868,0.2675446140614922,0.0,1.0,0.0,0.0,1.0,0.0,2,0.189
0.18133333333333312,0.3893653516295026,0.3636957905420515,0.09890403635391612,0.0,1.0,1.3333333333333333,2.0,0.297163810134996,-0.03148940512723327,-0.13499704338827714,-0.0856244683908893,0.40495592345732095,1.0,0.0,0.0,0.0,0.0,1.0,0,0.16
0.6008888888888888,0.18181818181818196,0.4491808730855022,-0.475273990911521,0.0,0.0,0.3333333333333333,1.0,0.35321363599362005,0.7135047270553762,0.36048884407040943,0.530511296529831,0.4850892281229842,0.0,1.0,0.0,0.0,0.0,1.0,2,0.171
0.8604444444444446,0.6089193825042881,0.9959230014966198,-0.24645816626570435,0.0,1.0,1.0,0.0,0.6396464748939894,0.6382435909584591,0.5338994012861261,0.24649450622263014,0.9976026660933134,0.0,0.0,0.0,1.0,0.0,1.0,3,0.221
-0.760888888888889,-0.21612349914236695,-0.4295011841071603,0.699812884255547,1.0,-0.5,0.6666666666666666,0.0,-0.6174565003239296,-0.4936741769869791,-0.7021490871461304,-0.4969983561401287,-0.17130724575360137,0.0,0.0,1.0,0.0,0.0,1.0,0,0.144
-0.06400000000000015,0.15951972555746158,0.07251437844408884,0.08607324244854321,0.0,0.5,1.0,0.0,0.06894920032889162,-0.15797184905495343,-0.2926994275671192,-0.07554813927179145,0.1320038701354547,0.0,0.0,0.0,1.0,0.0,1.0,0,0.153
-0.6222222222222223,-0.132075471698113,-0.3416765581187319,0.5319433306602515,-1.0,-0.5,-1.0,0.0,-0.44553165246966026,-0.3076048371225097,0.1327241481262474,-0.39769897479468275,-0.46469576435175236,1.0,0.0,0.0,0.0,1.0,0.0,0,0.159
0.4906666666666666,-0.1457975986277873,0.12391552413227595,-0.7404437316225609,0.0,0.0,-0.6666666666666666,1.0,0.11438432192205315,0.1966629977622114,0.7719066449848473,0.9585850262001173,0.1801870565469792,0.0,1.0,0.0,0.0,0.0,1.0,2,0.167
-0.6577777777777779,-0.7684391080617494,-0.5968702872248313,-0.7885592087677095,0.0,-1.0,0.0,0.0,-1.1119020055786226,-0.6475008929287334,-0.8070780052726241,1.0529753393282313,-0.4954740915932057,1.0,0.0,0.0,0.0,0.0,1.0,1,0.092
-0.9742222222222223,-0.5025728987993138,-0.5880855309559444,0.5821972734562956,0.0,-1.0,-0.3333333333333333,0.0,-1.0765158549325038,-0.6195832027349131,-0.7420263877596274,-0.42858671168228746,-0.48723930337561816,0.0,0.0,1.0,0.0,0.0,1.0,0,0.159
0.7964444444444442,-0.03773584905660358,0.3531678450396518,-0.786420743116814,0.0,0.5,0.3333333333333333,1.0,0.28997460023425947,0.19879144829395964,0.24998548092457465,1.0498211192766274,0.3950870780477317,1.0,0.0,0.0,0.0,1.0,0.0,2,0.165
0.42311111111111105,-0.367066895368782,-0.07806505995080086,-0.9382518043303932,0.0,0.0,-0.3333333333333333,1.0,-0.08172373539354282,-0.12428110125447377,0.07976384063862806,1.3882592092437092,-0.009148570199957037,1.0,0.0,0.0,0.0,0.0,1.0,2,0.188
0.18844444444444433,0.2367066895368784,0.2619944607868435,-0.09248863940122967,1.0,0.0,0.0,0.0,0.22478446462738988,0.4160683436718689,0.34615455687781804,0.08604873259719906,0.8009997849924749,0.0,1.0,0.0,0.0,0.0,1.0,3,0.176
0.5155555555555555,-0.504288164665523,-0.158939865705619,-1.1189521518310617,0.0,0.0,0.6666666666666666,1.0,-0.17648909485385014,-0.25278994671584454,-0.42967883805159285,1.9158462079996124,-0.08496022360782629,0.0,0.0,1.0,0.0,0.0,1.0,3,0.187
0.07822222222222207,-0.6672384219554028,-0.39158681827825664,-1.129644480085539,-1.0,-0.5,-1.3333333333333333,0.0,-0.5385611008138818,-0.413347037055935,0.528817724887279,1.9547847827897553,-0.4880885831004085,0.0,0.0,0.0,1.0,0.0,1.0,4,0.133
0.43377777777777765,0.7084048027444255,0.772634222703893,0.19513499064421297,1.0,0.5,0.3333333333333333,1.0,0.534999991247505,0.7320120417817757,0.7327579379745097,-0.16368255143006785,1.5190066652332834,0.0,1.0,0.0,0.0,1.0,0.0,0,0.166
-0.6577777777777779,-0.6861063464837048,-0.5658369315282151,-0.6067896284415932,1.0,-1.0,-1.3333333333333333,0.0,-0.9934642943841309,-0.5488778254816348,-0.17310037696799468,0.726082817510017,-0.3630079552784347,0.0,0.0,1.0,0.0,0.0,1.0,0,0.115
-0.7644444444444446,-0.8799313893653515,-0.6546019622347228,-0.9318364073777068,1.0,-1.5,-1.6666666666666667,-1.0,-1.3955465577537078,-0.41213216803096453,0.00023098529085667822,1.3735758583611493,-0.48781982369382926,1.0,0.0,0.0,0.0,0.0,1.0,1,0.124
0.7182222222222223,1.130360205831904,1.3618551203316647,0.33841218925421024,-1.0,0.0,-0.3333333333333333,2.0,0.7856438895680572,2.1637303282333136,2.399890974942715,-0.2693171499126231,0.33374543109008814,0.0,1.0,0.0,0.0,0.0,1.0,3,0.168
0.24888888888888888,-0.3259005145797597,-0.10772221362095959,-0.80245923549853,0.0,0.0,0.3333333333333333,2.0,-0.11515598927988856,-0.17140587073307617,-0.2804623401581787,1.0811948522717538,-0.03694904321651256,0.0,0.0,1.0,0.0,0.0,1.0,3,0.202
-1.0133333333333334,-0.8198970840480273,-0.6765982579576016,-0.35445068163592625,0.0,-1.5,-1.0,-1.0,-1.5380529041776574,-0.5519392954245603,-0.7667017764308768,0.3721650198379946,-0.5702107073747582,0.0,1.0,0.0,0.0,1.0,0.0,1,0.104
0.24888888888888888,0.7821612349914238,0.6879519246758756,0.4838278535151032,0.0,1.0,0.6666666666666666,1.0,0.491337862571254,0.31200266299290275,0.42318815137852,-0.3673435328868961,0.7089120619221672,0.0,1.0,0.0,0.0,0.0,1.0,0,0.154
0.48711111111111094,0.7855917667238423,0.8746796029657153,0.22293504410585427,-1.0,0.0,0.0,2.0,0.5845676512186008,1.3896157855221631,1.168831768792963,-0.18497612842294894,0.10540743926037412,0.0,0.0,1.0,0.0,0.0,1.0,0,0.15
-0.3057777777777778,-0.07547169811320739,-0.17728922605838543,0.05613472333600642,0.0,0.0,0.3333333333333333,0.0,-0.19968797692641763,-0.2819468033151346,-0.36052844154884217,-0.0499631100737211,-0.10216082562889703,0.0,0.0,0.0,1.0,0.0,1.0,0,0.18
0.6222222222222222,-0.17667238421955397,0.15309100709317458,-0.8366746859128578,1.0,0.5,0.6666666666666666,1.0,0.1390454852813659,-0.05554381182164738,-0.1154464483701678,1.15382734482875,0.6478714254998925,0.0,0.0,1.0,0.0,0.0,1.0,3,0.207
0.32,-0.2761578044596911,-0.04540319852287655,-0.786420743116814,0.0,0.0,0.3333333333333333,0.0,-0.046486390951680216,-0.07238189650773748,-0.20873810755731084,1.048167659071924,0.021468501397548894,0.0,1.0,0.0,0.0,0.0,1.0,2,0.178
0.9493333333333335,1.130360205831904,1.5705790943443831,0.13953488372093034,1.0,0.0,0.3333333333333333,1.0,0.8581399082392993,2.4953895720502377,1.6511290561017071,-0.11961730250050767,2.640991184691464,0.0,1.0,0.0,0.0,0.0,1.0,0,0.165
-0.06400000000000015,0.1749571183533448,0.08178080542223592,0.1085271317829457,0.0,0.0,0.3333333333333333,1.0,0.07733758795947224,0.12971156579609158,-0.062359428951564454,-0.09346552293207037,0.14069017415609544,0.0,0.0,1.0,0.0,1.0,0.0,0,0.152
0.824888888888889,1.130360205831904,1.4581892621836885,0.24218123496391364,1.0,0.0,0.0,2.0,0.8199404973828351,2.316803825379586,1.9523338753788158,-0.1993612191189756,2.482960653622877,0.0,1.0,0.0,0.0,1.0,0.0,0,0.159
-0.9457777777777778,-0.7632933104631217,-0.6499228753447673,-0.32451216252338944,-1.0,-1.5,-1.0,-1.0,-1.3683141249813362,-0.38239217429968875,-0.6950655382265256,0.3364779102351938,-0.6091700709524833,1.0,0.0,0.0,0.0,1.0,0.0,1,0.096
0.7004444444444445,0.49742710120068606,0.7838043958186396,-0.23897353648757028,-1.0,0.0,-0.3333333333333333,0.0,0.5405815074297813,1.2452164532141792,1.4684843669155148,0.2383648746413578,0.06281444850569771,0.0,0.0,1.0,0.0,0.0,1.0,4,0.153
-0.36266666666666675,-0.13036020583190383,-0.22967664986553368,0.048650093557872344,0.0,0.0,0.0,1.0,-0.2699800421998367,-0.3651896289061077,-0.31403220242934937,-0.04299160314710628,-0.15126854439905402,0.0,0.0,0.0,1.0,1.0,0.0,0,0.168
-0.8462222222222223,-0.6946826758147511,-0.6099212697757365,-0.3309275594760759,0.0,-1.5,-1.6666666666666667,0.0,-1.1676196160243177,-0.12814438475387965,0.3601984625619039,0.34360050912275664,-0.5077080197806924,1.0,0.0,0.0,0.0,0.0,1.0,1,0.093
0.7857777777777776,1.130360205831904,1.4228667435046132,0.2763966853782414,0.0,0.5,1.0,0.0,0.8075390510258192,1.558579769515049,0.9160825305311222,-0.22483410150908947,1.3978176736185766,1.0,0.0,0.0,0.0,0.0,1.0,0,0.177
-0.12800000000000006,0.12006861063464837,0.015333184244780447,0.11280406308473666,1.0,0.5,0.0,1.0,0.015094807408343326,-0.23065989255698333,0.01495244782812236,-0.09713553234615244,0.4541711459901097,0.0,1.0,0.0,0.0,1.0,0.0,1,0.169
0.5297777777777777,0.0703259005145799,0.3184875539729233,-0.542635658914729,0.0,0.5,-0.3333333333333333,1.0,0.2658138316432469,0.1547062811158331,0.7187245916180057,0.6263532580319777,0.36257794022790807,0.0,0.0,0.0,1.0,1.0,0.0,3,0.215
0.814222222222222,0.04288164665523156,0.43645100434077044,-0.7222667735899494,0.0,0.5,0.3333333333333333,2.0,0.3451174278589936,0.3046599946059816,0.34583777705035723,0.9260397822416494,0.4731563104708664,0.0,1.0,0.0,0.0,0.0,1.0,2,0.165
-0.04266666666666677,-0.35506003430531724,-0.22910323235450974,-0.6442127773322643,0.0,0.5,0.3333333333333333,0.0,-0.26917541663676575,-0.5413845133356173,-0.4201622440682978,0.7884995607260309,-0.15073102558589555,0.0,0.0,1.0,0.0,0.0,1.0,4,0.111
0.5653333333333332,-0.015437392795883215,0.2646321813375537,-0.649558941459503,0.0,0.0,0.6666666666666666,1.0,0.22674885011248005,0.42025964180801684,-0.003118301426565156,0.7962420692480295,0.3120941732960654,1.0,0.0,0.0,0.0,0.0,1.0,0,0.158
-0.1671111111111112,-0.26758147512864483,-0.22284151313412814,-0.41005078855920885,0.0,0.0,-0.3333333333333333,0.0,-0.260442375328121,-0.3543286998228721,-0.15351282430334842,0.44280265555955745,-0.14486132014620512,0.0,1.0,0.0,0.0,0.0,1.0,4,0.14
0.00711111111111096,-0.20583190394511136,-0.11836484262556414,-0.483827853515103,-1.0,0.0,-0.3333333333333333,1.0,-0.12751060315772555,-0.18831684756066444,0.0148292556729987,0.541929778798747,-0.3600301010535369,0.0,1.0,0.0,0.0,0.0,1.0,2,0.17
0.6968888888888887,0.2126929674099486,0.5290005906200362,-0.5041432771986102,0.0,0.0,-0.6666666666666666,1.0,0.4021531389762185,0.8403370532622878,1.5877928893488058,0.5713580443294702,0.5599118469146419,0.0,0.0,1.0,0.0,1.0,0.0,3,0.187
-0.8391111111111111,-0.30360205831903936,-0.4875769096236661,0.7115744453354722,-1.0,-1.0,-0.6666666666666666,0.0,-0.7562297692415371,-0.3001698386896909,-0.459706925862961,-0.5033442971591809,-0.5330789077617717,1.0,0.0,0.0,0.0,1.0,0.0,0,0.14
-0.5937777777777778,-0.3825042881646655,-0.4299599181159795,-0.05292702485966308,0.0,-1.0,-0.6666666666666666,0.0,-0.6184615376868271,-0.11706477924614941,-0.3436599157365659,0.04897558792331211,-0.33901311545904106,0.0,1.0,0.0,0.0,0.0,1.0,1,0.148
0.32711111111111096,0.9279588336192108,0.857339457432351,0.5522587543437587,0.0,0.0,0.3333333333333333,1.0,0.5763633521354009,1.362062556035834,0.8302469298755052,-0.41052011344818423,0.8676951193291764,0.0,1.0,0.0,0.0,0.0,1.0,0,0.179
-0.1884444444444446,0.6123499142367067,0.25623734897616296,0.936113338679498,1.0,0.0,0.0,1.0,0.22047976199364808,0.4069203799138415,0.3384242491438144,-0.6217456388372119,0.7929047516663081,0.0,0.0,1.0,0.0,0.0,1.0,0,0.169
0.17422222222222217,-0.2778730703259004,-0.10113938059440467,-0.6998128842555468,-1.0,0.0,-0.3333333333333333,1.0,-0.10761081039342182,-0.16094584842808096,0.04258444822233712,0.8841731676367968,-0.3519565684798968,1.0,0.0,0.0,0.0,1.0,0.0,2,0.171
-0.3377777777777778,-0.16981132075471683,-0.23862196303750732,-0.05399625768511094,-1.0,-0.5,0.0,0.0,-0.2826406083555866,-0.08926857595482635,-0.32604343755389664,0.04987009687462275,-0.41639432380133307,1.0,0.0,0.0,0.0,1.0,0.0,4,0.116
-0.3022222222222222,-0.4168096054888507,-0.3500484537796816,-0.5052125100240579,-1.0,-0.5,-0.3333333333333333,0.0,-0.4603839409494687,-0.3253419248870779,-0.3584799319979303,0.5728471788893172,-0.4686196516878091,0.0,0.0,1.0,0.0,0.0,1.0,4,0.143
-0.5617777777777779,-0.21612349914236695,-0.3505301244889417,0.22828120823309286,0.0,-0.5,0.0,0.0,-0.46124709966588795,-0.3263624148680531,-0.476307068765861,-0.18915202794470928,-0.26455600946033114,1.0,0.0,0.0,0.0,0.0,1.0,0,0.154
-0.36266666666666675,-0.1440823327615779,-0.23635122969385247,0.02512697139802201,-1.0,-1.0,-0.6666666666666666,1.0,-0.2794073068744833,0.49821778714036846,0.04628945228767823,-0.022540182526307344,-0.4153300365512793,0.0,1.0,0.0,0.0,0.0,1.0,1,0.163
-0.3342222222222224,-0.3190394511149227,-0.3115836071401949,-0.30847367014167343,0.0,-1.0,-0.6666666666666666,0.0,-0.39436018451690025,0.25913156302619017,-0.10523689851430268,0.31726670028441006,-0.2280477316706085,0.0,0.0,1.0,0.0,0.0,1.0,4,0.134
-0.34488888888888897,0.07547169811320764,-0.12019977866084079,0.3694199411921946,-1.0,-0.5,-0.3333333333333333,1.0,-0.1296605793139481,0.16162617508206442,0.011872643950033176,-0.29091087883122674,-0.3608901311545904,1.0,0.0,0.0,0.0,0.0,1.0,0,0.16
0.4622222222222222,1.130360205831904,1.1306531798868074,0.6078588612670414,1.0,0.5,0.3333333333333333,1.0,0.6966192323035255,1.1871214164400936,1.1448092985438685,-0.44390405448699555,2.022414534508708,0.0,1.0,0.0,0.0,0.0,1.0,0,0.165
0.6506666666666666,1.130360205831904,1.3008434971587162,0.4036353916065224,1.0,0.5,0.3333333333333333,1.0,0.7631179172694024,1.4034652924068258,1.3406848251903316,-0.31443648488228726,2.2617179101268543,0.0,0.0,0.0,1.0,0.0,1.0,0,0.142
0.5155555555555555,0.9588336192109778,1.038447644114156,0.3715584068430904,1.0,0.5,0.6666666666666666,0.0,0.6580809814612821,1.069910852910948,0.7761567743366101,-0.29280038873116926,1.8927649967748872,0.0,0.0,1.0,0.0,0.0,1.0,0,0.12
0.1528888888888888,-0.6174957118353344,-0.34071321670021165,-1.10077519379845,-1.0,0.0,0.0,0.0,-0.4438405809377726,-0.5416250574025614,-0.4631255081676399,1.8559070196002856,-0.46424424854869917,0.0,0.0,0.0,1.0,0.0,1.0,4,0.146
-0.2915555555555557,-0.35677530017152653,-0.3157351499200083,-0.4196738839882386,0.0,-0.5,-0.6666666666666666,0.0,-0.40122365730312604,-0.2526441624328481,-0.11359856604331439,0.4546208599490277,-0.23193936787787572,0.0,1.0,0.0,0.0,0.0,1.0,4,0.152
0.15644444444444439,0.5506003430531734,0.4583326165614446,0.32237369687249395,0.0,0.5,0.0,1.0,0.35898278788630167,0.3324756358017045,0.60978576884224,-0.25840296749266156,0.4936680283809934,0.0,0.0,1.0,0.0,0.0,1.0,0,0.172
-0.40533333333333355,0.09262435677530026,-0.14272361849386156,0.5084202085004009,0.0,0.0,-0.3333333333333333,0.0,-0.1565447712971262,-0.2270225746962219,-0.02441976494936808,-0.38301275395390255,-0.06975919157170497,0.0,1.0,0.0,0.0,0.0,1.0,0,0.157
-0.5191111111111112,-0.34133790737564307,-0.38734352869667943,-0.09462710505212515,0.0,-0.5,-0.3333333333333333,0.0,-0.5302069450706157,-0.40435700627115395,-0.4185730652672038,0.08805474693865276,-0.2990647172651043,0.0,0.0,0.0,1.0,1.0,0.0,4,0.158
-0.5191111111111112,0.02401372212692977,-0.23050237108140817,0.6153434910451752,1.0,0.0,0.6666666666666666,1.0,-0.2711401595649989,-0.3665016874530757,-0.5017462487988765,-0.44835120896646485,0.10850354762416677,0.0,0.0,0.0,1.0,1.0,0.0,0,0.133
-1.0026666666666668,-0.41166380789022283,-0.5737959665812276,0.9959903769045715,0.0,-1.5,-1.3333333333333333,0.0,-1.022171658122276,0.10146586096552934,-0.20516113533890165,-0.6509163317924248,-0.47384433455170927,0.0,0.0,0.0,1.0,0.0,1.0,0,0.147
0.9955555555555555,1.130360205831904,1.6123238891469267,0.10425020048115496,-1.0,0.5,-0.3333333333333333,0.0,0.8718660758046166,1.7994154050251843,2.8034684751275036,-0.09048396585801545,0.45113953988389593,1.0,0.0,0.0,0.0,0.0,1.0,0,0.161
0.05688888888888868,-0.4202401372212691,-0.23690171050443548,-0.8013900026730824,0.0,-0.5,-0.6666666666666666,1.0,-0.2801899106787686,-0.08562396887991508,0.04518072289156613,1.0793463942931347,-0.1580412814448506,0.0,0.0,1.0,0.0,1.0,0.0,4,0.13
0.430222222222222,-0.39108061749571177,-0.09453361086740869,-0.9671210906174822,0.0,0.0,-0.3333333333333333,0.0,-0.10011182981646016,-0.15044938005233646,0.053228250425012835,1.461813580241255,-0.024586110513867967,0.0,0.0,1.0,0.0,0.0,1.0,3,0.191
0.010666666666666566,0.40308747855917665,0.26575607965916054,0.3213044640470463,0.0,0.0,0.3333333333333333,2.0,0.2275843521071127,0.42204549927472323,0.1493814873868831,-0.25712694193815155,0.31314771016985593,1.0,0.0,0.0,0.0,0.0,1.0,0,0.16
-0.6222222222222223,-0.1440823327615779,-0.3463785817091283,0.5062817428495057,0.0,-0.5,-0.3333333333333333,0.0,-0.45383859386118036,-0.31756676312726717,-0.3525667085519994,-0.3815727210867671,-0.26066437325306385,0.0,0.0,0.0,1.0,0.0,1.0,0,0.17
0.6862222222222221,-0.190394511149228,0.16731176136656858,-0.8783747661053197,0.0,0.5,1.0,2.0,0.1507896439354925,-0.03746656073008759,-0.2078405647128391,1.246957824376111,0.22086648032681144,0.0,1.0,0.0,0.0,0.0,1.0,2,0.18
0.5511111111111111,0.1749571183533448,0.41628964465316837,-0.45068163592622307,1.0,1.0,0.6666666666666666,0.0,0.3321207541616003,0.02422448835791015,0.14960917288787043,0.49599002890349303,1.0179531283594925,0.0,0.0,1.0,0.0,1.0,0.0,3,0.204
0.5048888888888887,-0.5214408233276155,-0.17598183413325078,-1.1317829457364346,0.0,0.0,-1.0,1.0,-0.1980120891368159,-0.27986937728243505,0.5776942124325523,1.963334745193406,-0.10093528273489569,0.0,1.0,0.0,0.0,0.0,1.0,3,0.204
-0.4871111111111112,-0.8130360205831902,-0.5843009753831864,-1.03448275862069,1.0,-1.0,-0.6666666666666666,0.0,-1.0617512543841556,-0.607555999387706,-0.6545199201714834,1.6494711388963872,-0.3889701139539884,0.0,0.0,1.0,0.0,1.0,0.0,1,0.124
0.9528888888888888,0.7735849056603774,1.2231339560647505,-0.16519647153167594,1.0,0.5,0.6666666666666666,1.0,0.7334540366680196,1.3046818622484315,0.9621461305344076,0.15953224640848349,2.1524510857880026,1.0,0.0,0.0,0.0,0.0,1.0,3,0.195
-0.6897777777777778,-0.35506003430531724,-0.4520250239401812,0.1919272921678696,0.0,0.0,0.0,0.0,-0.6683959503661562,-0.7184978387480045,-0.6125883903713011,-0.16097732848228138,-0.35969683938937863,1.0,0.0,0.0,0.0,0.0,1.0,0,0.155
0.10311111111111106,-0.3396226415094339,-0.1686420899921442,-0.7286821705426358,0.0,0.5,0.3333333333333333,1.0,-0.18866970613177791,-0.46452703933988865,-0.3505762753027887,0.9375807723962849,-0.09405504192646738,0.0,1.0,0.0,0.0,0.0,1.0,2,0.161
0.4906666666666666,0.4751286449399657,0.6262522004896984,-0.09997326917936375,0.0,1.0,1.3333333333333333,0.0,0.4579163732529174,0.24664270944949437,0.07653004656663456,0.0941122727256916,0.6510750376263168,0.0,1.0,0.0,0.0,0.0,1.0,3,0.211
0.25244444444444425,0.12864493996569468,0.22054784309003234,-0.277465918203689,0.0,0.0,-0.3333333333333333,1.0,0.19325183473949314,0.3502102938282226,0.5609154409047232,0.2815325191467025,0.270769726940443,1.0,0.0,0.0,0.0,1.0,0.0,3,0.217
0.7786666666666664,0.9279588336192108,1.2307718773115894,0.09890403635391612,1.0,0.5,0.6666666666666666,2.0,0.7364200211205568,1.314391095495995,0.9698379407199348,-0.08570436666351103,2.1631907116749085,0.0,0.0,0.0,1.0,1.0,0.0,0,0.161
-0.35555555555555557,0.24871355060034303,-0.04058649143027536,0.6816359262229355,0.0,0.0,0.6666666666666666,1.0,-0.04142166266309169,-0.06472822165042384,-0.3104904279695469,-0.48685950745259066,0.025983659428079963,0.0,0.0,0.0,1.0,0.0,1.0,0,0.159
0.4017777777777777,-0.15437392795883362,0.07964769228122688,-0.6998128842555468,1.0,-0.5,-1.0,2.0,0.07541455578935852,0.5850323276647548,1.2641824968586,0.8835286885561479,0.5446033111158892,0.0,0.0,1.0,0.0,0.0,1.0,4,0.157
0.9137777777777779,1.130360205831904,1.5384677137270417,0.16840417000801927,0.0,1.0,0.6666666666666666,1.0,0.8474148792644931,1.2129738292914642,1.2797047084041686,-0.14220354637161794,1.5061814663513222,0.0,0.0,1.0,0.0,0.0,1.0,0,0.137
-0.20622222222222236,-0.2847341337907374,-0.24697092199801599,-0.3961507618283883,0.0,-0.5,0.3333333333333333,1.0,-0.2946449985711615,-0.10695706895839545,-0.4407265345342808,0.42482743224297165,-0.1674801118039131,0.0,0.0,0.0,1.0,0.0,1.0,4,0.164
-0.7253333333333334,-0.26758147512864483,-0.43351510668432797,0.4784816893878646,-1.0,-0.5,-1.0,0.0,-0.6262946902150565,-0.5021782601617719,-0.11390654643112322,-0.3640530874309615,-0.5077402709094818,0.0,0.0,1.0,0.0,0.0,1.0,0,0.17
0.5119999999999999,0.5866209262435678,0.7313481619101685,-0.003742314889067158,0.0,0.0,0.0,0.0,0.5140173197277781,1.161864289410959,0.976374824451179,0.003783890029715395,0.7495914857019996,0.0,1.0,0.0,0.0,1.0,0.0,0,0.141
-0.7395555555555557,-0.3379073756432246,-0.4632181337553687,0.34589681903234454,0.0,0.0,0.0,0.0,-0.6950003329355998,-0.7362835212735716,-0.6276178332963755,-0.2751574521039648,-0.37018920662223176,1.0,0.0,0.0,0.0,0.0,1.0,0,0.136
0.035555555555555556,-0.5488850771869638,-0.3257814247131479,-0.9553595295375571,0.0,0.0,0.6666666666666666,0.0,-0.418086134671165,-0.5178986653448892,-0.5976975386207406,1.4335687710947427,-0.24135669748441194,1.0,0.0,0.0,0.0,0.0,1.0,2,0.188
-0.5582222222222223,0.09262435677530026,-0.22112126060105627,0.8430900828655442,0.0,0.0,1.0,1.0,-0.25806016887289207,-0.3515952445166886,-0.555550422549092,-0.5742632627828151,-0.14324876370672973,1.0,0.0,0.0,0.0,1.0,0.0,0,0.161
0.02488888888888874,-0.5162950257289879,-0.30802841857184643,-0.9072440523924087,-1.0,-0.5,-0.6666666666666666,0.0,-0.38853013423025273,-0.23631632273724576,-0.09807635449774565,1.3126033297700805,-0.44892496237368307,0.0,0.0,0.0,1.0,0.0,1.0,4,0.139
0.4444444444444444,0.6415094339622642,0.7276094797382923,0.11387329591018452,0.0,0.5,1.0,2.0,0.512089122764434,0.6747771322773695,0.2937157628468885,-0.09870865167668066,0.7460868630402064,0.0,1.0,0.0,0.0,0.0,1.0,0,0.167
0.31288888888888877,0.2813036020583191,0.365668346779974,-0.15557337610264635,0.0,0.0,0.3333333333333333,0.0,0.29850348633916635,0.5808045834578576,0.2643725647550764,0.1497636995952613,0.40680498817458616,0.0,1.0,0.0,0.0,0.0,1.0,3,0.199
0.43377777777777765,-0.2504288164665522,0.01742042398490761,-0.8195669607056939,1.0,0.0,-0.6666666666666666,1.0,0.017127246188792574,0.02744389127408181,0.5574137038953358,1.116531151197775,0.45710599870995483,0.0,1.0,0.0,0.0,0.0,1.0,2,0.185
0.8355555555555556,1.1012006861063468,1.440459192742828,0.206896551724138,0.0,0.5,0.0,2.0,0.8137402017050986,1.5809430785267047,1.9285269914011878,-0.17265530368734872,1.4143087508062784,1.0,0.0,0.0,0.0,1.0,0.0,0,0.146
-0.6506666666666668,-0.2984562607204115,-0.4170465557677201,0.2346966051857793,-1.0,-0.5,0.0,0.0,-0.5906519948362684,-0.46728722176462156,-0.5656213812304433,-0.19423120133225494,-0.5000215007525263,0.0,0.0,1.0,0.0,0.0,1.0,0,0.151
0.16711111111111096,-0.6174957118353344,-0.33722683823318605,-1.1071905907511363,-1.0,-0.5,0.3333333333333333,0.0,-0.4377509010296296,-0.29817745348873936,-0.5446039196223984,1.8766260191532285,-0.46261019135669745,0.0,1.0,0.0,0.0,0.0,1.0,4,0.151
-0.5546666666666668,0.04116638078902239,-0.24068626607719357,0.7308206361935313,1.0,0.0,1.0,2.0,-0.285591620641879,-0.3826837428656817,-0.5730642406024917,-0.5142732782462661,0.0941840464416254,0.0,0.0,1.0,0.0,0.0,1.0,0,0.166
-0.8142222222222223,-0.45797598627787295,-0.5276473252940199,0.23041967388398835,-1.0,-0.5,-0.6666666666666666,0.0,-0.8687183685869023,-0.7016111593009158,-0.5404131864882844,-0.19022618876257946,-0.5518598150935282,0.0,0.0,1.0,0.0,0.0,1.0,0,0.167
-0.2737777777777779,0.14065180102915956,-0.05019696891503681,0.35658914728682173,1.0,0.5,0.3333333333333333,1.0,-0.05155978511546256,-0.3139610318611551,-0.21425535621891603,-0.2824854115582447,0.3620296710384862,1.0,0.0,0.0,0.0,1.0,0.0,0,0.144
-0.12800000000000006,-0.7444253859348197,-0.48289782273371074,-1.138198342689121,-1.0,-0.5,-0.6666666666666666,0.0,-0.744090144279227,-0.6068027805922244,-0.45028272599600855,1.983145971938134,-0.5308858310040852,0.0,1.0,0.0,0.0,0.0,1.0,4,0.134
-0.8960000000000001,-0.8936535162950255,-0.6779056498827362,-0.8056669339748733,0.0,-1.5,-0.6666666666666666,-1.0,-1.5473996403548584,-0.5602489995553579,-0.8430501145687042,1.087410227945911,-0.5714362502687594,1.0,0.0,0.0,0.0,0.0,1.0,1,0.13
-0.8071111111111112,-0.25728987993138924,-0.4610620839139186,0.7329591018444271,0.0,-0.5,0.0,0.0,-0.6898048389988097,-0.5605405681213508,-0.6247228176509719,-0.5158341269077253,-0.36816813588475594,1.0,0.0,0.0,0.0,0.0,1.0,0,0.156
0.1991111111111109,0.5488850771869639,0.48636126450029527,0.2699812884255547,0.0,0.0,-0.3333333333333333,1.0,0.37639145699890325,0.7725838077396877,0.98921760662281,-0.21993826192434265,0.5199419479681789,0.0,1.0,0.0,0.0,0.0,1.0,0,0.158
-0.3520000000000002,-0.746140651801029,-0.528106059302839,-1.009890403635392,-1.0,-1.0,-0.6666666666666666,0.0,-0.8701046271907314,-0.42897025271705463,-0.5413371276517112,1.5805295502734769,-0.5520748226187916,0.0,0.0,1.0,0.0,1.0,0.0,1,0.114
0.8497777777777775,0.05317324185248728,0.46372274116506973,-0.7308206361935313,0.0,0.0,-0.3333333333333333,0.0,0.3623608474970861,0.7366115359103137,0.9527404094907234,0.9401443064185087,0.4987207052246829,0.0,1.0,0.0,0.0,1.0,0.0,2,0.183
-0.37333333333333335,-0.27444253859348183,-0.3039915592942378,-0.18337342956428768,1.0,-1.0,-1.0,0.0,-0.3819624838457957,0.2832588618621026,0.2339265035602531,0.1782514511962818,0.005170930982584331,0.0,0.0,1.0,0.0,1.0,0.0,4,0.14
-0.10666666666666667,-0.23499142367066886,-0.18098203482937966,-0.42181234963913417,1.0,0.0,-0.3333333333333333,1.0,-0.20444111884647892,-0.28781462070574165,-0.08606511937319838,0.45773493792826053,0.17813373468071383,0.0,1.0,0.0,0.0,0.0,1.0,3,0.194
-0.0320000000000002,-0.5934819897084047,-0.37144839529109547,-0.9778134188719597,-1.0,-0.5,-0.3333333333333333,0.0,-0.49968292853969076,-0.3706808368989739,-0.3929614162170153,1.490034440395221,-0.4786497527413459,0.0,1.0,0.0,0.0,1.0,0.0,2,0.173
-0.3022222222222222,0.06689536878216133,-0.1029743166296813,0.2838813151563752,-1.0,0.0,0.0,0.0,-0.10970668770719655,-0.16386153408800996,-0.14390383620371064,-0.2303232752246712,-0.3528165985809503,0.0,1.0,0.0,0.0,1.0,0.0,0,0.175
0.4124444444444442,0.7632933104631218,0.7995389723211367,0.2753274525527933,0.0,0.0,0.3333333333333333,2.0,0.5483767850698851,1.2702184577480702,0.7637231661087819,-0.22438396767762148,0.8135132229628036,0.0,1.0,0.0,0.0,0.0,1.0,0,0.147
-0.5831111111111111,0.15094339622641528,-0.21024926459204213,1.0259288960171082,0.0,0.0,-0.3333333333333333,1.0,-0.24317021276638753,-0.33431980698160924,-0.1332230763544978,-0.6650159835351305,-0.13305740700924532,1.0,0.0,0.0,0.0,0.0,1.0,0,0.147
-0.4871111111111112,-0.8198970840480273,-0.5873286198413927,-1.0473135525260628,0.0,-1.0,-0.6666666666666666,0.0,-1.0735405471393067,-0.6171777620654717,-0.6606179318500996,1.6879066670180125,-0.48652977854224894,1.0,0.0,0.0,0.0,0.0,1.0,1,0.099
0.25955555555555543,0.2915951972555746,0.34195179852402324,-0.09569633787757278,-1.0,0.5,0.3333333333333333,1.0,0.2822420807878932,0.1845337454169065,0.23707670295555555,0.08952943847487245,-0.14428079982799402,0.0,0.0,0.0,1.0,0.0,1.0,4,0.134
0.44088888888888883,0.5265866209262435,0.6342341722431519,-0.003742314889067158,1.0,1.0,1.0,1.0,0.4623213482091287,0.2550981978632884,0.21012988559555182,0.0030344603638525784,1.3244033541173938,1.0,0.0,0.0,0.0,0.0,1.0,3,0.15
-0.6328888888888891,-0.17495711835334468,-0.3628241959252952,0.4645816626570436,-1.0,-0.5,-0.3333333333333333,0.0,-0.4836070422032489,-0.35240920676341875,-0.37906534111907747,-0.3549318013540133,-0.47460761126639434,1.0,0.0,0.0,0.0,0.0,1.0,0,0.175
-0.4408888888888891,-0.26243567753001706,-0.32380886847522555,-0.06682705159048385,1.0,-0.5,-0.6666666666666666,0.0,-0.4147464210954212,-0.26974951830443156,-0.12985993051962455,0.061528695476597776,-0.022694044291550242,0.0,0.0,1.0,0.0,0.0,1.0,4,0.128
0.32711111111111096,0.771869639794168,0.7406604622891974,0.3790430366212242,0.0,0.0,-0.3333333333333333,0.0,0.518799497475111,1.1766613941350985,1.3989670337792885,-0.29751443557129026,0.7583207912276929,0.0,0.0,0.0,1.0,0.0,1.0,0,0.16
0.6897777777777775,1.130360205831904,1.3361660158377917,0.36514300989040366,-1.0,0.0,-0.3333333333333333,0.0,0.7762382425305925,2.122910728994307,2.3584984108211984,-0.28823563477892183,0.32170500967533866,0.0,1.0,0.0,0.0,0.0,1.0,0,0.177
0.02488888888888874,0.5523156089193825,0.3692923454496454,0.49879711307137137,0.0,0.0,0.0,2.0,0.3009587856873205,0.5865630626362175,0.49022778229482356,-0.3765939477670321,0.41020210707374766,0.0,0.0,0.0,1.0,0.0,1.0,0,0.169
-0.6826666666666668,-0.18524871355060027,-0.3871141616922698,0.5618818497727883,-1.0,-0.5,0.3333333333333333,0.0,-0.5297579018373004,-0.40387105866116574,-0.6020202633496298,-0.41608692867132013,-0.4859922597290905,1.0,0.0,0.0,0.0,0.0,1.0,0,0.168
0.5084444444444444,0.751286449399657,0.8631883160447953,0.16733493718257164,1.0,0.5,0.3333333333333333,2.0,0.5791403072762643,0.8471233116357725,0.8369785012090426,-0.14142702730751536,1.646334121694259,0.0,1.0,0.0,0.0,0.0,1.0,0,0.193
0.34488888888888874,-0.3825042881646655,-0.11630053958587792,-0.9179363806468861,0.0,0.0,-0.3333333333333333,1.0,-0.12509892521910132,-0.1850367011932443,0.01815544386133478,1.3379004908484444,-0.04499032466136315,0.0,1.0,0.0,0.0,0.0,1.0,2,0.175
-0.49422222222222245,-0.3859348198970839,-0.3981925880052526,-0.21758887997861542,0.0,-0.5,-0.3333333333333333,0.0,-0.5517467672531494,-0.42734232822359425,-0.43605403207923715,0.21443969673240468,-0.30923457321006237,1.0,0.0,0.0,0.0,0.0,1.0,4,0.137
0.7004444444444445,1.130360205831904,1.345799430022994,0.35445068163592647,-1.0,0.5,0.6666666666666666,1.0,0.7797786319715712,1.4606127313414343,1.085677064084559,-0.28112785742926366,0.3262201677058697,0.0,1.0,0.0,0.0,0.0,1.0,0,0.169
0.9706666666666666,0.8181818181818181,1.2809344411759649,-0.13953488372093034,1.0,0.5,0.3333333333333333,0.0,0.7556246425378972,1.3781571408786422,1.3177710843373494,0.1331160916827102,2.233723930337562,1.0,0.0,0.0,0.0,0.0,1.0,3,0.193
0.2631111111111111,0.946826758147513,0.81804888957699,0.6559743384121897,-1.0,1.0,1.3333333333333333,2.0,0.5574486418711819,0.44981740518554725,0.23104996673811803,-0.47206034443665057,0.07886476026660937,0.0,1.0,0.0,0.0,0.0,1.0,0,0.153
-0.5724444444444445,-0.5831903945111491,-0.5049399918574714,-0.49879711307137137,-1.0,-1.0,-1.0,0.0,-0.8030001094670567,-0.3553491898038473,-0.30571673195850896,0.5624522145250834,-0.5412169425929907,0.0,1.0,0.0,0.0,0.0,1.0,4,0.159
-0.8746666666666667,-0.8747855917667237,-0.669304387217377,-0.782143811815023,0.0,-1.0,-0.6666666666666666,-1.0,-1.4878641244991304,-0.8776942757801282,-0.8257262177544533,1.0397399582477833,-0.5633734680713824,0.0,1.0,0.0,0.0,0.0,1.0,1,0.109
-0.20266666666666677,-0.2710120068610634,-0.23814029232824713,-0.37904303662122446,0.0,-0.5,-1.3333333333333333,1.0,-0.2819536384055587,-0.08824808597385096,1.1469343632197502,0.4030400747609636,-0.1592023220812728,1.0,0.0,0.0,0.0,0.0,1.0,4,0.15
0.8782222222222223,0.5557461406518011,0.9577333952624246,-0.30419673883988246,0.0,0.5,0.0,0.0,0.6227124649404105,0.9673078745380465,1.2803514672185676,0.31262752928783405,0.9618039131369599,1.0,0.0,0.0,0.0,0.0,1.0,3,0.194
-0.05333333333333334,0.49056603773584917,0.2783253915008056,0.5298048650093558,0.0,0.5,1.0,1.0,0.2368680123898788,0.10365262521047611,-0.10846555957983256,-0.3964394168455983,0.3249301225542894,1.0,0.0,0.0,0.0,0.0,1.0,0,0.151
0.8106666666666665,-0.027444253859348098,0.36933821885052726,-0.7842822774659185,0.0,0.0,0.3333333333333333,1.0,0.3009898160645562,0.5866359547777156,0.26859629578788413,1.044129222381426,0.4102451085788003,0.0,1.0,0.0,0.0,1.0,0.0,2,0.163
0.4266666666666667,0.6689536878216124,0.7363712993067382,0.1609195402298852,1.0,1.0,1.3333333333333333,1.0,0.51660050145266,0.3632944332271539,0.1652468770788675,-0.13629281927910147,1.4680176306170716,0.0,1.0,0.0,0.0,0.0,1.0,0,0.143
-0.4195555555555557,0.32761578044596923,-0.040334187725424846,0.9553595295375571,1.0,0.5,-0.3333333333333333,0.0,-0.041157269424248834,-0.3014235835234603,0.1405591691921057,-0.6313851132285592,0.37589765641797446,0.0,1.0,0.0,0.0,0.0,1.0,0,0.15
0.3982222222222221,0.6174957118353345,0.675772536741727,0.13418871959369152,0.0,0.0,0.0,1.0,0.48485272276802055,1.0735554599858592,0.9017511764850813,-0.1145822014779073,0.6974951623306817,1.0,0.0,0.0,0.0,0.0,1.0,0,0.15
-0.04977777777777798,0.2555746140651802,0.1383427087096385,0.20155038759689942,0.0,0.5,0.0,1.0,0.12667640952091944,-0.07429167061499106,0.1801223298100375,-0.16817891964911874,0.19371102988604597,1.0,0.0,0.0,0.0,0.0,1.0,0,0.142
-0.7928888888888891,-0.7821612349914235,-0.6268944281020454,-0.6506281742849508,-1.0,-1.5,-1.3333333333333333,-1.0,-1.2465822125412258,-0.2360247541712528,-0.41905351467218566,0.7985739943105543,-0.5983766931842615,1.0,0.0,0.0,0.0,1.0,0.0,1,0.1
-0.4586666666666669,-0.6586620926243566,-0.5096190787474268,-0.7703822507350977,-1.0,-1.0,-0.3333333333333333,0.0,-0.8160976706470799,-0.3702191866694851,-0.6155942789563159,1.0163945120905618,-0.5434100193506773,1.0,0.0,0.0,0.0,0.0,1.0,4,0.162
-0.8426666666666668,-0.6432246998284732,-0.5933150986564828,-0.19834268912055605,1.0,-1.0,-0.6666666666666666,0.0,-1.0973877945904964,-0.6362026109965085,-0.6726753640328184,0.19367116739494541,-0.4016448075682649,0.0,0.0,1.0,0.0,0.0,1.0,1,0.102
-0.824888888888889,-0.8078902229845625,-0.6408628786705889,-0.6709435979684578,-1.0,-1.5,-1.6666666666666667,-1.0,-1.3181372721625433,-0.3248073825160909,0.11091913666937683,0.833520904363788,-0.6049236723285315,0.0,1.0,0.0,0.0,1.0,0.0,1,0.118
-0.07822222222222232,-0.3310463121783876,-0.22706186601526446,-0.5832665062817429,1.0,0.0,0.0,2.0,-0.2663176516134721,-0.3610347768407088,-0.31052122600832777,0.6883934657139335,0.11334121694259292,1.0,0.0,0.0,0.0,0.0,1.0,2,0.178
-0.04622222222222237,0.6157804459691253,0.359062577052978,0.6912590216519651,0.0,1.0,0.6666666666666666,1.0,0.2940080720987818,-0.0363974759881136,0.09197834281912923,-0.4921698129677773,0.40061277144700064,0.0,1.0,0.0,0.0,0.0,1.0,0,0.163
0.8568888888888887,0.01715265866209262,0.4331710561777136,-0.7650360866078592,-1.0,0.0,0.6666666666666666,1.0,0.3430177240222109,0.6880653696724959,0.16660969029492204,1.006985900311544,-0.10152655342936999,0.0,1.0,0.0,0.0,0.0,1.0,2,0.18
-0.8213333333333334,-0.16638078902229825,-0.43780426966678715,1.018444266238974,0.0,0.0,0.0,0.0,-0.6358506596001199,-0.6959012748835548,-0.5934936063271491,-0.6613459738967329,-0.34636637282304883,0.0,0.0,1.0,0.0,0.0,1.0,0,0.123
-0.38755555555555576,-0.17838765008576313,-0.2633247894124191,0.002673082063619297,-1.0,-1.0,-0.6666666666666666,1.0,-0.3187069804834638,0.41249662873845583,-0.008038288121812443,-0.0028345803364873325,-0.4279724790367663,1.0,0.0,0.0,0.0,0.0,1.0,0,0.163
0.4764444444444444,0.1749571183533448,0.37566874817223156,-0.39935846030473143,-1.0,1.0,1.3333333333333333,1.0,0.3052602405059853,-0.018806172506542037,-0.1253510976421022,0.4292754169617058,-0.12847774672113527,1.0,0.0,0.0,0.0,1.0,0.0,4,0.16
-0.6826666666666668,-0.7924528301886791,-0.6104258771854376,-0.8142207965784553,0.0,-1.0,-1.0,0.0,-1.16985570452796,-0.6905801485541844,-0.588997092665139,1.1068825520366659,-0.5081810363362718,0.0,0.0,0.0,1.0,0.0,1.0,1,0.095
-0.7928888888888891,-0.15608919382504277,-0.4226201739748729,0.9489441325848709,0.0,0.0,0.3333333333333333,0.0,-0.6025339298452682,-0.6717739760476423,-0.6428848610920457,-0.6279440906808681,-0.33213287465061275,0.0,0.0,1.0,0.0,0.0,1.0,0,0.177
0.14933333333333318,0.015437392795883458,0.08921229636510636,-0.32451216252338944,0.0,0.0,-0.3333333333333333,1.0,0.08400048347559019,0.14152009271880406,0.34929595683346876,0.33553150325369147,0.1476564179746291,0.0,1.0,0.0,0.0,1.0,0.0,3,0.184
0.3839999999999999,0.6312178387650087,0.6762312707505462,0.16305800588078068,0.0,0.0,0.3333333333333333,1.0,0.48509796143540707,1.0742843814008414,0.6218058034064391,-0.13796024325672854,0.6979251773812084,0.0,0.0,1.0,0.0,0.0,1.0,0,0.176
0.7182222222222223,0.7804459691252144,1.0488150327134689,0.012296177492649099,0.0,0.5,0.6666666666666666,0.0,0.6625101297298263,1.083089752093827,0.786597309483332,-0.010855650116360865,1.0471834014190495,0.0,1.0,0.0,0.0,0.0,1.0,0,0.145
0.8675555555555553,1.1132075471698113,1.4804149249109768,0.19085805934242198,0.0,0.0,0.0,2.0,0.8276441164507965,2.352120067935476,1.982177174957498,-0.1601227621557836,1.4517630617071597,1.0,0.0,0.0,0.0,0.0,1.0,0,0.157
-0.7751111111111113,-0.3876500857632932,-0.4922789332140625,0.31168136861801676,-1.0,-1.5,-1.0,0.0,-0.7686217712465505,0.6195832027349132,-0.27171569714440585,-0.25069989446749913,-0.5352827348957213,1.0,0.0,0.0,0.0,0.0,1.0,0,0.154
-0.20266666666666677,0.6209262435677531,0.2508701610729789,0.9767441860465119,-1.0,0.0,0.6666666666666666,1.0,0.2164451546562243,0.3983919993585493,-0.016977418877965847,-0.6416495546679727,-0.1869705439690389,0.0,0.0,0.0,1.0,1.0,0.0,0,0.146
0.6968888888888887,0.30874785591766724,0.6141645593573136,-0.4143277198609998,-1.0,0.5,0.0,2.0,0.45119801557474853,0.5305673195372809,0.8190276443196094,0.44798176968788833,-0.016695334336701805,0.0,0.0,0.0,1.0,0.0,1.0,4,0.126
-0.8426666666666668,-0.40480274442538583,-0.5199864673467399,0.4485431702753278,0.0,-0.5,-1.0,0.0,-0.8459238644842795,-0.685380509127311,-0.34612375883903707,-0.34418185550438213,-0.4234035691249194,1.0,0.0,0.0,0.0,0.0,1.0,0,0.16
-0.010666666666666819,-0.5849056603773584,-0.36069108278428613,-0.9778134188719597,-1.0,-1.0,-0.6666666666666666,0.0,-0.4796812929606783,0.10306948807849034,-0.20414480005913224,1.491107244794567,-0.47360782627391956,1.0,0.0,0.0,0.0,0.0,1.0,2,0.191
0.2168888888888887,1.130360205831904,0.9090846536271525,0.936113338679498,-1.0,0.0,0.3333333333333333,1.0,0.6005955209697394,1.444284891645832,0.8898015374380958,-0.6214037262787818,0.12153300365512792,0.0,0.0,1.0,0.0,1.0,0.0,0,0.166
0.37333333333333335,0.934819897084048,0.9008045047679665,0.5041432771986104,0.0,0.0,-0.3333333333333333,2.0,0.5967680603303422,1.431127860105402,1.6570053219011007,-0.38041766075812555,0.9084390453665877,0.0,0.0,1.0,0.0,0.0,1.0,0,0.166
0.5084444444444444,-0.013722126929674049,0.23917244384809025,-0.6142742582197276,0.0,0.5,0.6666666666666666,2.0,0.20757897691120006,0.05388187099548804,-0.02875766871165644,0.7391091251879708,0.28822833799182973,0.0,0.0,1.0,0.0,0.0,1.0,3,0.188
-0.38755555555555576,0.4356775300171527,0.030631963438899436,1.0719059075113608,0.0,0.0,0.3333333333333333,0.0,0.02987079626971109,0.0484368280255706,-0.12122768022132353,-0.6866031139678223,0.09274349602236076,0.0,0.0,1.0,0.0,1.0,0.0,0,0.153
-0.12088888888888909,-0.08919382504288144,-0.10210272201292486,-0.19834268912055605,1.0,0.0,0.0,1.0,-0.1087104454766706,-0.1624765833995436,-0.1427335107300367,0.1937442906242517,0.28904536658783064,1.0,0.0,0.0,0.0,0.0,1.0,3,0.196
-0.9777777777777779,-0.8936535162950255,-0.689511620305861,-0.6741512964448011,0.0,-1.5,-1.3333333333333333,-1.0,-1.6356704428908382,-0.6340158467515618,-0.6712894522876783,0.8392814692284309,-0.5823156310470866,0.0,1.0,0.0,0.0,0.0,1.0,1,0.101
0.08533333333333329,0.9536878216123498,0.6742816512130648,0.9254210104250202,-1.0,0.5,1.3333333333333333,0.0,0.4840551654816786,0.6069874406840201,0.1152247024909454,-0.6161279348808191,0.011481401849064737,0.0,0.0,1.0,0.0,0.0,1.0,0,0.178
-0.44800000000000006,-0.753001715265866,-0.5501941018274816,-0.9521518310612138,-1.0,-0.5,-0.3333333333333333,0.0,-0.9399399695968037,-0.7493798093627526,-0.6809723556803903,1.4253329531458636,-0.5624274349602236,1.0,0.0,0.0,0.0,0.0,1.0,4,0.15
0.8639999999999999,1.130360205831904,1.493511780862764,0.2090350173750335,1.0,0.5,0.0,2.0,0.8321483203676621,1.6483828878408622,1.9997628551013866,-0.17408799092732763,2.5326273919587186,0.0,1.0,0.0,0.0,0.0,1.0,0,0.154
0.6008888888888888,1.130360205831904,1.2558875642944385,0.4538893344025664,0.0,0.0,0.0,0.0,0.7460944617797414,1.9953494813724135,1.680695173331362,-0.34810579414061316,1.241292195226833,0.0,1.0,0.0,0.0,0.0,1.0,0,0.171
0.7679999999999998,0.06861063464837049,0.43709323195311733,-0.6773589949211443,1.0,0.0,-0.3333333333333333,0.0,0.3455278994065187,0.6942976477705939,0.9098325818611868,0.8436695385976533,1.047204902171576,0.0,0.0,1.0,0.0,0.0,1.0,3,0.176
0.48355555555555535,0.9588336192109778,1.0116117045982351,0.4057738572574181,0.0,0.0,0.6666666666666666,2.0,0.6464982516678464,1.607198827894365,0.7491314953063787,-0.31590879063119753,1.0123091808213287,0.0,0.0,0.0,1.0,1.0,0.0,0,0.168
0.37688888888888866,0.8130360205831905,0.8104339050305918,0.36728147554129936,0.0,0.0,0.6666666666666666,0.0,0.5537292123355304,1.2875303413538988,0.5465342966959862,-0.2900111691057097,0.8237260804128144,1.0,0.0,0.0,0.0,1.0,0.0,0,0.146
-0.13866666666666688,0.30874785591766724,0.11774555171365822,0.40149692595562714,0.0,1.0,1.3333333333333333,1.0,0.10906788099207826,-0.292030216222389,-0.3331454652967699,-0.31301629899980926,0.17440335411739413,0.0,1.0,0.0,0.0,0.0,1.0,0,0.161
0.19199999999999995,0.8353344768439108,0.6810709145435883,0.6206896551724143,0.0,0.0,0.3333333333333333,0.0,0.487680553977928,1.081974502328904,0.6273758487059542,-0.45147087651202944,0.7024618361642657,1.0,0.0,0.0,0.0,0.0,1.0,0,0.157
-0.7573333333333335,-0.6929674099485418,-0.5900580871938668,-0.4806201550387599,0.0,-1.0,-1.0,0.0,-1.0843233075404177,-0.6258519269037605,-0.5342997757902777,0.5378860909167695,-0.48908836809288325,0.0,1.0,0.0,0.0,1.0,0.0,1,0.104
-0.5048888888888889,0.06346483704974275,-0.20644177231884311,0.6602512697139806,0.0,0.0,0.0,1.0,-0.23802190972073345,-0.3282697592372566,-0.28283378914430723,-0.4744275902480016,-0.12948828208987315,1.0,0.0,0.0,0.0,0.0,1.0,0,0.167
-0.5440000000000002,-0.6174957118353344,-0.5120044955932864,-0.6025126971398023,-1.0,-1.0,-0.6666666666666666,0.0,-0.8228602551628974,-0.3777999693853006,-0.5089067928154335,0.7189957595744875,-0.5445280584820469,1.0,0.0,0.0,0.0,1.0,0.0,1,0.112
0.8355555555555556,0.05145797598627787,0.45502973169794647,-0.7254744720662926,0.0,0.0,0.3333333333333333,1.0,0.35690559354331486,0.7227984750963998,0.36722041540394684,0.9305851453285685,0.4905719200172005,0.0,0.0,0.0,1.0,0.0,1.0,3,0.202
-0.7893333333333334,-0.29502572898799306,-0.4666586388215124,0.5832665062817431,0.0,-0.5,-0.6666666666666666,0.0,-0.7033631822859648,-0.5723976898050621,-0.4175752088107029,-0.429379741605692,-0.37341431950118253,1.0,0.0,0.0,0.0,0.0,1.0,0,0.162
0.7679999999999998,1.130360205831904,1.4068110531959426,0.29243517775995714,0.0,0.5,0.6666666666666666,0.0,0.8018363452681428,1.538169969895546,1.1471191514524353,-0.2364799790803952,1.3827671468501397,1.0,0.0,0.0,0.0,0.0,1.0,0,0.147
-0.8462222222222223,-0.23670668953687815,-0.4696633465792779,0.9157979149959907,1.0,0.0,0.6666666666666666,0.0,-0.7107406279066266,-0.7465248671540721,-0.7425946115751348,-0.611698130907056,-0.22777897226402916,1.0,0.0,0.0,0.0,0.0,1.0,0,0.166
-0.17777777777777778,-0.5162950257289879,-0.3655536632777692,-0.7714514835605456,-1.0,-0.5,-0.3333333333333333,0.0,-0.4886592306129755,-0.358191983322278,-0.3834633010569887,1.0186919389641937,-0.47588690604171147,0.0,0.0,0.0,1.0,0.0,1.0,4,0.13
0.10666666666666667,0.46140651801029164,0.3649573090663042,0.273188986901898,0.0,1.0,-0.3333333333333333,1.0,0.29802084432511367,-0.030153049199765698,0.7936007835021063,-0.22271703851415625,0.4061384648462696,0.0,0.0,1.0,0.0,0.0,1.0,2,0.157
0.4266666666666667,0.31046312178387664,0.45496092159662377,-0.2197273456295109,-1.0,0.0,-0.3333333333333333,2.0,0.35686225992889464,0.7226891368841528,0.9386225885135634,0.21733693393554956,-0.09131369597935923,0.0,0.0,1.0,0.0,0.0,1.0,4,0.134
-0.16,0.03602058319039465,-0.048843703589020265,0.03154236835070846,0.0,0.0,0.3333333333333333,1.0,-0.05012424510213526,-0.07784880712010435,-0.2126978554005681,-0.02784442509367723,0.018243388518598132,0.0,0.0,1.0,0.0,0.0,1.0,0,0.151
-0.6542222222222223,-0.753001715265866,-0.5903562642995993,-0.7586206896551727,1.0,-1.5,-0.6666666666666666,0.0,-1.0855103161748545,-0.003790391357907572,-0.666715943528716,0.9935769589435673,-0.39748441195441836,0.0,1.0,0.0,0.0,0.0,1.0,1,0.101
-0.8711111111111113,-0.5334476843910805,-0.5674425005590822,0.1716118684843626,0.0,-0.5,-1.0,0.0,-0.9991711623036854,-0.7859230696338627,-0.47356604331436175,-0.14494545067606235,-0.46788862610191356,1.0,0.0,0.0,0.0,1.0,0.0,0,0.168
0.37688888888888866,-0.20926243567752992,0.027145584971873853,-0.7447206629243519,0.0,0.0,-0.3333333333333333,1.0,0.026528035391150135,0.04289702527170556,0.24928856530416135,0.9667096897479275,0.08947538163835736,1.0,0.0,0.0,0.0,0.0,1.0,2,0.182
0.8853333333333331,1.130360205831904,1.5127786092331688,0.19085805934242198,0.0,1.0,1.0,2.0,0.8387276632729308,1.185760763132127,0.996568071878516,-0.16038508519833106,1.4821006235218233,0.0,0.0,0.0,1.0,0.0,1.0,0,0.159
0.7395555555555554,1.130360205831904,1.3811219487020694,0.318096765570703,0.0,0.0,0.3333333333333333,0.0,0.7926246132314106,2.194345027662568,1.433078941533003,-0.25520240872476524,1.3586863040206407,0.0,1.0,0.0,0.0,0.0,1.0,0,0.178
0.4515555555555554,0.9588336192109778,0.9847757650823141,0.4410585404971935,-1.0,0.5,0.0,1.0,0.6347413613563537,1.0016838084686093,1.316662354941237,-0.339190296432526,0.15700924532358632,0.0,1.0,0.0,0.0,0.0,1.0,0,0.172
0.9742222222222219,1.130360205831904,1.593057060776522,0.12028869286287097,0.0,0.5,0.0,0.0,0.8655608489058045,1.7749236454817812,2.1334263434104517,-0.1038983546267376,1.5573532573640076,0.0,1.0,0.0,0.0,0.0,1.0,0,0.165
0.4017777777777777,0.7650085763293312,0.7927038355897313,0.2892274792836143,0.0,0.5,0.3333333333333333,1.0,0.5450000411757117,0.7575242913061545,0.7558564670601775,-0.23396668382303426,0.8071059987099549,0.0,1.0,0.0,0.0,0.0,1.0,0,0.173
0.3164444444444444,-0.3859348198970839,-0.12834230731738092,-0.9072440523924087,0.0,0.0,0.3333333333333333,1.0,-0.13927307093960223,-0.20417088833652838,-0.30419442889876774,1.3131125166551245,-0.05627821973769082,0.0,1.0,0.0,0.0,0.0,1.0,2,0.179
-0.8284444444444446,-0.8936535162950255,-0.6683181090984157,-0.8944132584870359,-1.0,-1.5,-1.6666666666666667,-1.0,-1.4813182836209813,-0.4993111692628418,-0.1102723778549783,1.28252969630679,-0.617791872715545,0.0,0.0,1.0,0.0,0.0,1.0,1,0.102
-0.07466666666666671,-0.7084048027444253,-0.45085525221769224,-1.113605987703823,0.0,-0.5,-0.6666666666666666,0.0,-0.6656671100835772,-0.5389158994768773,-0.3857454357306526,1.8974646125899841,-0.35860030101053536,0.0,1.0,0.0,0.0,0.0,1.0,4,0.14
-0.16,-0.5934819897084047,-0.4040643833181378,-0.8986901897888268,-1.0,-0.5,-0.3333333333333333,0.0,-0.5636569906213783,-0.4397825870392913,-0.44551518959272673,1.29295661345517,-0.4939367877875726,0.0,0.0,1.0,0.0,0.0,1.0,4,0.161
-0.08888888888888889,-0.4065180102915951,-0.27543536724524503,-0.6805666933974875,0.0,0.0,0.3333333333333333,1.0,-0.337015351428466,-0.4378995400505872,-0.4734868483574966,0.849646893786915,-0.19416254568909916,1.0,0.0,0.0,0.0,0.0,1.0,2,0.199
0.2773333333333332,-0.17152658662092624,0.014874450235961286,-0.6420743116813689,1.0,0.0,0.0,1.0,0.014647408551551664,0.02339837742093035,0.01433648705250448,0.7840137382725991,0.4535261234143196,1.0,0.0,0.0,0.0,1.0,0.0,2,0.186
-0.9137777777777779,-0.8936535162950255,-0.6804286869312416,-0.7789361133386796,-1.0,-1.5,-1.3333333333333333,-1.0,-1.565759306800108,-0.5762852706849675,-0.6347013822159804,1.034644011801691,-0.6234680713824984,0.0,1.0,0.0,0.0,0.0,1.0,1,0.128
0.725333333333333,-0.11149228130360204,0.2540124890333901,-0.8227746591820372,0.0,1.0,1.0,1.0,0.21880982203492558,-0.14767947867540396,-0.13022950698499522,1.1226381034424757,0.3021393248763707,1.0,0.0,0.0,0.0,0.0,1.0,2,0.182
-0.8711111111111113,-0.4305317324185247,-0.5368908155717259,0.4603047313552526,-1.0,-1.0,-0.6666666666666666,0.0,-0.8971369652266938,-0.4568879429108748,-0.5590306009313327,-0.3522539285406493,-0.5561922167275855,0.0,1.0,0.0,0.0,1.0,0.0,0,0.17
0.6577777777777778,0.5162950257289881,0.7718773115893414,-0.19085805934242175,-1.0,0.5,0.3333333333333333,2.0,0.5346203323636837,0.7310498655139991,0.7318867934489931,0.18591473456357707,0.05722425284884973,1.0,0.0,0.0,0.0,0.0,1.0,4,0.137
-0.9884444444444446,-0.8936535162950255,-0.6910254425349641,-0.6549051055867418,-1.0,-1.5,-1.3333333333333333,-1.0,-1.6479550686733717,-0.6436376094293274,-0.6773874639662946,0.8058438743692388,-0.6284347452160826,1.0,0.0,0.0,0.0,1.0,0.0,1,0.109
0.48711111111111094,-0.05145797598627787,0.1985974207680353,-0.641005078855921,0.0,1.0,1.3333333333333333,1.0,0.17602218591079347,-0.2063819499619747,-0.26800761327518674,0.7822056134823404,0.25019350677273694,1.0,0.0,0.0,0.0,0.0,1.0,2,0.179
0.750222222222222,-0.2521440823327615,0.1373334938902364,-0.9628441593156912,0.0,0.5,0.6666666666666666,2.0,0.12582280729571657,-0.07557457230535965,-0.13131513785202156,1.451585145085743,0.19276499677488715,0.0,1.0,0.0,0.0,0.0,1.0,2,0.182
-0.40177777777777796,-0.706689536878216,-0.5192524929326293,-0.9061748195669609,-1.0,-1.0,-0.6666666666666666,0.0,-0.8437744423987201,-0.40083388609873966,-0.5235050631975755,1.3096965098165303,-0.5479251773812084,0.0,0.0,1.0,0.0,0.0,1.0,1,0.136
-0.010666666666666819,-0.7101200686106345,-0.4383776871778111,-1.145682972467255,-1.0,-0.5,0.0,0.0,-0.6371370916639784,-0.5124803494935211,-0.5942635572966714,2.0120794883767683,-0.5100193506772737,0.0,0.0,1.0,0.0,0.0,1.0,4,0.145
0.2311111111111111,-0.12006861063464837,0.03237515267241223,-0.5511895215183109,-1.0,0.5,-0.3333333333333333,1.0,0.03153683298209749,-0.20899634810371098,0.2577149087146129,0.6395047839856398,-0.28937862825198885,0.0,0.0,1.0,0.0,0.0,1.0,3,0.152
-0.9742222222222223,-0.4356775300171525,-0.570814195523903,0.7981823041967393,0.0,-1.0,-0.6666666666666666,0.0,-1.0112929012127418,-0.5646954201867497,-0.627356049966738,-0.5510777264851767,-0.4710492367232853,1.0,0.0,0.0,0.0,1.0,0.0,0,0.167
-0.8035555555555556,-0.3156089193825041,-0.4784939762490467,0.5715049452018178,-1.0,-0.5,-0.3333333333333333,0.0,-0.732834256369792,-0.5974725864804515,-0.565442752605514,-0.42219060273627956,-0.5288217587615567,0.0,1.0,0.0,0.0,1.0,0.0,4,0.154
-0.7537777777777779,-0.21783876500857624,-0.4272763241643874,0.6752205292702488,0.0,0.0,-0.3333333333333333,0.0,-0.6126003116388282,-0.6791725284097121,-0.48291632788824007,-0.48301297786628616,-0.33649752741345945,0.0,1.0,0.0,0.0,1.0,0.0,0,0.167
0.48711111111111094,0.19210977701543744,0.3953255004501328,-0.3897353648757019,-1.0,0.5,0.3333333333333333,1.0,0.3183734982721162,0.2523817507234547,0.29850559116395464,0.41616720756126857,-0.11926467426359919,1.0,0.0,0.0,0.0,0.0,1.0,4,0.131
-0.4195555555555557,0.2950257289879932,-0.05554122011777998,0.8976209569633792,0.0,0.0,0.0,2.0,-0.05725484843849149,-0.08849105977884515,-0.08021349200482907,-0.6024820273311398,0.011965168780907351,0.0,1.0,0.0,0.0,0.0,1.0,0,0.155
-0.4231111111111113,-0.8353344768439107,-0.5836587477708395,-1.1189521518310617,0.0,-1.5,-1.3333333333333333,0.0,-1.0592731842965464,0.038778619277055774,-0.2448906053662503,1.917722218746128,-0.48308965813803484,1.0,0.0,0.0,0.0,0.0,1.0,1,0.097
0.8213333333333331,1.130360205831904,1.4549781241219544,0.2453889334402565,0.0,0.0,0.3333333333333333,1.0,0.8188211857960375,2.31170137547471,1.5180815285682605,-0.20166861464388655,1.4279187271554505,1.0,0.0,0.0,0.0,1.0,0.0,0,0.162
-0.5440000000000002,-0.4442538593481988,-0.4392492817945675,-0.25821972734562965,-1.0,-0.5,-0.3333333333333333,0.0,-0.6390965308657057,-0.5143269504114761,-0.5022082193805898,0.2593588610380037,-0.5104278649752741,0.0,1.0,0.0,0.0,0.0,1.0,4,0.134
-0.49777777777777776,0.04116638078902239,-0.21261174473746086,0.6014434643143547,0.0,0.5,0.6666666666666666,1.0,-0.24638176759325303,-0.5204207334407277,-0.48372939611205557,-0.4403635227731782,-0.1352719845194582,0.0,0.0,0.0,1.0,0.0,1.0,0,0.148
-0.13866666666666688,-0.15951972555746136,-0.1502697929389368,-0.2806736166800321,0.0,0.5,1.0,1.0,-0.16576254786326272,-0.4411723972038573,-0.49212699468631166,0.28488243699826543,-0.07683293915287033,0.0,1.0,0.0,0.0,0.0,1.0,3,0.21
0.824888888888889,-0.3790737564322469,0.04730694465947601,-1.1039828922747932,-1.0,0.0,0.3333333333333333,1.0,0.045664164985484916,0.07493312146017551,-0.10203610234100294,1.8670343506696165,-0.28238013330466566,1.0,0.0,0.0,0.0,0.0,1.0,4,0.152
0.7360000000000001,1.130360205831904,1.3779108106403353,0.3213044640470463,-1.0,0.5,0.3333333333333333,1.0,0.7914654786005055,1.5014323305804405,1.4293831768792962,-0.2575504962228676,0.3412706944743066,1.0,0.0,0.0,0.0,1.0,0.0,0,0.156
0.8391111111111109,-0.16981132075471683,0.24880585803329264,-0.9232825447741247,0.0,0.5,0.6666666666666666,0.0,0.214887822405977,0.06612775076718998,-0.019056286495675954,1.351428721142873,0.29725865405289187,0.0,0.0,0.0,1.0,0.0,1.0,3,0.198
-0.6222222222222223,-0.06861063464837049,-0.3169049216424972,0.6677358994921144,-1.0,-0.5,0.0,0.0,-0.40316849319541226,-0.2551224952437876,-0.4311571439130755,-0.4786173110643802,-0.4530853579875296,0.0,0.0,0.0,1.0,1.0,0.0,0,0.169
0.15644444444444439,-0.030874785591766672,0.061000154822727935,-0.38652766639935854,0.0,0.0,0.3333333333333333,0.0,0.058399039784767494,0.09669142569739564,-0.08627630592483865,0.4126166604319939,0.12121049236723286,0.0,0.0,1.0,0.0,0.0,1.0,3,0.211
-0.4231111111111113,-0.5214408233276155,-0.4375749026623776,-0.5565356856455494,0.0,0.0,0.0,0.0,-0.6353366788015675,-0.6955368141760637,-0.5931856259393401,0.6483789335128544,-0.34615136529778545,0.0,1.0,0.0,0.0,0.0,1.0,2,0.176
-0.5155555555555555,-0.765008576329331,-0.5685205254798071,-0.9200748462977816,0.0,-1.0,-0.6666666666666666,0.0,-1.003026422267138,-0.5574062060369271,-0.6227363441496044,1.3438334784918076,-0.46889916147065147,0.0,0.0,1.0,0.0,0.0,1.0,1,0.129
-1.0026666666666668,-0.6260720411663806,-0.6268485547011635,0.273188986901898,0.0,-1.5,-1.0,-1.0,-1.2463576844820572,-0.23573318560525983,-0.6330998841993741,-0.22290548063289756,-0.5235755751451301,0.0,0.0,1.0,0.0,1.0,0.0,0,0.153
-0.44800000000000006,-0.7169811320754716,-0.5337714243117557,-0.8869286287089017,0.0,-1.0,-0.6666666666666666,0.0,-0.8874306541470124,-0.44697461166711605,-0.552747801020031,1.2650630936610712,-0.43632552139324876,1.0,0.0,0.0,0.0,0.0,1.0,1,0.117
0.3982222222222221,0.6415094339622642,0.6943512640989031,0.15985030740443734,0.0,0.0,-0.3333333333333333,2.0,0.49472387545280816,1.1030767772926404,1.3243495454209475,-0.13540879239778084,0.7149107718770157,1.0,0.0,0.0,0.0,0.0,1.0,0,0.178
-0.4835555555555556,-0.49742710120068595,-0.4439971787858458,-0.44212777332264114,1.0,0.0,-0.3333333333333333,0.0,-0.6498574110607269,-0.7057417139858152,-0.509858452213763,0.4856007583791301,-0.19168995914857023,1.0,0.0,0.0,0.0,1.0,0.0,4,0.135
0.7466666666666667,1.130360205831904,1.3875442248255376,0.31168136861801676,-1.0,0.5,0.0,2.0,0.7949377402114175,1.513678210352142,1.8574759159336731,-0.2505114459144601,0.3457858525048377,0.0,0.0,0.0,1.0,1.0,0.0,0,0.18
0.06755555555555551,0.7478559176672385,0.5256288956552154,0.6901897888265174,0.0,0.0,0.3333333333333333,0.0,0.40014666001918203,0.8349794808621683,0.4484744411475876,-0.49150089038295164,0.5567512362932703,0.0,0.0,1.0,0.0,0.0,1.0,0,0.157
0.3057777777777776,-0.24871355060034292,-0.030425533134930897,-0.7468591285752474,0.0,0.0,0.0,1.0,-0.03084389696564765,-0.04858261230856692,-0.046489639539754046,0.9718481816917411,0.03550849279724792,0.0,0.0,0.0,1.0,0.0,1.0,3,0.185
0.6542222222222219,0.19382504288164684,0.4887696180465959,-0.4966586474204759,0.0,0.0,0.3333333333333333,2.0,0.3778693655595245,0.7764106451683446,0.4060523425868239,0.5604486886936242,0.5221995269834444,0.0,0.0,0.0,1.0,0.0,1.0,3,0.204
0.5084444444444444,1.1114922813036021,1.157007448693468,0.5351510291365948,0.0,0.0,0.0,2.0,0.7072940279679583,1.8382304703729893,1.547924828146943,-0.3997284869118082,1.148602451085788,0.0,1.0,0.0,0.0,0.0,1.0,0,0.172
-0.37688888888888894,-0.5471698113207545,-0.4369785484509126,-0.649558941459503,-1.0,-1.0,-0.3333333333333333,0.0,-0.6340019077481552,-0.13936977454460622,-0.49854941237342004,0.7968995223464564,-0.5093635777252205,0.0,1.0,0.0,0.0,0.0,1.0,2,0.169
0.5226666666666665,0.7375643224699828,0.8627295820359762,0.13953488372093034,0.0,0.5,0.6666666666666666,1.0,0.5789228629386839,0.8465401745037869,0.5991989430113088,-0.11944280474684008,0.872747796172866,0.0,1.0,0.0,0.0,1.0,0.0,0,0.139
-0.7466666666666668,-0.8936535162950255,-0.6567121386752909,-0.9842288158246462,0.0,-1.5,-0.6666666666666666,-1.0,-1.408145174332717,-0.425544322066638,-0.80036403281839,1.5084104391976378,-0.5515695549344227,0.0,1.0,0.0,0.0,0.0,1.0,1,0.127
0.8355555555555556,0.20754716981132088,0.6015493741147867,-0.5864742047580862,0.0,1.0,0.0,1.0,0.44412433823279657,0.2204744306516315,0.8020887229901198,0.694331337037814,0.6279187271554504,0.0,1.0,0.0,0.0,0.0,1.0,2,0.182
-0.19911111111111116,-0.7307032590051457,-0.4894347823593838,-1.0804597701149428,1.0,-0.5,-0.6666666666666666,0.0,-0.7611026787086308,-0.6206522874768872,-0.4634488875748392,1.788678974079983,-0.2555794452805848,0.0,0.0,1.0,0.0,1.0,0.0,4,0.141
0.10666666666666667,0.36706689536878223,0.30227130676116576,0.15557337610264635,0.0,1.0,1.0,1.0,0.2542550679164058,-0.09655779010464885,-0.08703012458833298,-0.13184272281925316,0.3473769081917866,0.0,1.0,0.0,0.0,0.0,1.0,0,0.175
0.2204444444444443,1.130360205831904,0.9122957916888866,0.9307671745522589,0.0,0.5,0.6666666666666666,0.0,0.6020748275528058,0.9095481416148528,0.6491148643654371,-0.6187510590252207,0.9192109223822834,0.0,1.0,0.0,0.0,0.0,1.0,0,0.152
-0.5511111111111112,-0.5403087478559175,-0.4815445574076942,-0.43998930767174566,0.0,-0.5,-0.6666666666666666,0.0,-0.740614026684381,-0.6039356896932943,-0.4475570995638998,0.4815391977467437,-0.3873683078907762,0.0,1.0,0.0,0.0,0.0,1.0,4,0.142
-0.8071111111111112,-0.5523156089193824,-0.5557447833341935,-0.03261160117615609,0.0,-1.0,-1.3333333333333333,0.0,-0.958515927984012,-0.5168052832224157,-0.13244696577721932,0.029859205385485324,-0.45692324231348097,1.0,0.0,0.0,0.0,1.0,0.0,0,0.109
-0.5013333333333334,0.14922813036020588,-0.1672658879656867,0.8163592622293507,0.0,0.5,0.0,0.0,-0.1869303683871347,-0.46277762794393135,-0.23023073890654636,-0.5604851367728794,-0.09276499677488709,0.0,1.0,0.0,0.0,0.0,1.0,0,0.151
-0.3946666666666667,-0.053173241852487035,-0.20664820262281178,0.23255813953488383,0.0,0.0,0.0,1.0,-0.23830016719766778,-0.32859777387399863,-0.2831109714933353,-0.19251375333926277,-0.1296817888626102,0.0,1.0,0.0,0.0,1.0,0.0,0,0.152
-0.9706666666666668,-0.7718696397941679,-0.6569185689792596,-0.29564287623630053,0.0,-1.5,-1.0,-1.0,-1.409388618476047,-0.42685638061360603,-0.713852341882869,0.3022782478829404,-0.5517630617071597,0.0,0.0,0.0,1.0,1.0,0.0,4,0.098
-0.5831111111111111,-0.5969125214408232,-0.5132660141175391,-0.5126971398021921,0.0,-1.5,-1.3333333333333333,0.0,-0.8264604074219806,0.4861905837931613,0.03866693768940785,0.5830826420755166,-0.41710384863470223,1.0,0.0,0.0,0.0,0.0,1.0,1,0.126
0.08177777777777767,0.7307032590051459,0.5251930983468374,0.6474204758086077,1.0,0.5,0.3333333333333333,1.0,0.39988694304195904,0.4174678727886349,0.44797287308744166,-0.4668743935990115,1.171081487852075,1.0,0.0,0.0,0.0,1.0,0.0,0,0.172
0.18488888888888874,-0.14751286449399645,-0.006686048178539297,-0.550120288692863,-1.0,-0.5,-0.3333333333333333,0.0,-0.006674438835715847,0.4021216472652086,0.19477603666198529,0.6382928390668888,-0.30768651902816596,0.0,1.0,0.0,0.0,0.0,1.0,2,0.173
0.4942222222222222,1.0188679245283019,1.069205759405481,0.45602780005346166,1.0,0.5,1.0,0.0,0.6711489176324262,1.1090101976105957,0.5994992238894228,-0.34930149834847735,1.9360137604816172,0.0,0.0,0.0,1.0,0.0,1.0,0,0.158
-0.43733333333333346,-0.8559176672384218,-0.595448211797492,-1.1478214381181506,0.0,-1.0,-0.3333333333333333,0.0,-1.1060639515359123,-0.6429815801558434,-0.7538897922980264,2.016888982843726,-0.4941410449365728,0.0,0.0,1.0,0.0,0.0,1.0,1,0.101
0.5013333333333332,1.1114922813036021,1.150631045970882,0.5437048917401768,1.0,0.0,0.6666666666666666,1.0,0.7047245992838869,1.828098462704736,0.8891316800946115,-0.4046867158623746,2.050505267684369,0.0,0.0,0.0,1.0,0.0,1.0,0,0.16
-0.24888888888888888,-0.7890222984562606,-0.5305144128491397,-1.1424752739909119,-1.0,-1.0,-1.0,0.0,-0.8774230824411815,-0.43662392757436824,-0.3743963584398946,2.0002514061655376,-0.5532036121264244,1.0,0.0,0.0,0.0,0.0,1.0,1,0.102
0.3235555555555554,0.939965694682676,0.8633488729478822,0.5704357123763703,-1.0,0.0,0.0,2.0,0.5792163985108117,1.3716114265721016,1.1536175376352031,-0.4213944394396337,0.10009675338636856,0.0,0.0,1.0,0.0,0.0,1.0,0,0.186
-0.9884444444444446,-0.5077186963979415,-0.5934985922600104,0.6174819566960709,0.0,-1.0,-1.0,0.0,-1.098130357761862,-0.6367857481284943,-0.5435391874245448,-0.4497948538939991,-0.492313480971834,0.0,0.0,1.0,0.0,0.0,1.0,0,0.159
-0.8888888888888891,-0.27272727272727254,-0.4967286530996084,0.96819032344293,0.0,-1.0,-1.0,0.0,-0.7805325133575173,-0.3292538031474826,-0.2836653361913913,-0.6373469739033664,-0.4016018060632122,1.0,0.0,0.0,0.0,0.0,1.0,0,0.172
-0.5297777777777779,-0.26243567753001706,-0.3575258181234339,0.07751937984496128,0.0,0.0,0.0,0.0,-0.4738920709265676,-0.5683400272616609,-0.48570047059403254,-0.06789329623546708,-0.2711137389808643,0.0,0.0,0.0,1.0,1.0,0.0,0,0.161
-0.7004444444444445,-0.7135506003430531,-0.5851266965990608,-0.6121357925688321,0.0,-0.5,-0.6666666666666666,0.0,-1.0649489281107734,-0.8233896303639505,-0.6561830142656515,0.7355377603635447,-0.48446570629972047,0.0,0.0,0.0,1.0,1.0,0.0,1,0.12
-0.8782222222222223,-0.3464837049742709,-0.5144128491395871,0.7201283079390541,1.0,-0.5,0.3333333333333333,0.0,-0.8297477197585693,-0.6735719822045986,-0.7485309335501515,-0.5084249125418614,-0.2907009245323587,0.0,0.0,0.0,1.0,0.0,1.0,0,0.147
0.5866666666666667,0.9159519725557461,1.0618430785639332,0.2571504945201818,-1.0,0.5,-0.3333333333333333,0.0,0.6680406233567817,1.0996508466422235,1.9164849582378591,-0.21100554721807427,0.19313050956783487,0.0,0.0,1.0,0.0,1.0,0.0,4,0.153
-0.6577777777777779,-0.056603773584905606,-0.3284420819642991,0.7853515102913664,0.0,-1.0,-1.0,0.0,-0.42261358065537835,0.20555583902499475,0.16826508487939476,-0.5438775878534307,-0.24385078477746724,0.0,1.0,0.0,0.0,1.0,0.0,4,0.177
0.590222222222222,-0.13893653516295015,0.17185322805387832,-0.7842822774659185,-1.0,0.0,0.0,1.0,0.15450333928061938,0.27283528562785664,0.22511826446891867,1.0452470947040435,-0.22400559019565683,0.0,1.0,0.0,0.0,0.0,1.0,2,0.193
-0.4337777777777779,-0.7890222984562606,-0.5640249321933793,-1.0291365944934514,-1.0,-1.0,-0.3333333333333333,0.0,-0.9870733221858731,-0.5431193463032751,-0.7032578165422426,1.6324889067619852,-0.5689099118469146,0.0,1.0,0.0,0.0,0.0,1.0,1,0.104
0.5404444444444443,1.130360205831904,1.2012982172449582,0.5191125367548786,1.0,0.5,1.0,1.0,0.7249121155986746,1.276924534765907,0.7177431607821879,-0.38949215512091745,2.1217480111803915,0.0,0.0,0.0,1.0,1.0,0.0,0,0.17
0.1528888888888888,-0.45797598627787295,-0.23192444650874752,-0.9061748195669609,0.0,0.0,0.6666666666666666,1.0,-0.2731421831886422,-0.3687613438395206,-0.5031783576021879,1.3096931627831825,-0.1533756181466351,1.0,0.0,0.0,0.0,0.0,1.0,2,0.169
-0.18133333333333337,0.49056603773584917,0.19352840997058368,0.7404437316225609,-1.0,0.0,-0.3333333333333333,2.0,0.17198879756766677,0.307276822485768,0.5173793332840564,-0.5195108157716332,-0.21384648462696193,0.0,0.0,0.0,1.0,0.0,1.0,0,0.167
0.14577777777777756,-0.45111492281303595,-0.22944728286112412,-0.8933440256615881,0.0,0.0,0.0,2.0,-0.2696580926088096,-0.36482516819861655,-0.31372422204154043,1.2806324726197158,-0.1510535368737906,1.0,0.0,0.0,0.0,0.0,1.0,2,0.171
0.7893333333333334,1.130360205831904,1.4260778815663473,0.273188986901898,0.0,0.5,0.3333333333333333,0.0,0.8086746181807539,1.5626617294389495,1.4848196466848989,-0.22251000970182375,1.400827778972264,0.0,1.0,0.0,0.0,1.0,0.0,0,0.147
0.9813333333333332,0.9193825042881647,1.3898608315700747,-0.06148088746324502,1.0,0.0,0.6666666666666666,2.0,0.7957704416679956,2.20823098061798,1.130049338458127,0.05700906827875871,2.386884540958934,0.0,1.0,0.0,0.0,0.0,1.0,3,0.196
0.9493333333333335,1.130360205831904,1.5705790943443831,0.13953488372093034,0.0,0.0,0.0,2.0,0.8581399082392993,2.4953895720502377,2.1032442654051784,-0.11961730250050767,1.5362825198881962,0.0,0.0,0.0,1.0,0.0,1.0,0,0.155
-0.9173333333333334,-0.602058319039451,-0.5994391976742187,0.09569633787757302,-1.0,-1.0,-1.0,0.0,-1.1225599439348115,-0.6556648127765345,-0.559492571513046,-0.08322605714700473,-0.5855084927972478,1.0,0.0,0.0,0.0,0.0,1.0,0,0.159
-0.10311111111111132,0.26243567753001734,0.11173613619812714,0.2828120823309276,0.0,1.0,1.3333333333333333,1.0,0.10385480331555265,-0.298396129913234,-0.3379869169931259,-0.22969797627353872,0.1687701569554934,0.0,1.0,0.0,0.0,0.0,1.0,0,0.156
-0.5262222222222224,-0.09090909090909086,-0.2830044783907612,0.40684309008286573,-1.0,-0.5,-0.3333333333333333,0.0,-0.34867966939665795,-0.1832994384875367,-0.2504527311700792,-0.31650901215304483,-0.43719630187056546,0.0,1.0,0.0,0.0,1.0,0.0,0,0.157
-0.39111111111111113,-0.44939965694682665,-0.3941786654280849,-0.4645816626570436,0.0,-0.5,-1.0,0.0,-0.5437081699080161,-0.41883824504880124,-0.008269273412669122,0.5158106029804628,-0.30547194151795315,0.0,1.0,0.0,0.0,0.0,1.0,2,0.177
-0.2560000000000001,-0.7855917667238421,-0.5299868687389976,-1.13392141138733,0.0,-1.0,-1.0,0.0,-0.8758141231532081,-0.4349474083199089,-0.3729796486559735,1.967370775528256,-0.4327778972264029,1.0,0.0,0.0,0.0,0.0,1.0,1,0.126
0.4942222222222222,-0.08919382504288144,0.17127981054285438,-0.6837743918738307,-1.0,0.0,0.0,2.0,0.15403541012117294,0.2719241338591288,0.22434831349939627,0.8558987266051281,-0.22427434960223605,1.0,0.0,0.0,0.0,0.0,1.0,2,0.171
-0.8177777777777779,-0.8936535162950255,-0.6668042868693125,-0.9072440523924087,1.0,-1.5,-1.0,-1.0,-1.4713765871034186,-0.4896894065850761,-0.7404002513119965,1.3126033297700805,-0.5049774242098474,0.0,1.0,0.0,0.0,0.0,1.0,1,0.102
-0.5155555555555555,-0.8061749571183532,-0.5862505949206678,-0.9991980753809145,0.0,-1.0,-0.6666666666666666,0.0,-1.0693224374950956,-0.6137518314150551,-0.658446670116047,1.5505318306362519,-0.4855192431735111,1.0,0.0,0.0,0.0,0.0,1.0,1,0.1
0.34133333333333316,-0.5300171526586619,-0.22852981484348578,-1.0793905372894952,-1.0,0.0,-0.3333333333333333,1.0,-0.26837161821416217,-0.363367325368652,-0.1626783206445415,1.7856972616916318,-0.4116641582455386,0.0,1.0,0.0,0.0,1.0,0.0,4,0.152
-0.007111111111111212,-0.43910806174957107,-0.2691277746239816,-0.7842822774659185,0.0,-0.5,0.0,0.0,-0.32742626765452243,-0.15389960808325265,-0.36700482913248095,1.04453230054622,-0.18824983874435608,1.0,0.0,0.0,0.0,0.0,1.0,2,0.204
0.08888888888888889,-0.5248713550600341,-0.29550498013108334,-0.9542902967121093,-1.0,-0.5,-0.6666666666666666,0.0,-0.36833279803056834,-0.20978358323189175,-0.07285276073619644,1.429354197649902,-0.4430552569339927,0.0,1.0,0.0,0.0,0.0,1.0,2,0.179
0.8817777777777777,1.130360205831904,1.5095674711714346,0.1940657578187651,0.0,0.0,0.3333333333333333,2.0,0.8376349434455072,2.398443023857598,1.580909527681277,-0.16266490452445995,1.479090518168136,0.0,1.0,0.0,0.0,1.0,0.0,0,0.17
-0.7324444444444445,-0.8267581475128644,-0.6313441479875913,-0.8388131515637532,0.0,-1.5,-1.3333333333333333,-1.0,-1.2686737180983882,-0.2643069050725641,-0.4369779732426639,1.1571183393629623,-0.5277897226402924,0.0,1.0,0.0,0.0,0.0,1.0,1,0.118
0.5404444444444443,0.6638078902229846,0.8151129919205473,0.048650093557872344,0.0,0.5,0.0,0.0,0.5560167398591147,0.7860105402036608,1.0888492620789907,-0.04337059970145541,0.8281122339281876,0.0,0.0,0.0,1.0,0.0,1.0,0,0.162
-0.928,-0.6535162950257288,-0.6162976724983228,-0.030473135525260604,-1.0,-0.5,0.0,0.0,-1.1963569508968968,-0.8894299105613424,-0.8331639441200384,0.028139869725778612,-0.5934100193506773,0.0,1.0,0.0,0.0,0.0,1.0,2,0.115
-0.3057777777777778,0.1869639794168097,-0.04359119918804085,0.4859663191659985,-1.0,0.0,0.0,2.0,-0.04457723706496059,-0.06950265691855755,-0.06416771379998525,-0.368657295492715,-0.3249838744356052,0.0,1.0,0.0,0.0,0.0,1.0,0,0.187
0.9742222222222219,1.130360205831904,1.593057060776522,0.12028869286287097,1.0,0.5,0.0,0.0,0.8655608489058045,1.7749236454817812,2.1334263434104517,-0.1038983546267376,2.672597290905182,0.0,0.0,1.0,0.0,0.0,1.0,0,0.164
0.29866666666666664,0.7272727272727273,0.6859564317375123,0.3608660785886127,0.0,0.0,0.0,2.0,0.49027900304062483,1.089737515398465,0.9154255057037964,-0.28553096964549624,0.7070414964523758,0.0,0.0,1.0,0.0,0.0,1.0,0,0.133
-0.7502222222222222,-0.5643224699828472,-0.5444828634176831,-0.1790964982624967,-1.0,-1.0,-0.6666666666666666,0.0,-0.9212764599144254,-0.4810152417467872,-0.5743218271860447,0.17333797399623146,-0.5597505912706945,0.0,0.0,0.0,1.0,0.0,1.0,1,0.109
-0.29511111111111127,-0.4356775300171525,-0.35745700802211106,-0.5437048917401766,-1.0,-0.5,-1.0,0.0,-0.4737666930764345,-0.3410380326896957,0.09034604676374204,0.628320885135289,-0.4720920232208127,1.0,0.0,0.0,0.0,0.0,1.0,2,0.169
0.04266666666666651,0.00857632933104631,0.033200873888286804,-0.2346966051857793,0.0,0.0,0.3333333333333333,1.0,0.032324770979762975,0.052518787949471304,-0.11827106849835801,0.23284386354228725,0.09515158030531072,1.0,0.0,0.0,0.0,1.0,0.0,3,0.196
-0.15288888888888905,-0.5711835334476844,-0.3896142620403342,-0.8708901363271855,-1.0,-0.5,0.3333333333333333,0.0,-0.5346664425465338,-0.40916788761003675,-0.6048976801157302,1.2282134263412825,-0.487164050741776,0.0,0.0,1.0,0.0,0.0,1.0,2,0.123
-0.8320000000000001,-0.20068610634648362,-0.4529195552573785,0.963913392141139,1.0,-0.5,0.3333333333333333,0.0,-0.6704891554097839,-0.5432894279667708,-0.6777570404316652,-0.6353353508197845,-0.20423564824768858,0.0,1.0,0.0,0.0,0.0,1.0,0,0.163
0.17066666666666658,0.8799313893653518,0.6948788082090451,0.704089815557338,0.0,0.0,0.6666666666666666,1.0,0.49500235602769344,1.10391503691987,0.4301639071623919,-0.49942950372439365,0.7154052891851216,1.0,0.0,0.0,0.0,0.0,1.0,0,0.18
0.17777777777777778,0.015437392795883458,0.1029743166296812,-0.3480352846832398,-1.0,0.5,0.6666666666666666,2.0,0.09619122998848746,-0.11925154349109617,-0.165916734422352,0.3649603480486502,-0.25628897011395396,0.0,1.0,0.0,0.0,1.0,0.0,4,0.137
-0.35911111111111116,0.06689536878216133,-0.13159931877999692,0.3790430366212242,0.0,0.5,0.0,2.0,-0.14315140130565226,-0.4174387159320353,-0.1823397886022618,-0.29792082660302033,-0.05933132659643084,1.0,0.0,0.0,0.0,0.0,1.0,0,0.152
0.6186666666666664,1.0514579759862779,1.2043029250027237,0.35872761293771743,1.0,0.5,0.3333333333333333,2.0,0.7260930784491906,1.2807440829804142,1.2295743007085307,-0.28401638458046935,2.125972909051817,0.0,1.0,0.0,0.0,1.0,0.0,0,0.159
0.11022222222222201,-0.5746140651801027,-0.32263909675273666,-1.0280673616680036,0.0,0.0,0.0,0.0,-0.412772610212627,-0.5129055536522606,-0.4388566536082982,1.6302111225787375,-0.23841109438830357,0.0,0.0,0.0,1.0,0.0,1.0,4,0.118
-0.15288888888888905,-0.25557461406517995,-0.21066212519997943,-0.40684309008286573,1.0,0.5,0.3333333333333333,1.0,-0.2437305050392583,-0.5179424006297881,-0.39893799562843835,0.43811897271436684,0.13640077402709086,0.0,1.0,0.0,0.0,1.0,0.0,3,0.176
0.24888888888888888,-0.5488850771869638,-0.26784331939928785,-1.0612135792568835,-1.0,-0.5,0.0,1.0,-0.32548791067257515,-0.15117830146731873,-0.36528013896075096,1.7300306416905815,-0.4300903031606106,0.0,1.0,0.0,0.0,0.0,1.0,0,0.144
-0.6613333333333333,-0.6380789022298455,-0.5485655960961736,-0.49558941459502825,-1.0,-1.0,-1.0,0.0,-0.9345726892572739,-0.49399004293347126,-0.422872471481016,0.558382793489951,-0.5616641582455386,0.0,0.0,0.0,1.0,0.0,1.0,1,0.09
-0.05688888888888894,-0.31046312178387636,-0.20710693663163093,-0.5715049452018178,1.0,0.5,0.3333333333333333,0.0,-0.23891887189894856,-0.5134230878568982,-0.39484625619040575,0.6714272457793957,0.14139969898946456,1.0,0.0,0.0,0.0,0.0,1.0,2,0.187
0.8604444444444446,1.130360205831904,1.49030064280103,0.21224271585137683,1.0,0.5,0.3333333333333333,1.0,0.8310463607077686,1.6443009279169616,1.5587349397590358,-0.1763774297893834,2.5281122339281876,0.0,0.0,0.0,1.0,0.0,1.0,0,0.139
-0.6826666666666668,0.03602058319039465,-0.3057576852281916,1.063352044907779,0.0,0.0,0.0,0.0,-0.38482904548576946,-0.4860812455809139,-0.41618929706556285,-0.6824470121583341,-0.22258654052891852,0.0,0.0,0.0,1.0,0.0,1.0,0,0.148
0.2631111111111111,-0.4819897084048026,-0.21559351579478542,-0.9906442127773326,-1.0,-0.5,0.3333333333333333,1.0,-0.2504541082308907,-0.040479435912014305,-0.40461363420377394,1.5250710388830064,-0.40560094603311114,1.0,0.0,0.0,0.0,0.0,1.0,2,0.176
0.2275555555555555,0.939965694682676,0.7835291554133481,0.695535952953756,1.0,0.5,0.6666666666666666,0.0,0.5404444528951163,0.7458615486664385,0.519439722078498,-0.4949436928377878,1.5343259514082996,0.0,1.0,0.0,0.0,1.0,0.0,0,0.172
-0.19555555555555557,0.6260720411663807,0.25876038602466833,0.9703287890938257,0.0,0.5,0.6666666666666666,0.0,0.22236920286898545,0.07878182653128162,-0.009031524872496203,-0.6386508278500943,0.3065899806493227,0.0,0.0,1.0,0.0,0.0,1.0,0,0.17
0.035555555555555556,0.9708404802744424,0.6435694093226217,1.0302058273188992,0.0,0.5,0.3333333333333333,1.0,0.4674418565606867,0.5679464096975705,0.5842145972144491,-0.6670506802891222,0.6673081057837024,1.0,0.0,0.0,0.0,0.0,1.0,3,0.156
0.5475555555555555,-0.35849056603773566,-0.02863647050053623,-0.9831595829991984,-1.0,0.5,0.6666666666666666,2.0,-0.02899617195007317,-0.2865535866578224,-0.298456094315914,1.5065490918984266,-0.31797462911201896,1.0,0.0,0.0,0.0,0.0,1.0,2,0.178
-0.9671111111111113,-0.4528301886792451,-0.573039055466676,0.7158513766372632,-1.0,-1.0,-0.3333333333333333,0.0,-1.019395760881349,-0.5717659579120774,-0.7177821716313104,-0.5062121564444264,-0.5731348097183402,0.0,0.0,1.0,0.0,0.0,1.0,0,0.156
-0.11377777777777788,0.7650085763293312,0.3979173475999609,1.018444266238974,0.0,0.0,0.0,1.0,0.3200862557789883,0.6320477589311096,0.5286637346933745,-0.6613295057861674,0.4370350462266179,0.0,1.0,0.0,0.0,0.0,1.0,4,0.141
-0.824888888888889,-0.8096054888507718,-0.641413359481172,-0.6752205292702488,0.0,-1.5,-1.6666666666666667,-1.0,-1.32109582134194,-0.3283062053080057,0.10648421908492865,0.8415957659697892,-0.537228552999355,0.0,1.0,0.0,0.0,0.0,1.0,1,0.105
-0.5937777777777778,-0.5591766723842194,-0.5008343224785399,-0.42074311681368626,-1.0,-1.5,-1.3333333333333333,0.0,-0.7916856164273202,0.5652056651772374,0.08874454874713572,0.45609049096828386,-0.5392926252418835,1.0,0.0,0.0,0.0,1.0,0.0,4,0.139
0.9919999999999997,-0.190394511149228,0.2915828043556794,-0.9959903769045713,0.0,0.0,-0.3333333333333333,2.0,0.24654191217604185,0.4630837749382241,0.6753732722300243,1.5419585918168184,0.3373575575145131,1.0,0.0,0.0,0.0,0.0,1.0,2,0.185
-0.8568888888888889,-0.229845626072041,-0.47175058631940503,0.972467254744721,1.0,-1.0,-0.3333333333333333,0.0,-0.7159066992940475,-0.24987426105591556,-0.5545772045236159,-0.6393495274710679,-0.23071382498387447,1.0,0.0,0.0,0.0,0.0,1.0,0,0.157
-0.28800000000000003,-0.746140651801029,-0.5154679373598712,-1.0515904838278538,0.0,-1.0,-1.0,0.0,-0.8327843020630197,-0.3888066827515325,-0.3339893315593663,1.7014192258995993,-0.4191679208772307,0.0,1.0,0.0,0.0,0.0,1.0,1,0.118
0.44088888888888883,0.3379073756432247,0.4851226826764836,-0.20261962042234705,1.0,0.0,-1.0,2.0,0.37563030063074115,0.7706157199192358,2.3530779559957624,0.19840698530892584,1.1147387658568053,0.0,0.0,1.0,0.0,1.0,0.0,3,0.201
0.5582222222222221,1.130360205831904,1.2173539075536288,0.49986634589681944,1.0,0.0,-0.3333333333333333,1.0,0.7312020055545847,1.9341200825139044,2.1670578017591833,-0.3772613361088765,2.1443238013330466,1.0,0.0,0.0,0.0,0.0,1.0,0,0.175
-0.8960000000000001,-0.6157804459691251,-0.5980171222468792,0.000534616412723812,0.0,-1.0,-1.0,0.0,-1.1166420719901264,-0.6511455000036447,-0.5556736147042156,-0.00031635078840402394,-0.49654912921952266,0.0,1.0,0.0,0.0,0.0,1.0,0,0.15
0.583111111111111,1.130360205831904,1.2398318739857679,0.4731355252606255,0.0,0.5,0.6666666666666666,1.0,0.7399237051482043,1.3259080538527142,0.9789618597087736,-0.36022021796907083,1.226241668458396,0.0,0.0,1.0,0.0,0.0,1.0,0,0.162
-0.4302222222222223,0.35677530017152675,-0.033269683989609715,1.0334135257952421,0.0,0.5,0.3333333333333333,2.0,-0.03379032373967073,-0.2924432716908789,-0.1947733968300899,-0.6684053817641863,0.03284239948398194,0.0,1.0,0.0,0.0,0.0,1.0,0,0.167
0.3839999999999999,1.130360205831904,1.0600081425286565,0.704089815557338,0.0,0.0,-0.3333333333333333,2.0,0.6672640433195818,1.6841000371749923,1.9135283465148938,-0.49932810060900296,1.0576757686519027,1.0,0.0,0.0,0.0,1.0,0.0,0,0.155
-0.369777777777778,-0.3756432246998283,-0.3517687063127534,-0.36193531141406055,-1.0,-0.5,-1.0,0.0,-0.4634710358473277,-0.3289865319619891,0.10562187399906367,0.38156260314492196,-0.4694259299075468,0.0,0.0,1.0,0.0,0.0,1.0,4,0.147
-0.14577777777777784,-0.37221269296740983,-0.27440321572540194,-0.5843357391071907,-1.0,-0.5,-1.0,2.0,-0.3354381594178579,-0.1650764031129804,0.3133854436149504,0.6907928645045335,-0.433164910771877,0.0,0.0,1.0,0.0,1.0,0.0,4,0.14
-0.45155555555555565,-0.13379073756432242,-0.26935714162839114,0.18551189521518316,-1.0,-0.5,-1.3333333333333333,1.0,-0.32777290904011824,-0.1543855556932407,1.021185970877374,-0.1559469298804805,-0.4307998279939798,0.0,0.0,0.0,1.0,0.0,1.0,0,0.158
0.8568888888888887,1.130360205831904,1.4870895047392958,0.2143811815022723,1.0,0.0,-0.6666666666666666,0.0,0.829942845862356,2.362725874523468,3.5174902062236675,-0.17866848377646002,2.5235970758976563,0.0,0.0,1.0,0.0,0.0,1.0,0,0.138
0.10311111111111106,-0.40823327615780436,-0.21414850366700502,-0.8152900294039029,0.0,0.0,0.3333333333333333,1.0,-0.24847794051476407,-0.34051563900895837,-0.4029505401096058,1.1076828904301201,-0.13671253493872285,0.0,0.0,1.0,0.0,0.0,1.0,4,0.131
-0.2595555555555557,-0.45111492281303595,-0.3544293635639046,-0.6025126971398023,-1.0,-0.5,0.0,0.0,-0.46826987633931644,-0.3346235242378519,-0.48154273535861236,0.7192521115234484,-0.4706729735540744,0.0,1.0,0.0,0.0,0.0,1.0,2,0.189
0.2915555555555554,0.26929674099485423,0.34438308877076484,-0.15022721197540778,0.0,0.5,0.3333333333333333,1.0,0.2839247541504315,0.18762437221643144,0.239874924764791,0.14424517987877644,0.3868522898301441,0.0,1.0,0.0,0.0,0.0,1.0,3,0.204
0.824888888888889,0.4425385934819899,0.815273548823634,-0.3715584068430901,0.0,0.0,0.3333333333333333,1.0,0.5560951148167579,1.2952204622819616,0.7818324129119456,0.39334603113443867,0.8282627391958719,0.0,1.0,0.0,0.0,0.0,1.0,3,0.201
0.16,0.08404802744425395,0.1413474164674041,-0.24966586474204772,-1.0,0.0,-0.3333333333333333,1.0,0.1292123128106959,0.22436201153153693,0.43330068741222555,0.2498976140341329,-0.23830359062567188,0.0,1.0,0.0,0.0,0.0,1.0,4,0.136
-0.38755555555555576,0.19039451114922826,-0.08678100611836492,0.645282010157712,-1.0,0.0,0.0,1.0,-0.09140170419943264,-0.13813060813913652,-0.12216042082440201,-0.4658102673513427,-0.3452268329391529,1.0,0.0,0.0,0.0,1.0,0.0,0,0.149
-0.02488888888888899,0.2367066895368784,0.14102630266123065,0.1438118150227213,1.0,1.0,0.6666666666666666,2.0,0.12894169241666817,-0.26736837501548955,-0.12759627466922907,-0.12265575693805897,0.6309073317566115,0.0,1.0,0.0,0.0,0.0,1.0,0,0.172
0.02133333333333313,-0.5574614065180101,-0.33507078839173593,-0.9596364608393481,-1.0,-0.5,-1.0,0.0,-0.43400851189459,-0.2936095459548506,0.1504638184640401,1.442152886148744,-0.4615996559879596,0.0,1.0,0.0,0.0,0.0,1.0,2,0.198
-0.11733333333333348,-0.6072041166380787,-0.4011514223621362,-0.9457364341085274,-1.0,-0.5,-0.3333333333333333,0.0,-0.5577257268215445,-0.4336110523924415,-0.4408215684825191,1.408711631583267,-0.49257149000215006,0.0,0.0,0.0,1.0,0.0,1.0,3,0.133
0.11377777777777763,-0.06689536878216108,0.01707637347829324,-0.39508152900294047,1.0,0.0,0.3333333333333333,0.0,0.016792592230899118,0.026897200212845123,-0.13682908672375743,0.423563563284402,0.45662223177811223,1.0,0.0,0.0,0.0,1.0,0.0,3,0.215
-0.6328888888888891,-0.4150943396226414,-0.45562608590941156,-0.05292702485966308,0.0,-0.5,-0.6666666666666666,0.0,-0.676856784621043,-0.5490236097646313,-0.3953544238302905,0.049010828310359494,-0.3630724575360138,0.0,1.0,0.0,0.0,1.0,0.0,4,0.145
0.0639999999999999,1.0411663807890226,0.7131593584604887,1.0719059075113608,0.0,0.5,0.6666666666666666,0.0,0.5045915546238415,0.6564083126198165,0.44857343484366907,-0.6866286392663288,0.7325413889486132,0.0,1.0,0.0,0.0,0.0,1.0,0,0.168
0.1528888888888888,0.41680960548885093,0.3646591319605717,0.16305800588078068,0.0,0.5,-0.3333333333333333,0.0,0.2978183573669017,0.21339903345020375,0.7931203340971245,-0.13855722607061804,0.4058589550634271,0.0,1.0,0.0,0.0,0.0,1.0,0,0.164
-0.060444444444444544,0.8387650085763294,0.48315012643856114,1.022721197540765,1.0,0.0,0.3333333333333333,2.0,0.37441655689626746,0.767481357834812,0.39958475444283686,-0.6636673272994881,1.1119651687809073,1.0,0.0,0.0,0.0,0.0,1.0,0,0.169
0.09955555555555545,0.8816466552315609,0.6384774618247292,0.8110130981021122,0.0,0.5,0.6666666666666666,1.0,0.46465300972989537,0.5614735875325283,0.37336462414073457,-0.5579095244152511,0.6625349387228553,0.0,1.0,0.0,0.0,1.0,0.0,0,0.171
0.2275555555555555,-0.01886792452830179,0.10269907622438974,-0.42929697941726824,0.0,0.5,0.3333333333333333,1.0,0.09594926842158097,-0.11960142577028766,-0.03828416206455975,0.4681636023443196,0.16029886046011615,0.0,0.0,0.0,1.0,0.0,1.0,3,0.188
-0.49422222222222245,-0.190394511149228,-0.31243226505651034,0.15450414327719875,-1.0,-0.5,-0.6666666666666666,0.0,-0.39575832438659053,-0.24564651684901836,-0.10694618966664202,-0.1311420265542775,-0.4509890346162116,0.0,0.0,1.0,0.0,1.0,0.0,0,0.149
0.13511111111111102,0.6826758147512866,0.5329227663954401,0.5116279069767443,0.0,0.0,0.6666666666666666,1.0,0.4044807463365742,0.8465693313603861,0.2670651932884913,-0.38529257762806735,0.5635884755966459,0.0,1.0,0.0,0.0,0.0,1.0,0,0.158
0.64,0.4734133790737565,0.722838646046573,-0.21865811280406305,1.0,0.5,0.3333333333333333,1.0,0.5096216761099249,0.668712506104717,0.6754471875230984,0.21596332172936286,1.448989464631262,1.0,0.0,0.0,0.0,0.0,1.0,3,0.193
0.8675555555555553,0.6861063464837049,1.0743435803042554,-0.18337342956428768,0.0,1.0,1.3333333333333333,0.0,0.673310648977264,0.7213163348859359,0.43753233794071983,0.1784502049695964,1.0711137389808643,0.0,0.0,1.0,0.0,1.0,0.0,3,0.213
-0.29866666666666686,-0.3379073756432246,-0.3085100892811065,-0.38118150227211994,0.0,-0.5,-1.0,0.0,-0.3893174708830162,-0.2373368127182208,0.22179207628058237,0.40519406488558324,-0.22516663083207913,0.0,1.0,0.0,0.0,0.0,1.0,0,0.137
0.7644444444444445,1.130360205831904,1.4035999151342085,0.29564287623630053,-1.0,1.0,1.3333333333333333,1.0,0.8006907961463822,1.070105231954943,0.702795845960529,-0.23881426432441186,0.3533111158890561,0.0,0.0,1.0,0.0,0.0,1.0,0,0.181
-0.36266666666666675,0.027444253859348344,-0.1526322730843555,0.318096765570703,-1.0,0.5,1.0,0.0,-0.16867083515395412,-0.4441755534335843,-0.49424179334926616,-0.2551535635990632,-0.3760911631907117,0.0,0.0,1.0,0.0,1.0,0.0,0,0.162
-0.568888888888889,-0.6655231560891938,-0.5378312202898053,-0.6698743651430101,-1.0,-1.5,-1.0,0.0,-0.9000869275375627,0.33005561670396333,-0.3940455071821026,0.8318722281878062,-0.5566329821543754,1.0,0.0,0.0,0.0,0.0,1.0,1,0.106
0.20977777777777773,0.27101200686106364,0.29821151078311625,-0.07217321571772245,-1.0,1.0,0.6666666666666666,1.0,0.2513343470849092,-0.10085842645304403,0.03069794515485245,0.06676659867097014,-0.16478176736185768,1.0,0.0,0.0,0.0,0.0,1.0,4,0.159
0.39466666666666644,-0.425385934819897,-0.13281496390336772,-0.9874365143009893,0.0,0.5,0.6666666666666666,0.0,-0.14460389124950246,-0.41898402933179774,-0.4033696134230172,1.5173712734611755,-0.06047086648032681,0.0,1.0,0.0,0.0,1.0,0.0,2,0.179
0.8284444444444443,0.9279588336192108,1.271943254603109,0.05827318898690191,1.0,0.0,0.6666666666666666,1.0,0.7522169010292411,2.0208617308967924,1.0112998004287086,-0.05181655358406938,2.221081487852075,0.0,0.0,1.0,0.0,0.0,1.0,0,0.17
-0.6008888888888889,0.10463121783876515,-0.23820910242957005,0.9778134188719596,1.0,0.0,0.0,0.0,-0.2820517400254958,-0.3787475672247775,-0.32548907285584056,-0.6422059560271223,0.09766716835089229,1.0,0.0,0.0,0.0,0.0,1.0,0,0.166
0.5546666666666664,0.36706689536878223,0.5782456864667734,-0.26035819299652513,0.0,1.0,0.6666666666666666,1.0,0.43088661638850684,0.19578829206423268,0.312707886761771,0.2619526821311089,0.6060739625886907,0.0,0.0,0.0,1.0,0.0,1.0,3,0.203
0.19199999999999995,-0.2847341337907374,-0.09925857115824603,-0.7190590751136061,-1.0,0.0,-0.3333333333333333,2.0,-0.10546835057820622,-0.15795727062665363,0.045614975238376924,0.9199612803323098,-0.3510750376263169,0.0,0.0,1.0,0.0,1.0,0.0,4,0.125
-0.3271111111111112,-0.04459691252144072,-0.1714174307455002,0.13953488372093034,-1.0,-0.5,-0.6666666666666666,0.0,-0.19218918363487592,0.0531140737717066,0.1770733239707294,-0.1189883984029425,-0.3848957213502473,0.0,1.0,0.0,0.0,1.0,0.0,0,0.13
0.8213333333333331,0.49742710120068606,0.8642204675646384,-0.32023523122159847,-1.0,0.5,0.3333333333333333,1.0,0.5796293360578415,0.8484353701827407,0.8381664255620198,0.33094216045129876,0.10050526768436892,0.0,1.0,0.0,0.0,0.0,1.0,4,0.126
-0.5582222222222223,0.04802744425385954,-0.23960824115646848,0.7532745255279338,-1.0,-1.0,0.3333333333333333,0.0,-0.284049147112689,0.4878671030476206,-0.4322526741497101,-0.5264896231153375,-0.41685658998064934,0.0,0.0,0.0,1.0,1.0,0.0,0,0.149
0.48711111111111094,0.6123499142367067,0.7347427935754302,0.04437316225608137,0.0,0.5,0.6666666666666666,2.0,0.515763966083544,0.6838449146797483,0.4703091507132824,-0.03926935791910807,0.7527735970758975,0.0,1.0,0.0,0.0,0.0,1.0,0,0.166
0.3164444444444444,1.130360205831904,0.9989965193557081,0.7928361400695002,0.0,0.0,0.3333333333333333,1.0,0.6409935194492891,1.587153488982353,0.9932829477418876,-0.5480537731216804,1.0004837669318427,0.0,0.0,0.0,1.0,0.0,1.0,0,0.163
0.2062222222222221,0.17838765008576338,0.23112166199331388,-0.17802726543704883,1.0,0.5,1.0,1.0,0.2014180256770279,0.04364781432913726,-0.15072046878721435,0.17315784161298117,0.7575897656417973,0.0,0.0,1.0,0.0,0.0,1.0,3,0.203
0.4266666666666667,0.9210977701543739,0.9342920874117653,0.4282277465918206,1.0,0.0,1.0,0.0,0.6121335217650736,1.4843391233991063,0.4787298478166241,-0.3311470057366936,1.7463126209417326,0.0,0.0,1.0,0.0,1.0,0.0,0,0.16
-0.1635555555555556,0.14236706689536896,0.009277895328367496,0.19299652499331746,0.0,0.0,0.0,0.0,0.009168429542953063,0.014505536158146858,0.006821765589967118,-0.16198190881352245,0.07272629542033972,0.0,1.0,0.0,0.0,0.0,1.0,0,0.153
0.8355555555555556,-0.24699828473413363,0.1748579358116437,-0.9906442127773326,0.0,0.5,0.0,2.0,0.15695072044285138,-0.027873954908921278,0.22915280754921502,1.5246579263174846,0.2279402279079767,0.0,0.0,1.0,0.0,0.0,1.0,3,0.2
0.1528888888888888,-0.5025728987993138,-0.26233851129345787,-0.9607056936647957,0.0,-1.0,-0.6666666666666666,1.0,-0.3172346653194323,0.41563099082287963,-0.006051814620444927,1.4451160969634917,-0.18188561599655984,0.0,1.0,0.0,0.0,0.0,1.0,2,0.187
0.0,0.7307032590051459,0.46363099436330574,0.7725207163859935,-1.0,0.5,0.6666666666666666,0.0,0.3623034705301596,0.33921086967614034,0.19728453692068873,-0.5371117922010594,-0.08725005375188136,1.0,0.0,0.0,0.0,1.0,0.0,0,0.153
-0.15644444444444464,0.22469982847341352,0.05964688949671139,0.30419673883988246,0.0,0.0,0.0,1.0,0.05714968016891624,0.09454110752319797,0.07445425875280254,-0.24554406688629113,0.11994194796817886,1.0,0.0,0.0,0.0,0.0,1.0,0,0.147
-0.10666666666666667,-0.706689536878216,-0.4566353007288137,-1.0943597968457635,0.0,-0.5,-0.3333333333333333,0.0,-0.6792444909854327,-0.5511617792485791,-0.5302221154556878,1.8355791141187092,-0.3640184906471726,1.0,0.0,0.0,0.0,0.0,1.0,4,0.148
-0.6933333333333335,-0.8936535162950255,-0.6491430275297747,-1.03448275862069,1.0,-1.5,-1.0,-1.0,-1.3638661884994472,-0.37743550867780945,-0.6929712715894251,1.6503096509575064,-0.4801440550419265,1.0,0.0,0.0,0.0,0.0,1.0,1,0.09
-0.5937777777777778,-0.8679245283018866,-0.6246925048597135,-1.062282812082331,1.0,-1.5,-0.6666666666666666,0.0,-1.235876936906342,-0.22202946300359352,-0.7358729396112055,1.7322085780605838,-0.4457643517523113,0.0,0.0,1.0,0.0,0.0,1.0,1,0.109
-0.8355555555555557,-0.7015437392795881,-0.6097377761722088,-0.3694199411921946,1.0,-1.0,-1.3333333333333333,0.0,-1.1668080757743204,-0.6883933843092376,-0.3499427156478675,0.39097420737209876,-0.4247366157815523,0.0,0.0,0.0,1.0,1.0,0.0,1,0.136
0.4764444444444444,1.130360205831904,1.1434977321337438,0.5907511360598775,-1.0,0.0,-0.3333333333333333,1.0,0.7018401246939181,1.816763734701762,2.0480541799098226,-0.4339373310178784,0.23140184906471725,0.0,1.0,0.0,0.0,0.0,1.0,0,0.173
-0.9244444444444446,-0.8936535162950255,-0.6819425091603448,-0.7628976209569637,1.0,-1.5,-1.6666666666666667,-1.0,-1.5769856583121642,-0.5859070333627332,-0.22003658807007176,1.0026823806206533,-0.5262631692109224,0.0,1.0,0.0,0.0,0.0,1.0,1,0.101
-0.0320000000000002,0.22469982847341352,0.1296496992425155,0.136327185244587,0.0,0.0,0.0,1.0,0.11929305260961368,0.20577451544948955,0.16844987311208015,-0.11666152871908429,0.18556224467856378,0.0,1.0,0.0,0.0,0.0,1.0,0,0.173
0.21333333333333335,0.9262435677530017,0.7620374671001702,0.699812884255547,1.0,0.0,0.3333333333333333,1.0,0.5296679180413731,1.2106291320732712,0.720561914617277,-0.49690364435490575,1.5041066437325303,0.0,1.0,0.0,0.0,0.0,1.0,0,0.161
-0.472888888888889,-0.753001715265866,-0.5550337456205239,-0.9329056402031545,0.0,-1.0,-1.0,0.0,-0.9561115727907986,-0.5145456268359707,-0.44024256535343825,1.3752080260056112,-0.4562567189851645,1.0,0.0,0.0,0.0,1.0,0.0,1,0.106
0.6613333333333331,-0.10291595197255574,0.23357588894049636,-0.7842822774659185,0.0,0.5,1.3333333333333333,0.0,0.20330129923024096,0.04676759798526111,-0.239827407790672,1.0447800487687655,0.2829821543754031,0.0,0.0,0.0,1.0,1.0,0.0,3,0.211
-0.920888888888889,-0.478559176672384,-0.5659745517308609,0.4752739909115213,0.0,-1.5,-1.6666666666666667,0.0,-0.9939518257065961,0.1511783014673189,0.7142527163870204,-0.3619764279992194,-0.46651257794022793,0.0,0.0,1.0,0.0,1.0,0.0,0,0.153
0.5937777777777776,0.49914236706689546,0.7143291301829774,-0.1587810745789897,0.0,1.0,0.6666666666666666,2.0,0.5052011821321515,0.33994465056722245,0.449751459827038,0.15292557251608277,0.7336379273274564,0.0,1.0,0.0,0.0,0.0,1.0,3,0.203
-0.8355555555555557,-0.4699828473413377,-0.5379000303911281,0.25287356321839083,0.0,-1.0,-1.0,0.0,-0.9003032160348199,-0.4600951971367966,-0.3942302954147879,-0.2073775403142864,-0.44019565684798967,1.0,0.0,0.0,0.0,1.0,0.0,0,0.133
0.7715555555555557,1.130360205831904,1.4100221912576767,0.2892274792836143,0.0,0.5,0.3333333333333333,1.0,0.8029802185598707,1.5422519298194464,1.4663408234163646,-0.23414740205897663,1.3857772522038272,0.0,0.0,1.0,0.0,0.0,1.0,0,0.147
-0.7466666666666668,-0.7101200686106345,-0.5936362124626562,-0.5394279604383856,1.0,-1.0,-0.6666666666666666,0.0,-1.0986877432867233,-0.6372231009774836,-0.673322122847217,0.6217135454013998,-0.402096323371318,0.0,0.0,1.0,0.0,0.0,1.0,1,0.115
0.41599999999999987,1.0308747855917666,1.0112217806907389,0.5576049184709974,0.0,1.0,1.3333333333333333,2.0,0.6463286845287594,0.6544499437515643,0.3866786163057136,-0.4135138674928746,1.011943668028381,1.0,0.0,0.0,0.0,1.0,0.0,0,0.16
-0.8355555555555557,-0.3687821612349913,-0.5064996874874566,0.5244587008821172,-1.0,-0.5,0.0,0.0,-0.8073416319563295,-0.6568067896600067,-0.6857337324759158,-0.3931695173377641,-0.5419479681788862,1.0,0.0,0.0,0.0,1.0,0.0,0,0.18
-0.9635555555555556,-0.778730703259005,-0.6573773029880787,-0.3341352579524193,0.0,-1.5,-1.6666666666666667,-1.0,-1.4121589277005189,-0.42977206627353504,-0.022128390864069813,0.34737968440959727,-0.5521930767576865,1.0,0.0,0.0,0.0,0.0,1.0,1,0.113
-0.3057777777777778,-0.7221269296740993,-0.5067519911923072,-1.00133654103181,1.0,-1.0,-0.6666666666666666,0.0,-0.8080462077621436,-0.361107668982207,-0.4983276664941976,1.5555654006671793,-0.27992904751666303,0.0,0.0,1.0,0.0,0.0,1.0,4,0.146
0.9137777777777779,0.293310463121784,0.7280911504475522,-0.5522587543437585,-1.0,0.5,0.3333333333333333,1.0,0.5123378077764019,0.6753894262659543,0.6814924025638044,0.6420826789988437,0.03670178456245965,0.0,0.0,1.0,0.0,0.0,1.0,4,0.107
0.07111111111111111,0.10291595197255574,0.10834150453286541,-0.14060411654637797,1.0,1.0,1.0,0.0,0.10089457656395416,-0.3019921422271465,-0.2606284031832853,0.13438040287548902,0.5849494732315632,1.0,0.0,0.0,0.0,1.0,0.0,3,0.22
-0.04266666666666677,0.14236706689536896,0.07354652996393196,0.03688853247794706,-1.0,0.5,0.6666666666666666,1.0,0.06988801641388881,-0.1566597905079854,-0.19555214723926387,-0.03284033241258844,-0.2700817028596001,0.0,0.0,0.0,1.0,0.0,1.0,1,0.189
0.8497777777777775,0.9691252144082332,1.3284592844896297,0.07858861267040913,0.0,0.0,-0.3333333333333333,2.0,0.7733943437147353,2.1106648492226054,2.3460806415847437,-0.06866382103518974,1.3093205762201676,0.0,0.0,1.0,0.0,0.0,1.0,0,0.179
-0.7040000000000002,-0.5471698113207545,-0.5260188195627119,-0.2218658112804064,0.0,-1.0,-0.3333333333333333,0.0,-0.8638169049399642,-0.422337067840716,-0.64201899623032,0.2195250195307166,-0.42905826703934635,0.0,1.0,0.0,0.0,0.0,1.0,2,0.125
-0.6186666666666667,-0.44082332761578036,-0.46113089401524154,-0.1331194867682439,-1.0,-0.5,-0.3333333333333333,0.0,-0.6899701204425848,-0.5606863524043473,-0.5374658141769532,0.1267494396936981,-0.5206837239303376,0.0,0.0,1.0,0.0,0.0,1.0,4,0.145
-0.08533333333333354,-0.6140651801029159,-0.3972292465867323,-0.9746057203956164,0.0,-0.5,0.3333333333333333,0.0,-0.5498099535506329,-0.4253013482616438,-0.6136619220088064,1.484007377980469,-0.30833154160395615,0.0,1.0,0.0,0.0,0.0,1.0,2,0.193
0.8177777777777778,-0.34305317324185236,0.07850085725917898,-1.0697674418604655,0.0,0.0,0.0,1.0,0.07437870930784557,0.12449977767896857,0.09977024663069456,1.7558810757395225,0.13761556654482912,1.0,0.0,0.0,0.0,0.0,1.0,3,0.213
-0.664888888888889,-0.229845626072041,-0.3965640822739446,0.41860465116279105,-1.0,-0.5,-0.3333333333333333,0.0,-0.5484754242057137,-0.42389210019267826,-0.43343003917510536,-0.3245012457092557,-0.49042141474951617,0.0,1.0,0.0,0.0,0.0,1.0,3,0.157
0.8533333333333334,-0.15780445969125192,0.266031320064452,-0.9179363806468861,0.0,0.5,1.0,0.0,0.22778882882393714,0.0880245500732566,-0.11947072543753755,1.3391354748806195,0.3134057192001719,0.0,0.0,0.0,1.0,0.0,1.0,3,0.184
-0.8284444444444446,-0.699828473413379,-0.6076734731325226,-0.37797380379577655,0.0,-1.0,-1.0,0.0,-1.1577358189843572,-0.6818330915743973,-0.5816055633577253,0.40157522999525236,-0.5056009460331112,0.0,0.0,1.0,0.0,0.0,1.0,1,0.124
-0.4302222222222223,-0.7015437392795881,-0.5229223650031826,-0.873028601978081,-1.0,-1.0,-1.3333333333333333,0.0,-0.8545811302383857,-0.41249662873845566,-0.00023098529085667822,1.2348320466681875,-0.5496452375833154,1.0,0.0,0.0,0.0,0.0,1.0,1,0.104
0.9386666666666663,-0.3825042881646655,0.0821248559288503,-1.141406041165464,0.0,0.5,0.6666666666666666,1.0,0.07764731199299899,-0.1457551261398509,-0.18691329736122408,1.997209870434342,0.1410126854439905,1.0,0.0,0.0,0.0,0.0,1.0,3,0.184
0.8319999999999997,-0.27444253859348183,0.14776969259087236,-1.0130981021117351,1.0,0.0,0.0,2.0,0.13460514439965485,0.23456691134128846,0.1927803237489837,1.588742395466643,0.6403891636207268,0.0,0.0,0.0,1.0,0.0,1.0,3,0.195
-0.5226666666666667,-0.5128644939965693,-0.46197955193155693,-0.42288158246458174,0.0,-0.5,-1.0,0.0,-0.6920114693914187,-0.5624843585613034,-0.19034727868529328,0.45901550950902154,-0.3690281659858095,0.0,1.0,0.0,0.0,0.0,1.0,4,0.15
0.6933333333333334,0.49399656946826775,0.7760517910695957,-0.23790430366212242,1.0,0.5,1.3333333333333333,1.0,0.5367119171268279,0.73635641341507,0.1972152413334319,0.2363811274727853,1.5238120834229198,0.0,0.0,0.0,1.0,0.0,1.0,3,0.186
0.43733333333333324,1.130360205831904,1.1081752134546685,0.6377973803795781,0.0,1.0,0.6666666666666666,1.0,0.6873979391320731,0.7571549711225635,0.8463763027570402,-0.4614265028868448,1.1028273489572136,1.0,0.0,0.0,0.0,0.0,1.0,0,0.156
0.9706666666666666,1.130360205831904,1.5898459227147879,0.12349639133921408,1.0,0.5,0.3333333333333333,0.0,0.8645050168154429,1.7708416855578801,1.6733036440239482,-0.10613935906543237,2.6680821328746505,1.0,0.0,0.0,0.0,0.0,1.0,0,0.164
0.7857777777777776,-0.1646655231560891,0.2314427757994874,-0.8965517241379314,-1.0,0.0,0.0,1.0,0.20166469336986353,0.3675221774340511,0.3051315692216719,1.289229309304765,-0.1960761126639432,0.0,0.0,1.0,0.0,0.0,1.0,4,0.125
0.5866666666666667,1.130360205831904,1.243043012047502,0.46885859395883456,-1.0,0.0,0.0,1.0,0.7411617584999965,1.9749396817529106,1.6634482716140635,-0.3577935040564852,0.2780584820468716,0.0,0.0,1.0,0.0,0.0,1.0,0,0.179
0.9244444444444444,0.14065180102915956,0.5859524178149351,-0.6891205560010696,-1.0,0.5,0.6666666666666666,0.0,0.43528929535928323,0.49470438592015387,0.32046899253455524,0.865161016678294,-0.029918297140399935,0.0,1.0,0.0,0.0,0.0,1.0,2,0.171
0.6471111111111112,1.099485420240137,1.2708422929819432,0.376904570970329,1.0,0.5,0.6666666666666666,0.0,0.7517986040918103,1.3653281239749546,1.0101910710325965,-0.296663804256191,2.2195334336701786,0.0,1.0,0.0,0.0,1.0,0.0,0,0.151
-0.29866666666666686,0.097770154373928,-0.0853818673914664,0.3287890938251807,-1.0,-0.5,-0.3333333333333333,1.0,-0.08984004184512505,0.23539302227826842,0.06797435139330321,-0.26239630281406373,-0.3445710599870995,0.0,1.0,0.0,0.0,0.0,1.0,0,0.133
0.824888888888889,-0.12178387650085752,0.2877982487829213,-0.8740978348035288,-1.0,0.0,0.3333333333333333,1.0,0.24379251661413506,0.4570701732646205,0.17475027190268527,1.2372827724259146,-0.16966243818533647,0.0,1.0,0.0,0.0,0.0,1.0,2,0.175
0.5262222222222221,1.130360205831904,1.1884536649980217,0.5340817963111467,0.0,0.5,1.3333333333333333,1.0,0.7198435179454953,1.2605966950703047,0.5294644837016778,-0.39931242002459455,1.178079982799398,1.0,0.0,0.0,0.0,0.0,1.0,0,0.161
0.0639999999999999,-0.2521440823327615,-0.12561283996490688,-0.5896819032344294,1.0,0.0,0.3333333333333333,1.0,-0.13603767084297544,-0.19983380591738398,-0.30105302894311686,0.6996572972724752,0.25598795957858533,0.0,0.0,1.0,0.0,0.0,1.0,3,0.215
0.3982222222222221,-0.5180102915951972,-0.20339119116019566,-1.0890136327185247,1.0,0.0,0.0,1.0,-0.23392138490534445,-0.32342243182762453,-0.2787376499864488,1.8169689093836612,0.14662438185336493,1.0,0.0,0.0,0.0,0.0,1.0,3,0.189
-0.4906666666666668,0.253859348198971,-0.11554362847132627,0.9895749799518848,-1.0,-0.5,-0.6666666666666666,1.0,-0.12421650371401108,0.17149091156482438,0.2896093576761032,-0.6477697172699712,-0.35870780477316705,0.0,1.0,0.0,0.0,0.0,1.0,0,0.177
0.5617777777777777,0.10463121783876515,0.3633058666345553,-0.5276663993584605,0.0,0.0,0.3333333333333333,1.0,0.2968987184988137,0.5770506381706989,0.26165353790270623,0.6046345887869251,0.40459041066437323,1.0,0.0,0.0,0.0,1.0,0.0,2,0.18
-0.24177777777777792,-0.48885077186963966,-0.36908591514567674,-0.6773589949211443,-1.0,-0.5,-0.3333333333333333,0.0,-0.49524619150436944,-0.3656755765160957,-0.38915477862369724,0.8448758622728506,-0.47754246398623956,1.0,0.0,0.0,0.0,0.0,1.0,2,0.197
-0.35555555555555557,0.3893653516295026,0.02845297689700842,0.9211440791232293,1.0,0.0,0.0,1.0,0.027783245989757517,0.04497445130440491,0.03256892601079163,-0.6140377633529813,0.4726187916577079,0.0,1.0,0.0,0.0,0.0,1.0,0,0.184
-0.35911111111111116,-0.20926243567752992,-0.26676529447856284,-0.0914194065757818,-1.0,0.0,0.0,2.0,-0.3238647759708676,-0.42412292530742257,-0.36383263113804915,0.0851745067291229,-0.42958503547624166,1.0,0.0,0.0,0.0,0.0,1.0,4,0.154
-0.7502222222222222,-0.14751286449399645,-0.40179364997448297,0.836674685912858,-1.0,-0.5,-1.0,0.0,-0.5590295462577002,-0.4349717057004085,-0.028719171163180464,-0.5709670875609433,-0.4928725005375188,0.0,1.0,0.0,0.0,0.0,1.0,0,0.165
-0.4906666666666668,0.27787307032590053,-0.10496980956804461,1.035551991446138,-1.0,0.0,0.0,1.0,-0.11199234912740291,-0.16703234224318267,-0.14658326557764798,-0.6693931475061616,-0.35375188131584606,1.0,0.0,0.0,0.0,1.0,0.0,0,0.152
-0.5653333333333334,-0.16638078902229825,-0.3314467897220646,0.336273723603315,1.0,-0.5,-0.3333333333333333,0.0,-0.42775819045247354,-0.2859315737170376,-0.3285072806563678,-0.26796889608004193,-0.03343367017845625,1.0,0.0,0.0,0.0,0.0,1.0,0,0.152
-0.4906666666666668,0.020583190394511196,-0.21816242624417267,0.5479818230419677,-1.0,0.0,0.6666666666666666,2.0,-0.2539796747349907,-0.34689370139005304,-0.48931924015078715,-0.4074895421892507,-0.4068049881745861,0.0,0.0,0.0,1.0,0.0,1.0,0,0.143
-0.17422222222222242,-0.0034305317324183297,-0.07788156634727315,-0.009088479016305752,1.0,-0.5,-0.6666666666666666,0.0,-0.08152127061750618,0.25128350912488145,0.3654649271934362,0.008206353138924469,0.3231025585895506,0.0,1.0,0.0,0.0,0.0,1.0,0,0.166
0.64,-0.04116638078902215,0.2776372904875769,-0.7147821438118152,0.0,0.5,0.6666666666666666,0.0,0.23636262469975444,0.10277791951249737,0.009978564565008457,0.9110762021022107,0.32428509997849925,1.0,0.0,0.0,0.0,0.0,1.0,2,0.192
-0.7075555555555556,-0.7221269296740993,-0.5896910999868115,-0.6228281208233095,0.0,-1.0,-0.3333333333333333,0.0,-1.0828648432132912,-0.6246856526397889,-0.7446134230172222,0.7523535301682885,-0.48874435605246186,1.0,0.0,0.0,0.0,0.0,1.0,1,0.099
0.4622222222222222,1.130360205831904,1.1306531798868074,0.6078588612670414,0.0,0.5,0.6666666666666666,1.0,0.6966192323035255,1.1871214164400936,0.8690128612609948,-0.44390405448699555,1.1238980864330252,0.0,1.0,0.0,0.0,0.0,1.0,0,0.155
0.02488888888888874,-0.056603773584905606,-0.016663512870356056,-0.302058273188987,-1.0,0.0,-0.3333333333333333,0.0,-0.01674175704097761,-0.026714969859099394,0.1786994604183606,0.31004328134045817,-0.3123629327026446,0.0,0.0,1.0,0.0,1.0,0.0,4,0.119
0.15644444444444439,-0.12864493996569468,-0.005791516861341912,-0.5062817428495057,0.0,0.0,0.0,1.0,-0.00577815118730811,-0.009439532324020016,-0.013412545889077768,0.5733841061993606,0.058600301010535406,0.0,1.0,0.0,0.0,0.0,1.0,2,0.174
-0.4195555555555557,-0.6723842195540307,-0.5070272315975985,-0.8302592889601713,-1.0,-1.0,-1.0,0.0,-0.808815560688118,-0.3619823746801857,-0.31132197501663095,1.139585102106004,-0.5421952268329392,0.0,0.0,0.0,1.0,1.0,0.0,4,0.142
0.43733333333333324,0.17667238421955422,0.3557596921894801,-0.3694199411921946,0.0,1.0,1.0,2.0,0.2917506357832485,-0.03989629878002837,-0.03914944029697525,0.391576452160421,0.397516663083208,0.0,1.0,0.0,0.0,0.0,1.0,3,0.182
-1.0133333333333334,-0.8936535162950255,-0.6945576944028717,-0.6067896284415932,-1.0,-1.5,-1.6666666666666667,-1.0,-1.677392795988909,-0.6660883890107808,-0.3216701160470102,0.7267754084946292,-0.6300903031606107,0.0,0.0,1.0,0.0,0.0,1.0,1,0.097
-0.11022222222222228,0.054888507718696446,-0.013360628006858074,-0.003742314889067158,1.0,0.0,0.0,1.0,-0.013394754803819787,-0.021466735671227154,-0.02357589868677161,0.003348621134952112,0.4138249838744358,1.0,0.0,0.0,0.0,0.0,1.0,0,0.155
-0.017777777777777778,0.5008576329331046,0.3082577855762559,0.4913124832932375,1.0,0.0,1.0,2.0,0.258542086159602,0.48958006837282886,-0.08167126584045788,-0.3720604952269944,0.8660503117609116,0.0,1.0,0.0,0.0,0.0,1.0,0,0.152
0.48,0.5231560891938251,0.6579048470982206,-0.04116546377973803,0.0,0.0,0.3333333333333333,1.0,0.47524033583381725,1.0451639708723004,0.6007135465613548,0.038095929606267113,0.6807460761126639,1.0,0.0,0.0,0.0,0.0,1.0,3,0.198
0.814222222222222,0.5488850771869639,0.9073873377945216,-0.2699812884255547,1.0,0.0,-0.3333333333333333,1.0,0.5998124696938908,1.4415878824103976,1.6676121664572399,0.2721648052688639,1.7084820468716408,0.0,1.0,0.0,0.0,0.0,1.0,3,0.218
-0.5226666666666667,-0.48885077186963966,-0.45170391013400774,-0.37583533814488107,0.0,0.0,0.0,0.0,-0.6676459081401247,-0.717987593757517,-0.6121572178283685,0.3989439736974466,-0.3593958288540099,1.0,0.0,0.0,0.0,0.0,1.0,4,0.152
-0.05688888888888894,-0.3825042881646655,-0.25054904726680555,-0.6709435979684578,-1.0,-0.5,-0.3333333333333333,0.0,-0.29984669612853226,-0.11453785167421109,-0.19815766132012724,0.8342021134420408,-0.42198451945818105,0.0,0.0,0.0,1.0,0.0,1.0,4,0.127
-0.8177777777777779,-0.35162950257289866,-0.49503133726697746,0.5191125367548786,0.0,-0.5,-0.3333333333333333,0.0,-0.7759678109735478,-0.6325094091605984,-0.5920892157587404,-0.3893951008524148,-0.40001075037626316,1.0,0.0,0.0,0.0,1.0,0.0,0,0.163
1.0062222222222221,0.35334476843910817,0.8426829058505788,-0.5490510558674154,0.0,0.0,-0.3333333333333333,0.0,0.5693609969216433,1.338773516827151,1.5633546455761693,0.6372586382788697,0.8539561384648463,0.0,1.0,0.0,0.0,0.0,1.0,0,0.172
0.8782222222222223,1.1114922813036021,1.4883510232635484,0.18016573108794456,1.0,0.0,0.6666666666666666,2.0,0.8303765553038015,2.364730408414669,1.2292344223519844,-0.1520737587199794,2.5253708879810794,0.0,1.0,0.0,0.0,0.0,1.0,0,0.162
-0.5795555555555557,-0.7547169811320753,-0.5765254339337015,-0.8409516172146487,-1.0,-1.0,-1.0,0.0,-1.0322643581805535,-0.5828455634198076,-0.4979580900288269,1.16235198356224,-0.5747688669103419,0.0,0.0,1.0,0.0,0.0,1.0,1,0.105
0.8,1.130360205831904,1.4357112957515497,0.26356589147286846,0.0,0.5,0.0,0.0,0.8120714580645979,1.574907609210651,1.922151797373543,-0.21554783538443126,1.4098580950333262,1.0,0.0,0.0,0.0,1.0,0.0,0,0.185
0.16,1.039451114922813,0.7954562396426463,0.913659449345095,0.0,0.5,0.3333333333333333,0.0,0.5463615580801943,0.7610231140980694,0.7590242653347835,-0.6104152185775535,0.8096860890131156,0.0,1.0,0.0,0.0,0.0,1.0,0,0.155
-0.37333333333333335,-0.4065180102915951,-0.3679161434231879,-0.4111200213846567,-1.0,-0.5,-1.3333333333333333,0.0,-0.4930586442318223,-0.36319724370515616,0.6241684529529158,0.4436033830762691,-0.47699419479681787,1.0,0.0,0.0,0.0,0.0,1.0,4,0.13
-0.14222222222222222,-0.0960548885077186,-0.1154977550704444,-0.18444266238973528,0.0,0.5,0.3333333333333333,0.0,-0.124163055615239,-0.39697060259933376,-0.2894113702839404,0.17905323928760428,-0.0442377983229413,0.0,1.0,0.0,0.0,1.0,0.0,3,0.224
-0.9706666666666668,-0.7444253859348197,-0.6497852551421216,-0.20796578454958564,1.0,-1.5,-0.6666666666666666,-1.0,-1.3675273542015407,-0.38151746860171,-0.7864125212506468,0.20368927278771604,-0.48104708664803264,0.0,1.0,0.0,0.0,0.0,1.0,1,0.123
-0.9706666666666668,-0.8730703259005144,-0.6831581542837156,-0.620689655172414,1.0,-1.5,-1.0,-1.0,-1.5861189202609838,-0.593633600361545,-0.7843182546135462,0.749035457411287,-0.5279724790367663,0.0,1.0,0.0,0.0,0.0,1.0,1,0.1
-0.4088888888888889,0.11663807890223003,-0.13322782451130502,0.5576049184709974,1.0,0.0,0.0,2.0,-0.14509780414114531,-0.21193390140608942,-0.18452644935570514,-0.41374999365891024,0.24528058482046855,1.0,0.0,0.0,0.0,0.0,1.0,0,0.165
-0.08177777777777794,-0.5969125214408232,-0.38617375697419054,-0.9532210638866616,-1.0,-0.5,-0.3333333333333333,0.0,-0.5279195159580259,-0.4018786734602142,-0.4166882252938132,1.426670402623438,-0.4855514943023006,0.0,0.0,1.0,0.0,0.0,1.0,4,0.125
0.9422222222222222,-0.15951972555746136,0.301583205747937,-0.9532210638866616,0.0,0.5,-0.6666666666666666,1.0,0.25376079771261695,0.13321767780215615,1.1297490575800129,1.4263186785785578,0.3467318856159965,1.0,0.0,0.0,0.0,1.0,0.0,2,0.172
0.9919999999999997,0.24013722126929674,0.7210725201126192,-0.63672814755413,0.0,0.0,0.3333333333333333,1.0,0.5087062679643127,1.1455364497153564,0.6734145169635596,0.7753778588468925,0.7399591485702,0.0,1.0,0.0,0.0,0.0,1.0,2,0.188
-0.8675555555555556,-0.40137221269296725,-0.527073907782996,0.5319433306602515,0.0,-1.0,-0.3333333333333333,0.0,-0.8669889943235748,-0.4256901063496345,-0.6437190479710252,-0.39738381245961496,-0.430047301655558,0.0,0.0,1.0,0.0,0.0,1.0,0,0.166
0.44088888888888883,0.7667238421955404,0.8240124316916391,0.24966586474204747,0.0,0.5,0.6666666666666666,1.0,0.5603491449728063,0.7973234005641854,0.5602086259147017,-0.20521908630128421,0.8364545259084069,0.0,0.0,1.0,0.0,1.0,0.0,0,0.148
-0.9777777777777779,-0.7667238421955401,-0.6569185689792596,-0.2624966586474206,0.0,-1.0,-1.3333333333333333,-1.0,-1.409388618476047,-0.8383325193710867,-0.5399974129647424,0.26386356437630026,-0.5517630617071597,0.0,1.0,0.0,0.0,0.0,1.0,1,0.101
0.24888888888888888,0.3876500857632934,0.4046607375296027,0.026196204223469632,0.0,1.0,1.3333333333333333,1.0,0.3245249573249839,0.011905716444710208,-0.10199386503067492,-0.02321157372494222,0.44335626746936146,0.0,0.0,1.0,0.0,0.0,1.0,0,0.164
0.07466666666666646,0.2452830188679247,0.20307007735402213,0.03688853247794706,0.0,0.0,0.3333333333333333,1.0,0.17956386176445405,0.3224383879173986,0.07723488168273424,-0.03328777567064964,0.25438615351537297,1.0,0.0,0.0,0.0,0.0,1.0,0,0.152
-0.1884444444444446,0.018867924528302032,-0.0723079481401203,0.04223469660518589,0.0,0.0,0.3333333333333333,0.0,-0.07539625154931417,-0.11513313749644638,-0.23970333569158314,-0.03792937980384748,-0.0037518813158460155,0.0,1.0,0.0,0.0,0.0,1.0,0,0.159
-0.5191111111111112,-0.7718696397941679,-0.5721445241494786,-0.9296979417268113,0.0,-1.0,-1.3333333333333333,0.0,-1.016127809977922,-0.5689231643936467,-0.19850875896222928,1.3690556504775793,-0.47229628036981297,1.0,0.0,0.0,0.0,1.0,0.0,1,0.111
-0.5048888888888889,-0.01200686106346464,-0.23924125394941315,0.5148356054530876,0.0,-1.0,-1.0,2.0,-0.2835247432127917,0.48903337731159213,0.4078122305171605,-0.3873089960170422,-0.1602343582025371,1.0,0.0,0.0,0.0,0.0,1.0,0,0.167
-0.3840000000000002,0.05317324185248728,-0.15070559024731503,0.39935846030473143,-1.0,0.0,0.0,1.0,-0.1662982150227206,-0.23970580731691313,-0.2079945549067435,-0.3119700161736163,-0.37518813158460546,1.0,0.0,0.0,0.0,0.0,1.0,0,0.147
0.7786666666666664,0.869639794168096,1.177283491883275,0.045442395081529,1.0,0.5,0.3333333333333333,1.0,0.7154087784998634,1.2463973059064501,1.1984770809794827,-0.040544884896226596,2.0879810793377764,1.0,0.0,0.0,0.0,0.0,1.0,0,0.178
-0.15288888888888905,0.6500857632933105,0.3028217875717489,0.9254210104250202,0.0,0.5,1.0,2.0,0.2546502592455519,0.13479214805851789,-0.08653735596783856,-0.6161008978359305,0.34789292625241885,0.0,1.0,0.0,0.0,1.0,0.0,0,0.185
0.6933333333333334,1.130360205831904,1.3393771538995258,0.36193531141406077,0.0,1.0,0.3333333333333333,1.0,0.7774201543783396,1.0020725665565997,1.3850340010348139,-0.28586458686548016,1.3195549344227049,0.0,1.0,0.0,0.0,0.0,1.0,0,0.184
0.23466666666666647,-0.4819897084048026,-0.2240342215570579,-0.9767441860465119,0.0,0.0,0.3333333333333333,1.0,-0.26209830923510413,-0.35622389550182587,-0.4143282155792319,1.4883431317460432,-0.1459793592775747,1.0,0.0,0.0,0.0,0.0,1.0,2,0.16
-0.04266666666666677,0.1063464837049743,0.051641981042817,-0.012296177492649099,1.0,0.0,0.3333333333333333,1.0,0.04971829061839842,0.08182142883175765,-0.09704682005849881,0.011191965851223479,0.5052246828639001,1.0,0.0,0.0,0.0,0.0,1.0,0,0.156
-1.0204444444444445,-0.8936535162950255,-0.6955669092222739,-0.5928896017107728,0.0,-1.5,-1.6666666666666667,-1.0,-1.6860112284988205,-0.6725028974626246,-0.3298007982851652,0.7039062456944186,-0.58799182971404,0.0,0.0,1.0,0.0,1.0,0.0,1,0.104
0.18488888888888874,0.45454545454545453,0.41115182375439385,0.17268110130981024,0.0,0.5,0.0,0.0,0.3287739153677048,0.2724999817769648,0.5464342030699485,-0.14612236699787587,0.4494409804343153,0.0,1.0,0.0,0.0,0.0,1.0,3,0.17
0.0,-0.595197255574614,-0.36436095485483944,-0.9970596097300191,1.0,-0.5,-1.3333333333333333,0.0,-0.48644753495020704,-0.35566505575033946,0.6384895409860298,1.5443470161111164,-0.0797140399913997,0.0,1.0,0.0,0.0,0.0,1.0,2,0.162
0.16711111111111096,0.35334476843910817,0.3300705876956071,0.07003475006682719,0.0,0.0,1.0,0.0,0.27396671451492105,0.524240281655235,-0.062145309253373464,-0.06189027124414561,0.37343582025370897,0.0,1.0,0.0,0.0,0.0,1.0,0,0.16
0.24177777777777767,0.5403087478559176,0.5094355851438992,0.21117348302592898,0.0,1.0,1.0,0.0,0.39043769786976246,0.12289615056600758,0.09841513292433535,-0.1757355303735093,0.5415717050096754,0.0,0.0,1.0,0.0,0.0,1.0,0,0.177
-0.9351111111111112,-0.6946826758147511,-0.6291880981461412,-0.1384656508954825,0.0,-1.5,-1.0,-1.0,-1.257891622317371,-0.2506031824708978,-0.6393826841106757,0.132017937071731,-0.5257686519028166,0.0,0.0,0.0,1.0,0.0,1.0,1,0.11
-0.8391111111111111,-0.5969125214408232,-0.5781768763654505,-0.08072707832130438,0.0,-1.5,-1.0,0.0,-1.0384347283386963,0.07362106291320733,-0.5023930076132752,0.07482985749629867,-0.47795097828423994,0.0,1.0,0.0,0.0,1.0,0.0,1,0.1
0.3982222222222221,1.130360205831904,1.072852694775593,0.6859128575247264,0.0,0.5,-0.3333333333333333,1.0,0.6726839761229769,1.113646137809883,1.934224628575652,-0.48917314661085953,1.0697161900666523,0.0,1.0,0.0,0.0,1.0,0.0,0,0.161
-0.8782222222222223,-0.39794168096054877,-0.5295510714306194,0.5747126436781612,1.0,-1.0,-1.6666666666666667,0.0,-0.8744874754935364,-0.43356245763144274,1.0076964298913442,-0.4237358319890916,-0.31198666953343374,0.0,1.0,0.0,0.0,0.0,1.0,0,0.17
0.44088888888888883,1.0634648370497426,1.0585172569999943,0.5629510825982359,0.0,1.0,0.6666666666666666,1.0,0.6666325036320003,0.7045511423413442,0.7963679872865694,-0.4167330898021971,1.0562782197376908,0.0,0.0,1.0,0.0,1.0,0.0,0,0.183
-0.48,-0.8130360205831902,-0.5830853302598156,-1.0398289227479287,1.0,-1.5,-1.0,0.0,-1.057067238691121,0.04242322635196703,-0.5155745682114963,1.6649367242559834,-0.3872608041281445,0.0,0.0,0.0,1.0,0.0,1.0,1,0.095
0.2311111111111111,0.09090909090909109,0.18247292035804194,-0.30419673883988246,-1.0,0.5,0.3333333333333333,2.0,0.1631191519803035,-0.01819387851795684,0.053529191261100506,0.31151122497968925,-0.21902816598580946,0.0,1.0,0.0,0.0,0.0,1.0,4,0.138
0.4728888888888888,0.6843910806174958,0.7824740671930639,0.13205025394279601,-1.0,0.0,-0.6666666666666666,0.0,0.5399188545208566,1.2431025811107306,2.0983165792002363,-0.11322617390684904,0.06219092668243389,0.0,0.0,1.0,0.0,0.0,1.0,0,0.168
0.5511111111111111,1.130360205831904,1.2109316314301606,0.5073509756749534,1.0,0.0,-0.3333333333333333,1.0,0.7286921179359197,1.923915182704153,2.1567096607288043,-0.3821477622147283,2.1352934852719847,1.0,0.0,0.0,0.0,0.0,1.0,2,0.16
0.814222222222222,0.1269296740994855,0.5146651528444375,-0.6474204758086075,-1.0,0.5,0.0,2.0,0.3935863690803036,0.4040848756095607,0.6854257520881069,0.7932622453507455,-0.06333046656632986,0.0,0.0,1.0,0.0,0.0,1.0,4,0.127
0.6044444444444445,0.939965694682676,1.096913293538158,0.2646351242983161,1.0,0.5,0.0,0.0,0.6827366670226062,1.1442316803825379,1.4672339665410103,-0.21588010188818385,1.9749731240593418,1.0,0.0,0.0,0.0,0.0,1.0,0,0.162
0.5546666666666664,0.5780445969125214,0.7540096219458349,-0.04971932638331997,-1.0,1.0,0.3333333333333333,0.0,0.5256041224211259,0.38197911883119884,0.7113225029830099,0.04530056218615801,0.04884970973984085,1.0,0.0,0.0,0.0,0.0,1.0,4,0.123
0.9742222222222219,1.130360205831904,1.593057060776522,0.12028869286287097,0.0,0.5,1.3333333333333333,0.0,0.8655608489058045,1.7749236454817812,0.8554309261586223,-0.1038983546267376,1.5573532573640076,1.0,0.0,0.0,0.0,0.0,1.0,0,0.148
0.8,1.130360205831904,1.4357112957515497,0.26356589147286846,0.0,0.0,0.0,1.0,0.8120714580645979,2.281086676045456,1.922151797373543,-0.21554783538443126,1.4098580950333262,1.0,0.0,0.0,0.0,1.0,0.0,0,0.174
0.5084444444444444,0.7478559176672385,0.8603900385909985,0.1641272387062283,0.0,1.0,0.6666666666666666,0.0,0.5778129552404305,0.49467036958745475,0.5968428930445707,-0.13863932487305997,0.8705547194151795,1.0,0.0,0.0,0.0,1.0,0.0,0,0.164
0.583111111111111,0.16981132075471705,0.42934062720407346,-0.4763432237369689,1.0,0.0,0.0,1.0,0.34055846371661996,0.6819788758573938,0.5708570478231945,0.5313069922583904,1.0363040206407224,0.0,0.0,0.0,1.0,1.0,0.0,3,0.2
-0.3520000000000002,0.31217838765008576,-0.007328275790886165,0.782143811815023,0.0,0.0,0.6666666666666666,1.0,-0.007318561581735485,-0.011881419064210655,-0.27699756079532856,-0.5424047229527288,0.057159750591270674,1.0,0.0,0.0,0.0,0.0,1.0,0,0.165
-0.12800000000000006,0.4751286449399657,0.21997442557900837,0.6260358192996528,1.0,0.5,-0.3333333333333333,0.0,0.1928065353660433,0.02947758202188243,0.5599914997412965,-0.4545850999899291,0.7419157170500968,0.0,0.0,1.0,0.0,0.0,1.0,0,0.144
-0.9600000000000001,-0.576329331046312,-0.6033843101500634,0.29885057471264387,-1.0,-1.0,-0.3333333333333333,0.0,-1.139215689626979,-0.6682022611142293,-0.7666771379998522,-0.24127883653818305,-0.587357557514513,0.0,1.0,0.0,0.0,1.0,0.0,4,0.139
0.32711111111111096,0.7032590051457975,0.6893740001032153,0.3020582731889872,0.0,0.0,0.3333333333333333,1.0,0.4920915780456939,1.0951679799400829,0.6369320401676821,-0.24365299205713684,0.7102451085788003,0.0,1.0,0.0,0.0,0.0,1.0,0,0.164
0.18844444444444433,0.5385934819897085,0.4719111432224917,0.2699812884255547,0.0,0.5,0.0,0.0,0.36746485927467215,0.3497364949084841,0.6280182078005272,-0.22007757900727692,0.5063964738765857,0.0,1.0,0.0,0.0,0.0,1.0,0,0.166
-0.8391111111111111,-0.36535162950257283,-0.5066373076901023,0.5447741245656245,0.0,-1.5,-1.0,0.0,-0.8077258673255757,0.5283222415791355,-0.3102748416980807,-0.40549105750409514,-0.4108901311545904,0.0,1.0,0.0,0.0,0.0,1.0,0,0.171
-0.4871111111111112,-0.45111492281303595,-0.42459273021279526,-0.35124298315958313,-1.0,-0.5,0.0,0.0,-0.6067826943662729,-0.48327489813323216,-0.5757539359893561,0.36782632584638475,-0.503558374543109,0.0,1.0,0.0,0.0,0.0,1.0,4,0.153
-0.8924444444444445,-0.7512864493996568,-0.6362755385823973,-0.39935846030473143,1.0,-1.5,-1.0,-1.0,-1.2939085650310072,-0.29565052591680085,-0.6584158720772662,0.42904643866259934,-0.4620511717910127,0.0,0.0,0.0,1.0,0.0,1.0,1,0.114
0.8391111111111109,-0.3945111492281302,0.037558846972068835,-1.1221598503074048,1.0,0.0,0.0,1.0,0.03647022972496915,0.05944354139180269,0.04479574740680514,1.9286967524079808,0.4854224897871427,0.0,1.0,0.0,0.0,0.0,1.0,3,0.21
-0.664888888888889,-0.12864493996569468,-0.3586726531454818,0.6442127773322643,-1.0,-0.5,-0.3333333333333333,0.0,-0.47598466694265584,-0.34361355502263297,-0.37237600709586816,-0.4649721279415705,-0.4726617931627607,1.0,0.0,0.0,0.0,0.0,1.0,4,0.162
-0.7182222222222223,-0.1423670668953687,-0.386448997379482,0.7554129911788295,0.0,0.0,0.3333333333333333,0.0,-0.5284571328661699,-0.6142985224762918,-0.6012547120999334,-0.5278749037821764,-0.29822618791657707,0.0,0.0,0.0,1.0,0.0,1.0,0,0.174
-0.39111111111111113,-0.8164665523156087,-0.5693921200965636,-1.1061213579256886,0.0,-1.0,-0.6666666666666666,0.0,-1.0061573980528906,-0.5601761074138597,-0.6244918323601153,1.8726753587456701,-0.46971619006665233,1.0,0.0,0.0,0.0,0.0,1.0,1,0.121
-0.8746666666666667,-0.4271012006861062,-0.5370054990739307,0.4806201550387599,0.0,-1.0,-1.6666666666666667,0.0,-0.8974961214319345,-0.4572524036183659,0.9476402542686079,-0.36538737572902913,-0.4393571274994625,0.0,1.0,0.0,0.0,0.0,1.0,0,0.157
0.10311111111111106,0.37221269296741,0.30348695188453656,0.16519647153167616,0.0,0.5,0.3333333333333333,0.0,0.2551275157688618,0.1356376968998972,0.19280672206793859,-0.14029948028124034,0.3485164480756826,0.0,0.0,0.0,1.0,0.0,1.0,0,0.162
0.5084444444444444,0.6123499142367067,0.7498580791660217,0.02512697139802201,0.0,0.5,1.0,1.0,0.5234942449230421,0.7030592831786806,0.3136318279251977,-0.022504722588651126,0.7669425929907547,0.0,1.0,0.0,0.0,0.0,1.0,0,0.175
0.8960000000000001,1.130360205831904,1.5224120234183711,0.18230419673884005,0.0,0.0,0.0,2.0,0.8419966901675524,2.4188528234771014,2.0385683839653086,-0.15355516290315258,1.4911309395828853,1.0,0.0,0.0,0.0,0.0,1.0,0,0.166
-0.9564444444444445,-0.6912521440823327,-0.6329038436175765,-0.07431168136861793,0.0,-1.5,-1.6666666666666667,-1.0,-1.2765672663288548,-0.27422023631632264,0.1750406534111908,0.06895643172043331,-0.5292517738120834,0.0,1.0,0.0,0.0,1.0,0.0,1,0.112
0.35911111111111094,-0.15951972555746136,0.057811953461434744,-0.6794974605720397,1.0,0.5,1.0,1.0,0.055452438433108,-0.17666139413509824,-0.3058604561394864,0.848614847448475,0.5139002365082778,0.0,1.0,0.0,0.0,0.0,1.0,2,0.171
-0.8142222222222223,-0.6535162950257288,-0.5898745935903391,-0.28174284950548,1.0,-0.5,0.0,0.0,-1.0835937353291654,-0.8334487458907056,-0.7976846034444527,0.2865883717609475,-0.39680713824983876,0.0,0.0,1.0,0.0,0.0,1.0,3,0.107
-0.6044444444444446,-0.6260720411663806,-0.5302621091442892,-0.545843357391072,-1.0,-1.0,-1.0,0.0,-0.8766531670974566,-0.4358221140178877,-0.3737188015867149,0.6319557167863781,-0.5530853579875296,0.0,0.0,1.0,0.0,0.0,1.0,1,0.124
-0.07822222222222232,0.5471698113207548,0.2955279168315242,0.6474204758086077,-1.0,0.0,0.0,0.0,0.2493976944569139,0.4693524991070714,0.39118128957547965,-0.4671163664284807,-0.16603956138464845,1.0,0.0,0.0,0.0,0.0,1.0,0,0.165
-0.13866666666666688,0.13207547169811323,0.016617639469474078,0.1438118150227213,1.0,0.0,0.0,0.0,0.016346164036823797,0.026168278797862873,0.016677137999852126,-0.1229352118400817,0.4559772092023221,1.0,0.0,0.0,0.0,0.0,1.0,0,0.168
0.7039999999999998,0.9862778730703259,1.2208861594215363,0.2165196471531678,0.0,1.0,-0.3333333333333333,0.0,0.7325790173567739,0.876552298896656,2.172749279325892,-0.17993657046249317,1.2084820468716404,1.0,0.0,0.0,0.0,0.0,1.0,0,0.173
0.39111111111111113,0.7701543739279588,0.788506419409036,0.3052659716653301,-1.0,0.0,0.6666666666666666,0.0,0.5429191527193722,1.2526878977177474,0.5244521028900879,-0.24624042686327416,0.0650182756396474,1.0,0.0,0.0,0.0,0.0,1.0,0,0.18
0.0639999999999999,-0.34133790737564307,-0.18345919847700318,-0.7040898155573377,-1.0,0.0,0.6666666666666666,0.0,-0.2076458308484864,-0.2917507963466459,-0.4543711656441718,0.8929387842850249,-0.39053966888841113,0.0,0.0,1.0,0.0,0.0,1.0,4,0.149
-0.6400000000000001,-0.22298456260720398,-0.3841782640358272,0.376904570970329,0.0,-0.5,0.0,0.0,-0.5240328089363087,-0.39765092925331724,-0.5214877916574272,-0.29631248712606845,-0.2960976134164696,1.0,0.0,0.0,0.0,0.0,1.0,0,0.167
-0.9315555555555557,-0.8198970840480273,-0.662744490891263,-0.5276663993584605,0.0,-1.5,-1.3333333333333333,-1.0,-1.4453224768167725,-0.46388558849470435,-0.5634655185157809,0.6052502995631757,-0.5572242528488497,0.0,0.0,0.0,1.0,0.0,1.0,4,0.126
0.295111111111111,-0.20754716981132065,-0.004254757931797763,-0.6944667201283081,-1.0,-0.5,-1.0,2.0,-0.004240769494859583,0.4072726919310831,1.0388640451376057,0.8742353125931599,-0.30654697914427004,1.0,0.0,0.0,0.0,0.0,1.0,2,0.176
-0.824888888888889,-0.8936535162950255,-0.6678135016887147,-0.8986901897888268,0.0,-1.5,-1.0,-1.0,-1.4779903201652063,-0.49610391503691986,-0.7431104787247147,1.292575547114698,-0.5619759191571705,1.0,0.0,0.0,0.0,1.0,0.0,1,0.123
0.16355555555555534,0.09948542024013741,0.1537561714059623,-0.23362737236033146,1.0,0.5,1.0,1.0,0.13959875909966007,-0.05469826298026807,-0.21997499199251003,0.2327001345245214,0.6488067082347881,0.0,0.0,0.0,1.0,0.0,1.0,3,0.202
0.9208888888888885,0.06346483704974275,0.5091374080381667,-0.7532745255279338,0.0,0.0,0.0,0.0,0.3902577857195002,0.8087747559935565,0.6780034247419123,0.9844132045103404,0.541292195226833,0.0,1.0,0.0,0.0,0.0,1.0,2,0.175
0.25244444444444425,-0.03602058319039441,0.10207978531248381,-0.46885859395883456,-1.0,1.0,1.3333333333333333,2.0,0.09540458098257548,-0.3086253271034849,-0.34576650158917877,0.5208461089723965,-0.2567082347882176,1.0,0.0,0.0,0.0,0.0,1.0,2,0.173
0.7324444444444442,1.130360205831904,1.3746996725786012,0.32451216252338966,0.0,0.0,0.6666666666666666,1.0,0.7903046230904077,2.1841401278528165,1.1147812107325004,-0.2599003262727096,1.352666093313266,0.0,1.0,0.0,0.0,1.0,0.0,0,0.17
-0.5120000000000002,-0.11663807890222978,-0.2877982487829213,0.3287890938251807,-1.0,0.0,0.0,0.0,-0.3561580955954968,-0.4575439721843587,-0.3920744327001256,-0.262454926946819,-0.4394431305095678,0.0,0.0,0.0,1.0,0.0,1.0,0,0.164
0.9671111111111113,1.0634648370497426,1.5205312139822125,0.07003475006682719,0.0,1.0,1.3333333333333333,0.0,0.8413595243572601,1.1939732777409269,0.7970008869835167,-0.06121466452264668,1.4893678778757256,1.0,0.0,0.0,0.0,0.0,1.0,0,0.161
-0.24533333333333354,0.4957118353344769,0.15387085490816707,0.8676824378508424,0.0,0.0,0.3333333333333333,1.0,0.13969411158208683,0.2442615661605522,0.02061048752415432,-0.5871888864014706,0.20826703934637705,1.0,0.0,0.0,0.0,0.0,1.0,0,0.154
0.2168888888888887,0.9228130360205833,0.7625420745098714,0.6901897888265174,0.0,0.5,1.3333333333333333,1.0,0.5299226524895765,0.7191830248780882,0.18633121442826525,-0.49182720834361093,0.7788325091378199,1.0,0.0,0.0,0.0,1.0,0.0,0,0.169
0.8853333333333331,0.8953687821612349,1.287792514607811,-0.013365410318096722,1.0,0.5,0.3333333333333333,1.0,0.7582139669249456,1.38687504100183,1.3256641817049089,0.012057408144928563,2.243367017845625,1.0,0.0,0.0,0.0,0.0,1.0,0,0.171
-0.12088888888888909,0.21097770154373946,0.07168865722821438,0.23362737236033168,-1.0,0.5,0.3333333333333333,1.0,0.0681973350345872,-0.15902149589252773,-0.07397468929178587,-0.19331416982498098,-0.2709524833369168,0.0,0.0,1.0,0.0,0.0,1.0,4,0.148
0.7039999999999998,1.130360205831904,1.3490105680847282,0.35124298315958313,0.0,1.0,1.3333333333333333,1.0,0.7809552084456737,1.0122774663663514,0.6588162465814176,-0.2787621678245629,1.328585250483767,1.0,0.0,0.0,0.0,0.0,1.0,0,0.152
0.04622222222222212,0.5248713550600345,0.36631057439232084,0.4325046778936116,0.0,0.0,-0.3333333333333333,0.0,0.29893916514728314,0.5818250734388328,0.7957812846477936,-0.33403117953104794,0.40740700924532364,1.0,0.0,0.0,0.0,1.0,0.0,0,0.166
-0.8533333333333335,-0.23327615780445957,-0.4714065358127907,0.9500133654103184,-1.0,-0.5,-0.6666666666666666,0.0,-0.7150527962271135,-0.5824568053318172,-0.42713799985216944,-0.6285562012589986,-0.5254998924962373,1.0,0.0,0.0,0.0,0.0,1.0,0,0.144
0.2168888888888887,0.6449399656946828,0.5663644756383571,0.3630045442395084,1.0,0.0,0.6666666666666666,0.0,0.4240502094520192,0.8997077025125924,0.300742848695395,-0.2864142331739077,1.228972264029241,0.0,1.0,0.0,0.0,1.0,0.0,0,0.18
0.8639999999999999,1.130360205831904,1.493511780862764,0.2090350173750335,1.0,0.5,0.3333333333333333,2.0,0.8321483203676621,1.6483828878408622,1.5624307044127428,-0.17408799092732763,2.5326273919587186,1.0,0.0,0.0,0.0,1.0,0.0,0,0.129
-0.760888888888889,-0.6826758147512864,-0.5873515565418337,-0.4496124031007752,0.0,-1.0,-0.6666666666666666,0.0,-1.0736305418405265,-0.61725065420697,-0.6606641289082711,0.4953668319081369,-0.48655127929477526,1.0,0.0,0.0,0.0,0.0,1.0,1,0.124
0.8782222222222223,-0.20411663807890207,0.23224556031492094,-0.96819032344293,1.0,0.0,-0.3333333333333333,0.0,0.2022810223763784,0.36879778991027,0.5797638406386281,1.4654157189645045,0.7591700709524835,0.0,0.0,0.0,1.0,1.0,0.0,3,0.216
0.13511111111111102,-0.41166380789022283,-0.2060747851117878,-0.8388131515637532,-1.0,0.0,0.3333333333333333,1.0,-0.2375274741285985,-0.32768662210527083,-0.3936583318374286,1.1577024928149022,-0.40113953988389595,1.0,0.0,0.0,0.0,0.0,1.0,2,0.176
-1.0204444444444445,-0.7890222984562606,-0.6703824121381019,-0.23041967388398835,0.0,-1.5,-1.0,-1.0,-1.4950821255048443,-0.5124317547325222,-0.7500092394116341,0.22848754907625313,-0.5643840034401204,0.0,1.0,0.0,0.0,1.0,0.0,1,0.1
0.2453333333333333,0.7564322469982848,0.6667584134684305,0.45816626570435737,-1.0,0.5,1.0,0.0,0.4800181117137687,0.5974239917194527,0.2392442982564203,-0.35086808451395307,0.007955278434745217,0.0,0.0,1.0,0.0,1.0,0.0,0,0.177
0.08177777777777767,0.8747855917667238,0.6196005573618206,0.8302592889601713,-1.0,1.0,1.3333333333333333,1.0,0.45422650897397987,0.2395964691046659,0.07117118781875967,-0.5678775343492779,-0.014147495162330721,0.0,1.0,0.0,0.0,1.0,0.0,0,0.148
-0.18133333333333337,0.26243567753001734,0.06661964643076267,0.3982892274792838,0.0,0.0,-0.3333333333333333,0.0,0.06356580783579546,0.10562071303092821,0.31289267499445617,-0.3109434884512174,0.12647817673618578,0.0,1.0,0.0,0.0,0.0,1.0,0,0.176
-0.9315555555555557,-0.8936535162950255,-0.682951723979747,-0.7522052927024863,-1.0,-1.5,-1.0,-1.0,-1.584560449886535,-0.592321541814577,-0.7837638899154901,0.9812457973358781,-0.624650612771447,0.0,0.0,1.0,0.0,0.0,1.0,1,0.09
-0.47644444444444467,-0.4922813036020582,-0.4396392057020638,-0.44212777332264114,0.0,-1.0,-0.6666666666666666,0.0,-0.639974714311605,-0.14782526295840043,-0.36315507428486954,0.48442960710257604,-0.3480864330251559,0.0,0.0,0.0,1.0,1.0,0.0,4,0.134
0.8355555555555556,1.1286449399656948,1.466217107338024,0.2314889067094362,0.0,0.0,0.3333333333333333,1.0,0.8227317863508083,2.3295599501417756,1.5310167048562344,-0.19129748468197058,1.4384540958933563,1.0,0.0,0.0,0.0,1.0,0.0,3,0.184
0.14577777777777756,1.0789022298456261,0.8099063609204499,0.9842288158246463,0.0,1.0,0.6666666666666666,2.0,0.5534708845262971,0.44119183510825716,0.546003030527016,-0.6450595488777526,0.8232315631047088,0.0,0.0,0.0,1.0,1.0,0.0,0,0.153
0.8071111111111112,-0.015437392795883215,0.378811076132643,-0.7714514835605456,0.0,1.0,1.0,2.0,0.30737134978688757,-0.015477431378122972,-0.018514754313778525,1.0195272661276664,0.4191249193721781,0.0,1.0,0.0,0.0,0.0,1.0,2,0.193
0.1991111111111109,1.130360205831904,0.8930289633184818,0.9628441593156913,0.0,0.5,1.0,1.0,0.5931567142195391,0.8850563820714492,0.44179273330540964,-0.6347049039994311,0.9011502902601591,1.0,0.0,0.0,0.0,1.0,0.0,0,0.184
-0.5795555555555557,-0.8404802744425384,-0.6113892186039578,-1.0163058005880783,0.0,-0.5,-0.3333333333333333,0.0,-1.1741424397587534,-0.8790306317075955,-0.779575356641289,1.598445311230116,-0.509084067942378,1.0,0.0,0.0,0.0,1.0,0.0,1,0.097
-0.3662222222222224,-0.25728987993138924,-0.29298194308257797,-0.16305800588078045,1.0,0.0,-0.3333333333333333,0.0,-0.3643261238854081,-0.46578078417365826,-0.266529307413704,0.15751494480442996,0.020651472801547995,0.0,1.0,0.0,0.0,1.0,0.0,4,0.16
-0.05688888888888894,0.4957118353344769,0.27908230261535727,0.5426356589147286,1.0,0.5,0.3333333333333333,1.0,0.23742356182391516,0.10461480147825279,0.16471891069976666,-0.4042106153556386,0.825026875940658,1.0,0.0,0.0,0.0,0.0,1.0,0,0.163
0.6862222222222221,0.7941680960548887,1.0362457208718239,0.05078855920876783,0.0,0.5,0.6666666666666666,0.0,0.6571370385355289,1.067111794677416,0.7739393155443859,-0.04518125092673467,1.035400989034616,0.0,1.0,0.0,0.0,0.0,1.0,0,0.163
0.3377777777777778,0.6912521440823329,0.6882730384820492,0.277465918203689,0.0,1.0,0.3333333333333333,1.0,0.491508119904413,0.31234282631989446,0.6356649208578398,-0.22539190624059763,0.7092130724575361,0.0,1.0,0.0,0.0,1.0,0.0,0,0.155
0.19555555555555557,0.7307032590051459,0.6108387377933747,0.4913124832932375,1.0,0.5,-0.3333333333333333,1.0,0.4493393396399364,0.5263395753303837,1.1897867543794807,-0.3718339128326616,1.2915072027520962,0.0,1.0,0.0,0.0,1.0,0.0,0,0.17
-0.7822222222222224,-0.3156089193825041,-0.4708331183017667,0.5116279069767443,1.0,-0.5,-0.6666666666666666,0.0,-0.7136316934392921,-0.5812419363068468,-0.42598307339788605,-0.38503115860024595,-0.22942377983229417,1.0,0.0,0.0,0.0,0.0,1.0,0,0.16
0.8639999999999999,0.5626072041166382,0.9544763837998084,-0.2892274792836141,1.0,0.5,0.3333333333333333,0.0,0.6212511261047285,0.963167600900947,0.9420438106501374,0.29516852928469817,1.7746936142764993,0.0,1.0,0.0,0.0,0.0,1.0,3,0.179
0.9919999999999997,0.39622641509433976,0.8767668427058426,-0.5062817428495057,0.0,0.0,0.0,2.0,0.5855494262290549,1.3929323779603324,1.171634390322024,0.5739925214548104,0.8859062567189853,0.0,1.0,0.0,0.0,1.0,0.0,2,0.182
-0.1920000000000002,0.2813036020583191,0.07088587271278084,0.44319700614808877,0.0,0.0,0.0,1.0,0.0674656611104667,0.11239968219026311,0.08954529775543878,-0.34109261705674704,0.1304773167060847,0.0,1.0,0.0,0.0,0.0,1.0,1,0.171
0.7146666666666665,0.006861063464837147,0.3550715911762514,-0.707297514033681,0.0,0.0,0.3333333333333333,1.0,0.29127951510822553,0.5639664987717676,0.2521765413978438,0.8973033430275954,0.39687164050741786,0.0,1.0,0.0,0.0,0.0,1.0,2,0.177
0.7004444444444445,1.039451114922813,1.2650851811712627,0.2699812884255547,-1.0,0.0,0.3333333333333333,2.0,0.7496076077083204,2.0099643557428077,1.2995298459394105,-0.2198982033474354,0.28838959363577726,1.0,0.0,0.0,0.0,1.0,0.0,0,0.171
0.8533333333333334,0.9519725557461406,1.3152248083351972,0.06041165463779739,1.0,0.0,0.3333333333333333,0.0,0.7684863614726126,2.089635466400368,1.3572365711751477,-0.05334837612474872,2.281939367877876,0.0,0.0,0.0,1.0,0.0,1.0,0,0.166
-0.45155555555555565,-0.4133790737564321,-0.3964723354721807,-0.3266506281742849,0.0,-1.0,-0.3333333333333333,0.0,-0.5482915298114787,-0.010642252658740796,-0.43328220858895705,0.3392226946735308,-0.307622016770587,0.0,0.0,1.0,0.0,0.0,1.0,4,0.125
-1.0062222222222224,-0.44768439108061736,-0.5838193046739263,0.8901363271852449,0.0,-1.0,-0.3333333333333333,0.0,-1.0598919659381072,-0.6060252644162433,-0.7351522655037327,-0.5984966805238084,-0.48324016340571924,0.0,0.0,0.0,1.0,0.0,1.0,0,0.156
1.0026666666666668,0.6638078902229846,1.1514567671867566,-0.2892274792836141,0.0,0.0,0.0,1.0,0.7050578073357169,1.8294105212517044,1.540471702761968,0.29471084541148035,1.1433992689744144,0.0,1.0,0.0,0.0,0.0,1.0,3,0.201
0.96,-0.09948542024013717,0.3681684471280383,-0.9083132852178564,1.0,1.0,1.3333333333333333,1.0,0.30019815652013787,-0.02675141592984864,-0.13139367285091286,1.3165420442336762,0.9502902601591054,1.0,0.0,0.0,0.0,0.0,1.0,2,0.182
-0.9635555555555556,-0.5471698113207545,-0.5966867936213037,0.40256615878107477,-1.0,-1.5,-1.6666666666666667,0.0,-1.1111462544402357,-0.04402685346492785,0.46682127282134667,-0.31383212641920466,-0.5842184476456675,0.0,1.0,0.0,0.0,1.0,0.0,0,0.172
0.060444444444444294,-0.1046312178387649,-0.03150355805565599,-0.39721999465383595,1.0,0.0,-0.6666666666666666,0.0,-0.031959381550336834,-0.050295577633775304,0.4588753788158768,0.42611362593382374,0.3883143410019349,0.0,0.0,1.0,0.0,1.0,0.0,3,0.187
-0.8035555555555556,-0.24699828473413363,-0.4563829970239632,0.7489975942261429,-1.0,-0.5,-0.6666666666666666,0.0,-0.6786468804948168,-0.5506272368775923,-0.39687892674994457,-0.5244931079004823,-0.5184583960438616,0.0,0.0,0.0,1.0,0.0,1.0,0,0.15
-0.13155555555555565,-0.29674099485420236,-0.226190271398508,-0.4870355519914463,0.0,0.0,0.0,1.0,-0.2651006568764621,-0.35964982615224245,-0.30935090053465397,0.5466828257737364,-0.1480004300150505,0.0,1.0,0.0,0.0,0.0,1.0,2,0.182
0.5191111111111109,0.9022298456260721,0.9950284701794223,0.31061213579256913,0.0,0.0,0.0,0.0,0.6392539882297649,1.5808483187427564,1.3304290782762953,-0.24969372759957925,0.996764136744786,1.0,0.0,0.0,0.0,0.0,1.0,0,0.15
-0.6897777777777778,-0.8353344768439107,-0.6273531621108646,-0.9051055867415132,0.0,-1.5,-1.3333333333333333,-1.0,-1.2488310463049905,-0.2389404398311818,-0.4209013969990391,1.3072393292313336,-0.5240485917007095,0.0,0.0,1.0,0.0,1.0,0.0,1,0.102
0.9386666666666663,1.130360205831904,1.5609456801591808,0.14808874632451227,0.0,0.0,-0.6666666666666666,1.0,0.8549378175368322,2.4800822223356103,3.6662447335353683,-0.1263769319795233,1.527252203827134,1.0,0.0,0.0,0.0,0.0,1.0,0,0.153
0.3804444444444443,0.5831903945111492,0.6368030826925392,0.11387329591018452,0.0,0.0,0.0,1.0,0.46373377901746327,1.0116335857831167,0.8494253085963481,-0.09854725039967438,0.6609653837884325,1.0,0.0,0.0,0.0,1.0,0.0,0,0.147
-0.017777777777777778,0.0017152658662094086,-0.0001261518524253111,-0.1823041967388398,0.0,0.0,0.6666666666666666,2.0,-0.00012539704394575184,-0.0004373528489892842,-0.2697446226624289,0.17703474833221192,0.06391098688454096,0.0,0.0,0.0,1.0,0.0,1.0,3,0.191
0.1386666666666666,1.130360205831904,0.8384396162690017,1.059075113605988,0.0,1.0,0.6666666666666666,1.0,0.5673219499511872,0.4714177764495212,0.5747376007095867,-0.6804112258827988,0.8499784992474737,0.0,1.0,0.0,0.0,0.0,1.0,0,0.168
-0.08888888888888889,-0.6483704974271011,-0.4183768843932957,-1.021651964715317,-1.0,0.0,0.0,0.0,-0.5934716509457147,-0.6650314529590565,-0.5674076674797348,1.611658825399153,-0.5006450225757901,0.0,1.0,0.0,0.0,0.0,1.0,2,0.175
-1.0133333333333334,-0.8936535162950255,-0.6945576944028717,-0.6067896284415932,0.0,-1.5,-0.3333333333333333,-1.0,-1.677392795988909,-0.6660883890107808,-0.9135837829846994,0.7267754084946292,-0.587045796602881,0.0,1.0,0.0,0.0,0.0,1.0,1,0.114
-0.5582222222222223,-0.2915951972555745,-0.38039370846306914,0.07003475006682719,0.0,-0.5,0.0,0.0,-0.5167141164543585,-0.38963279368851245,-0.5164061152585804,-0.06144809087765644,-0.2925499892496238,0.0,1.0,0.0,0.0,0.0,1.0,0,0.153
0.5119999999999999,-0.03430531732418524,0.2240342215570579,-0.6377973803795779,0.0,0.0,0.3333333333333333,2.0,0.19595381032979617,0.35575009658208767,0.1013629452076491,0.7770541514346349,0.2740378413244464,1.0,0.0,0.0,0.0,0.0,1.0,2,0.194
-0.9102222222222223,-0.5488850771869638,-0.5826495329514373,0.23362737236033168,0.0,-1.0,-1.0,0.0,-1.055394872403474,-0.6023077651998339,-0.5144042427378225,-0.1932071501681172,-0.4821436250268759,0.0,1.0,0.0,0.0,0.0,1.0,0,0.163
0.6968888888888887,0.9605488850771869,1.1920317902668112,0.19834268912055605,1.0,0.5,0.6666666666666666,1.0,0.721258789110479,1.265145164699794,0.9308245250942419,-0.16619339218854967,2.1087185551494305,0.0,1.0,0.0,0.0,0.0,1.0,0,0.144
-0.2808888888888891,-0.12349914236706669,-0.19102830962251935,-0.05613472333600642,-1.0,0.5,0.6666666666666666,0.0,-0.2175201874297844,-0.49298413138079583,-0.4619936802424422,0.05144528249373492,-0.39408729305525697,0.0,0.0,0.0,1.0,0.0,1.0,4,0.142
-0.17422222222222242,-0.48885077186963966,-0.34919979586336614,-0.7329591018444268,0.0,-1.0,-0.3333333333333333,0.0,-0.4588654520037812,0.13958845096910102,-0.35711249907605885,0.9452615235542741,-0.2633089658138035,0.0,1.0,0.0,0.0,0.0,1.0,2,0.186
-0.08533333333333354,0.02401372212692977,-0.01925536002018436,-0.07751937984496128,0.0,-0.5,0.0,0.0,-0.019378293445961318,0.3754917182378567,-0.031490994653460606,0.07172751356353316,0.0459793592775747,0.0,1.0,0.0,0.0,0.0,1.0,4,0.141
0.7075555555555553,1.130360205831904,1.3522217061464623,0.3480352846832398,1.0,0.5,0.3333333333333333,1.0,0.7821300171502085,1.4687766511892355,1.3998170596496413,-0.2763982562661659,2.3339604386153514,0.0,0.0,0.0,1.0,0.0,1.0,0,0.145
0.15644444444444439,-0.48885077186963966,-0.251925249293263,-0.9457364341085274,-1.0,-0.5,-0.6666666666666666,1.0,-0.30185659945613796,-0.1174535373341401,0.014921649789341287,1.4069037855906523,-0.4226295420339712,0.0,0.0,0.0,1.0,1.0,0.0,4,0.119
-0.007111111111111212,-0.6895368782161234,-0.42484503391764583,-1.1200213846565092,0.0,-0.5,0.0,0.0,-0.6073278101197263,-0.4838094405042193,-0.576092714415946,1.9208698639575368,-0.3342184476456676,0.0,0.0,1.0,0.0,1.0,0.0,4,0.162
0.8888888888888888,1.0634648370497426,1.451858732861984,0.12991178829190053,0.0,0.5,0.3333333333333333,1.0,0.8177323181111892,1.5954340362565511,1.5144913571903735,-0.1116504760349224,1.4249946248118683,0.0,1.0,0.0,0.0,0.0,1.0,0,0.154
0.48,0.5660377358490566,0.6924245812618625,0.002673082063619297,0.0,0.0,0.0,0.0,0.4937059725613681,1.1000153073497148,0.9241105526400076,-0.002549442384219597,0.7131047086648032,0.0,0.0,1.0,0.0,0.0,1.0,0,0.162
-0.37688888888888894,-0.5231560891938248,-0.4253725780277879,-0.6078588612670411,1.0,-0.5,0.0,0.0,-0.6084688271096703,-0.48492712000719207,-0.5768010693079064,0.7285007258238876,-0.16550204257149,0.0,1.0,0.0,0.0,0.0,1.0,2,0.172
-0.37333333333333335,-0.3396226415094339,-0.3355295224005551,-0.29564287623630053,0.0,-0.5,-1.3333333333333333,0.0,-0.43480326620469717,-0.2945814411748269,0.7546289452287677,0.30210832503174984,-0.2504945173081058,0.0,0.0,0.0,1.0,1.0,0.0,4,0.135
-0.6506666666666668,0.06689536878216133,-0.2783024548003648,1.0366212242715855,-1.0,-0.5,-0.3333333333333333,0.0,-0.3414132063969124,-0.1733375124827792,-0.2428764136299801,-0.6702810458823039,-0.4349924747366158,1.0,0.0,0.0,0.0,0.0,1.0,0,0.173
-0.7857777777777778,-0.4837049742710119,-0.5274179582896104,0.09569633787757302,1.0,-1.0,-0.3333333333333333,0.0,-0.8680261598300434,-0.42678348847210784,-0.6442734126690812,-0.08301017476841716,-0.3089873145560095,0.0,1.0,0.0,0.0,0.0,1.0,0,0.147
0.295111111111111,-0.010291595197255476,0.140819872357262,-0.47099705960973004,0.0,0.5,0.0,2.0,0.12876767269151906,-0.07114273010226761,0.1834485179983738,0.5236882325067577,0.19603311115889055,0.0,1.0,0.0,0.0,1.0,0.0,2,0.175
0.9955555555555555,1.130360205831904,1.6123238891469267,0.10425020048115496,0.0,1.0,0.3333333333333333,1.0,0.8718660758046166,1.2912113944995591,1.6991739965998962,-0.09048396585801545,1.575413889486132,1.0,0.0,0.0,0.0,0.0,1.0,0,0.156
-0.13511111111111127,0.7272727272727273,0.35993417166973446,1.0045442395081534,0.0,0.5,0.0,0.0,0.29460269920634546,0.20739272099075015,0.4776621824722201,-0.6546646267409234,0.40142980004300155,0.0,1.0,0.0,0.0,0.0,1.0,0,0.171
0.3022222222222222,1.130360205831904,0.9861519671087716,0.8120823309275598,0.0,0.5,0.3333333333333333,1.0,0.6353485984777469,1.0034332198645664,0.9784998891270602,-0.5584173826085563,0.9884433455170931,1.0,0.0,0.0,0.0,1.0,0.0,0,0.156
0.1315555555555554,0.12178387650085777,0.15228822257774105,-0.1769580326116012,0.0,0.5,0.6666666666666666,0.0,0.13837721923436702,-0.0565643018026226,-0.11625489688816619,0.17135638630401023,0.20678348742205976,1.0,0.0,0.0,0.0,1.0,0.0,3,0.221
0.9635555555555554,1.130360205831904,1.5834236465913196,0.12884255546645293,0.0,1.0,1.3333333333333333,1.0,0.8623890658866991,1.2605966950703047,0.8476698203858377,-0.11062591513166059,1.5483229413029456,1.0,0.0,0.0,0.0,0.0,1.0,0,0.18
0.7822222222222223,1.130360205831904,1.419655605442879,0.27960438385458425,-1.0,0.0,-0.6666666666666666,2.0,0.8064018323078487,2.255574426521077,3.3816708551999404,-0.22715988295119804,0.36083637927327455,0.0,0.0,1.0,0.0,0.0,1.0,0,0.15
-0.8533333333333335,-0.7409948542024013,-0.6255182260755879,-0.4442662389735366,1.0,-1.0,-0.3333333333333333,0.0,-1.239874259242299,-0.7385431776600165,-0.8023412669081232,0.4875438491487507,-0.44692539238873363,0.0,0.0,1.0,0.0,0.0,1.0,1,0.112
0.4586666666666666,1.0754716981132078,1.0837017540841662,0.554397219994654,0.0,0.0,0.0,1.0,0.6772327970841281,1.7217488282588258,1.4494942962032178,-0.41178086139490405,1.0798860460116104,0.0,1.0,0.0,0.0,0.0,1.0,0,0.164
-0.9706666666666668,-0.8936535162950255,-0.6885024054864588,-0.6869820903501741,0.0,-1.5,-1.3333333333333333,-1.0,-1.6275866222358186,-0.6276013382997179,-0.6672241111686008,0.8614282547309142,-0.5813695979359277,0.0,0.0,0.0,1.0,0.0,1.0,1,0.09
-0.3662222222222224,-0.4168096054888507,-0.370622674075221,-0.4367816091954023,0.0,-0.5,-0.3333333333333333,0.0,-0.4981293609120759,-0.36893142550301644,-0.39163094094168077,0.47760822605657605,-0.28339066867340357,0.0,0.0,0.0,1.0,0.0,1.0,4,0.136
-0.8533333333333335,-0.23670668953687815,-0.4724386873326338,0.9403902699812889,-1.0,0.0,0.3333333333333333,0.0,-0.7176173080723051,-0.7509348417147147,-0.7002220098624119,-0.6239649780876968,-0.52598365942808,1.0,0.0,0.0,0.0,1.0,0.0,0,0.162
0.23466666666666647,-0.4168096054888507,-0.17758740316411784,-0.9008286554397222,0.0,-0.5,-0.6666666666666666,0.0,-0.20007070049771258,0.04004208306302519,0.16464631532264026,1.297243554597498,-0.10244033541173937,1.0,0.0,0.0,0.0,0.0,1.0,2,0.185
-0.6293333333333334,-0.03773584905660358,-0.3081431020740512,0.7511360598770386,0.0,-1.0,-0.6666666666666666,0.0,-0.38871752344213534,0.2700653842509239,-0.09830733978860233,-0.5257097586397546,-0.22482261879165774,0.0,0.0,1.0,0.0,1.0,0.0,0,0.15
-0.27022222222222225,-0.2418524871355059,-0.2483012506235916,-0.25821972734562965,-1.0,-1.0,-1.0,0.0,-0.29657492421662746,0.46024098141979325,0.3834817798802571,0.25998921574051903,-0.42093098258439043,1.0,0.0,0.0,0.0,0.0,1.0,4,0.136
0.6435555555555553,1.130360205831904,1.294421221035248,0.41005078855920907,-1.0,0.0,0.3333333333333333,1.0,0.7607085689452314,2.0565788802309224,1.333293295882918,-0.3192240313204413,0.3021393248763707,0.0,0.0,1.0,0.0,0.0,1.0,0,0.152
0.9279999999999998,1.130360205831904,1.5513122659739784,0.15664260892809423,-1.0,0.0,0.6666666666666666,1.0,0.8517225597903335,2.464774872620983,1.2926398846921425,-0.13315044639694623,0.4225435390238658,1.0,0.0,0.0,0.0,1.0,0.0,0,0.16
-0.38044444444444453,-0.13550600343053157,-0.23976879805955523,0.06682705159048385,0.0,-1.0,0.0,1.0,-0.2842786844578518,0.48735685805713286,-0.3275833394929411,-0.058663819908233064,-0.1607288755106429,0.0,1.0,0.0,0.0,0.0,1.0,0,0.165
-0.664888888888889,-0.5368782161234991,-0.5115228248840263,-0.2646351242983161,0.0,-1.0,-1.3333333333333333,0.0,-0.8214900125479291,-0.37626923441383775,0.04568889053145099,0.267158679437925,-0.41546979144270046,0.0,1.0,0.0,0.0,0.0,1.0,1,0.109
0.04266666666666651,0.6415094339622642,0.4386070541822206,0.5896819032344294,0.0,0.0,0.3333333333333333,0.0,0.34649458776426323,0.6967030884400355,0.3483192190321321,-0.43284150669457744,0.47517738120834235,1.0,0.0,0.0,0.0,0.0,1.0,0,0.162
0.3875555555555555,0.8610634648370498,0.8558026985028069,0.40791232290831336,0.0,1.0,1.3333333333333333,0.0,0.5756320817759792,0.4898108934875732,0.26146610983812546,-0.31742495253505754,0.8662545689099118,0.0,0.0,0.0,1.0,0.0,1.0,0,0.15
-0.6471111111111112,-0.44596912521440807,-0.4719570166233737,-0.09462710505212515,0.0,-0.5,-0.3333333333333333,0.0,-0.7164194890997356,-0.5836230795957887,-0.5549098233424495,0.08875514468879124,-0.3783809933347667,0.0,1.0,0.0,0.0,0.0,1.0,4,0.139
0.5297777777777777,1.130360205831904,1.1916648030597559,0.5308740978348039,0.0,0.5,0.6666666666666666,1.0,0.7211137509295951,1.2646786549942053,0.9304549486288711,-0.39685436709372535,1.1810900881530852,0.0,0.0,1.0,0.0,1.0,0.0,0,0.166
0.14577777777777756,-0.5403087478559175,-0.29002310872569437,-1.0024057738572578,0.0,-0.5,-0.6666666666666666,0.0,-0.3596533957399473,-0.19816943535317452,-0.061811663833247175,1.559437181144179,-0.20783702429585038,0.0,0.0,1.0,0.0,0.0,1.0,4,0.13
0.7039999999999998,1.130360205831904,1.3490105680847282,0.35124298315958313,0.0,0.5,0.0,1.0,0.7809552084456737,1.464694691265335,1.8057352107817772,-0.2787621678245629,1.328585250483767,0.0,0.0,0.0,1.0,0.0,1.0,0,0.15
0.6471111111111112,0.45797598627787306,0.7140997631785678,-0.23897353648757028,0.0,1.0,1.0,1.0,0.5050816847818128,0.3397016767622283,0.28162239961892543,0.23783171182525709,0.733422919802193,1.0,0.0,0.0,0.0,1.0,0.0,3,0.206
-0.6364444444444445,-0.8456260720411662,-0.6225823284191454,-0.9788826516974074,0.0,-1.0,-1.0,0.0,-1.2257534427830217,-0.7292129835482436,-0.6216430137728828,1.4939778201662572,-0.5195764351752312,0.0,0.0,1.0,0.0,0.0,1.0,1,0.112
0.6897777777777775,-0.24356775300171518,0.12175947429082588,-0.930767174552259,-1.0,0.5,1.0,1.0,0.11253063811262176,-0.09537207793627764,-0.24861716805873801,1.3699212361851347,-0.2474844119544184,0.0,0.0,1.0,0.0,0.0,1.0,4,0.13
-0.32,-0.060034305317324184,-0.17591302403192796,0.1031809676557071,0.0,0.0,-0.3333333333333333,1.0,-0.19792398393729904,-0.2797600390701878,-0.07789747948850632,-0.08915065667071714,-0.10087078047731672,0.0,1.0,0.0,0.0,0.0,1.0,0,0.169
0.05333333333333334,0.45797598627787306,0.32800628465592085,0.336273723603315,0.0,0.5,0.3333333333333333,1.0,0.2725199365593149,0.1668063766045384,0.22102652503088596,-0.2682824385802748,0.3715007525263385,1.0,0.0,0.0,0.0,1.0,0.0,0,0.148
-0.17777777777777778,-0.1646655231560891,-0.16946781120801876,-0.24538893344025672,0.0,-0.5,-0.6666666666666666,1.0,-0.18971516896476098,0.05724462845660608,0.1810000739152929,0.24535521091441254,-0.09482906901741565,1.0,0.0,0.0,0.0,0.0,1.0,4,0.144
0.8675555555555553,-0.3173241852487134,0.12033739886348642,-1.063352044907779,0.0,0.5,0.0,1.0,0.11130558604482811,-0.09717980304543364,0.15594586936703866,1.73658557793624,0.17683293915287032,0.0,1.0,0.0,0.0,1.0,0.0,3,0.192
-0.9884444444444446,-0.8936535162950255,-0.6910254425349641,-0.6549051055867418,-1.0,-1.5,-1.0,-1.0,-1.6479550686733717,-0.6436376094293274,-0.8054457092172369,0.8058438743692388,-0.6284347452160826,0.0,0.0,1.0,0.0,0.0,1.0,1,0.127
0.5262222222222221,1.130360205831904,1.1884536649980217,0.5340817963111467,-1.0,0.5,1.0,2.0,0.7198435179454953,1.2605966950703047,0.7062452263039888,-0.39931242002459455,0.2524725865405289,1.0,0.0,0.0,0.0,1.0,0.0,0,0.177
-0.7715555555555557,-0.7855917667238421,-0.6241190873486895,-0.6891205560010696,-1.0,-1.5,-1.0,0.0,-1.2331129928453557,-0.2183848559286823,-0.6257699509695221,0.865251243321168,-0.597075897656418,1.0,0.0,0.0,0.0,0.0,1.0,1,0.116
0.06755555555555551,0.8078902229845627,0.5646442231052852,0.7671745522587549,1.0,0.0,0.0,1.0,0.42305540991747176,0.896974247206409,0.7525346785916672,-0.5341526251097216,1.2265534293700282,0.0,0.0,1.0,0.0,0.0,1.0,0,0.169
0.24177777777777767,-0.229845626072041,-0.04152689614835462,-0.6859128575247262,0.0,0.5,0.3333333333333333,2.0,-0.04240791673204291,-0.3029397400666234,-0.20427679165390747,0.8603397933814444,0.02510212857450011,1.0,0.0,0.0,0.0,0.0,1.0,2,0.207
-0.15644444444444464,-0.478559176672384,-0.33814430625082437,-0.731889869018979,-1.0,-0.5,-1.0,0.0,-0.43934885583026034,-0.3001212439286921,0.1422099440707614,0.9426597576067025,-0.4630402064072242,0.0,0.0,0.0,1.0,0.0,1.0,4,0.123
-0.021333333333333385,0.7324185248713551,0.44863039227491924,0.8099438652766641,-1.0,0.5,0.3333333333333333,1.0,0.3528652584087014,0.3201422854602048,0.35985528441548825,-0.5569475131317835,-0.09428079982799398,0.0,1.0,0.0,0.0,0.0,1.0,4,0.168
0.12088888888888884,-0.46483704974271,-0.24630575768522828,-0.8965517241379314,-1.0,-1.0,-0.6666666666666666,2.0,-0.2936818190988433,0.4665825977301387,0.02623992904131852,1.2876621686590937,-0.41999569984949475,1.0,0.0,0.0,0.0,0.0,1.0,2,0.162
0.8604444444444446,-0.183533447684391,0.2446313785530383,-0.9435979684576319,0.0,0.0,-0.6666666666666666,1.0,0.21172904045661226,0.38847866811479076,1.015041762140587,1.4019258880134828,0.29334551709309836,1.0,0.0,0.0,0.0,0.0,1.0,2,0.202
-0.7644444444444446,-0.0840480274442537,-0.38642606067904106,1.0366212242715855,0.0,-0.5,-0.6666666666666666,0.0,-0.5284123173360996,-0.4024132158312012,-0.25597789932737086,-0.6700252852153952,-0.29820468716405074,0.0,0.0,0.0,1.0,0.0,1.0,0,0.155
-0.06400000000000015,-0.3379073756432246,-0.22614439799762612,-0.6035819299652502,-1.0,0.0,0.0,1.0,-0.2650366569614944,-0.3595769340107443,-0.30928930445709224,0.7219594743373932,-0.410546119114169,0.0,0.0,1.0,0.0,0.0,1.0,4,0.15
-0.4160000000000001,-0.3464837049742709,-0.3536953891497939,-0.25287356321839083,0.0,-0.5,-1.0,0.0,-0.46694311390519017,-0.3330684918858897,0.10044780348387417,0.2534370530143871,-0.26752311330896583,1.0,0.0,0.0,0.0,0.0,1.0,0,0.146
-0.5155555555555555,-0.6243567753001713,-0.5079676363156779,-0.6474204758086075,-1.0,-1.5,-1.6666666666666667,0.0,-0.8114499094873315,0.5198667531653415,1.1815821568482519,0.7936370919176283,-0.5426359922597291,0.0,1.0,0.0,0.0,0.0,1.0,4,0.119
-0.014222222222222424,0.26929674099485423,0.16724295126524566,0.17481956696070572,0.0,0.5,0.6666666666666666,0.0,0.1507332399564355,-0.03755403129988555,-0.1011946559243108,-0.1471179977066421,0.22080197806923238,0.0,0.0,0.0,1.0,1.0,0.0,2,0.187
-0.5760000000000001,-0.5643224699828472,-0.4981736652273888,-0.45495856722801403,-1.0,-1.5,-1.3333333333333333,0.0,-0.7844397905360353,0.5821166420048255,0.09946226624288551,0.5025082613408359,-0.5380455815953558,0.0,1.0,0.0,0.0,0.0,1.0,4,0.15
0.5511111111111111,-0.45111492281303595,-0.10444226545790264,-1.0783213044640474,0.0,0.0,-0.3333333333333333,1.0,-0.11138744382837905,-0.1661940826159532,0.03726254712099926,1.7817350456691017,-0.03387443560524622,0.0,1.0,0.0,0.0,0.0,1.0,3,0.176
0.7822222222222223,1.130360205831904,1.419655605442879,0.27960438385458425,1.0,0.5,0.6666666666666666,2.0,0.8064018323078487,1.5544978095911481,1.1600543277404092,-0.22715988295119804,2.428778757256504,0.0,0.0,0.0,1.0,0.0,1.0,0,0.169
0.18844444444444433,0.8627787307032592,0.6973330351562276,0.6581128040630849,1.0,0.5,0.0,1.0,0.49629659371062973,0.6362900815663064,0.9307013329391185,-0.4734793444552955,1.4131262094173298,0.0,1.0,0.0,0.0,0.0,1.0,0,0.165
-0.4124444444444445,-0.5506003430531731,-0.448263405067864,-0.6196204223469661,0.0,0.0,0.6666666666666666,0.0,-0.659654570331984,-0.7125206831451502,-0.7210436839382068,0.7478988093459005,-0.3561707159750591,0.0,0.0,0.0,1.0,0.0,1.0,4,0.128
0.42311111111111105,-0.07032590051457965,0.15446720911963205,-0.6217588879978616,0.0,0.5,0.3333333333333333,1.0,0.14018975713535678,-0.05379440042569008,0.02129684381698569,0.7514629662211917,0.20882605891206193,0.0,0.0,0.0,1.0,0.0,1.0,3,0.169
-0.9600000000000001,-0.8936535162950255,-0.6869885832573556,-0.7051590483827855,1.0,-1.5,-1.6666666666666667,-1.0,-1.61561546486385,-0.6179795756219523,-0.2606899992608471,0.8944354764588403,-0.5333584175446141,0.0,1.0,0.0,0.0,0.0,1.0,1,0.101
0.10666666666666667,0.74442538593482,0.5530611893826014,0.6281742849505481,0.0,0.0,0.0,2.0,0.4163239379065225,0.878568981478107,0.7369816690073175,-0.4559956524590633,0.5824661363147711,0.0,0.0,1.0,0.0,1.0,0.0,0,0.157
-0.952888888888889,-0.34991423670668936,-0.54129466205639,0.9852980486500938,0.0,-1.0,-1.0,0.0,-0.9110484182014338,-0.47088323407853405,-0.40334651489393153,-0.6458661770216546,-0.4433777682218878,0.0,1.0,0.0,0.0,0.0,1.0,0,0.165
-0.5333333333333334,-0.5300171526586619,-0.47230106712998804,-0.44212777332264114,0.0,-0.5,0.0,0.0,-0.7172748868009329,-0.584352001010771,-0.6398138566536082,0.48530298033427133,-0.3787035046226618,1.0,0.0,0.0,0.0,0.0,1.0,4,0.159
0.07822222222222207,0.9656946826758149,0.6761853973496643,0.9521518310612137,1.0,0.0,0.3333333333333333,1.0,0.4850734410295938,1.0742114892593433,0.621753006768529,-0.6293856009130108,1.3833906686734039,0.0,0.0,1.0,0.0,0.0,1.0,0,0.144
0.6968888888888887,0.6569468267581476,0.9228696105921683,-0.08714247527399084,1.0,0.5,0.3333333333333333,0.0,0.6069262861198292,0.9229894525071255,0.9056669271300803,0.08093616775936115,1.7302515588045584,1.0,0.0,0.0,0.0,1.0,0.0,3,0.212
0.6933333333333334,1.130360205831904,1.3393771538995258,0.36193531141406077,1.0,0.5,0.3333333333333333,2.0,0.7774201543783396,1.452448811493633,1.3850340010348139,-0.28586458686548016,2.3158998064932272,0.0,1.0,0.0,0.0,1.0,0.0,0,0.147
0.41599999999999987,1.0171526586620927,1.0005103415848113,0.5426356589147286,1.0,0.0,0.0,1.0,0.6416561371513996,1.5895589296517947,1.337789809544928,-0.4045044761713114,1.8394216297570418,1.0,0.0,0.0,0.0,0.0,1.0,0,0.16
-0.8355555555555557,-0.40308747855917654,-0.5171423164920611,0.4325046778936116,-1.0,-1.0,-0.3333333333333333,0.0,-0.8376275642603588,-0.3941278090809029,-0.6277163870204744,-0.3338521965460405,-0.5469361427649968,0.0,0.0,1.0,0.0,0.0,1.0,1,0.16
0.7822222222222223,1.130360205831904,1.419655605442879,0.27960438385458425,-1.0,0.5,1.0,1.0,0.8064018323078487,1.5544978095911481,0.9132080469115726,-0.22715988295119804,0.36083637927327455,0.0,1.0,0.0,0.0,0.0,1.0,0,0.159
-0.3484444444444446,-0.1629502572898799,-0.23965411455735044,-0.027265437048917495,0.0,-0.5,-0.6666666666666666,2.0,-0.2841147223358644,-0.0914553401997731,0.039637075911005855,0.025106445911009852,-0.16062137174801122,0.0,0.0,0.0,1.0,0.0,1.0,0,0.151
-0.5653333333333334,-0.16981132075471683,-0.332845928448963,0.3287890938251807,0.0,-0.5,-0.3333333333333333,0.0,-0.4301653717728391,-0.28889585413796537,-0.3307616970951289,-0.26310477235718543,-0.24797892926252416,0.0,0.0,1.0,0.0,0.0,1.0,0,0.16
0.2204444444444443,-0.45626072041166366,-0.2100428342880735,-0.9393210371558409,-1.0,0.0,0.3333333333333333,1.0,-0.24289021711431638,-0.3339917923448672,-0.398225241016652,1.3919371682905564,-0.4029993549774242,0.0,1.0,0.0,0.0,1.0,0.0,2,0.176
0.6115555555555554,1.130360205831904,1.2655209784796408,0.44319700614808877,0.0,0.5,0.6666666666666666,1.0,0.7497736749705063,1.3585637332439193,1.0048322122847215,-0.340859988438929,1.250322511287895,1.0,0.0,0.0,0.0,0.0,1.0,0,0.145
0.64,1.130360205831904,1.2912100829735138,0.41432771986100003,1.0,0.0,0.3333333333333333,2.0,0.7595011050554314,2.051476430326047,1.329597531229211,-0.32162057511325814,2.248172436035261,0.0,0.0,1.0,0.0,0.0,1.0,0,0.161
0.31288888888888877,-0.5608919382504287,-0.2593796769365744,-1.1018444266238976,0.0,-1.0,-0.3333333333333333,1.0,-0.3128342808875385,0.4250340770761504,-0.21238635523689858,1.8598440610531395,-0.17911201892066225,0.0,0.0,1.0,0.0,0.0,1.0,4,0.138
0.32711111111111096,-0.06689536878216108,0.11368575573560857,-0.5565356856455494,0.0,0.5,1.0,2.0,0.10554988072502926,-0.10563529145922784,-0.25584444115932037,0.6483137567773736,0.17059772092023218,1.0,0.0,0.0,0.0,0.0,1.0,2,0.213
-0.760888888888889,-0.29331046312178377,-0.45562608590941156,0.5094894413258491,-1.0,-0.5,-0.3333333333333333,0.0,-0.676856784621043,-0.5490236097646313,-0.5285959790080568,-0.3836066377815894,-0.5181036336271769,0.0,1.0,0.0,0.0,0.0,1.0,0,0.132
0.035555555555555556,0.058319039451115016,0.061527698932870016,-0.16198877305533282,-1.0,0.0,-0.3333333333333333,2.0,0.0588855380108872,0.09752968532462529,0.30468807746322707,0.1562321017061242,-0.27571490002150073,1.0,0.0,0.0,0.0,0.0,1.0,4,0.13
0.44088888888888883,1.130360205831904,1.1113863515164026,0.6335204490777872,1.0,0.5,-0.3333333333333333,1.0,0.6887219434940838,1.16262965689669,1.9963134747579268,-0.45891695601635984,1.9953235863255214,0.0,1.0,0.0,0.0,0.0,1.0,0,0.177
-0.1671111111111112,0.1063464837049743,-0.012833083896716101,0.14488104784816894,1.0,0.5,0.0,1.0,-0.012861488579182973,-0.2664645124609116,-0.022867543794811145,-0.12354961618475854,0.4145667598365942,0.0,0.0,1.0,0.0,0.0,1.0,0,0.153
-0.07822222222222232,0.19210977701543744,0.0842350323694185,0.15022721197540778,0.0,0.0,-0.3333333333333333,1.0,0.0795442736423186,0.13361129536624672,0.341276147534925,-0.1277913468832307,0.1429907546764137,1.0,0.0,0.0,0.0,1.0,0.0,0,0.165
-0.2915555555555557,0.234991423670669,-0.011066957962762268,0.5394279604383858,0.0,0.5,0.0,0.0,-0.011078848242521772,-0.26421943450276614,-0.020496094808682638,-0.4020303612225187,0.05365512792947757,0.0,0.0,1.0,0.0,0.0,1.0,0,0.149
-0.44800000000000006,0.20240137221269314,-0.1145344136519242,0.7939053728949483,0.0,0.0,0.0,1.0,-0.12304148866126634,-0.1822303537455627,-0.15942604774927938,-0.5486729396389222,-0.04333476671683513,1.0,0.0,0.0,0.0,0.0,1.0,0,0.157
0.2915555555555554,-0.0960548885077186,0.07618425051464213,-0.5650895482491314,1.0,0.5,0.3333333333333333,2.0,0.07228210448020177,-0.15330675199906696,-0.06880061877659635,0.661478892786285,0.5397333906686732,0.0,1.0,0.0,0.0,1.0,0.0,2,0.191
0.12088888888888884,0.11320754716981146,0.14095749255990775,-0.1769580326116012,0.0,0.0,-0.6666666666666666,0.0,0.12888369014472326,0.22374242832880192,0.8062310592061496,0.17172307520945126,0.19616211567404856,0.0,0.0,1.0,0.0,1.0,0.0,3,0.2
0.8213333333333331,1.0548885077186962,1.3845395170677721,0.17802726543704908,0.0,0.5,0.0,0.0,0.7938563789989003,1.509858662137635,1.8534413728533765,-0.14981058318409027,1.361889916147065,0.0,0.0,1.0,0.0,0.0,1.0,0,0.164
-0.010666666666666819,0.36706689536878223,0.22997482697126598,0.30098904036353913,-1.0,1.0,0.6666666666666666,1.0,0.20053643386302367,-0.17314313343878396,-0.03802017887500932,-0.24299825890753554,-0.1967641367447861,0.0,0.0,1.0,0.0,1.0,0.0,0,0.132
-0.8746666666666667,-0.7838765008576328,-0.642445511001015,-0.525527933707565,0.0,-1.5,-1.3333333333333333,-1.0,-1.3266734550790904,-0.3348664980428459,-0.48169672555251675,0.601833995704704,-0.5381960868630402,1.0,0.0,0.0,0.0,0.0,1.0,1,0.113
0.7715555555555557,0.6449399656946828,0.9660364808220514,-0.15343491045175087,-1.0,1.0,1.0,1.0,0.6264255407572692,0.60658410416773,0.5071461715984591,0.1471384976987576,0.1482261879165771,0.0,1.0,0.0,0.0,0.0,1.0,4,0.135
0.3804444444444443,-0.3464837049742709,-0.07675766802566619,-0.8954824913124836,0.0,0.0,0.0,1.0,-0.08028231648439053,-0.12220367522177425,-0.10870167787715285,1.2853716831885804,-0.007923027305955689,0.0,0.0,1.0,0.0,0.0,1.0,3,0.195
-0.5546666666666668,-0.8885077186963978,-0.6273302254104236,-1.1328521785618821,0.0,-1.0,-0.3333333333333333,-1.0,-1.2487184508752212,-0.7443016568383762,-0.8052609209845516,1.9654040021014574,-0.5240270909481832,0.0,1.0,0.0,0.0,0.0,1.0,1,0.126
0.08888888888888889,0.6277873070325901,0.4628282098478722,0.5062817428495057,0.0,0.0,0.0,1.0,0.3618012423924732,0.7351901391510981,0.6158221844432943,-0.38159326649565894,0.4978821758761556,0.0,0.0,1.0,0.0,1.0,0.0,0,0.172
0.09599999999999985,0.01029159519725572,0.0600138767037667,-0.2828120823309276,0.0,0.5,0.6666666666666666,2.0,0.05748868687731869,-0.17386233590156647,-0.20918027939980788,0.2871417836866166,0.12028596000860026,0.0,1.0,0.0,0.0,1.0,0.0,3,0.201
0.28088888888888885,-0.31217838765008565,-0.08634520880998671,-0.8045977011494255,-1.0,0.0,0.0,1.0,-0.09091495024786589,-0.13743813279490336,-0.121575258087565,1.0862196722616009,-0.34502257579015266,0.0,1.0,0.0,0.0,0.0,1.0,2,0.164
0.8035555555555554,1.130360205831904,1.4389224338132838,0.26035819299652513,0.0,0.5,0.3333333333333333,2.0,0.8132004666610717,1.578989569134552,1.4996027052997263,-0.2132304654782027,1.4128682003870134,0.0,1.0,0.0,0.0,0.0,1.0,0,0.158
0.6079999999999998,0.5763293310463122,0.7896532544310838,-0.09462710505212515,0.0,1.0,1.0,0.0,0.5434882515251586,0.4197372481272795,0.34925489278176086,0.08842557700734291,0.8042463986239519,0.0,0.0,1.0,0.0,0.0,1.0,3,0.207
-0.35911111111111116,0.3207547169811321,-0.0073512124913271025,0.8120823309275598,0.0,0.0,-0.6666666666666666,0.0,-0.007341575781988746,-0.011917865134959734,0.5075208810702934,-0.5580230852308704,0.057138249838744354,0.0,1.0,0.0,0.0,0.0,1.0,0,0.164
0.750222222222222,-0.2830188679245282,0.10935071935226759,-0.9906442127773326,-1.0,0.5,1.0,1.0,0.1017758152082429,-0.11114593735649346,-0.25972499404571253,1.5271543122091864,-0.25330036551279295,0.0,1.0,0.0,0.0,1.0,0.0,2,0.165
0.430222222222222,0.8953687821612349,0.916974878578842,0.3972199946538362,0.0,1.0,1.3333333333333333,0.0,0.6042253906835199,0.5546120072794953,0.31074913149530625,-0.3101698561608461,0.9235970758976564,1.0,0.0,0.0,0.0,0.0,1.0,0,0.174
-0.5155555555555555,-0.3825042881646655,-0.4038120796132873,-0.1790964982624967,-1.0,-0.5,-0.6666666666666666,0.0,-0.5631414756896123,-0.4392480446683043,-0.29099526942124326,0.17402019973240623,-0.4938185336486777,0.0,0.0,1.0,0.0,1.0,0.0,4,0.139
-0.1635555555555556,-0.739279588336192,-0.4870493655135241,-1.1125367548783751,0.0,-0.5,-0.6666666666666666,0.0,-0.7548516213622083,-0.6155984323330103,-0.45864439352502034,1.894189930827498,-0.3925284884970974,0.0,0.0,1.0,0.0,0.0,1.0,3,0.134
0.6257777777777775,-0.00857632933104631,0.29908310539987265,-0.6752205292702488,-1.0,1.0,1.3333333333333333,2.0,0.2519623148358378,-0.09993512599406652,-0.18705188853573806,0.8415043704250303,-0.16437325306385722,0.0,1.0,0.0,0.0,1.0,0.0,2,0.16
0.010666666666666566,-0.6655231560891938,-0.4058534459525326,-1.096498262496659,-1.0,-0.5,-0.3333333333333333,0.0,-0.567322242460863,-0.443572978397199,-0.44839788602261804,1.8418109408609118,-0.49477531713609973,1.0,0.0,0.0,0.0,1.0,0.0,4,0.14
0.6613333333333331,1.130360205831904,1.3104769113439185,0.3929430633520452,0.0,0.0,0.6666666666666666,1.0,0.7667180767042743,2.0820911297553013,1.0501053292926303,-0.30726895427995726,1.2924639862395184,1.0,0.0,0.0,0.0,0.0,1.0,0,0.149
-0.25244444444444447,0.04631217838765013,-0.08882237245761011,0.17375033413525812,-1.0,0.5,1.0,1.0,-0.0936858048636215,-0.3630611783743594,-0.4371216974236414,-0.1470339533482588,-0.3461836164265749,1.0,0.0,0.0,0.0,0.0,1.0,0,0.154
-0.7182222222222223,-0.2504288164665522,-0.42473035041544105,0.5009355787222671,-1.0,-0.5,-0.3333333333333333,0.0,-0.6070799831198758,-0.4835664666992251,-0.47881402912262544,-0.3784586651285101,-0.503622876800688,0.0,1.0,0.0,0.0,0.0,1.0,0,0.172
-0.20977777777777798,-0.26415094339622625,-0.23706226740752215,-0.3608660785886127,0.0,-0.5,0.0,1.0,-0.28041831774633774,-0.08596413220690666,-0.323949170916796,0.38063325180555097,-0.15819178671253495,1.0,0.0,0.0,0.0,0.0,1.0,4,0.149
-0.8604444444444446,-0.4699828473413377,-0.5453773947348804,0.3202352312215987,-1.0,-1.0,-1.0,0.0,-0.9241703981612857,-0.4838580352652181,-0.4143106166999286,-0.25640885980353656,-0.560169855944958,1.0,0.0,0.0,0.0,0.0,1.0,0,0.179
0.8533333333333334,0.5951972555746141,0.9779406283509086,-0.2539427960438387,1.0,0.0,0.0,0.0,0.6317184096495919,1.5536959960346677,1.3074845393845318,0.25474543168110286,1.807686519028166,1.0,0.0,0.0,0.0,0.0,1.0,3,0.186
-1.0133333333333334,-0.8936535162950255,-0.6945576944028717,-0.6067896284415932,-1.0,-1.0,-1.3333333333333333,-1.0,-1.677392795988909,-0.9579485235696739,-0.691616157883066,0.7267754084946292,-0.6300903031606107,1.0,0.0,0.0,0.0,0.0,1.0,1,0.09
0.3626666666666665,-0.37049742710120054,-0.10123112739616852,-0.9125902165196473,1.0,0.5,0.6666666666666666,1.0,-0.10771547094245884,-0.37883503779457545,-0.37156293887205266,1.326991839604346,0.2902709094818317,1.0,0.0,0.0,0.0,0.0,1.0,2,0.173
0.7644444444444445,1.130360205831904,1.4035999151342085,0.29564287623630053,0.0,1.0,1.0,2.0,0.8006907961463822,1.070105231954943,0.8988356288138236,-0.23881426432441186,1.3797570414964524,0.0,1.0,0.0,0.0,0.0,1.0,0,0.142
-0.8497777777777779,-0.3361921097770153,-0.5013848032891229,0.6559743384121897,-1.0,-1.0,-1.3333333333333333,0.0,-0.7931931727311101,-0.3440509078716224,0.08652708995491153,-0.47227191988999045,-0.5395506342721995,0.0,1.0,0.0,0.0,0.0,1.0,0,0.175
-0.04266666666666677,-0.23499142367066886,-0.1560498414500583,-0.4806201550387599,0.0,0.0,0.3333333333333333,1.0,-0.17289720443509243,-0.2481977418014564,-0.3360835981964669,0.5368863479250305,-0.08225112878950767,1.0,0.0,0.0,0.0,0.0,1.0,2,0.175
0.08888888888888889,0.8713550600343054,0.6230869358288464,0.8152900294039032,1.0,0.5,0.6666666666666666,0.0,0.45616267811548755,0.5419093367544046,0.3578655111242516,-0.5597689899958055,1.3087293055256937,0.0,1.0,0.0,0.0,0.0,1.0,0,0.159
0.3235555555555554,0.3979416809605489,0.45890603407246855,-0.034750066827051576,-1.0,0.5,1.0,0.0,0.35934285040851965,0.33320455721668674,0.0531830799681343,0.03195672351332676,-0.08946463126209415,1.0,0.0,0.0,0.0,0.0,1.0,4,0.143
-0.8817777777777779,-0.6140651801029159,-0.5940031996697115,-0.02940390269981274,-1.0,-1.0,-1.3333333333333333,0.0,-1.1001760501089985,-0.6383893752414552,-0.28656035183679507,0.02680906632018864,-0.5829606536228767,0.0,1.0,0.0,0.0,0.0,1.0,1,0.097
0.10311111111111106,0.6295025728987993,0.4741360031652646,0.4891740176423418,-1.0,0.0,-0.3333333333333333,1.0,0.36884592683667766,0.7531580520304106,0.9695191810185523,-0.370646565491733,-0.08232638142334983,0.0,1.0,0.0,0.0,0.0,1.0,0,0.159
-0.9600000000000001,-0.4922813036020582,-0.5812503942245388,0.5650895482491316,0.0,-1.0,-0.6666666666666666,0.0,-1.050049745229114,-0.5978613445684421,-0.6483757114346957,-0.4178727411927326,-0.48083207912276926,1.0,0.0,0.0,0.0,0.0,1.0,0,0.18
0.5688888888888889,0.08919382504288169,0.3540394396564083,-0.54691259021652,0.0,0.5,1.3333333333333333,0.0,0.29057230143221446,0.19989940884473265,-0.1427766279843299,0.6339119950589277,0.3959041066437326,0.0,0.0,1.0,0.0,0.0,1.0,3,0.217
0.9208888888888885,1.130360205831904,1.5448899898505102,0.16198877305533282,0.0,1.0,1.0,1.0,0.8495716859614327,1.2197770958312986,1.0253129080740135,-0.13767387892117722,1.512201677058697,0.0,1.0,0.0,0.0,0.0,1.0,2,0.157
0.4515555555555554,0.2144082332761578,0.3934676277144151,-0.3405506549051057,0.0,0.5,1.0,0.0,0.31714345682997724,0.25002004533891203,-0.005394789793119372,0.35556136462164784,0.4328639002365083,0.0,0.0,1.0,0.0,0.0,1.0,3,0.21
-0.7075555555555556,-0.09262435677530002,-0.3640857144495479,0.840951617214649,0.0,-0.5,-0.6666666666666666,0.0,-0.48593803083095316,-0.3550819186183537,-0.2109819646684899,-0.5736921572500399,-0.2772629542033971,0.0,0.0,1.0,0.0,1.0,0.0,0,0.155
-0.37333333333333335,-0.40137221269296725,-0.36543897977556444,-0.4014969259556269,0.0,0.0,0.3333333333333333,0.0,-0.4884462955171131,-0.5809139216701048,-0.5770738519371087,0.4322071087383473,-0.2785314986024511,0.0,0.0,0.0,1.0,0.0,1.0,4,0.157
-0.9422222222222223,-0.8936535162950255,-0.6844655462088501,-0.7350975674953224,0.0,-1.5,-1.3333333333333333,-1.0,-1.5960620282017797,-0.6019433044923427,-0.6509627466922906,0.9488938893778993,-0.5775854654912922,1.0,0.0,0.0,0.0,0.0,1.0,1,0.111
-0.6613333333333333,-0.8936535162950255,-0.6446015608424651,-1.062282812082331,0.0,-1.5,-1.0,-1.0,-1.3384544733085066,-0.3485702206445122,-0.6807752482321924,1.7335755590686464,-0.540217157600516,0.0,1.0,0.0,0.0,0.0,1.0,1,0.107
0.9031111111111108,0.09605488850771883,0.5316383111707464,-0.7179898422881584,-1.0,1.0,1.3333333333333333,1.0,0.4037192516884058,0.1464160148894347,0.00030490058393074803,0.9165221094072624,-0.055375188131584645,0.0,0.0,0.0,1.0,0.0,1.0,4,0.141
0.8639999999999999,1.0291595197255574,1.3974299427155907,0.12028869286287097,1.0,0.0,-0.6666666666666666,1.0,0.7984849837924579,2.220258183965187,3.3369059058319164,-0.10336548229183921,2.3975274134594713,0.0,1.0,0.0,0.0,0.0,1.0,0,0.16
-0.1884444444444446,0.15951972555746158,0.005562149856932331,0.25394279604383846,0.0,-0.5,-0.3333333333333333,2.0,0.005509424292002172,0.4280712496385767,0.21451141991278,-0.20870256997950776,0.06924317351107293,1.0,0.0,0.0,0.0,0.0,1.0,0,0.179
0.9066666666666666,1.130360205831904,1.5320454376035735,0.17375033413525812,-1.0,0.0,0.0,2.0,0.8452521068790806,2.4341601731917284,2.0515035602532827,-0.14673947460151485,0.4135132229628037,0.0,1.0,0.0,0.0,0.0,1.0,0,0.144
0.32711111111111096,1.130360205831904,1.0086299335409106,0.777866880513232,0.0,0.5,0.3333333333333333,0.0,0.6452006262358195,1.032006939331871,1.0043702417030083,-0.5403055086646011,1.0095140829929048,1.0,0.0,0.0,0.0,0.0,1.0,0,0.159
0.7039999999999998,1.044596912521441,1.2727460391185426,0.2710505212510023,0.0,0.5,0.6666666666666666,0.0,0.7525217682024448,1.3677481430726954,1.0121082489467068,-0.22104755781983887,1.2570952483336917,0.0,0.0,0.0,1.0,1.0,0.0,0,0.14
-0.3057777777777778,-0.34305317324185236,-0.31362497347944024,-0.38118150227211994,1.0,-0.5,-0.6666666666666666,0.0,-0.3977275130462866,-0.248173444420957,-0.10934843669155159,0.4057485765839402,-0.008374543109008875,0.0,0.0,0.0,1.0,1.0,0.0,4,0.123
-0.07822222222222232,0.027444253859348344,-0.013727615213913486,-0.08072707832130438,-1.0,-0.5,0.0,1.0,-0.013765937227966254,0.3872030556385715,-0.024068667307266037,0.07492614699679424,-0.31098688454095896,0.0,1.0,0.0,0.0,0.0,1.0,4,0.129
-0.5155555555555555,-0.34476843910806165,-0.387572895701089,-0.10638866613205021,0.0,0.0,-0.3333333333333333,0.0,-0.5306562463302819,-0.6160843799429984,-0.41894264173257445,0.10000845197778138,-0.2992797247903677,1.0,0.0,0.0,0.0,1.0,0.0,4,0.132
0.32711111111111096,1.077186963979417,0.9688806316767301,0.7190590751136061,1.0,0.5,0.3333333333333333,1.0,0.6276933795590622,0.9814781068453011,0.9586219549539081,-0.5078374062391736,1.7949473231563102,0.0,1.0,0.0,0.0,0.0,1.0,0,0.15
-0.8746666666666667,-0.24528301886792447,-0.48326480994076604,0.9938519112536758,-1.0,-0.5,-0.3333333333333333,0.0,-0.7450354899717482,-0.6075802967682055,-0.5731299430852242,-0.6497222369572435,-0.5310578370242958,1.0,0.0,0.0,0.0,0.0,1.0,2,0.15
-0.9671111111111113,-0.48713550600343036,-0.5819843686386496,0.6067896284415932,0.0,-1.5,-1.3333333333333333,0.0,-1.0528491895644074,0.04942087193579674,-0.23814583487323523,-0.44305392964828044,-0.48152010320361216,0.0,0.0,1.0,0.0,0.0,1.0,0,0.171
-0.6471111111111112,-0.8936535162950255,-0.6425831312036607,-1.0740443731622564,0.0,-1.5,-1.3333333333333333,-1.0,-1.3274201547640545,-0.33574120374082467,-0.48225109025057283,1.7701541848749167,-0.5383250913781983,1.0,0.0,0.0,0.0,1.0,0.0,1,0.118
-0.37688888888888894,0.4339622641509436,0.03664137895443051,1.04410585404972,0.0,0.5,1.0,1.0,0.03559932610620451,-0.20357317277624282,-0.32481151600266084,-0.6737600565009103,0.09837669318426148,0.0,1.0,0.0,0.0,0.0,1.0,0,0.14
0.18488888888888874,-0.334476843910806,-0.13643896257303914,-0.7746591820368887,-1.0,-0.5,-0.3333333333333333,1.0,-0.14895003611186375,0.12722108429490214,-0.014293369798211273,1.0253331511947275,-0.36850139754891426,1.0,0.0,0.0,0.0,0.0,1.0,2,0.175
0.03911111111111091,1.0188679245283019,0.6772634222703893,1.0868751670676295,-1.0,0.0,-0.6666666666666666,1.0,0.4856494673748496,1.0759244545845514,1.8864106733683197,-0.693255093651366,0.012878950763276734,0.0,0.0,1.0,0.0,0.0,1.0,0,0.16
0.4266666666666667,0.31732418524871353,0.4603510462002489,-0.2122427158513766,0.0,0.0,0.6666666666666666,0.0,0.3602494732732164,0.7312539635101942,0.1939814472614384,0.20945713795465842,0.4955600946033112,1.0,0.0,0.0,0.0,0.0,1.0,3,0.209
-0.9884444444444446,-0.8250428816466551,-0.6736852970015998,-0.4282277465918206,0.0,-1.5,-1.0,-1.0,-1.5176209818770137,-0.5334246914840112,-0.7588790745805307,0.4668947809073081,-0.5674801118039131,0.0,1.0,0.0,0.0,0.0,1.0,1,0.118
-0.928,-0.6895368782161234,-0.6262292637892576,-0.13953488372093034,-1.0,-1.0,-0.3333333333333333,-1.0,-1.2433328491404416,-0.7408028340464615,-0.8034869539507724,0.13355826876582355,-0.5980649322726295,0.0,0.0,0.0,1.0,0.0,1.0,1,0.101
0.04266666666666651,0.332761578044597,0.24084682298028023,0.18765036086607864,0.0,0.0,0.0,1.0,0.2088542390741461,0.3824650664411872,0.31775876512183704,-0.15758933228248403,0.2897978929262525,0.0,0.0,1.0,0.0,0.0,1.0,0,0.163
0.12444444444444444,-0.18010291595197242,-0.05409620798999969,-0.5447741245656245,0.0,0.0,0.3333333333333333,1.0,-0.05571088546882924,-0.08619495732165117,-0.21874307044127436,0.6304287858160206,0.013319716190066614,0.0,0.0,1.0,0.0,0.0,1.0,3,0.209
0.5119999999999999,1.130360205831904,1.1756091127510853,0.550120288692863,0.0,1.0,0.6666666666666666,1.0,0.7147418498652026,0.8285892697908241,0.9142859782689037,-0.40916467301597353,1.1660395613846484,1.0,0.0,0.0,0.0,0.0,1.0,0,0.156
0.8853333333333331,0.21955403087478578,0.640725258467943,-0.6014434643143547,0.0,0.0,0.6666666666666666,2.0,0.4658853487725018,1.017865863881215,0.3756282799911301,0.7184083814190141,0.6646420124704364,0.0,0.0,0.0,1.0,1.0,0.0,3,0.197
-0.12800000000000006,0.7084048027444255,0.35440642686346346,0.9628441593156913,0.0,0.5,0.6666666666666666,1.0,0.2908238284729438,0.20036591855032118,0.08728934141473861,-0.6350218318652617,0.3962481186841539,1.0,0.0,0.0,0.0,0.0,1.0,0,0.144
0.1386666666666666,0.5060034305317324,0.4159914675474359,0.2892274792836143,0.0,0.5,1.0,1.0,0.3319269090565546,0.278652078519415,0.014767659595436975,-0.2346637662761792,0.45397763921737255,1.0,0.0,0.0,0.0,0.0,1.0,0,0.152
0.96,1.130360205831904,1.5802125085295855,0.13205025394279601,0.0,0.0,0.0,0.0,0.8613289393007585,2.5106969217648647,2.1161794416931525,-0.11287147292070338,1.5453128359492583,1.0,0.0,0.0,0.0,0.0,1.0,0,0.161
-0.28444444444444444,0.4665523156089194,0.11279122441841129,0.8997594226142744,-1.0,0.0,0.3333333333333333,0.0,0.10477259551562788,0.17898665344889184,-0.026668901724338123,-0.6032872808891179,-0.25168780907331756,0.0,1.0,0.0,0.0,0.0,1.0,0,0.156
0.5013333333333332,0.16123499142367076,0.37805416501809136,-0.4314354450681637,0.0,0.5,1.3333333333333333,1.0,0.30686335528728453,0.23042663770418922,-0.1234293000221746,0.47016012432923154,0.4184153945388089,1.0,0.0,0.0,0.0,0.0,1.0,3,0.225
0.8746666666666665,0.6209262435677531,1.0174376265102383,-0.24538893344025672,0.0,0.5,0.6666666666666666,1.0,0.649027414747705,1.043203172265998,0.7549985216941383,0.2451237113794171,1.0177703719630187,0.0,1.0,0.0,0.0,0.0,1.0,3,0.211
0.9031111111111108,-0.16809605488850765,0.27694918947434816,-0.9457364341085274,1.0,0.0,0.0,0.0,0.2358569101446581,0.43983118180029024,0.3662348781629584,1.4084529722416357,0.8220275209632337,0.0,0.0,1.0,0.0,0.0,1.0,3,0.2
-0.15644444444444464,-0.3259005145797597,-0.2518105657910582,-0.5062817428495057,0.0,-0.5,-0.6666666666666666,0.0,-0.3016889100431805,-0.1172105635291459,0.015152635080197964,0.5745476488522296,-0.1720167705869706,0.0,1.0,0.0,0.0,0.0,1.0,2,0.172
-0.1884444444444446,0.469982847341338,0.17742684626103117,0.7222667735899494,0.0,0.5,0.6666666666666666,1.0,0.15903708078959553,-0.024608386969800614,-0.09093890901027417,-0.5094304380553752,0.23034831219092677,1.0,0.0,0.0,0.0,1.0,0.0,0,0.15
-0.7111111111111112,-0.25900514579759853,-0.42507440092205545,0.46351242983159596,-1.0,0.0,0.6666666666666666,0.0,-0.6078236998881751,-0.6756737056177974,-0.6976910710325965,-0.35401330329047637,-0.5037841324446355,0.0,1.0,0.0,0.0,0.0,1.0,0,0.158
0.725333333333333,1.130360205831904,1.368277396455133,0.3309275594760759,0.0,1.0,0.6666666666666666,1.0,0.7879777289405101,1.0326872659858544,1.1083136225885133,-0.26460522958323046,1.3466458826058911,0.0,1.0,0.0,0.0,0.0,1.0,0,0.164
0.1279999999999998,-0.27444253859348183,-0.11609410928190927,-0.6645282010157714,0.0,-0.5,-1.0,1.0,-0.12485816603055011,0.17032463730085268,0.738521570946362,0.8222240918506091,-0.044796817888626085,0.0,1.0,0.0,0.0,0.0,1.0,2,0.187
-0.928,-0.6106346483704973,-0.6044852717712295,0.09890403635391612,0.0,-1.0,-0.3333333333333333,0.0,-1.1439278332178664,-0.671701083906144,-0.7684511050336313,-0.08582192059019551,-0.5026123414319501,1.0,0.0,0.0,0.0,0.0,1.0,0,0.163
-0.9173333333333334,-0.27272727272727254,-0.5073942188046539,1.0783213044640476,1.0,-1.0,-1.3333333333333333,0.0,-0.8098425435455621,-0.3631486489441572,0.062319831473131825,-0.6892609969139017,-0.28083207912276925,0.0,0.0,0.0,1.0,0.0,1.0,0,0.146
-0.4088888888888889,0.22641509433962267,-0.08155143841782644,0.7522052927024863,0.0,0.0,-0.3333333333333333,0.0,-0.0855805605166038,-0.12982090400833882,0.07414627836499371,-0.5261980155200883,-0.012416684583960438,1.0,0.0,0.0,0.0,0.0,1.0,0,0.156
-0.5262222222222224,0.1663807890222985,-0.17325236678077685,0.9093825180433041,0.0,0.0,-0.3333333333333333,1.0,-0.1945248405449869,-0.27553229486329084,-0.07361039249020628,-0.6083250648224889,-0.09837669318426148,0.0,0.0,1.0,0.0,0.0,1.0,0,0.138
0.4942222222222222,0.7701543739279588,0.8676609726307821,0.20048115477145154,-1.0,0.0,0.6666666666666666,1.0,0.581257226611028,1.3784632878729344,0.6041651267647274,-0.16736367572750002,0.10211782412384429,0.0,1.0,0.0,0.0,0.0,1.0,0,0.166
0.6968888888888887,1.130360205831904,1.34258829196126,0.35872761293771743,1.0,0.5,0.6666666666666666,1.0,0.778600282399851,1.4565307714175337,1.0824432700125655,-0.283495329098455,2.320414964523758,0.0,0.0,1.0,0.0,1.0,0.0,0,0.164
0.6862222222222221,0.9005145797598627,1.1301026990762244,0.15129644480085538,0.0,0.5,1.0,0.0,0.6963946988714584,1.186421651881711,0.6540117525315988,-0.12895414826428114,1.1233820683723932,0.0,1.0,0.0,0.0,0.0,1.0,0,0.149
0.6933333333333334,-0.44253859348198965,-0.052995246368833654,-1.1189521518310617,1.0,0.5,0.3333333333333333,1.0,-0.054536575617222284,-0.3175181683662684,-0.21747595113143198,1.9186452130647134,0.35809503332616643,0.0,1.0,0.0,0.0,0.0,1.0,3,0.204
0.3057777777777776,0.15780445969125217,0.2701828628442655,-0.2892274792836141,0.0,0.5,1.3333333333333333,1.0,0.23086655098264244,0.0933019411177281,-0.21033520585409127,0.29430603553460094,0.31729735540743925,0.0,1.0,0.0,0.0,0.0,1.0,3,0.201
0.7075555555555553,-0.36192109777015424,0.023223409196470042,-1.0483827853515106,0.0,0.0,0.0,1.0,0.022750268220158732,0.03666474717360735,0.025546973168748693,1.6916755978032314,0.08579875295635352,0.0,0.0,0.0,1.0,1.0,0.0,3,0.215
0.910222222222222,0.2847341337907377,0.7177008251477984,-0.5586741512964449,0.0,0.0,0.0,0.0,0.5069556890651292,1.140178877315237,0.9580499913765491,0.6504671758835009,0.7367985379488283,0.0,0.0,0.0,1.0,1.0,0.0,3,0.214
-0.23466666666666672,-0.23499142367066886,-0.23086935828846347,-0.2892274792836141,-1.0,-0.5,-0.3333333333333333,1.0,-0.2716563202971227,-0.07284354673722615,-0.1664480005913224,0.2944576615179327,-0.41276069662438186,1.0,0.0,0.0,0.0,0.0,1.0,4,0.135
0.999111111111111,1.1234991423670668,1.6086769537768146,0.09569633787757302,1.0,0.0,-0.3333333333333333,0.0,0.8706764810870647,2.555926495564514,2.79759220932811,-0.08348116735855045,2.6945603096108366,0.0,0.0,0.0,1.0,1.0,0.0,0,0.161
-0.21333333333333335,-0.5814751286449398,-0.41112888705395295,-0.8430900828655442,1.0,-0.5,0.3333333333333333,0.0,-0.5782311517185279,-0.4547497734269268,-0.6296593032955662,1.1679148497758003,-0.14547409159320585,0.0,0.0,0.0,1.0,1.0,0.0,4,0.124
-0.06400000000000015,0.3053173241852489,0.1600408273267849,0.2892274792836143,0.0,0.0,-0.6666666666666666,1.0,0.1448070094727379,0.25406555919206364,0.8446670116047009,-0.23413338789807586,0.2140507417759622,0.0,1.0,0.0,0.0,0.0,1.0,0,0.157
0.7893333333333334,-0.367066895368782,0.046435350042719564,-1.0815290029403906,0.0,0.0,-0.6666666666666666,1.0,0.04484650563290112,0.07354817077170918,0.6158529824820754,1.7940690817040592,0.10755751451300795,0.0,1.0,0.0,0.0,0.0,1.0,3,0.223
-0.36266666666666675,0.48027444253859347,0.06836283566427545,1.0911520983694205,1.0,0.5,1.0,0.0,0.06516164707634234,-0.16324924009942493,-0.29641572424668,-0.6953722090920236,0.5287357557514513,0.0,1.0,0.0,0.0,0.0,1.0,0,0.156
0.8462222222222221,1.130360205831904,1.4774560905540934,0.2240042769313019,-1.0,0.5,0.6666666666666666,1.0,0.8266229261611466,1.627973088221359,1.2182626210362921,-0.18555137077927142,0.38792732745646097,0.0,1.0,0.0,0.0,0.0,1.0,0,0.143
1.0026666666666668,-0.1732418524871354,0.31309742936929813,-0.9863672814755416,-1.0,0.5,1.0,0.0,0.26199073674124274,0.14785441981499986,-0.07733900838527931,1.5129065263863537,-0.15780477316706082,0.0,1.0,0.0,0.0,0.0,1.0,2,0.176
-0.5902222222222223,0.11663807890223003,-0.227864650530698,0.9746057203956167,-1.0,0.0,0.3333333333333333,1.0,-0.26744024604400163,-0.3623103893169277,-0.41873673484472507,-0.6403428197068063,-0.4113523973339067,0.0,0.0,0.0,1.0,0.0,1.0,0,0.18
0.2062222222222221,-0.34991423670668936,-0.13976478413697807,-0.8056669339748733,1.0,0.0,0.0,2.0,-0.15295995663324358,-0.2223210315695865,-0.1933038904082589,1.0883293337314954,0.23608901311545888,0.0,1.0,0.0,0.0,1.0,0.0,0,0.18
0.7608888888888886,-0.1629502572898799,0.22265801953060044,-0.8847901630580062,0.0,0.0,0.0,1.0,0.19488835612726718,0.3535633323371409,0.2933359203685909,1.261539029783868,0.2727477961728661,0.0,1.0,0.0,0.0,0.0,1.0,2,0.164
-0.5511111111111112,-0.6466552315608918,-0.5259041360605071,-0.6516974071103985,-1.0,-1.0,-0.6666666666666666,0.0,-0.8634728867370973,-0.42197260713322493,-0.5369022100672629,0.8010082706390539,-0.5510427864975275,1.0,0.0,0.0,0.0,0.0,1.0,1,0.107
-0.8320000000000001,-0.4150943396226414,-0.5197112269414484,0.3908045977011495,-1.0,-1.0,-0.6666666666666666,0.0,-0.8451171386343513,-0.40229172892870413,-0.5244290043610023,-0.30562144584394346,-0.5481401849064718,1.0,0.0,0.0,0.0,1.0,0.0,0,0.158
0.25244444444444425,-0.34476843910806165,-0.12003922175775412,-0.8259823576583804,-1.0,0.0,-0.6666666666666666,0.0,-0.12947222021932014,-0.1909774107253497,0.2805547342745212,1.1311075801094728,-0.36081487852074823,0.0,1.0,0.0,0.0,0.0,1.0,2,0.196
-0.8462222222222223,-0.7804459691252142,-0.6361837917806334,-0.5640203154236836,0.0,-1.5,-1.3333333333333333,-1.0,-1.2934315670228138,-0.2950673887848151,-0.45647313179096755,0.6596918309476223,-0.5323263814233498,0.0,0.0,0.0,1.0,0.0,1.0,1,0.09
-0.04266666666666677,0.8730703259005146,0.5181285946110222,1.0376904570970331,0.0,0.5,1.0,2.0,0.3956647157050174,0.40848756095605343,0.10619677072297366,-0.6706689133405814,0.5497204902171576,0.0,0.0,0.0,1.0,1.0,0.0,0,0.179
0.02133333333333313,-0.6449399656946825,-0.39041704655576775,-1.0740443731622564,-1.0,-0.5,-0.3333333333333333,0.0,-0.53624913768389,-0.4108687042449953,-0.4235253899031709,1.771103136470449,-0.4875403139109869,1.0,0.0,0.0,0.0,0.0,1.0,4,0.146
0.0035555555555553536,-0.5797598627787306,-0.3538100726519987,-0.9788826516974074,0.0,-0.5,-0.6666666666666666,0.0,-0.4671502721950979,-0.3333114656908839,-0.19028568260773154,1.493892257716186,-0.2676306170715975,1.0,0.0,0.0,0.0,0.0,1.0,2,0.169
0.32,0.13036020583190408,0.2573841839982109,-0.3309275594760759,1.0,0.0,1.0,0.0,0.22133916478908114,0.40874268345129716,-0.12721129918446797,0.34409242608224655,0.7945173081057836,1.0,0.0,0.0,0.0,0.0,1.0,3,0.191
0.7395555555555554,-0.45454545454545436,-0.04944005780048515,-1.145682972467255,1.0,0.0,0.6666666666666666,1.0,-0.05075653117452465,-0.07879640495958125,-0.31940646019661467,2.0104044631969127,0.3630939582885401,0.0,0.0,1.0,0.0,1.0,0.0,3,0.18
0.8106666666666665,-0.1938250428816466,0.21469898447758803,-0.9329056402031545,0.0,0.0,-0.3333333333333333,1.0,0.18869783840323237,0.34091654578719893,0.5514912410377707,1.376834089709076,0.2652870350462267,0.0,0.0,1.0,0.0,0.0,1.0,3,0.213
-0.7822222222222224,-0.7084048027444253,-0.6005630959958256,-0.479550922213312,0.0,-0.5,0.3333333333333333,0.0,-1.127268866059809,-0.8560939045161542,-0.8476830195453153,0.5360984889582738,-0.4989357127499463,0.0,0.0,1.0,0.0,1.0,0.0,1,0.116
0.035555555555555556,0.018867924528302032,0.03634320184869801,-0.21331194867682446,0.0,0.5,0.3333333333333333,0.0,0.03531607344573183,-0.20395221191203375,-0.11465449880151632,0.21061465864961917,0.09809718340141906,0.0,1.0,0.0,0.0,0.0,1.0,3,0.218
0.590222222222222,-0.35162950257289866,-0.008176933707201572,-0.9938519112536758,0.0,0.0,1.0,2.0,-0.00817053844715562,-0.013229923681927753,-0.36493109452123423,1.5353201065236977,0.05636422274779619,1.0,0.0,0.0,0.0,1.0,0.0,2,0.179
0.6684444444444444,1.130360205831904,1.316899187467387,0.3854584335739109,0.0,0.5,0.3333333333333333,1.0,0.7691090069169991,1.4238750920263288,1.3591636484588658,-0.30249974399522117,1.2984841969468932,0.0,0.0,1.0,0.0,0.0,1.0,0,0.157
-0.9671111111111113,-0.5197255574614065,-0.590493884502245,0.5020048115477147,0.0,-1.0,-1.0,0.0,-1.0860587746687107,-0.6272368775922268,-0.5354701012639514,-0.37900080796985675,-0.4894968823908837,0.0,1.0,0.0,0.0,0.0,1.0,2,0.154
-0.7964444444444445,-0.8936535162950255,-0.663776642411106,-0.9318364073777068,-1.0,-1.5,-1.0,-1.0,-1.451864553323007,-0.47044588122954456,-0.7322695690738412,1.372184909414625,-0.6156632982154375,0.0,0.0,0.0,1.0,0.0,1.0,1,0.115
-0.5511111111111112,-0.471698113207547,-0.4529195552573785,-0.302058273188987,0.0,-0.5,-0.6666666666666666,0.0,-0.6704891554097839,-0.5432894279667708,-0.3899031709660728,0.3101592646903675,-0.3605353687379058,1.0,0.0,0.0,0.0,1.0,0.0,4,0.139
-0.46577777777777785,0.012006861063464885,-0.2099281507858687,0.4806201550387599,-1.0,0.0,0.0,1.0,-0.24273470728689447,-0.33380956199112166,-0.2875150910390025,-0.36539067094476374,-0.40294560309610833,0.0,1.0,0.0,0.0,1.0,0.0,0,0.144
0.5297777777777777,1.130360205831904,1.1916648030597559,0.5308740978348039,0.0,0.5,0.6666666666666666,2.0,0.7211137509295951,1.2646786549942053,0.9304549486288711,-0.39685436709372535,1.1810900881530852,0.0,0.0,1.0,0.0,0.0,1.0,0,0.154
-0.7893333333333334,-0.20240137221269291,-0.43631338413812487,0.8195669607056941,-1.0,-0.5,-0.3333333333333333,0.0,-0.6325158077589333,-0.5081068210036276,-0.49747764062384503,-0.5621059228591238,-0.5090518168135885,1.0,0.0,0.0,0.0,0.0,1.0,0,0.172
-0.472888888888889,0.19725557461406518,-0.13063597736147672,0.840951617214649,-1.0,-0.5,-0.6666666666666666,1.0,-0.14200228474246623,0.1395155588276029,0.25921169339936423,-0.5733306586406851,-0.3657815523543324,0.0,0.0,1.0,0.0,1.0,0.0,0,0.162
0.5688888888888889,1.130360205831904,1.2269873217388312,0.4881047848168942,0.0,1.0,1.3333333333333333,1.0,0.7349517953796224,0.8830154021094987,0.5605089067928152,-0.36994635627301053,1.2142012470436465,0.0,1.0,0.0,0.0,1.0,0.0,1,0.147
0.9813333333333332,0.5042881646655232,0.9774360209412075,-0.41005078855920885,0.0,0.5,0.3333333333333333,2.0,0.6314947747871711,0.9923536143568363,0.9684685279241417,0.4426150781403672,0.9802730595570845,0.0,0.0,1.0,0.0,0.0,1.0,3,0.198
0.8035555555555554,1.130360205831904,1.4389224338132838,0.26035819299652513,0.0,0.0,-1.3333333333333333,1.0,0.8132004666610717,2.2861891259503317,7.902514967846845,-0.2132304654782027,1.4128682003870134,0.0,1.0,0.0,0.0,1.0,0.0,0,0.167
-0.6684444444444446,-0.5934819897084047,-0.53363380410911,-0.3854584335739109,-1.0,-1.0,-1.0,0.0,-0.8870051971886516,-0.4465372588181268,-0.38277342498829675,0.4114714251203626,-0.5546656632982154,0.0,0.0,1.0,0.0,1.0,0.0,1,0.113
-0.25244444444444447,-0.29502572898799306,-0.2695865086328007,-0.3630045442395082,-1.0,-1.0,-0.6666666666666666,1.0,-0.32811970416740793,0.3925970741094402,-0.020650085002587158,0.3831562892157275,-0.4309073317566115,0.0,0.0,1.0,0.0,0.0,1.0,4,0.155
-0.30933333333333346,-0.17495711835334468,-0.22944728286112412,-0.10104250200481162,1.0,0.5,-0.3333333333333333,2.0,-0.2696580926088096,-0.5418218661846066,-0.16415662650602414,0.09522686005131627,0.10998709954848414,1.0,0.0,0.0,0.0,1.0,0.0,4,0.165
0.10666666666666667,-0.367066895368782,-0.1856381850188942,-0.7661053194333067,0.0,0.5,1.0,1.0,-0.21047568979224307,-0.4861322700799628,-0.5237873785530671,1.0077635508313152,-0.10998709954848424,0.0,1.0,0.0,0.0,0.0,1.0,2,0.181
0.04266666666666651,-0.3379073756432246,-0.1887117028779825,-0.6848436246992786,-1.0,0.0,-0.3333333333333333,1.0,-0.2144847722589674,-0.3000969465481925,-0.09851984625619029,0.858226963736237,-0.39300150505267684,0.0,1.0,0.0,0.0,0.0,1.0,2,0.181
0.824888888888889,1.130360205831904,1.4581892621836885,0.24218123496391364,0.0,0.5,0.3333333333333333,1.0,0.8199404973828351,1.6034813286779555,1.5217772932219673,-0.1993612191189756,1.4309288325091378,0.0,0.0,1.0,0.0,1.0,0.0,0,0.173
-0.5511111111111112,-0.7667238421955401,-0.5759978898235595,-0.8922747928361404,1.0,-1.0,-0.6666666666666666,0.0,-1.0303034853112578,-0.5811690441653485,-0.6377965851134599,1.2771392775480594,-0.3772952053321867,0.0,0.0,1.0,0.0,0.0,1.0,1,0.101
-0.20977777777777798,-0.5351629502572898,-0.3849351751503788,-0.7757284148623366,-1.0,-0.5,-0.3333333333333333,0.0,-0.5255048037634865,-0.3992545563662782,-0.41469251238081156,1.026496030782048,-0.48497097398408945,1.0,0.0,0.0,0.0,0.0,1.0,2,0.179
-0.3520000000000002,0.08919382504288169,-0.11705745070042958,0.40470462443197003,0.0,0.0,-0.3333333333333333,1.0,-0.1259823436913702,-0.18623942152796508,0.01693584152561158,-0.3151693468628419,-0.04569984949473235,1.0,0.0,0.0,0.0,0.0,1.0,0,0.171
-0.760888888888889,-0.8936535162950255,-0.6587305683140953,-0.9692595562683777,0.0,-1.5,-1.3333333333333333,-1.0,-1.4203889954174953,-0.43837333897032554,-0.5472965481558134,1.469875813801468,-0.5534616211567405,0.0,1.0,0.0,0.0,0.0,1.0,1,0.106
0.9208888888888885,0.6569468267581476,1.0852843864145922,-0.24431970061480887,0.0,0.5,0.6666666666666666,0.0,0.677894160959015,1.129449154086698,0.8233239707295438,0.24368343771771364,1.0813695979359277,0.0,0.0,1.0,0.0,1.0,0.0,3,0.196
0.14577777777777756,0.6329331046312179,0.5069584214962757,0.43678160919540254,-1.0,0.5,0.6666666666666666,1.0,0.388941784996691,0.39428817179219916,0.24091765836351536,-0.3367116602572824,-0.06694259299075465,0.0,1.0,0.0,0.0,1.0,0.0,0,0.156
-0.8746666666666667,-0.8936535162950255,-0.6748780054245298,-0.8356054530874101,0.0,-1.5,-1.0,-1.0,-1.5259223636379056,-0.5410054741998265,-0.7620820706137432,1.1499262284314646,-0.5685981509352828,0.0,0.0,0.0,1.0,0.0,1.0,1,0.133
-0.4586666666666669,0.1475128644939967,-0.14524665554236696,0.7169206094627109,-1.0,0.0,0.0,1.0,-0.15961462625306402,-0.23103164247862426,-0.20066462167689153,-0.5065074507848254,-0.3726295420339712,0.0,1.0,0.0,0.0,1.0,0.0,0,0.132
-0.6257777777777779,-0.15094339622641503,-0.3505530611893826,0.49986634589681944,0.0,-0.5,-1.0,0.0,-0.46128822623845134,-0.3264110096290519,0.10888646610983803,-0.37750647344212834,-0.2645775102128574,0.0,1.0,0.0,0.0,0.0,1.0,0,0.169
0.2239999999999999,0.5180102915951973,0.4815216207072531,0.20475808607324253,1.0,0.0,0.0,1.0,0.37341309091233976,0.7648936868116248,0.6409225860497201,-0.17086400074989835,1.109675338636852,0.0,1.0,0.0,0.0,0.0,1.0,0,0.16
0.2773333333333332,0.12178387650085777,0.22864449834569037,-0.30633520449077795,1.0,0.5,0.3333333333333333,0.0,0.19951254055708662,0.040498873816413816,0.10666900731761383,0.31474409466244785,0.7541066437325306,1.0,0.0,0.0,0.0,0.0,1.0,3,0.183
0.8960000000000001,1.1286449399656948,1.520760580986622,0.1812349639133922,1.0,1.0,0.0,0.0,0.84143725530885,1.1942162515459207,2.036350925173084,-0.152384913854537,2.5709417329606534,1.0,0.0,0.0,0.0,0.0,1.0,0,0.131
-0.5653333333333334,-0.6603773584905659,-0.5348953226333626,-0.6634589681903237,-1.0,-1.0,-1.0,0.0,-0.8909139117891547,-0.4505463266005292,-0.38616120925419467,0.8207405977490225,-0.5552569339926897,1.0,0.0,0.0,0.0,0.0,1.0,4,0.116
0.7360000000000001,0.04116638078902239,0.39624296846777113,-0.6859128575247262,0.0,1.0,1.0,1.0,0.3189802131757369,0.002988577801427328,-0.0029104146647940194,0.8595509529612985,0.4354654912921953,0.0,0.0,1.0,0.0,0.0,1.0,3,0.207
0.9386666666666663,1.130360205831904,1.5609456801591808,0.14808874632451227,0.0,0.5,0.0,1.0,0.8549378175368322,1.7341040462427748,2.0903090891172047,-0.1263769319795233,1.527252203827134,0.0,0.0,0.0,1.0,0.0,1.0,0,0.143
0.7182222222222223,0.2881646655231563,0.6084303842470741,-0.4464047046244321,0.0,0.0,0.3333333333333333,1.0,0.4479906384394841,0.9665497962664646,0.5437723725753143,0.4910444361571151,0.6343689529133519,1.0,0.0,0.0,0.0,1.0,0.0,3,0.218
0.4124444444444442,0.3241852487135507,0.4572087182398375,-0.1940657578187651,0.0,1.0,0.6666666666666666,0.0,0.35827658401599144,0.06757101516885468,0.19081694877670174,0.18925426766685535,0.49261449150720266,1.0,0.0,0.0,0.0,0.0,1.0,3,0.196
0.17777777777777778,0.7118353344768439,0.584415658885391,0.4913124832932375,0.0,0.0,0.0,1.0,0.4344133567244007,0.9283907601921438,0.7790825880207948,-0.37207402857711036,0.6118576650182757,0.0,1.0,0.0,0.0,1.0,0.0,0,0.15
-0.3413333333333334,-0.20583190394511136,-0.2579576015092349,-0.10959636460839355,1.0,0.0,-0.3333333333333333,1.0,-0.31072814634619506,-0.41012763413976333,-0.21009498115160022,0.1033453042482427,0.06989894646312629,0.0,1.0,0.0,0.0,0.0,1.0,4,0.14
-0.21333333333333335,0.4819897084048029,0.16765581187318296,0.7853515102913664,0.0,0.0,0.0,2.0,0.15107160281613094,0.26616565468076897,0.2194822233720156,-0.5440747388022958,0.2211889916147065,0.0,1.0,0.0,0.0,0.0,1.0,0,0.17
0.5048888888888887,1.130360205831904,1.169186836627617,0.5586741512964449,-1.0,0.0,0.6666666666666666,0.0,0.7121784790061334,1.8575833339407681,0.9078183901249167,-0.41410289316848375,0.2434422704794668,1.0,0.0,0.0,0.0,0.0,1.0,0,0.17
-0.4408888888888891,0.18353344768439112,-0.11925937394276154,0.7436514300989043,1.0,0.0,0.0,1.0,-0.12855797806202748,-0.18973824431987985,-0.1657704437381428,-0.5215855374101149,0.2649215222532788,0.0,1.0,0.0,0.0,0.0,1.0,0,0.166
0.5084444444444444,0.8250428816466553,0.9233512813014283,0.24218123496391364,1.0,0.0,0.0,1.0,0.6071465700996659,1.46695434765178,1.2341852070860124,-0.1996972181764167,1.7309288325091376,0.0,0.0,1.0,0.0,0.0,1.0,0,0.157
0.3626666666666665,0.13722126929674097,0.28509171813088824,-0.35658914728682173,1.0,0.5,0.3333333333333333,0.0,0.24182033624746255,0.11225389790726663,0.17163527026598946,0.37517670508618545,0.8334766716835089,0.0,1.0,0.0,0.0,0.0,1.0,3,0.215
0.3662222222222221,0.5008576329331046,0.5641396156955841,0.03795776530339492,1.0,1.0,1.3333333333333333,0.0,0.42276336181494484,0.18084540305709654,0.026489393155443925,-0.03404904161445338,1.2258439045366591,0.0,1.0,0.0,0.0,0.0,1.0,0,0.165
-0.4160000000000001,-0.190394511149228,-0.28064199824534247,0.02512697139802201,0.0,-0.5,0.0,1.0,-0.3450202741653287,-0.17829417810465847,-0.3824654446004878,-0.022504722588651126,-0.19904321651257795,0.0,1.0,0.0,0.0,0.0,1.0,0,0.158
-0.21688888888888894,-0.4734133790737563,-0.3533742753436205,-0.6752205292702488,1.0,-0.5,-0.6666666666666666,0.0,-0.4663633625043298,-0.33238816523190623,-0.18940793850247614,0.8402363863691984,-0.06426574930122546,1.0,0.0,0.0,0.0,0.0,1.0,2,0.193
0.910222222222222,0.1869639794168097,0.6231786826306102,-0.6420743116813689,1.0,1.0,1.3333333333333333,1.0,0.45621356524829615,0.24338686046257363,0.0740538842486509,0.78486009107162,1.3088583100408515,1.0,0.0,0.0,0.0,0.0,1.0,2,0.198
0.12088888888888884,-0.3859348198970839,-0.19343666316881994,-0.7981823041967391,1.0,0.5,0.3333333333333333,1.0,-0.22068835981178586,-0.49604560132372133,-0.37911285809319667,1.072712271212815,0.1606213717480111,1.0,0.0,0.0,0.0,0.0,1.0,2,0.181
0.01422222222222217,0.6706689536878218,0.43651981444209337,0.6698743651430101,-1.0,0.5,0.6666666666666666,1.0,0.34516141726148747,0.3047474651757794,0.1699820755414294,-0.4802884576222118,-0.09995699849494734,1.0,0.0,0.0,0.0,0.0,1.0,0,0.161
0.43733333333333324,0.15265866209262444,0.3368139776252487,-0.39508152900294047,0.0,0.0,0.3333333333333333,1.0,0.27867428662439503,0.534955426455474,0.2311634795096247,0.4236209950882813,0.3797570414964524,0.0,1.0,0.0,0.0,1.0,0.0,3,0.199
0.25599999999999984,0.20583190394511147,0.2780501510955142,-0.1919272921678696,0.0,1.0,0.6666666666666666,0.0,0.2366658965105824,-0.12221582391202394,0.010394338088550519,0.18675536028303558,0.3246721135239734,0.0,0.0,1.0,0.0,0.0,1.0,3,0.198
-0.021333333333333385,0.8404802744425385,0.5152385703554614,0.9553595295375571,0.0,0.5,0.0,1.0,0.3939308480232037,0.4048137970245429,0.686195703057629,-0.6312668175676438,0.5470113953988389,0.0,0.0,1.0,0.0,0.0,1.0,0,0.174
0.6719999999999997,0.7958833619210978,1.0267040534883856,0.06468858593958836,1.0,0.5,0.3333333333333333,2.0,0.6530333997213508,1.0549825423321113,1.0251721170395869,-0.056833504812863866,1.8762524188346594,0.0,1.0,0.0,0.0,0.0,1.0,0,0.156
0.6684444444444444,1.130360205831904,1.316899187467387,0.3854584335739109,0.0,0.0,0.3333333333333333,1.0,0.7691090069169991,2.092296029565053,1.3591636484588658,-0.30249974399522117,1.2984841969468932,0.0,0.0,1.0,0.0,0.0,1.0,0,0.141
-0.0320000000000002,-0.36535162950257283,-0.2317409529052199,-0.6666666666666669,1.0,0.0,0.0,2.0,-0.27288356934117736,-0.3684697752735278,-0.3168040259196295,0.8263443709985769,0.10676198666953338,0.0,0.0,0.0,1.0,1.0,0.0,4,0.154
-0.34488888888888897,-0.5506003430531731,-0.4299599181159795,-0.6859128575247262,0.0,-0.5,-0.3333333333333333,0.0,-0.6184615376868271,-0.49464607220695533,-0.48724037253307706,0.859323970633013,-0.33901311545904106,0.0,1.0,0.0,0.0,1.0,0.0,2,0.162
-0.2915555555555557,0.10977701543739289,-0.07554202290229547,0.336273723603315,0.0,0.0,0.6666666666666666,2.0,-0.07894442960519177,-0.12027203347207138,-0.3456925862961047,-0.26795934934504917,-0.006783487422059811,0.0,0.0,1.0,0.0,0.0,1.0,0,0.163
-0.6115555555555556,-0.16981132075471683,-0.351998073317163,0.427158513766373,-1.0,-0.5,-0.3333333333333333,0.0,-0.4638835709210951,-0.32947247957197723,-0.36162133195358115,-0.3304986874924917,-0.46953343367017847,0.0,1.0,0.0,0.0,0.0,1.0,0,0.157
0.46577777777777757,1.0823327615780445,1.0954682814103778,0.5533279871692064,0.0,0.0,0.3333333333333333,1.0,0.6821365647300399,1.7404456625531206,1.1043142772668237,-0.41113625767772577,1.090915932057622,1.0,0.0,0.0,0.0,0.0,1.0,0,0.157
-0.4586666666666669,-0.6380789022298455,-0.5003297150688388,-0.731889869018979,0.0,-0.5,0.3333333333333333,0.0,-0.7903062385429361,-0.643734798951325,-0.7323223657117514,0.943704521326328,-0.40497742420984734,0.0,0.0,1.0,0.0,0.0,1.0,4,0.133
-0.2737777777777779,0.1663807890222985,-0.036778999157076345,0.3982892274792838,0.0,0.0,-0.3333333333333333,0.0,-0.03744120242884206,-0.05867817390607119,0.14628760440535138,-0.31072806428313227,0.02955278434745212,0.0,1.0,0.0,0.0,0.0,1.0,0,0.17
0.00711111111111096,0.9245283018867925,0.5905397579031267,1.018444266238974,1.0,0.5,0.3333333333333333,2.0,0.43789821626977865,0.5005357572400119,0.5231816837903761,-0.661583528358343,1.2629649537733818,0.0,0.0,1.0,0.0,1.0,0.0,0,0.186
-0.9671111111111113,-0.8936535162950255,-0.6879977980767578,-0.6933974873028605,0.0,-1.5,-1.0,-1.0,-1.6235758377051357,-0.624394084073796,-0.7973150269790819,0.8724588374749741,-0.5808965813803483,0.0,0.0,1.0,0.0,1.0,0.0,1,0.106
0.7573333333333332,-0.06689536878216108,0.3085100892811065,-0.7960438385458436,0.0,0.0,-0.3333333333333333,1.0,0.25872224993261506,0.4899809751510692,0.7026480153743808,1.0674891364059436,0.35322511287895086,1.0,0.0,0.0,0.0,0.0,1.0,2,0.176
0.9137777777777779,0.8130360205831905,1.2312535480208495,-0.10531943330660258,1.0,1.0,1.0,1.0,0.7366066886010146,0.8875347148823889,0.7445579865474167,0.09879224676321963,2.1638679853794884,1.0,0.0,0.0,0.0,0.0,1.0,3,0.207
-0.6862222222222224,-0.7993138936535161,-0.6135682051458489,-0.8259823576583804,0.0,-1.0,0.3333333333333333,0.0,-1.1839262093230414,-0.7005663719394412,-0.8626508663928281,1.1312615164618047,-0.5111266394323801,0.0,1.0,0.0,0.0,0.0,1.0,1,0.104
0.40533333333333327,-0.14922813036020563,0.08512956368661578,-0.695535952953756,-1.0,0.0,-0.3333333333333333,1.0,0.08034703355400306,0.13503269212546196,0.3427174957498704,0.8773636617606959,-0.26465276284669964,0.0,0.0,0.0,1.0,1.0,0.0,4,0.161
0.5333333333333333,0.18867924528301885,0.41794108708491734,-0.4250200481154772,0.0,0.0,-0.6666666666666666,1.0,0.3331934885607049,0.663865178695085,1.3641067336831987,0.4618123808016001,0.4558052031821113,0.0,1.0,0.0,0.0,0.0,1.0,3,0.187
-0.20266666666666677,0.3361921097770156,0.09476297787181817,0.5437048917401768,-1.0,0.0,1.0,2.0,0.08894031060032258,0.15034004184008923,-0.27278336248881,-0.40523621631961426,-0.2601376048161686,1.0,0.0,0.0,0.0,0.0,1.0,0,0.153
-0.9777777777777779,-0.40994854202401354,-0.565332324118514,0.8965517241379316,0.0,-1.0,-0.6666666666666666,0.0,-0.9916792757470265,-0.5472741983686739,-0.6163149530637889,-0.6016211698990666,-0.4659105568694904,1.0,0.0,0.0,0.0,0.0,1.0,0,0.158
-0.02488888888888899,0.13207547169811323,0.07666592122390234,0.0016038492381716732,0.0,0.0,0.0,1.0,0.07271849538048739,0.12158409201903957,0.09730640352822326,-0.0017766737622122663,0.13589550634272204,0.0,0.0,0.0,1.0,0.0,1.0,0,0.164
-0.6328888888888891,-0.26586620926243554,-0.39796322100084297,0.26891205560010706,0.0,0.0,0.0,0.0,-0.5512851857989649,-0.6325944499923463,-0.5399974129647424,-0.2191198760008659,-0.309019565684799,1.0,0.0,0.0,0.0,1.0,0.0,0,0.176
0.6115555555555554,0.34819897084048046,0.5971914010310047,-0.32023523122159847,0.0,0.5,0.6666666666666666,1.0,0.44166575639141437,0.5089912456538063,0.3317872717865325,0.33064143890858466,0.6238335841754461,0.0,0.0,1.0,0.0,0.0,1.0,3,0.197
0.6968888888888887,1.130360205831904,1.34258829196126,0.35872761293771743,0.0,1.0,0.6666666666666666,2.0,0.778600282399851,1.0054741998265169,1.0824432700125655,-0.283495329098455,1.3225650397763922,0.0,1.0,0.0,0.0,0.0,1.0,0,0.148
0.9955555555555555,0.9193825042881647,1.4015814854954043,-0.07110398289227482,0.0,0.0,0.6666666666666666,0.0,0.7999698767425898,2.2268549227707766,1.1418526868209031,0.0663628226325988,1.3778649752741348,0.0,0.0,0.0,1.0,0.0,1.0,3,0.198
0.05333333333333334,0.9519725557461406,0.6463906234768597,0.9756749532210643,0.0,0.0,0.3333333333333333,2.0,0.46898275687053037,1.0268680433562458,0.5874615904459202,-0.6408964264639228,0.669952698344442,1.0,0.0,0.0,0.0,0.0,1.0,0,0.142
-0.4835555555555556,-0.7753001715265865,-0.566983766550263,-0.9660518577920345,0.0,-1.0,-1.0,0.0,-0.9975363740003018,-0.5525224325565461,-0.47233412176312606,1.4599008623675438,-0.4674586110513868,1.0,0.0,0.0,0.0,0.0,1.0,1,0.103
0.4266666666666667,-0.5025728987993138,-0.18320689477215257,-1.0836674685912862,0.0,0.0,0.6666666666666666,1.0,-0.20731882357948625,-0.2913498895684055,-0.4541170818242294,1.7997268899701504,-0.10770801978069229,0.0,1.0,0.0,0.0,0.0,1.0,3,0.192
-0.15288888888888905,-0.34305317324185236,-0.2602742082537717,-0.5351510291365946,-1.0,-0.5,-0.3333333333333333,0.0,-0.31416201994463966,-0.13514203033770922,-0.2138277034518441,0.6161093366632616,-0.42654267899376475,0.0,1.0,0.0,0.0,1.0,0.0,2,0.172
-0.6755555555555557,-0.8867924528301886,-0.644074016732323,-1.03448275862069,0.0,-1.5,-1.6666666666666667,-1.0,-1.3355554394249187,-0.34521718213559394,0.08504878409342888,1.65072753768359,-0.5397226402924102,0.0,1.0,0.0,0.0,1.0,0.0,1,0.113
0.17422222222222217,0.6878216123499143,0.5651947039158681,0.46672012830793935,-1.0,0.0,0.0,2.0,0.42337388349092525,0.8978489529043875,0.7532738315224086,-0.3563951872350305,-0.03964738765856807,0.0,1.0,0.0,0.0,0.0,1.0,0,0.164
0.03199999999999995,-0.46826758147512854,-0.27543536724524503,-0.848436246992783,0.0,-0.5,-0.6666666666666666,0.0,-0.337015351428466,-0.16726316735792718,-0.03243033483627775,1.1783848127136867,-0.19416254568909916,0.0,1.0,0.0,0.0,0.0,1.0,2,0.206
-0.46933333333333344,-0.2984562607204115,-0.35071361809246937,-0.08928094092488632,0.0,0.0,0.3333333333333333,0.0,-0.4615761728300624,-0.5575155442491745,-0.5601261311679673,0.0837697156382129,-0.2647280154805418,0.0,1.0,0.0,0.0,0.0,1.0,4,0.137
0.28444444444444444,0.7924528301886793,0.7229303928483367,0.4517508687516707,0.0,0.0,-0.6666666666666666,2.0,0.5096692005103945,1.1484885814460344,1.978389016187449,-0.3467128023544091,0.7417007095248332,1.0,0.0,0.0,0.0,0.0,1.0,2,0.153
0.7964444444444442,0.36020583190394506,0.7208660898086505,-0.4282277465918206,0.0,0.0,0.0,2.0,0.5085992022217933,1.1452084350786143,0.9623001207283118,0.4660425834676675,0.7397656417974628,0.0,0.0,1.0,0.0,0.0,1.0,3,0.188
0.7182222222222223,-0.327615780445969,0.05755964975658423,-1.0205827318898695,0.0,0.0,0.0,2.0,0.05521877932411811,0.09122451508502875,0.07165163722374154,1.6091005429290552,0.1179853794882821,0.0,0.0,0.0,1.0,1.0,0.0,3,0.183
0.9884444444444443,1.130360205831904,1.6059016130234585,0.10959636460839355,0.0,0.0,0.0,2.0,0.869769977766303,2.551516521003871,2.1506732451277495,-0.0949494227674202,1.5693936787787572,0.0,1.0,0.0,0.0,0.0,1.0,0,0.154
0.9031111111111108,1.130360205831904,1.5288342995418394,0.1769580326116012,0.0,0.0,1.0,0.0,0.8441684732222179,2.429057723286853,1.010940489976265,-0.149009794636841,1.4971511502902601,0.0,0.0,0.0,1.0,0.0,1.0,0,0.152
-0.06755555555555576,0.11149228130360204,0.04182507325408701,0.024057738572574146,0.0,0.0,-0.3333333333333333,0.0,0.04050723771228892,0.06622251055113759,0.2729414590878853,-0.021670219451333027,0.10323586325521396,0.0,1.0,0.0,0.0,0.0,1.0,0,0.162
0.615111111111111,0.7478559176672385,0.9413795278480215,0.06682705159048385,1.0,0.5,0.3333333333333333,0.0,0.6153471696925451,0.9465190357827523,0.9269703705268045,-0.05882266828255636,1.756278219737691,0.0,1.0,0.0,0.0,0.0,1.0,0,0.131
-0.8782222222222223,-0.5437392795883361,-0.5724427012552109,0.1609195402298852,-1.0,-1.0,-1.3333333333333333,0.0,-1.0172156100879683,-0.5698707622331237,-0.19970988247468408,-0.13673454142211894,-0.5728552999354978,0.0,1.0,0.0,0.0,0.0,1.0,0,0.139
0.14222222222222222,0.3893653516295026,0.3392911412728722,0.14167334937182582,0.0,1.0,1.3333333333333333,0.0,0.28039650553154544,-0.057341817978603625,-0.15465851134599745,-0.12128680082521441,0.38207912276929695,1.0,0.0,0.0,0.0,0.0,1.0,0,0.181
0.8462222222222221,1.130360205831904,1.4774560905540934,0.2240042769313019,1.0,0.0,0.0,2.0,0.8266229261611466,2.3474185248088406,1.9782042279547638,-0.18555137077927142,2.510051601806063,1.0,0.0,0.0,0.0,1.0,0.0,0,0.141
-0.8497777777777779,-0.4339622641509433,-0.5312025138623684,0.38866613205025424,-1.0,-1.0,-1.0,0.0,-0.879526712875151,-0.438810691819315,-0.37624424076674806,-0.30459282344423166,-0.5535261234143195,0.0,0.0,1.0,0.0,0.0,1.0,0,0.151
0.7679999999999998,1.130360205831904,1.4068110531959426,0.29243517775995714,0.0,0.5,0.0,0.0,0.8018363452681428,1.538169969895546,1.8833462685096212,-0.2364799790803952,1.3827671468501397,0.0,0.0,0.0,1.0,0.0,1.0,0,0.182
-0.13866666666666688,0.04288164665523156,-0.03441651901165762,0.014434643143544583,0.0,0.5,0.6666666666666666,0.0,-0.0349815472495944,-0.2939011145208434,-0.30427692364550224,-0.012759963369861559,0.031767361857665016,0.0,0.0,0.0,1.0,0.0,1.0,0,0.142
-0.20977777777777798,-0.1732418524871354,-0.18747312105417085,-0.2218658112804064,0.0,0.0,0.3333333333333333,2.0,-0.2128666983388847,-0.2981288587277406,-0.3722492951648839,0.21972641920041414,-0.11170715975059131,0.0,0.0,0.0,1.0,0.0,1.0,3,0.195
0.14577777777777756,-0.3327615780445967,-0.14903121111512505,-0.7479283614006953,0.0,0.0,0.3333333333333333,1.0,-0.16424212594180712,-0.23704524415222783,-0.32800571259622185,0.9738420914123325,-0.07567189851644804,0.0,0.0,0.0,1.0,0.0,1.0,3,0.199
-0.5795555555555557,-0.22641509433962256,-0.3617461710045702,0.24218123496391364,-1.0,-1.0,-0.6666666666666666,0.0,-0.4816205980034943,0.09971644956957204,-0.20626986473501363,-0.1997407279030202,-0.4741023435820254,0.0,1.0,0.0,0.0,1.0,0.0,0,0.151
-0.672,-0.183533447684391,-0.38213689769658193,0.5394279604383858,0.0,0.0,0.6666666666666666,0.0,-0.5200766430538118,-0.6074466611754586,-0.6544506245842264,-0.4020503570907603,-0.29418404644162544,0.0,1.0,0.0,0.0,1.0,0.0,0,0.162
-0.4906666666666668,0.3053173241852489,-0.09290510513610069,1.0868751670676295,0.0,0.5,0.3333333333333333,0.0,-0.0982741207592755,-0.368251098849033,-0.2634090261132171,-0.6934588308598328,-0.02305955708449796,1.0,0.0,0.0,0.0,1.0,0.0,0,0.162
0.41955555555555546,0.5368782161234993,0.6278577695205655,0.027265437048917495,0.0,0.5,0.0,1.0,0.45880442746213906,0.5479739629270567,0.8374140734718009,-0.024118692468211203,0.6525800903031606,0.0,1.0,0.0,0.0,1.0,0.0,1,0.161
-0.6435555555555557,-0.7598627787307032,-0.5909067451101822,-0.7853515102913662,-1.0,-1.0,-0.6666666666666666,0.0,-1.087706462154122,-0.6285489361391948,-0.6678246729248281,1.0466870123841203,-0.581509352827349,0.0,1.0,0.0,0.0,0.0,1.0,1,0.097
0.19199999999999995,0.45454545454545453,0.4157850372434674,0.16519647153167616,1.0,0.5,0.3333333333333333,1.0,0.3317926804424982,0.2783896668100213,0.32205289167185824,-0.13983789906304206,1.0172436035261236,0.0,1.0,0.0,0.0,0.0,1.0,0,0.162
-0.29511111111111127,-0.2521440823327615,-0.2632101059102143,-0.24538893344025672,-1.0,-0.5,0.0,1.0,-0.31853563853894484,-0.14136215974555771,-0.3590589351270111,0.24522381835262141,-0.42791872715545043,0.0,0.0,1.0,0.0,0.0,1.0,4,0.133
0.7395555555555554,0.46140651801029164,0.7773133095938484,-0.2999198075380915,0.0,0.0,0.0,1.0,0.5373428901697241,1.2349022151921802,1.0380940941680832,0.3067548865550747,0.7926789937647818,0.0,0.0,1.0,0.0,1.0,0.0,3,0.227
-0.6222222222222223,-0.27444253859348183,-0.3972751199876142,0.22828120823309286,0.0,0.0,-0.6666666666666666,0.0,-0.5499020740691988,-0.6315010678698729,-0.2778291078424126,-0.18871608752444188,-0.3083745431090088,0.0,0.0,0.0,1.0,1.0,0.0,0,0.167
0.18844444444444433,0.6037735849056604,0.5172340632938249,0.3480352846832398,1.0,1.0,0.6666666666666666,1.0,0.39512845310885814,0.13115725993580654,0.2512657993938946,-0.27626421750995395,1.159890346162116,0.0,1.0,0.0,0.0,0.0,1.0,0,0.166
0.583111111111111,-0.15094339622641503,0.15868756200076825,-0.7928361400695004,0.0,0.0,-0.3333333333333333,1.0,0.14368845196555227,0.25191524101786583,0.46124066819424914,1.0620502049834064,0.21278219737690812,1.0,0.0,0.0,0.0,0.0,1.0,2,0.176
0.4586666666666666,-0.478559176672384,-0.15483419632668746,-1.0708366746859133,0.0,0.0,0.0,2.0,-0.17139124598072716,-0.24626610005175337,-0.2135382018873038,1.7593134942509479,-0.0811115889056117,0.0,0.0,0.0,1.0,0.0,1.0,3,0.198
0.9706666666666666,1.130360205831904,1.5898459227147879,0.12349639133921408,0.0,1.0,0.6666666666666666,1.0,0.8645050168154429,1.267399961610139,1.3314454135560645,-0.10613935906543237,1.5543431520103204,0.0,1.0,0.0,0.0,0.0,1.0,2,0.143
0.8568888888888887,1.130360205831904,1.4870895047392958,0.2143811815022723,0.0,1.0,1.0,2.0,0.829942845862356,1.1585476969727895,0.9735722029221175,-0.17866848377646002,1.4580197806923243,0.0,1.0,0.0,0.0,0.0,1.0,0,0.169
-0.13511111111111127,0.2830188679245283,0.1050844930702493,0.35872761293771743,0.0,0.5,0.0,0.0,0.09804378537034607,-0.11656911268396161,0.13546517357774646,-0.2836830757150029,0.16253493872285527,0.0,1.0,0.0,0.0,1.0,0.0,0,0.166
0.5262222222222221,1.130360205831904,1.1884536649980217,0.5340817963111467,-1.0,0.0,0.3333333333333333,2.0,0.7198435179454953,1.8881980333700226,1.2113330623105918,-0.39931242002459455,0.2524725865405289,0.0,1.0,0.0,0.0,0.0,1.0,0,0.169
-0.12800000000000006,0.3704974271012008,0.1596738401197295,0.47420475808607365,0.0,1.0,1.3333333333333333,0.0,0.14450382993735264,-0.24761460466947063,-0.29936617636188934,-0.3614162492461291,0.2137067297355407,0.0,1.0,0.0,0.0,0.0,1.0,0,0.158
0.04622222222222212,-0.6638078902229845,-0.39665582907570834,-1.1114675220529273,-1.0,-1.0,-1.0,0.0,-0.5486593618590394,-0.011225389790726563,-0.014921649789341497,1.8900132574415702,-0.49046441625456894,0.0,1.0,0.0,0.0,0.0,1.0,4,0.133
0.2915555555555554,-0.5814751286449398,-0.2801832642365233,-1.116813686180166,-1.0,-0.5,-0.3333333333333333,0.0,-0.34431169327344585,-0.17732228288468221,-0.2459069406460197,1.909039594014422,-0.4358740055901957,1.0,0.0,0.0,0.0,1.0,0.0,4,0.133
-0.6293333333333334,-0.7375643224699827,-0.579530141691467,-0.7532745255279338,1.0,-1.0,-0.6666666666666666,0.0,-1.043527556264956,-0.5923944339560752,-0.6449109320718456,0.9828001747643847,-0.3822618791657708,0.0,1.0,0.0,0.0,0.0,1.0,1,0.131
0.6862222222222221,1.130360205831904,1.3329548777760576,0.368350708366747,0.0,1.0,0.6666666666666666,1.0,0.7750545414557501,0.9952693000167654,1.0727418877965849,-0.2906084769026784,1.31353472371533,1.0,0.0,0.0,0.0,0.0,1.0,0,0.169
-0.18133333333333337,-0.1646655231560891,-0.17095869673668104,-0.2421812349639134,0.0,0.0,0.3333333333333333,1.0,-0.19160635790672684,-0.2718876877883796,-0.3532425055172487,0.2409869929430354,-0.09622661793162765,0.0,1.0,0.0,0.0,0.0,1.0,3,0.21
-0.6471111111111112,0.06689536878216133,-0.27651339216597004,1.026998128842556,1.0,-0.5,-0.3333333333333333,2.0,-0.33866604448214793,-0.16954712112487147,-0.23999371720008866,-0.6654373042208053,0.04380778327241453,0.0,1.0,0.0,0.0,0.0,1.0,3,0.171
-0.664888888888889,-0.7667238421955401,-0.5975813249385011,-0.7767976476877841,1.0,-1.0,-0.6666666666666666,0.0,-1.114837460165358,-0.6497605493151782,-0.6812680168526868,1.0295860520746885,-0.4076435175231133,0.0,1.0,0.0,0.0,0.0,1.0,1,0.091
0.615111111111111,0.13207547169811323,0.4143858985165688,-0.5330125634856991,0.0,0.0,-0.6666666666666666,1.0,0.33088230086546583,0.6582160377289725,1.3569461896666417,0.6126247274130207,0.45247258654052885,1.0,0.0,0.0,0.0,1.0,0.0,2,0.162
-1.0026666666666668,-0.8936535162950255,-0.6930438721737685,-0.6281742849505481,1.0,-1.5,-1.0,-1.0,-1.6646406844891275,-0.656466626333015,-0.8108661640426738,0.7608448291737717,-0.5418727155450441,0.0,0.0,0.0,1.0,1.0,0.0,1,0.11
-0.26666666666666666,-0.5008576329331045,-0.38268737850716494,-0.6752205292702488,-1.0,-1.0,-0.6666666666666666,0.0,-0.5211415047661624,0.03316592438169241,-0.24844777884544317,0.8400484146442432,-0.48391743711029883,0.0,1.0,0.0,0.0,1.0,0.0,2,0.154
-0.14577777777777784,-0.7341337907375642,-0.48055827928873296,-1.113605987703823,0.0,-1.0,-0.6666666666666666,0.0,-0.7380902853071569,-0.2778648433912339,-0.4455706260625323,1.8999382711821067,-0.3864437755321436,0.0,1.0,0.0,0.0,0.0,1.0,4,0.134
-0.9813333333333334,-0.5265866209262434,-0.5962739330133664,0.5298048650093558,0.0,-1.0,-0.6666666666666666,0.0,-1.1094484803965896,-0.6456056972497796,-0.6786347845369206,-0.3964642988126821,-0.49491507202752094,1.0,0.0,0.0,0.0,0.0,1.0,0,0.145
-0.04266666666666677,-0.3825042881646655,-0.24580115027552715,-0.6827051590483831,1.0,0.0,0.3333333333333333,0.0,-0.29295192184900715,-0.39081121664273366,-0.43938022026757334,0.8530618766076526,0.08699204472156534,1.0,0.0,0.0,0.0,1.0,0.0,0,0.188
0.6008888888888888,0.6123499142367067,0.8153423589249569,-0.05399625768511094,0.0,1.0,0.6666666666666666,1.0,0.5561287016796167,0.446950314286617,0.5514773819203193,0.04922364134387463,0.8283272414534509,1.0,0.0,0.0,0.0,0.0,1.0,3,0.187
-0.8071111111111112,-0.8936535162950255,-0.6652904646402092,-0.9190056134723338,0.0,-1.5,-1.3333333333333333,-1.0,-1.4615597087934786,-0.4800676439073103,-0.5737212654298174,1.3424872185381709,-0.5596108363792732,1.0,0.0,0.0,0.0,1.0,0.0,1,0.099
-0.8106666666666669,-0.8936535162950255,-0.6657950720499103,-0.9147286821705428,-1.0,-1.5,-1.0,-1.0,-1.4648183263407366,-0.4832748981332323,-0.7376900238992781,1.332546783795891,-0.6166093313265965,1.0,0.0,0.0,0.0,0.0,1.0,1,0.097
0.1991111111111109,0.37221269296741,0.36280125922485423,0.05934242181234977,-1.0,0.0,-0.3333333333333333,1.0,0.2965555252697992,0.5762488246142186,0.7901267647276221,-0.052089732127646705,-0.13450870780477314,0.0,1.0,0.0,0.0,0.0,1.0,0,0.163
0.935111111111111,0.3876500857632934,0.8327283778592032,-0.48275862068965536,0.0,0.0,0.0,0.0,0.5645690811511515,1.3229559221220364,1.1125021558627144,0.5410926423386303,0.8446248118684154,1.0,0.0,0.0,0.0,0.0,1.0,2,0.197
0.7217777777777776,0.777015437392796,1.0484939189072957,0.0058807805399626436,1.0,0.5,1.3333333333333333,0.0,0.6623733195632647,1.082681556101437,0.41670670411708177,-0.00545478453236928,1.9068909911846916,0.0,1.0,0.0,0.0,0.0,1.0,0,0.159
-0.9386666666666668,-0.8936535162950255,-0.6839609387991491,-0.7404437316225609,0.0,-1.5,-0.6666666666666666,-1.0,-1.5922093401979158,-0.5987360502664207,-0.8552461379259368,0.9597043878075567,-0.5771124489357128,0.0,0.0,1.0,0.0,0.0,1.0,1,0.123
0.9955555555555555,1.130360205831904,1.6123238891469267,0.10425020048115496,-1.0,1.0,1.0,0.0,0.8718660758046166,1.2912113944995591,1.085677064084559,-0.09048396585801545,0.45113953988389593,0.0,1.0,0.0,0.0,0.0,1.0,0,0.169
-0.6008888888888889,-0.6809605488850771,-0.5512721267482067,-0.6655974338412192,0.0,-0.5,-0.6666666666666666,0.0,-0.943513332921434,-0.751663763129697,-0.5879961564047601,0.82354413512858,-0.452730595570845,1.0,0.0,0.0,0.0,0.0,1.0,4,0.137
-0.9777777777777779,-0.4939965694682675,-0.5868928225330146,0.6228281208233095,1.0,-1.0,-0.6666666666666666,0.0,-1.0718326128794033,-0.6157928113770055,-0.6597401877448443,-0.45302737571410745,-0.3926144915072028,0.0,1.0,0.0,0.0,0.0,1.0,0,0.173
-0.0960000000000001,-0.19725557461406504,-0.15462776602271883,-0.37797380379577655,0.0,0.0,0.3333333333333333,1.0,-0.1711358050214095,-0.24593808541501133,-0.33444690242125374,0.40199618178921404,-0.08091808213287463,1.0,0.0,0.0,0.0,0.0,1.0,3,0.188
0.16711111111111096,-0.20411663807890207,-0.05308699317059751,-0.6057203956161457,0.0,-0.5,-0.6666666666666666,1.0,-0.0546343674393401,0.30381444576460226,0.41540394707665,0.7244885269389794,0.014265749301225523,0.0,1.0,0.0,0.0,1.0,0.0,2,0.194
0.4017777777777777,-0.2830188679245282,-0.020126954636940704,-0.8377439187383056,0.0,0.0,0.3333333333333333,0.0,-0.02026691753615857,-0.032218326542215354,-0.17964716006884682,1.1553844832601237,0.045162330681573895,0.0,1.0,0.0,0.0,1.0,0.0,2,0.182
-0.24177777777777792,0.4322469982847342,0.1223787652027317,0.7618283881315158,-1.0,0.5,0.3333333333333333,1.0,0.1130635292025591,-0.09458484280809686,-0.01563440440112774,-0.5312059497919408,-0.24719415179531284,0.0,1.0,0.0,0.0,0.0,1.0,0,0.166
-0.9706666666666668,-0.4305317324185247,-0.5683599685767204,0.8013900026730821,1.0,-1.5,-1.0,0.0,-1.0024510285250336,0.13601673603568812,-0.4760298864168329,-0.5524907399385709,-0.36655557944528055,1.0,0.0,0.0,0.0,1.0,0.0,0,0.161
0.2879999999999998,0.5283018867924529,0.5321199818800066,0.14701951349906442,0.0,0.0,0.0,2.0,0.4040048990952185,0.8452937188841673,0.7088630596003646,-0.12555208442661525,0.562835949258224,0.0,0.0,1.0,0.0,0.0,1.0,0,0.133
-0.46577777777777785,-0.02229845626072036,-0.2253416134821926,0.4175354183373429,-1.0,-0.5,0.6666666666666666,0.0,-0.26391750558047045,-0.06113220933651136,-0.4965490797546012,-0.3236625412865713,-0.4101698559449581,0.0,0.0,0.0,1.0,0.0,1.0,0,0.178
-0.2560000000000001,-0.49742710120068595,-0.3777789246127999,-0.6784282277465921,0.0,-1.0,-1.3333333333333333,0.0,-0.5116972846609138,0.048764842662312645,0.5844389829255672,0.8467967655190415,-0.29009890346162115,1.0,0.0,0.0,0.0,1.0,0.0,2,0.188
-0.29866666666666686,-0.40480274442538583,-0.3427775197398979,-0.4891740176423418,-1.0,-0.5,-1.0,0.0,-0.4474687946275557,-0.3099373856504531,0.12976753640328165,0.550334745798239,-0.46521178241238437,1.0,0.0,0.0,0.0,0.0,1.0,2,0.184
0.8106666666666665,1.130360205831904,1.445344709936752,0.25394279604383846,0.0,1.0,0.3333333333333333,0.0,0.8154536050832542,1.1143264644638664,1.5069942346071399,-0.20860073619982644,1.4188884110943882,0.0,1.0,0.0,0.0,0.0,1.0,0,0.176
-1.0026666666666668,-0.7701543739279586,-0.6624921871864125,-0.2122427158513766,-1.0,-1.5,-0.6666666666666666,-1.0,-1.4437315933367825,-0.4622819613817433,-0.8120056914775666,0.20845401787201515,-0.6150612771447,0.0,0.0,1.0,0.0,1.0,0.0,1,0.094
0.2453333333333333,-0.25557461406517995,-0.05859180127642744,-0.7190590751136061,-1.0,-0.5,-0.6666666666666666,1.0,-0.060524372082077955,0.29215170312488625,0.40431665311552945,0.9183771689384302,-0.33201462051171793,1.0,0.0,0.0,0.0,0.0,1.0,2,0.176
0.25599999999999984,1.130360205831904,0.9444071723062278,0.877305533279872,0.0,0.0,-0.3333333333333333,2.0,0.6167159741215951,1.500411840599465,1.7272618079680684,-0.5923610611989797,0.9493119759191572,1.0,0.0,0.0,0.0,0.0,1.0,0,0.175
-0.721777777777778,-0.09262435677530002,-0.37039330707081136,0.8826516974071106,0.0,-0.5,-0.3333333333333333,0.0,-0.49769836158428377,-0.36844547789302823,-0.3912613644763101,-0.5950275425334524,-0.2831756611481402,1.0,0.0,0.0,0.0,0.0,1.0,3,0.173
-0.8711111111111113,-0.3361921097770153,-0.5088851043333161,0.7254744720662928,-1.0,-1.0,-0.6666666666666666,0.0,-0.8140285875955483,-0.3678866381415419,-0.5026239929041317,-0.5113686677132563,-0.5430660073102559,0.0,0.0,1.0,0.0,0.0,1.0,0,0.155
-0.8960000000000001,-0.634648370497427,-0.6034531202513863,-0.05399625768511094,1.0,-1.5,-1.0,0.0,-1.1395093681133166,-0.08703321694888065,-0.5702718850863576,0.05017641787138296,-0.4158998064932272,0.0,1.0,0.0,0.0,0.0,1.0,1,0.09
0.8426666666666668,1.130360205831904,1.4742449524923593,0.22721197540764523,0.0,1.0,0.6666666666666666,1.0,0.825513146428058,1.144941163893121,1.2150288269642986,-0.18784891961867384,1.4459793592775747,0.0,1.0,0.0,0.0,1.0,0.0,0,0.14
0.07111111111111111,-0.5797598627787306,-0.3362405601142248,-1.014167334937183,0.0,-0.5,-0.3333333333333333,0.0,-0.436036734021798,-0.29608787876579035,-0.33623142878261514,1.5926866035864224,-0.2511610406364223,0.0,1.0,0.0,0.0,0.0,1.0,2,0.189
0.7217777777777776,1.130360205831904,1.3650662583933988,0.33520449077786685,0.0,1.0,0.6666666666666666,1.0,0.7868116799973637,1.029285632715937,1.1050798285165198,-0.2669603106579462,1.3436357772522038,1.0,0.0,0.0,0.0,0.0,1.0,0,0.147
0.6222222222222222,1.130360205831904,1.2751543926648432,0.4325046778936116,0.0,0.0,0.3333333333333333,1.0,0.7534356571710569,2.025964180801668,1.3111187079606768,-0.3336311718008135,1.2593528273489571,0.0,1.0,0.0,0.0,0.0,1.0,0,0.164
-0.5013333333333334,-0.5969125214408232,-0.49253123691891315,-0.6099973269179366,0.0,-1.0,0.0,0.0,-0.7692922923219414,-0.3159145412533074,-0.6669777268583537,0.7323681573900982,-0.3976671683508923,0.0,1.0,0.0,0.0,1.0,0.0,4,0.14
-0.29511111111111127,0.22984562607204126,-0.0157231081522768,0.5372894947874901,0.0,0.0,-0.3333333333333333,1.0,-0.01578733136127556,-0.025220680958385814,0.1802147239263803,-0.4007882111015884,0.049290475166630834,0.0,0.0,1.0,0.0,1.0,0.0,0,0.149
-0.13155555555555565,-0.7135506003430531,-0.46585585430607884,-1.0911520983694203,-1.0,-0.5,0.0,0.0,-0.7014038353774958,-0.5706968731701035,-0.6311596077561781,1.825237800568959,-0.5228983014405504,0.0,1.0,0.0,0.0,0.0,1.0,4,0.14
-0.46933333333333344,-0.588336192109777,-0.4805812159891739,-0.629243517775996,1.0,-0.5,-0.3333333333333333,0.0,-0.7381488845473151,-0.6018947097313438,-0.5688058984403873,0.7628335957865992,-0.2431305095678349,1.0,0.0,0.0,0.0,1.0,0.0,4,0.114
-0.1920000000000002,-0.36363636363636354,-0.28527521173441595,-0.529804865009356,0.0,0.0,0.3333333333333333,0.0,-0.3522131674609158,-0.4535349044019563,-0.4848117271892125,0.6082667576954782,-0.20338636852289826,0.0,0.0,0.0,1.0,0.0,1.0,4,0.139
0.5191111111111109,-0.19554030874785575,0.09517583847975546,-0.8056669339748733,0.0,0.0,-0.3333333333333333,1.0,0.08930649182494267,0.15099607111357333,0.35890494493310665,1.0883363134188773,0.1532466136314771,0.0,1.0,0.0,0.0,0.0,1.0,2,0.159
0.03199999999999995,-0.3481989708404802,-0.19901028137597268,-0.6912590216519651,1.0,0.5,0.3333333333333333,1.0,-0.2280700236718219,-0.5031307174773486,-0.3855276495992735,0.8685497543507036,0.1527843474521609,0.0,0.0,0.0,1.0,1.0,0.0,0,0.206
-0.04622222222222237,-0.3825042881646655,-0.24699385869845703,-0.6794974605720397,-1.0,-1.0,-1.6666666666666667,0.0,-0.2946782328272795,0.4643958334851919,3.2841026683420793,0.848377449472587,-0.4203182111373898,0.0,0.0,0.0,1.0,0.0,1.0,4,0.119
-0.18133333333333337,0.1063464837049743,-0.02019576473826362,0.1641272387062283,-1.0,-0.5,-0.6666666666666666,1.0,-0.020337115099746304,0.3734993330369054,0.48165052849434536,-0.13931322120849945,-0.31401849064717263,0.0,0.0,0.0,1.0,0.0,1.0,0,0.169
0.430222222222222,-0.3173241852487134,-0.03652669545222572,-0.8879978615343495,-1.0,0.5,0.6666666666666666,0.0,-0.037178151472387934,-0.29658354532797815,-0.30640198832138366,1.2690390520857306,-0.3216727585465491,0.0,1.0,0.0,0.0,1.0,0.0,2,0.19
-0.6755555555555557,-0.7598627787307032,-0.597053780828359,-0.7489975942261429,0.0,-1.0,-0.6666666666666666,0.0,-1.1126584878828165,-0.6480840300607191,-0.680205484514746,0.9757276352701543,-0.4956460976134165,1.0,0.0,0.0,0.0,0.0,1.0,1,0.121
-0.2595555555555557,0.46140651801029164,0.12634681437901749,0.840951617214649,0.0,1.0,1.0,0.0,0.11646938793161225,-0.28291869853511087,-0.24451076288795262,-0.573671726026614,0.18246613631477104,0.0,0.0,0.0,1.0,0.0,1.0,0,0.159
-0.8035555555555556,-0.8936535162950255,-0.6647858572305082,-0.9232825447741247,0.0,-1.5,-1.3333333333333333,-1.0,-1.4583146150704551,-0.4768603896813884,-0.5716885948702786,1.352406965523808,-0.5591378198236938,0.0,0.0,0.0,1.0,0.0,1.0,1,0.116
-0.3840000000000002,-0.7718696397941679,-0.546776533461779,-1.0323442929697944,0.0,-0.5,-0.3333333333333333,0.0,-0.928718402077615,-0.7421391899739289,-0.675465666346367,1.6447691277107823,-0.4485164480756827,0.0,0.0,1.0,0.0,0.0,1.0,4,0.149
-0.9386666666666668,-0.7152658662092624,-0.6355415641682867,-0.19299652499331724,1.0,-1.5,-1.6666666666666667,-1.0,-1.2901007037934253,-0.2909854288609144,0.15379000665237638,0.18833350956988054,-0.4610191356697484,0.0,0.0,1.0,0.0,1.0,0.0,1,0.104
0.17066666666666658,0.5162950257289881,0.44445591279466495,0.26356589147286846,0.0,0.5,0.3333333333333333,1.0,0.35021833134334307,0.31483573755913385,0.3550507903656695,-0.21569022360683954,0.48066007310255865,0.0,1.0,0.0,0.0,0.0,1.0,0,0.17
0.6755555555555556,1.1166380789022297,1.311256759158911,0.3662122427158518,0.0,0.5,1.3333333333333333,0.0,0.7670087942233781,1.4167025053029034,0.6284001034814101,-0.28876046626296253,1.2931950118254139,0.0,1.0,0.0,0.0,1.0,0.0,0,0.165
-0.8000000000000002,-0.25728987993138924,-0.45835555326188554,0.7115744453354722,-1.0,-1.0,-1.0,0.0,-0.683331327150779,-0.20730525042095205,-0.18061509843053192,-0.5037217151943983,-0.5193829284024941,0.0,1.0,0.0,0.0,0.0,1.0,0,0.167
-0.5866666666666668,-0.6946826758147511,-0.5536575435940664,-0.7094359796845765,-1.0,-1.0,-1.6666666666666667,0.0,-0.9514788804950438,-0.5101720983460772,0.8134839973390494,0.9025603397571924,-0.5640507417759622,0.0,0.0,1.0,0.0,0.0,1.0,1,0.124
0.04266666666666651,-0.3361921097770153,-0.18763367795725752,-0.6827051590483831,0.0,-0.5,0.3333333333333333,1.0,-0.21307625986644316,0.018757577745543267,-0.37243408339756917,0.8543703691651962,-0.11185766501827564,1.0,0.0,0.0,0.0,0.0,1.0,2,0.18
0.05688888888888868,-0.10634648370497407,-0.034164215306807105,-0.3961507618283883,0.0,0.0,0.3333333333333333,0.0,-0.03471932232472715,-0.05452332184067233,-0.19580293126933684,0.4249477542626106,0.03200387013545472,1.0,0.0,0.0,0.0,0.0,1.0,3,0.196
0.5866666666666667,0.22641509433962267,0.4791132671609525,-0.42288158246458174,0.0,0.5,0.6666666666666666,1.0,0.37192672744625455,0.35889174788066114,0.2128760440535145,0.458890237042385,0.5131477101698558,0.0,0.0,1.0,0.0,1.0,0.0,3,0.189
-0.6968888888888889,-0.5780445969125213,-0.5352852465408589,-0.3052659716653301,0.0,-1.0,-0.3333333333333333,0.0,-0.8921260236747609,-0.451785493005999,-0.6569498854312957,0.31372548544031903,-0.4377445710599871,0.0,1.0,0.0,0.0,0.0,1.0,1,0.118
0.5439999999999999,0.3756432246998285,0.5787961672773563,-0.24431970061480887,-1.0,0.5,0.6666666666666666,1.0,0.43120191689105564,0.4856074466611757,0.31326225145982695,0.24346395018947412,-0.03327241453450871,1.0,0.0,0.0,0.0,0.0,1.0,4,0.133
0.08888888888888889,0.6363636363636365,0.468470638156348,0.5169740711039829,1.0,0.5,0.0,2.0,0.36532437351235,0.3453629664185906,0.6233985019833936,-0.38844084450984023,1.0913244463556224,0.0,0.0,1.0,0.0,0.0,1.0,0,0.152
0.3662222222222221,1.0325900514579762,0.9694311124873132,0.6196204223469661,0.0,0.5,0.3333333333333333,2.0,0.6279385304455549,0.9821778714036841,0.9592555146088297,-0.45092038661923234,0.9727692969253925,0.0,0.0,0.0,1.0,0.0,1.0,0,0.166
0.5511111111111111,1.130360205831904,1.2109316314301606,0.5073509756749534,0.0,0.5,-0.3333333333333333,0.0,0.7286921179359197,1.2891704145376088,2.1567096607288043,-0.3821477622147283,1.1991507202752096,1.0,0.0,0.0,0.0,0.0,1.0,0,0.152
-0.30933333333333346,-0.027444253859348098,-0.1544901458200731,0.14060411654637797,0.0,0.0,0.0,2.0,-0.17096555739711655,-0.2457194089905167,-0.21307623130559045,-0.12008303983511852,-0.08078907761771661,0.0,1.0,0.0,0.0,0.0,1.0,0,0.146
0.25955555555555543,0.9588336192109778,0.8237601279867884,0.6741512964448011,0.0,0.0,0.3333333333333333,2.0,0.5602266491052981,1.3087055084591332,0.7915997909253137,-0.482746842118545,0.8362180176306171,0.0,1.0,0.0,0.0,0.0,1.0,0,0.152
0.910222222222222,0.6277873070325901,1.049365513524052,-0.2624966586474206,1.0,0.5,0.3333333333333333,0.0,0.6627446057674738,1.08378951665221,1.0512536561671753,0.264087355584254,1.908116534078693,0.0,1.0,0.0,0.0,0.0,1.0,3,0.215
0.03199999999999995,0.5403087478559176,0.3665399413967304,0.4720662924351779,-1.0,0.0,0.0,1.0,0.2990947059090072,0.5821895341463239,0.4865320176411167,-0.36008528034629983,-0.13275639647387655,1.0,0.0,0.0,0.0,0.0,1.0,0,0.168
0.6684444444444444,0.7066895368782161,0.9458063110331264,-0.017642341619887692,0.0,0.0,-0.3333333333333333,1.0,0.6173477190662805,1.5026350509151611,1.7295162244068296,0.015643894460519104,0.9506235218232639,0.0,0.0,1.0,0.0,0.0,1.0,0,0.154
-0.21333333333333335,-0.30703259005145783,-0.26176509378243396,-0.42288158246458174,-1.0,0.0,0.0,1.0,-0.3163799408506388,-0.41617768188411597,-0.3571186586838149,0.45963238548535484,-0.4272414534508708,0.0,0.0,1.0,0.0,0.0,1.0,4,0.116
0.14933333333333318,1.130360205831904,0.848073030454204,1.0408981555733765,-1.0,0.0,0.6666666666666666,1.0,0.5719434939919388,1.3473383434531925,0.5844389829255672,-0.6722902367546616,0.09293700279509783,0.0,0.0,0.0,1.0,0.0,1.0,0,0.159
-0.3840000000000002,0.195540308747856,-0.08237715963370092,0.6474204758086077,0.0,-0.5,-0.6666666666666666,2.0,-0.08649681225169706,0.24175893596911324,0.35641030379185445,-0.46683972109572575,-0.013190711674908602,1.0,0.0,0.0,0.0,0.0,1.0,0,0.16
0.34844444444444433,0.58147512864494,0.6132012179387935,0.14488104784816894,-1.0,0.0,0.0,0.0,0.45066009485856207,0.9741305789822801,0.8177341266908121,-0.12320402398165384,-0.01714685013975489,0.0,0.0,0.0,1.0,0.0,1.0,0,0.165
-0.6862222222222224,-0.3310463121783876,-0.44200168584748245,0.23897353648757028,1.0,-0.5,-0.3333333333333333,0.0,-0.6453166680941471,-0.5201583217313341,-0.506643136965038,-0.19703398246093695,-0.18888411094388305,0.0,0.0,0.0,1.0,1.0,0.0,0,0.185
-0.9742222222222223,-0.43910806174957107,-0.5716857901406595,0.7874899759422617,0.0,-1.5,-1.3333333333333333,0.0,-1.0144572208141147,0.11487801500120283,-0.19666087663537585,-0.5452525779619745,-0.4718662653192862,0.0,1.0,0.0,0.0,0.0,1.0,0,0.169
0.8106666666666665,-0.30874785591766707,0.10790570722448718,-1.0366212242715853,0.0,1.0,1.3333333333333333,1.0,0.10051373444737577,-0.3024537924566352,-0.3410728804789711,1.6553955778292255,0.16517953128359492,1.0,0.0,0.0,0.0,1.0,0.0,2,0.195
0.590222222222222,0.5231560891938251,0.7322885666282476,-0.1331194867682439,0.0,1.0,0.6666666666666666,1.0,0.514501578821796,0.3589694994982591,0.46783760810111596,0.12610496056160275,0.7504730165555794,1.0,0.0,0.0,0.0,0.0,1.0,3,0.194
0.6719999999999997,-0.2521440823327615,0.10735522641390417,-0.9318364073777068,1.0,1.0,0.6666666666666666,1.0,0.10003240543206442,-0.3030369295886211,-0.16150491536698947,1.3718440075061789,0.5835626746936142,0.0,0.0,1.0,0.0,0.0,1.0,3,0.211
-0.15644444444444464,0.4391080617495713,0.18091322472805677,0.6206896551724143,-1.0,0.5,0.0,1.0,0.1618596948700869,-0.020176544766708583,0.23728348978737024,-0.45144267761900114,-0.21975919157170498,1.0,0.0,0.0,0.0,1.0,0.0,0,0.146
-0.04622222222222237,0.025728987993138934,0.000837189566094886,-0.11921946003742312,0.0,0.0,0.6666666666666666,0.0,0.0008317479080921043,0.0010933821224733762,-0.26877448444083085,0.1125143225586529,0.06481401849064714,1.0,0.0,0.0,0.0,1.0,0.0,3,0.215
-0.15288888888888905,-0.5162950257289879,-0.35848915954195415,-0.7896284415931571,0.0,-0.5,-0.3333333333333333,0.0,-0.4756494750135355,-0.3432247969346424,-0.3720803459235716,1.0558250814466215,-0.27201677058697055,1.0,0.0,0.0,0.0,1.0,0.0,2,0.168
-0.4622222222222222,0.2315608919382504,-0.10928190925094478,0.8794439989307677,0.0,0.5,0.3333333333333333,0.0,-0.11695441690600335,-0.3890690944609262,-0.2822574258471221,-0.5934431443249851,-0.03841109438830361,0.0,0.0,0.0,1.0,0.0,1.0,0,0.174
0.7217777777777776,0.8799313893653518,1.140699454679947,0.10211173483025947,0.0,0.0,0.0,2.0,0.7007056822586821,1.8123173140703701,1.5260274225737303,-0.08823925430751244,1.1333154160395613,1.0,0.0,0.0,0.0,0.0,1.0,0,0.162
0.14577777777777756,1.1286449399656948,0.8436921206699809,1.0451750868751675,0.0,1.0,0.3333333333333333,0.0,0.5698451777253545,0.47698187658388563,0.8145399300972511,-0.6740084034167191,0.8549021715760051,0.0,0.0,1.0,0.0,0.0,1.0,0,0.164
0.8533333333333334,0.8336192109777016,1.2033395835842033,-0.04330392943063351,0.0,0.5,0.3333333333333333,0.0,0.7257146433605798,1.279519495003244,1.2284655713124184,0.04012197531510856,1.1920339711889916,1.0,0.0,0.0,0.0,0.0,1.0,3,0.198
0.08177777777777767,0.8644939965694683,0.612857167432179,0.8174284950547984,0.0,0.5,0.6666666666666666,0.0,0.4504678905983418,0.5289053787111211,0.3475635671520437,-0.5610037132931531,0.6385185981509353,1.0,0.0,0.0,0.0,0.0,1.0,0,0.174
-0.3377777777777778,-0.4442538593481988,-0.37514120406208973,-0.5137663726276398,0.0,-1.0,-1.3333333333333333,0.0,-0.5066688495775911,0.05714743893460853,0.5950643063049744,0.585201423730674,-0.28762631692109225,1.0,0.0,0.0,0.0,0.0,1.0,2,0.18
-1.0026666666666668,-0.8936535162950255,-0.6930438721737685,-0.6281742849505481,0.0,-1.5,-1.6666666666666667,-1.0,-1.6646406844891275,-0.656466626333015,-0.3094740926897775,0.7608448291737717,-0.5856267469361428,0.0,1.0,0.0,0.0,0.0,1.0,4,0.09
-0.4266666666666667,-0.054888507718696196,-0.2221075387200175,0.28495054798182334,0.0,0.0,-0.3333333333333333,1.0,-0.2594250794153204,-0.35316242555890054,-0.15233017961416226,-0.23135343793870478,-0.14417329606536233,1.0,0.0,0.0,0.0,1.0,0.0,0,0.157
-0.8746666666666667,-0.29331046312178377,-0.4974626275137191,0.8580593424218128,0.0,-1.0,-1.0,0.0,-0.7825147220354751,-0.33158635167542583,-0.28563641067336826,-0.582378755294206,-0.402289830144055,0.0,0.0,1.0,0.0,0.0,1.0,0,0.16
0.5759999999999998,1.0154373927958835,1.1367543422041022,0.3662122427158518,0.0,0.0,-0.3333333333333333,2.0,0.6991035032744737,1.806048589901523,2.037188631827925,-0.2891542096171712,1.1296172866050314,1.0,0.0,0.0,0.0,0.0,1.0,0,0.158
0.05688888888888868,1.0343053173241854,0.702539666156325,1.0761828388131518,0.0,0.5,1.3333333333333333,1.0,0.49903524017806106,0.6429086880143452,0.1379906127577795,-0.6882122473658661,0.7225865405289185,1.0,0.0,0.0,0.0,1.0,0.0,0,0.147
0.8533333333333334,1.130360205831904,1.4838783666775617,0.21758887997861542,0.0,0.5,1.0,1.0,0.8288377714355809,1.6361370080691602,0.9706977193025681,-0.1809611563116415,1.4550096753386368,1.0,0.0,0.0,0.0,0.0,1.0,0,0.152
0.18133333333333312,0.4253859348198972,0.38865092062181394,0.14167334937182582,0.0,0.0,1.0,0.0,0.3139454198128999,0.6173235463484683,-0.009706515222444102,-0.12126360187162658,0.4283487422059772,1.0,0.0,0.0,0.0,0.0,1.0,0,0.179
-0.14222222222222222,-0.015437392795883215,-0.06948673398588252,-0.06682705159048385,1.0,0.0,0.0,1.0,-0.07231412696181527,-0.11065027079430564,-0.09893869958361064,0.061516434048010465,0.33490647172651034,0.0,0.0,0.0,1.0,0.0,1.0,3,0.19
0.6435555555555553,1.130360205831904,1.294421221035248,0.41005078855920907,0.0,0.5,1.3333333333333333,2.0,0.7607085689452314,1.3953013725590246,0.6148366472023061,-0.3192240313204413,1.2774134594710815,1.0,0.0,0.0,0.0,0.0,1.0,0,0.144
0.3093333333333332,0.054888507718696446,0.19584501671512033,-0.40791232290831336,1.0,0.5,0.0,1.0,0.17383469263716303,-0.0011954311205709643,0.25733301303372974,0.4394157936061322,0.7079875295635346,0.0,0.0,1.0,0.0,1.0,0.0,3,0.205
-0.8142222222222223,-0.602058319039451,-0.5734977894754951,-0.14701951349906442,1.0,-1.0,-0.3333333333333333,0.0,-1.021076946135929,-0.5732238007420419,-0.7185213245620519,0.14102010943213575,-0.37377983229413025,0.0,1.0,0.0,0.0,1.0,0.0,1,0.121
-0.3377777777777778,-0.2915951972555745,-0.29919778890207754,-0.25821972734562965,1.0,0.0,0.0,0.0,-0.3742343778670307,-0.47565766934666776,-0.4073810579742282,0.25950325486974735,0.011911416899591408,0.0,1.0,0.0,0.0,0.0,1.0,4,0.144
-0.920888888888889,-0.8936535162950255,-0.6814379017506438,-0.7682437850842022,-1.0,-1.5,-1.3333333333333333,-1.0,-1.57322560360532,-0.5826997791368113,-0.6387667233350579,1.0133618374754154,-0.6239410879380778,0.0,1.0,0.0,0.0,0.0,1.0,1,0.122
0.0639999999999999,-0.4854202401372212,-0.27690331607346624,-0.8901363271852449,1.0,0.0,0.0,0.0,-0.33926396288528393,-0.44023208857853025,-0.3774453642792026,1.272154281771759,0.043259514082992966,0.0,0.0,1.0,0.0,0.0,1.0,4,0.139
0.40533333333333327,0.13036020583190408,0.3023630535629297,-0.3961507618283883,-1.0,1.0,1.0,0.0,0.2543209470099383,-0.09646060058265114,-0.08694799648491722,0.4244069521099785,-0.162835949258224,1.0,0.0,0.0,0.0,0.0,1.0,4,0.158
0.6293333333333334,0.14408233276157814,0.43223065145963424,-0.529804865009356,0.0,0.0,0.0,0.0,0.34241466951788774,0.6865710807717821,0.5747376007095867,0.6080044909332295,0.4692001720060202,0.0,1.0,0.0,0.0,0.0,1.0,2,0.174
0.615111111111111,-0.4939965694682675,-0.1214154237842116,-1.1424752739909119,-1.0,-0.5,-0.3333333333333333,0.0,-0.13108820101084526,0.15905065274912716,0.009913888683568435,2.000309258896788,-0.3614599010965384,0.0,0.0,0.0,1.0,0.0,1.0,4,0.163
-0.15644444444444464,-0.20240137221269291,-0.18194537624789986,-0.32451216252338944,-1.0,0.0,0.0,1.0,-0.20568583546578117,-0.2893453556772043,-0.24994148372631625,0.33637194492285866,-0.3898301440550419,0.0,0.0,0.0,1.0,1.0,0.0,4,0.146
-0.8533333333333335,-0.6037735849056602,-0.5838651780748081,-0.06682705159048385,0.0,-0.5,-0.6666666666666666,0.0,-1.0600688506715124,-0.8207169185090156,-0.6536421760662281,0.06219329230127683,-0.4832831649107719,1.0,0.0,0.0,0.0,0.0,1.0,1,0.109
-0.6506666666666668,-0.5746140651801027,-0.5219360868842213,-0.3704891740176425,0.0,-1.5,-1.0,0.0,-0.8516621256495077,0.43108412482050323,-0.35135942543178855,0.3928848813070168,-0.42523113308965815,1.0,0.0,0.0,0.0,0.0,1.0,1,0.114
-0.5404444444444445,-0.7118353344768438,-0.5508592661402695,-0.7928361400695004,-1.0,-0.5,-0.3333333333333333,0.0,-0.9421428806434178,-0.7507890574317183,-0.6820441274299652,1.0619139300551867,-0.5627391958718555,0.0,1.0,0.0,0.0,0.0,1.0,4,0.134
0.5155555555555555,1.130360205831904,1.1788202508128194,0.5469125902165196,1.0,1.0,1.0,0.0,0.7160203908472824,0.8319909030607412,0.6976217754453395,-0.4066985937657899,2.0901419049666736,1.0,0.0,0.0,0.0,0.0,1.0,0,0.175
-0.40533333333333355,-0.5248713550600341,-0.4342032076975567,-0.5821972734562952,0.0,-1.0,-0.6666666666666666,0.0,-0.627819890231835,-0.13054982542332105,-0.352206371498263,0.6870686685131451,-0.34299075467641366,0.0,0.0,1.0,0.0,0.0,1.0,4,0.175
-0.13511111111111127,-0.132075471698113,-0.13302139420733639,-0.24431970061480887,0.0,-0.5,-0.3333333333333333,1.0,-0.1448508086967267,0.1344617036837259,-0.008786680464188032,0.2441507989837076,-0.060664373253063876,0.0,1.0,0.0,0.0,0.0,1.0,4,0.127
-0.5297777777777779,-0.5694682675814751,-0.4880815170333673,-0.5244587008821172,0.0,0.0,0.3333333333333333,0.0,-0.7575502744402376,-0.7757910619656095,-0.7182256633897554,0.6000216110343428,-0.3934960223607826,0.0,0.0,0.0,1.0,0.0,1.0,4,0.142
0.3804444444444443,-0.15094339622641503,0.07331716295952238,-0.6827051590483831,0.0,0.0,-0.6666666666666666,0.0,0.0696794880075328,0.11626296568966901,0.6699959346588807,0.8546348777091666,0.13275639647387655,1.0,0.0,0.0,0.0,0.0,1.0,2,0.191
0.3839999999999999,-0.45111492281303595,-0.15598103134873537,-1.0109596364608398,1.0,0.0,0.3333333333333333,1.0,-0.17281188401810754,-0.248088403589209,-0.3360044032396016,1.5812283055661245,0.21328746506127713,1.0,0.0,0.0,0.0,0.0,1.0,2,0.194
0.2631111111111111,-0.4150943396226414,-0.16719707786436389,-0.9136594493450951,-1.0,0.0,0.3333333333333333,1.0,-0.18684350298009292,-0.2659105321855251,-0.34891318120862064,1.3277296447544764,-0.38291765211782414,0.0,0.0,0.0,1.0,0.0,1.0,4,0.134
-0.18133333333333337,-0.13722126929674097,-0.15568285424300288,-0.20048115477145154,1.0,0.0,0.0,1.0,-0.17244226975422533,-0.24761460466947047,-0.21467772932219675,0.19633271944705932,0.2137067297355409,1.0,0.0,0.0,0.0,0.0,1.0,3,0.18
0.9564444444444441,0.7032590051457975,1.1566633981868537,-0.22721197540764498,0.0,0.5,1.0,1.0,0.7071556050149733,1.2201852918236886,0.677787838470446,0.22526899473540776,1.148279939797893,0.0,1.0,0.0,0.0,0.0,1.0,3,0.212
0.5368888888888886,0.08576329331046312,0.3348414213873262,-0.5308740978348037,1.0,0.0,0.3333333333333333,1.0,0.27730017198874396,0.5318210643710501,0.22889322407949036,0.6097609059757256,0.9034293700279509,0.0,0.0,1.0,0.0,0.0,1.0,3,0.186
0.7039999999999998,1.130360205831904,1.3490105680847282,0.35124298315958313,0.0,1.0,0.3333333333333333,1.0,0.7809552084456737,1.0122774663663514,1.3961212949959345,-0.2787621678245629,1.328585250483767,0.0,1.0,0.0,0.0,1.0,0.0,0,0.186
0.7004444444444445,0.8096054888507719,1.0609944206476178,0.05399625768511094,0.0,0.5,0.6666666666666666,1.0,0.6676815509545839,1.09857204294805,0.7988626284278216,-0.04754975466327613,1.0586003010105354,0.0,1.0,0.0,0.0,0.0,1.0,0,0.166
0.9884444444444443,0.35162950257289877,0.8301135940089338,-0.5415664260892811,-1.0,0.5,-0.3333333333333333,1.0,0.5633054899043182,0.8050791244195964,1.5431018552738558,0.6258374335668795,0.08451945818103632,0.0,1.0,0.0,0.0,0.0,1.0,2,0.163
0.6613333333333331,1.130360205831904,1.3104769113439185,0.3929430633520452,0.0,1.0,0.6666666666666666,1.0,0.7667180767042743,0.9714578671273453,1.0501053292926303,-0.30726895427995726,1.2924639862395184,0.0,0.0,1.0,0.0,0.0,1.0,0,0.185
-0.007111111111111212,0.45626072041166393,0.2876376918798347,0.4164661855118953,1.0,0.0,0.0,1.0,0.2436756615508879,0.4568150507693768,0.38058676423485355,-0.3228968324590294,0.8370565469791443,1.0,0.0,0.0,0.0,0.0,1.0,0,0.155
-0.6435555555555557,-0.35849056603773566,-0.43741434575929083,0.08928094092488656,0.0,-0.5,0.0,0.0,-0.6349770931614376,-0.5104393695315708,-0.5929700396678739,-0.07792020321099573,-0.34600086003010105,1.0,0.0,0.0,0.0,0.0,1.0,0,0.156
-0.08177777777777794,-0.3876500857632932,-0.2619256506855207,-0.6591820368885327,-1.0,-0.5,-0.6666666666666666,0.0,-0.3166191695386552,-0.13864085312962415,-0.005220267573361011,0.8133334039506904,-0.42731670608471295,0.0,0.0,0.0,1.0,0.0,1.0,4,0.158
-1.0204444444444445,-0.5300171526586619,-0.6080404603395779,0.6666666666666669,0.0,-1.5,-1.3333333333333333,0.0,-1.1593409906246588,-0.11619007354817068,-0.3431055510385098,-0.4782114512824424,-0.5059449580735326,1.0,0.0,0.0,0.0,0.0,1.0,0,0.163
-0.3235555555555556,-0.1440823327615779,-0.21979093197548066,-0.03154236835070823,0.0,0.0,0.0,0.0,-0.2562228928809415,-0.34948137241324,-0.3007582477147855,0.028383394869489962,-0.14200172006020206,0.0,1.0,0.0,0.0,0.0,1.0,4,0.126
0.6257777777777775,1.130360205831904,1.2783655307265773,0.4282277465918206,0.0,1.0,1.0,1.0,0.7546525166262493,0.9374415344281734,0.7867307676513824,-0.3312253210039864,1.2623629327026447,0.0,1.0,0.0,0.0,0.0,1.0,0,0.158
0.6044444444444445,0.5934819897084049,0.8017867689643506,-0.07538091419406578,0.0,0.0,0.3333333333333333,2.0,0.549484079131599,1.2737901726814833,0.7663102013663768,0.06949860361114461,0.8156202967103848,1.0,0.0,0.0,0.0,0.0,1.0,3,0.192
0.8888888888888888,1.130360205831904,1.5159897472949029,0.1887195936915265,1.0,0.5,1.0,0.0,0.8398188581718695,1.676956607308166,0.9994425554980656,-0.1581068573696948,2.564233498172436,0.0,0.0,0.0,1.0,0.0,1.0,0,0.157
-0.5475555555555557,0.013722126929674294,-0.2486682378306469,0.6591820368885325,0.0,-0.5,-0.3333333333333333,1.0,-0.29710815684196973,-0.11055308127230794,-0.19512713430408754,-0.4739073196000764,-0.16907116749086215,1.0,0.0,0.0,0.0,0.0,1.0,0,0.166
-0.6933333333333335,-0.6397941680960548,-0.5567998715544776,-0.45282010157711855,-1.0,-1.0,-1.0,0.0,-0.9620973613280022,-0.5201583217313341,-0.4449854633256954,0.49935018917710866,-0.5655235433240163,1.0,0.0,0.0,0.0,0.0,1.0,1,0.111
0.049777777777777726,-0.39965694682675806,-0.22593796769365748,-0.7703822507350977,0.0,0.5,0.0,1.0,-0.26474872215141826,-0.5373608671249153,-0.30901212210806417,1.016618028063675,-0.1477639217372608,0.0,0.0,1.0,0.0,1.0,0.0,4,0.143
-0.22400000000000014,-0.26415094339622625,-0.2424523920111473,-0.3458968190323443,0.0,0.0,0.3333333333333333,1.0,-0.28812524627156,-0.3854900903133633,-0.4355260657001362,0.36195306830113,-0.16324446355622446,0.0,1.0,0.0,0.0,0.0,1.0,4,0.117
0.34488888888888874,0.15437392795883362,0.2886010332983549,-0.32451216252338944,0.0,0.0,-0.3333333333333333,1.0,0.24437653012009652,0.45834578574083945,0.6705687781802053,0.335640870290693,0.33456245968608905,0.0,0.0,0.0,1.0,0.0,1.0,3,0.202
0.8284444444444443,1.130360205831904,1.4614004002454226,0.23897353648757028,0.0,0.5,1.0,1.0,0.8210582089729461,1.607563288601856,0.9505763339657196,-0.19705547350211755,1.4339389378628251,1.0,0.0,0.0,0.0,1.0,0.0,0,0.176
-0.19555555555555557,0.03773584905660382,-0.06535812790651008,0.08072707832130462,0.0,0.0,0.3333333333333333,0.0,-0.06782548684728737,-0.10408997805946539,-0.23170464504820334,-0.07056571964605127,0.0027628466996344678,0.0,0.0,1.0,0.0,0.0,1.0,0,0.167
0.0639999999999999,0.7667238421955404,0.5351705630386541,0.7190590751136061,0.0,0.0,-0.6666666666666666,1.0,0.4058115800892463,0.8501410462937993,1.6002198979968953,-0.5081181608823538,0.565695549344227,0.0,1.0,0.0,0.0,0.0,1.0,0,0.158
-0.8746666666666667,-0.4442538593481988,-0.5420745098713825,0.4325046778936116,0.0,-1.5,-1.6666666666666667,0.0,-0.9135379085207952,0.30308552434962005,0.9068020548451474,-0.3338218769408806,-0.4441087938077833,1.0,0.0,0.0,0.0,0.0,1.0,0,0.159
-0.7822222222222224,-0.8936535162950255,-0.6617582127723017,-0.9468056669339752,-1.0,-1.5,-0.3333333333333333,-1.0,-1.4391218882500174,-0.457616864325857,-0.8607343484366915,1.4114981159231996,-0.6147172651042787,1.0,0.0,0.0,0.0,0.0,1.0,1,0.142
-0.6613333333333333,-0.8524871355060033,-0.6291422247452594,-0.9713980219192732,0.0,-1.5,-1.6666666666666667,-1.0,-1.2576638236382123,-0.25031161390490486,0.20534592357158693,1.4735055440144726,-0.525725650397764,0.0,0.0,1.0,0.0,0.0,1.0,1,0.102
-0.32,0.2315608919382504,-0.028911710905827684,0.5854049719326384,0.0,0.0,0.0,1.0,-0.02928015329541142,-0.046177171639125526,-0.04445696898021544,-0.43017093814144775,0.03692754246398624,0.0,1.0,0.0,0.0,0.0,1.0,0,0.157
0.935111111111111,1.130360205831904,1.5577345420974467,0.15129644480085538,0.0,0.0,0.0,0.0,0.8538675333015253,2.4749797724307347,2.0859973636878797,-0.12863322312312117,1.5242420984734466,1.0,0.0,0.0,0.0,0.0,1.0,0,0.159
-0.8071111111111112,-0.20583190394511136,-0.4445476595964288,0.8666132050253949,0.0,0.0,-0.6666666666666666,0.0,-0.6511146842149275,-0.7066164196837939,-0.37304124473353534,-0.5869478690364316,-0.3526875940657923,0.0,1.0,0.0,0.0,0.0,1.0,0,0.162
-0.0320000000000002,-0.6843910806174955,-0.4271157672613007,-1.10077519379845,-1.0,-0.5,-1.0,0.0,-0.6122510290495179,-0.4886203218431021,-0.09672124079138644,1.857020023989194,-0.5047409159320576,0.0,1.0,0.0,0.0,0.0,1.0,4,0.146
-0.2915555555555557,-0.23670668953687815,-0.2539207422316263,-0.2250735097567495,0.0,0.0,0.3333333333333333,0.0,-0.3047801668897902,-0.40371312568791956,-0.4487252251776606,0.2225489478721726,-0.17399483981939368,0.0,1.0,0.0,0.0,0.0,1.0,4,0.139
0.5084444444444444,1.0737564322469981,1.1262263967017025,0.4966586474204761,0.0,0.0,-0.3333333333333333,0.0,0.6948117811054291,1.7893198434276805,2.020225072067411,-0.37549028996699896,1.119748441195442,0.0,0.0,0.0,1.0,1.0,0.0,0,0.148
-0.24888888888888888,-0.5557461406518008,-0.4066791671684071,-0.7767976476877841,1.0,0.0,0.0,0.0,-0.5690197093630915,-0.6464439568770091,-0.5517006677014807,1.0287715367300052,-0.1392173726080413,0.0,1.0,0.0,0.0,1.0,0.0,2,0.173
0.4017777777777777,0.9262435677530017,0.9177547263938347,0.46244319700614833,-1.0,0.5,1.0,1.0,0.6045832435207037,0.9164874734854838,0.4639262571759429,-0.3532370031385909,0.1255966458826059,1.0,0.0,0.0,0.0,0.0,1.0,0,0.168
0.7573333333333332,0.35506003430531735,0.6921952142574529,-0.4089815557337612,1.0,0.0,0.3333333333333333,2.0,0.4935847053329292,1.0996508466422235,0.640179033399153,0.44105418216795816,1.4059019565684796,0.0,1.0,0.0,0.0,0.0,1.0,3,0.227
0.2773333333333332,1.0120068610634647,0.8774090703181893,0.7115744453354722,1.0,1.0,0.3333333333333333,1.0,0.5858512630136543,0.5126990259180159,0.853345458961173,-0.503763800613466,1.6663298215437536,0.0,0.0,0.0,1.0,0.0,1.0,0,0.163
0.9528888888888888,0.11663807890223003,0.5774658386517807,-0.7222667735899494,0.0,1.0,0.6666666666666666,2.0,0.4304397229227083,0.19496218112725272,0.3119225367728582,0.9258292165764365,0.6053429370027951,1.0,0.0,0.0,0.0,0.0,1.0,2,0.176
-0.2595555555555557,0.49228130360205835,0.14260893499165678,0.8901363271852449,1.0,0.5,0.0,2.0,0.1302745585394533,-0.06886849528752291,0.18585076502328338,-0.5987287146003029,0.6331326596430876,0.0,1.0,0.0,0.0,0.0,1.0,0,0.168
0.3982222222222221,1.130360205831904,1.072852694775593,0.6859128575247264,0.0,0.0,1.0,0.0,0.6726839761229769,1.7045098367944953,0.6027638160001969,-0.48917314661085953,1.0697161900666523,1.0,0.0,0.0,0.0,0.0,1.0,2,0.171
-0.472888888888889,-0.12178387650085752,-0.27311876050070816,0.2453889334402565,0.0,-0.5,-1.6666666666666667,1.0,-0.3334798640383472,-0.16235509649704652,3.073628871313475,-0.20187532769166375,-0.1919909696839389,0.0,1.0,0.0,0.0,0.0,1.0,0,0.147
-0.43733333333333346,0.22984562607204126,-0.09600155969563003,0.8206361935311417,0.0,0.0,-0.3333333333333333,0.0,-0.10177206577573523,-0.1527819285802797,0.0508629610466405,-0.5625733364557202,-0.025962158675553643,0.0,0.0,1.0,0.0,1.0,0.0,0,0.147
-1.0062222222222224,-0.40994854202401354,-0.5745299409953383,1.0173750334135263,0.0,-1.5,-1.6666666666666667,0.0,-1.0248728814436918,0.09680076390964304,0.6453267055953876,-0.6611324335046099,-0.47453235863255216,0.0,1.0,0.0,0.0,0.0,1.0,0,0.157
0.7217777777777776,0.2847341337907377,0.6074441061281128,-0.4517508687516707,0.0,0.0,-0.3333333333333333,2.0,0.4474376410675745,0.9649826152242527,1.1843170226919946,0.4982833839858646,0.6334444205547194,0.0,0.0,1.0,0.0,0.0,1.0,3,0.208
0.5226666666666665,0.3893653516295026,0.5768465477398749,-0.21331194867682446,0.0,0.0,-0.6666666666666666,0.0,0.4300846548954087,0.9163635568449366,1.6841599526942121,0.21056902271800296,0.604762416684584,0.0,1.0,0.0,0.0,0.0,1.0,3,0.202
-0.4444444444444444,-0.4837049742710119,-0.4263359194463081,-0.4645816626570436,-1.0,-0.5,-0.3333333333333333,0.0,-0.6105567294468678,-0.4869680999691423,-0.4814010643802203,0.5152099508643102,-0.5043754031391099,0.0,1.0,0.0,0.0,0.0,1.0,2,0.175
0.7324444444444442,-0.09777015437392776,0.2694488884301549,-0.8131515637530075,-1.0,0.0,0.6666666666666666,0.0,0.2303233041091039,0.4279133166653305,0.0017323896814250867,1.1027325631678,-0.17826273919587182,1.0,0.0,0.0,0.0,1.0,0.0,2,0.158
0.4479999999999998,-0.4133790737564321,-0.10632307489406116,-0.9981288425554667,-1.0,0.5,0.6666666666666666,2.0,-0.11354620600819709,-0.38530785995961775,-0.37669081232907087,1.5458844980571425,-0.35438615351537306,0.0,0.0,1.0,0.0,0.0,1.0,4,0.142
-0.5333333333333334,0.07204116638078907,-0.2170844013234477,0.7415129644480091,0.0,0.5,0.0,1.0,-0.25249825975384094,-0.5261063204775893,-0.2971240791386404,-0.5202653262097361,-0.13946463126209419,0.0,0.0,1.0,0.0,1.0,0.0,0,0.166
0.05333333333333334,0.5351629502572899,0.3777559879123588,0.43678160919540254,-1.0,0.5,0.6666666666666666,1.0,0.306663145591995,0.23004759856839846,0.1108036440239485,-0.336446814174552,-0.12749946248118685,1.0,0.0,0.0,0.0,0.0,1.0,0,0.16
0.9244444444444444,0.8027444253859349,1.2296021055891004,-0.1213579256883186,0.0,0.5,0.6666666666666666,2.0,0.7359665001962611,1.312904095809431,0.9686599157365656,0.11483776897204828,1.216652332831649,0.0,1.0,0.0,0.0,0.0,1.0,3,0.218
-0.9386666666666668,-0.5128644939965693,-0.5805852299117511,0.4282277465918206,0.0,-1.0,-1.0,0.0,-1.0475213770942586,-0.5957474724649936,-0.5088605957572622,-0.33132690105144463,-0.48020855729950546,1.0,0.0,0.0,0.0,0.0,1.0,0,0.156
0.26666666666666666,0.869639794168096,0.7650880482588177,0.5629510825982359,1.0,0.0,0.6666666666666666,1.0,0.5312066394436155,1.2154764594829033,0.500868504693621,-0.4165522290524933,1.508396043861535,0.0,0.0,1.0,0.0,0.0,1.0,0,0.143
-0.3840000000000002,0.030874785591766915,-0.1614170293532424,0.3608660785886127,1.0,0.5,0.0,1.0,-0.17958104556388502,-0.4553426295111123,-0.2223772390174193,-0.28541543133415914,0.2056439475381639,0.0,1.0,0.0,0.0,1.0,0.0,3,0.172
0.1386666666666666,-0.11835334476843895,-0.006479617874570654,-0.479550922213312,0.0,0.0,0.0,1.0,-0.006467512017795826,-0.010532914446493392,-0.01433648705250448,0.536017019961729,0.05795527843474525,1.0,0.0,0.0,0.0,0.0,1.0,2,0.18
-0.46933333333333344,-0.26758147512864483,-0.33688278772657165,-0.03261160117615609,-1.0,-0.5,-1.0,0.0,-0.43715250889766094,-0.2974485320737571,0.14559772833665943,0.029384629959958834,-0.4624489357127499,0.0,1.0,0.0,0.0,1.0,0.0,4,0.147
0.11377777777777763,0.30874785591766724,0.267728635897083,0.07431168136861817,-1.0,0.0,0.3333333333333333,2.0,0.2290485883677404,0.42517986135914704,0.15165174281701746,-0.06487475369601764,-0.17906901741560952,0.0,1.0,0.0,0.0,0.0,1.0,0,0.16
0.3804444444444443,0.24185248713550614,0.37482009025591617,-0.25608126169473416,0.0,0.0,0.0,1.0,0.3046891079965539,0.5953465656867534,0.4976501096410179,0.2575134950184868,0.4153837884325951,1.0,0.0,0.0,0.0,0.0,1.0,3,0.199
0.05333333333333334,0.9108061749571185,0.6198528610666713,0.922213311948677,0.0,0.0,0.6666666666666666,1.0,0.45436678751479104,0.9846999394995227,0.3546086185231723,-0.6147592649970156,0.6450763276714685,0.0,0.0,1.0,0.0,1.0,0.0,0,0.154
0.3057777777777776,1.130360205831904,0.9893631051705057,0.8078053996257688,0.0,0.0,-0.3333333333333333,2.0,0.6367636538600131,1.5718461392677257,1.7996987951807228,-0.5558229695197167,0.9914534508707805,0.0,1.0,0.0,0.0,1.0,0.0,0,0.133
-0.8426666666666668,-0.8096054888507718,-0.6444868773402603,-0.6484897086340553,0.0,-1.5,-1.6666666666666667,-1.0,-1.337823333585256,-0.34784129922952994,0.08172259590509279,0.7958067952691273,-0.5401096538378843,0.0,1.0,0.0,0.0,0.0,1.0,1,0.12
-1.0133333333333334,-0.46826758147512854,-0.5910214286123869,0.8495054798182309,0.0,-1.5,-1.6666666666666667,0.0,-1.0881647699807837,-0.00801813556480476,0.5124639662946262,-0.5781628795835413,-0.4899913996989894,1.0,0.0,0.0,0.0,1.0,0.0,0,0.155
-0.0320000000000002,-0.09262435677530002,-0.06469296359372227,-0.29564287623630053,1.0,0.0,0.6666666666666666,2.0,-0.06710472107861204,-0.10303304200774109,-0.3347669820385838,0.30212255220314194,0.34164695764351755,0.0,0.0,1.0,0.0,1.0,0.0,3,0.201
-0.6968888888888889,-0.8319039451114921,-0.6272614153091007,-0.8890670943597971,0.0,-1.5,-1.0,-1.0,-1.2483807618349125,-0.23835730269919603,-0.6342086135954862,1.2712245797867558,-0.5239625886906041,1.0,0.0,0.0,0.0,0.0,1.0,1,0.108
-0.5048888888888889,0.19039451114922826,-0.15127900775833897,0.9040363539160654,0.0,-0.5,0.0,2.0,-0.16700359978926183,0.09578027392866782,-0.2087645058762658,-0.6054260579008904,-0.07777897226402924,0.0,1.0,0.0,0.0,0.0,1.0,0,0.167
-0.40177777777777796,0.16123499142367076,-0.10841031463418832,0.6228281208233095,1.0,0.5,0.6666666666666666,1.0,-0.11594890338314114,-0.387961133910153,-0.3787927784758666,-0.45256992244206967,0.28017630617071604,1.0,0.0,0.0,0.0,0.0,1.0,0,0.16
-0.4586666666666669,-0.864493996569468,-0.6026503357359528,-1.149959903769046,0.0,-1.5,-1.6666666666666667,0.0,-1.1360899631982304,-0.0819307670440049,0.4187763323231576,2.0257536443328146,-0.5008922812298431,0.0,1.0,0.0,0.0,1.0,0.0,1,0.103
-0.3982222222222223,-0.4751286449399656,-0.40858291330500657,-0.5020048115477147,1.0,-0.5,-0.3333333333333333,0.0,-0.5729474129488222,-0.44935575495605806,-0.4527958459605292,0.567722046343904,-0.14189421629757037,0.0,0.0,1.0,0.0,0.0,1.0,2,0.149
0.15644444444444439,0.3293310463121784,0.307133887254649,0.052927024859663316,0.0,1.0,0.6666666666666666,2.0,0.2577390337405079,-0.09140674543877415,0.03968327296917736,-0.04664145258261585,0.35193506772737054,0.0,0.0,1.0,0.0,0.0,1.0,0,0.154
-0.22400000000000014,0.26415094339622647,0.04294897157569398,0.46885859395883456,0.0,0.0,0.0,1.0,0.0415672909705981,0.06800836801784413,0.052033286520314324,-0.35790191954184375,0.10428940012900455,0.0,1.0,0.0,0.0,1.0,0.0,0,0.146
0.9742222222222219,0.3876500857632934,0.8571330271283825,-0.5041432771986102,0.0,1.0,0.3333333333333333,1.0,0.5762651615430932,0.4912201415565389,0.8300093450049099,0.5708461614910061,0.8675016125564394,0.0,1.0,0.0,0.0,0.0,1.0,2,0.166
-0.1920000000000002,-0.11663807890222978,-0.14887065421203838,-0.15664260892809423,-1.0,0.0,0.3333333333333333,1.0,-0.16404525049430618,-0.23679012165698413,-0.32782092436353655,0.1509708348185378,-0.37432810148355194,0.0,1.0,0.0,0.0,0.0,1.0,4,0.132
-0.49422222222222245,-0.6689536878216121,-0.5223260107917176,-0.7554129911788293,0.0,-1.0,-1.3333333333333333,0.0,-0.8528148486030739,-0.41060143305950186,0.0021712617340526913,0.9874782188436809,-0.42559664588260593,0.0,0.0,0.0,1.0,0.0,1.0,1,0.091
-0.8924444444444445,-0.3241852487135504,-0.5129219636109248,0.8334669874365147,0.0,-1.0,-0.3333333333333333,0.0,-0.8254769026669129,-0.3807156550452296,-0.6209161800576539,-0.569247754396765,-0.41678133734680717,0.0,0.0,0.0,1.0,1.0,0.0,0,0.144
-0.3520000000000002,-0.12178387650085752,-0.22086895689620578,0.047580860732424485,-1.0,-0.5,-0.6666666666666666,2.0,-0.2577113880813386,-0.0516562309417421,0.07747246655332979,-0.041851499852223174,-0.4080735325736401,1.0,0.0,0.0,0.0,1.0,0.0,0,0.16
0.5617777777777777,0.7495711835334476,0.9023183269970698,0.11601176156108,0.0,0.0,0.6666666666666666,1.0,0.5974692186529846,1.4335333007748436,0.6390670042131715,-0.09990330366627007,0.9098580950333262,1.0,0.0,0.0,0.0,0.0,1.0,0,0.164
0.8853333333333331,0.01029159519725572,0.4403731801161744,-0.7842822774659185,0.0,1.0,1.3333333333333333,0.0,0.34762088242220984,0.049736737882288926,-0.073222337201567,1.0438800303041815,0.47683293915287034,0.0,0.0,0.0,1.0,0.0,1.0,3,0.197
0.8497777777777775,1.130360205831904,1.4806672286158276,0.2207965784549588,1.0,1.0,0.6666666666666666,0.0,0.8277311330129364,1.1517444304329552,1.2214964151082857,-0.1832554508301249,2.5145667598365944,0.0,1.0,0.0,0.0,0.0,1.0,0,0.166
0.3235555555555554,-0.45797598627787295,-0.1797434530055679,-0.9917134456027803,-1.0,0.0,0.3333333333333333,0.0,-0.2028436748935882,-0.28584653288528955,-0.36335306167703235,1.5274630140142236,-0.38879810793377767,0.0,0.0,0.0,1.0,0.0,1.0,4,0.156
-0.6257777777777779,-0.67409948542024,-0.5541162776028855,-0.620689655172414,0.0,-0.5,-0.6666666666666666,0.0,-0.9530200635320499,-0.7576895134935504,-0.5937245916180057,0.7490869652092036,-0.455396688884111,1.0,0.0,0.0,0.0,0.0,1.0,0,0.148
0.8071111111111112,1.130360205831904,1.442133571875018,0.2571504945201818,-1.0,0.0,-0.3333333333333333,1.0,0.814327847438202,2.2912915758552073,2.529242737822455,-0.21091476695373298,0.3713717480111804,0.0,0.0,1.0,0.0,1.0,0.0,0,0.178
-0.5120000000000002,-0.07547169811320739,-0.2700223059411788,0.40791232290831336,-1.0,-0.5,-1.0,0.0,-0.3287790389564125,-0.15579480376220625,0.32515029442925075,-0.31734794315585724,-0.4311115889056117,0.0,1.0,0.0,0.0,0.0,1.0,0,0.173
-0.9173333333333334,-0.8936535162950255,-0.6809332943409426,-0.7735899492114411,0.0,-1.5,-1.3333333333333333,-1.0,-1.569483543573279,-0.5794925249108893,-0.6367340527755192,1.0240156532663525,-0.574274349602236,0.0,1.0,0.0,0.0,0.0,1.0,1,0.113
0.0035555555555553536,0.2898799313893654,0.19043195541105434,0.1790964982624967,0.0,0.5,1.0,2.0,0.16951468739053827,-0.008076449278003286,-0.18714428265208063,-0.1512816896432765,0.2425392388733606,0.0,0.0,1.0,0.0,0.0,1.0,0,0.166
-0.03911111111111116,0.40480274442538605,0.2354566983766551,0.39187383052659713,0.0,0.5,0.3333333333333333,0.0,0.20474149179318776,0.0491584602264032,0.11450930804726356,-0.30623867078068917,0.284745216082563,0.0,1.0,0.0,0.0,0.0,1.0,0,0.168
-0.6186666666666667,-0.7804459691252142,-0.5941866932732393,-0.8559208767709171,0.0,-1.0,-0.6666666666666666,0.0,-1.1009212671877397,-0.638972512373441,-0.6744308522433291,1.1950208253305092,-0.49295850354762416,0.0,0.0,0.0,1.0,1.0,0.0,1,0.132
0.5653333333333332,0.2813036020583191,0.5130366471131296,-0.3533814488104786,1.0,0.5,0.0,0.0,0.3926072205408712,0.40201473879101096,0.6832390913346638,0.37149380457654485,1.153988389593636,0.0,0.0,0.0,1.0,0.0,1.0,3,0.195
0.03199999999999995,0.025728987993138934,0.03900385909984913,-0.20155038759689917,0.0,0.0,-1.0,1.0,0.037839938941547156,0.061739643848996675,1.155034247419124,0.1971446376553971,0.10059127069447428,1.0,0.0,0.0,0.0,1.0,0.0,3,0.185
-0.7537777777777779,-0.3481989708404802,-0.47172764961896413,0.35658914728682173,0.0,-0.5,-0.3333333333333333,0.0,-0.7158497434022147,-0.5831371319858005,-0.5545402468770788,-0.28214855580096904,-0.37816598580950334,0.0,1.0,0.0,0.0,0.0,1.0,0,0.142
-0.38755555555555576,0.36535162950257305,-0.003039112808426944,0.9500133654103184,1.0,0.5,0.0,0.0,-0.0030267694292144386,-0.2540145346930146,-0.009716781235370916,-0.6283923817249661,0.4283379918297142,0.0,1.0,0.0,0.0,0.0,1.0,0,0.168
0.28088888888888885,0.4219554030874787,0.4496625437947624,0.03368083400160395,0.0,0.5,0.0,0.0,0.35351833910613917,0.3214543440071726,0.5981441101830633,-0.029743248904460923,0.4855407439260374,0.0,0.0,0.0,1.0,0.0,1.0,0,0.166
0.64,1.130360205831904,1.2912100829735138,0.41432771986100003,0.0,0.5,0.3333333333333333,2.0,0.7595011050554314,1.3912194126351238,1.329597531229211,-0.32162057511325814,1.274403354117394,0.0,0.0,1.0,0.0,1.0,0.0,0,0.179
0.9919999999999997,1.130360205831904,1.6091127510851926,0.10745789895749806,0.0,1.0,1.3333333333333333,1.0,0.8708187291641415,1.2878097612296422,0.8683661024465962,-0.09271594607906947,1.5724037841324445,1.0,0.0,0.0,0.0,0.0,1.0,0,0.157
-0.4906666666666668,0.21955403087478578,-0.13063597736147672,0.9243517775995727,1.0,-0.5,-0.6666666666666666,2.0,-0.14200228474246623,0.1395155588276029,0.25921169339936423,-0.6160045417787156,0.24892496237368308,0.0,1.0,0.0,0.0,1.0,0.0,0,0.155
0.02488888888888874,-0.06346483704974251,-0.020998549253697152,-0.31168136861801654,-1.0,-0.5,-0.6666666666666666,1.0,-0.021156552666288634,0.3717985164019467,0.4800336314583486,0.32060257920259483,-0.3143947538163836,0.0,0.0,1.0,0.0,0.0,1.0,4,0.108
0.09955555555555545,1.0017152658662092,0.7179760655530899,0.9628441593156913,1.0,1.0,1.0,2.0,0.5070987404670435,0.3438079340666285,0.28509231198823926,-0.6346652235374808,1.4421522253278867,1.0,0.0,0.0,0.0,0.0,1.0,2,0.151
-0.984888888888889,-0.4133790737564321,-0.5684975887793662,0.9147286821705432,-1.0,-1.0,-1.0,0.0,-1.0029441972330773,-0.557333313895429,-0.4763994628822036,-0.6108080653263261,-0.5710062352182327,0.0,1.0,0.0,0.0,1.0,0.0,0,0.172
0.017777777777777778,0.718696397941681,0.4694339795748682,0.7286821705426362,1.0,1.0,1.3333333333333333,0.0,0.3659243004037044,0.08052151897503933,-0.04980966812033417,-0.5129525125918336,1.0926789937647816,0.0,0.0,1.0,0.0,1.0,0.0,0,0.169
0.5048888888888887,1.130360205831904,1.169186836627617,0.5586741512964449,1.0,0.5,0.3333333333333333,2.0,0.7121784790061334,1.2361049355269011,1.1891584743883508,-0.41410289316848375,2.076596430875081,0.0,1.0,0.0,0.0,0.0,1.0,0,0.15
0.6826666666666668,1.130360205831904,1.3297437397143235,0.3715584068430904,0.0,1.0,1.0,1.0,0.7738690457283848,0.9918676667468483,0.8327225055641788,-0.29298311731604804,1.3105246183616426,0.0,0.0,1.0,0.0,0.0,1.0,0,0.17
0.3626666666666665,1.130360205831904,1.0407413141582518,0.7308206361935313,1.0,0.0,-0.6666666666666666,1.0,0.6590630450928688,1.653485337745738,2.6184954542094756,-0.5146269916893431,1.8959901096538379,0.0,1.0,0.0,0.0,0.0,1.0,0,0.151
0.8035555555555554,-0.060034305317324184,0.33580476280584665,-0.8099438652766643,0.0,0.0,0.3333333333333333,1.0,0.2779715529223284,0.5333517993425131,0.23000195347560265,1.097346571540926,0.3788110083852936,0.0,1.0,0.0,0.0,0.0,1.0,2,0.152
0.43377777777777765,0.7821612349914238,0.8307099482203988,0.273188986901898,-1.0,0.0,0.6666666666666666,2.0,0.5635938571838657,1.3197486678961143,0.5669533964077167,-0.22276134808081166,0.08479896796387876,0.0,1.0,0.0,0.0,0.0,1.0,0,0.152
0.2204444444444443,-0.3190394511149227,-0.11299765472237994,-0.777866880513232,0.0,0.0,-0.3333333333333333,1.0,-0.12125564580402427,-0.17978846700537207,0.02347734496267285,1.0314291105007585,-0.0418942162975704,0.0,0.0,1.0,0.0,0.0,1.0,3,0.214
0.20266666666666652,1.130360205831904,0.8962401013802159,0.9574979951884528,-1.0,0.5,0.3333333333333333,1.0,0.5946501478862998,0.8891383419953497,0.8750184788232683,-0.632039598901795,0.11551279294775317,0.0,1.0,0.0,0.0,1.0,0.0,0,0.151
-0.8426666666666668,-0.746140651801029,-0.624967745265005,-0.4774124565624165,0.0,-1.0,-0.6666666666666666,0.0,-1.2372071084105989,-0.7367937662640591,-0.7364273043092615,0.5324744314120904,-0.5218125134379703,1.0,0.0,0.0,0.0,0.0,1.0,1,0.112
0.14933333333333318,-0.13550600343053157,-0.013521184909944844,-0.5084202085004011,1.0,0.0,0.0,1.0,-0.01355712543359596,-0.021721858166471042,-0.023791484958237855,0.5776002313477245,0.413599225972909,0.0,0.0,0.0,1.0,1.0,0.0,3,0.202
0.10666666666666667,-0.5814751286449398,-0.3281439048585666,-1.03448275862069,-1.0,-0.5,-0.3333333333333333,0.0,-0.422104888207116,-0.2789339281332079,-0.32318537955502985,1.6502676321222751,-0.4583530423564825,0.0,0.0,1.0,0.0,0.0,1.0,4,0.148
0.3875555555555555,-0.5574614065180101,-0.2367870270022307,-1.1275060144346436,0.0,-0.5,-0.3333333333333333,1.0,-0.28002680361280635,-0.08538099507492106,-0.17598307339788613,1.9458796393709699,-0.15793377768221892,1.0,0.0,0.0,0.0,0.0,1.0,4,0.139
0.9706666666666666,0.9331046312178388,1.3946546019622348,-0.04330392943063351,0.0,0.0,0.0,1.0,0.7974907455634658,2.215848209404544,1.867023307955749,0.03914199130548314,1.3713717480111804,0.0,1.0,0.0,0.0,0.0,1.0,3,0.221
-0.14577777777777784,-0.5540308747855917,-0.37796241821632753,-0.8505747126436785,0.0,-0.5,0.0,0.0,-0.5120482948057151,-0.38448174902263776,-0.5131415231478058,1.1830035006928397,-0.2902709094818319,0.0,0.0,0.0,1.0,1.0,0.0,4,0.162
0.4586666666666666,0.5763293310463122,0.6858876216361894,0.03261160117615609,0.0,0.5,1.0,1.0,0.49024246505599006,0.6217408101232607,0.25636800781859537,-0.029138249392042428,0.7069769941947968,0.0,1.0,0.0,0.0,0.0,1.0,0,0.164
0.8213333333333331,1.130360205831904,1.4549781241219544,0.2453889334402565,-1.0,1.0,1.0,1.0,0.8188211857960375,1.1245313642736179,0.94482736672662,-0.20166861464388655,0.37739195871855513,1.0,0.0,0.0,0.0,0.0,1.0,0,0.154
0.7715555555555557,0.21783876500857635,0.5753785989116537,-0.542635658914729,0.0,0.0,0.3333333333333333,2.0,0.4292423675454566,0.9140310083169936,0.5057323949610889,0.6271091078181432,0.6033863685228984,0.0,1.0,0.0,0.0,0.0,1.0,2,0.213
-0.25244444444444447,-0.6638078902229845,-0.46486957618711766,-0.9435979684576319,-1.0,-0.5,-0.3333333333333333,0.0,-0.6990033397706825,-0.5686072984471544,-0.5434899105624953,1.4027660464593705,-0.5224360352612342,1.0,0.0,0.0,0.0,1.0,0.0,4,0.138
-0.20266666666666677,0.6037735849056604,0.24146611389218606,0.9510825982357661,1.0,1.0,0.3333333333333333,1.0,0.2093253849824287,-0.16097014580858035,0.12142566761348636,-0.6289507369845967,0.7721350247258656,1.0,0.0,0.0,0.0,1.0,0.0,0,0.168
-0.4195555555555557,0.06689536878216133,-0.1620133835647074,0.49024325046778944,0.0,0.5,0.6666666666666666,1.0,-0.18032723365419906,-0.456100707782694,-0.4327740409490724,-0.3713829595084335,-0.08784132444635566,0.0,0.0,1.0,0.0,0.0,1.0,0,0.149
0.9635555555555554,1.130360205831904,1.5834236465913196,0.12884255546645293,1.0,0.0,-0.3333333333333333,0.0,0.8623890658866991,2.5157993716697407,2.7569018404907975,-0.11062591513166059,2.6590518168135886,0.0,0.0,1.0,0.0,0.0,1.0,0,0.165
-0.9173333333333334,-0.30531732418524865,-0.5165000888797143,0.9810211173483029,-1.0,-1.5,-1.6666666666666667,0.0,-0.8357663263757472,0.465634999890662,1.1128409342893044,-0.6435116954028712,-0.546635132229628,1.0,0.0,0.0,0.0,0.0,1.0,0,0.163
-0.1635555555555556,-0.6706689536878214,-0.44842396197095075,-1.0109596364608398,1.0,-0.5,1.0,0.0,-0.6600256882644876,-0.5337648548110028,-0.7590227987615081,1.5810790807520723,-0.19791442700494516,0.0,0.0,1.0,0.0,1.0,0.0,2,0.153
0.8604444444444446,1.130360205831904,1.49030064280103,0.21224271585137683,0.0,0.0,0.0,1.0,0.8310463607077686,2.3678283244283436,1.9954511296720618,-0.1763774297893834,1.4610298860460116,1.0,0.0,0.0,0.0,0.0,1.0,0,0.133
-0.6968888888888889,-0.30360205831903936,-0.43583171342886473,0.3255813953488373,1.0,0.0,0.3333333333333333,0.0,-0.6314414268410977,-0.692766912799131,-0.6580902928101537,-0.26057589472425385,-0.1802085572995054,0.0,1.0,0.0,0.0,1.0,0.0,0,0.186
-0.12800000000000006,-0.44939965694682665,-0.31286806236488857,-0.711574445335472,-1.0,-0.5,0.0,0.0,-0.3964772607895808,-0.24656981730799604,-0.4257366890876389,0.9048693229556513,-0.4511932917652118,0.0,1.0,0.0,0.0,0.0,1.0,2,0.172
-0.6471111111111112,-0.6929674099485418,-0.5660892352330656,-0.6356589147286824,-1.0,-1.0,-0.6666666666666666,0.0,-0.9943583341434528,-0.5496796390381152,-0.6178394559834429,0.7726330372579221,-0.5698774457105998,0.0,0.0,1.0,0.0,1.0,0.0,1,0.097
0.8604444444444446,0.7838765008576329,1.1618012190856282,-0.09248863940122967,-1.0,1.0,1.3333333333333333,2.0,0.7092201760573352,0.81396224673018,0.5079920910636407,0.08675990961065456,0.23998064932272622,0.0,1.0,0.0,0.0,0.0,1.0,4,0.156
-0.5831111111111111,-0.8387650085763291,-0.611251598401312,-1.009890403635392,0.0,-1.5,-1.0,0.0,-1.1735286082783098,-0.13659987316767372,-0.5912145514573632,1.5799572149539243,-0.50895506342722,1.0,0.0,0.0,0.0,0.0,1.0,4,0.123
0.7537777777777779,-0.4528301886792451,-0.04352238908671793,-1.1478214381181506,0.0,0.5,0.0,2.0,-0.04450482933932019,-0.30547638659076165,-0.06407531968364245,2.0207914397809557,0.023231563104708704,0.0,0.0,0.0,1.0,0.0,1.0,0,0.195
-0.8817777777777779,-0.8936535162950255,-0.6758872202439319,-0.8249131248329328,0.0,-1.5,-1.0,-1.0,-1.533016110079553,-0.5474199826516702,-0.7647922980264615,1.1291829365823172,-0.5695441840464416,0.0,1.0,0.0,0.0,0.0,1.0,1,0.107
0.25244444444444425,-0.5934819897084047,-0.298968421897668,-1.1146752205292707,-1.0,-0.5,-0.6666666666666666,0.0,-0.3738665198621826,-0.21712139214271303,-0.07982851652006807,1.9019394664648603,-0.4446785637497312,0.0,1.0,0.0,0.0,0.0,1.0,2,0.139
-0.3413333333333334,0.17667238421955422,-0.0682022787611889,0.5330125634856991,1.0,0.0,0.6666666666666666,2.0,-0.0709148979248426,-0.10860929083235538,-0.338301056988691,-0.39830264334399645,0.3367125349387227,1.0,0.0,0.0,0.0,0.0,1.0,0,0.154
-0.6862222222222224,-0.26243567753001706,-0.41686306216419244,0.39508152900294047,-1.0,-0.5,0.0,0.0,-0.5902638734852791,-0.46689846367663107,-0.5653749969201961,-0.3087272823584585,-0.49993549774242096,0.0,1.0,0.0,0.0,0.0,1.0,0,0.14
0.4088888888888889,1.099485420240137,1.0584484468986715,0.6399358460304734,0.0,0.5,0.6666666666666666,0.0,0.666603343328405,1.0953356318655285,0.7962986916993123,-0.46247298322146685,1.0562137174801118,1.0,0.0,0.0,0.0,0.0,1.0,0,0.181
0.5013333333333332,-0.17667238421955397,0.10331836713629557,-0.777866880513232,0.0,0.5,0.3333333333333333,1.0,0.0964935766935558,-0.11881419064210688,-0.0375714074527735,1.0310048942959105,0.16087938077832725,1.0,0.0,0.0,0.0,0.0,1.0,2,0.181
-0.20622222222222236,0.058319039451115016,-0.059348712390979,0.12670408981555742,-1.0,0.0,0.0,0.0,-0.061337728574038165,-0.0945411075231978,-0.08532596644245685,-0.1087698637892579,-0.33236938292840246,0.0,0.0,0.0,1.0,1.0,0.0,0,0.163
0.4444444444444444,0.9262435677530017,0.9530084349715872,0.41432771986100003,0.0,0.5,0.6666666666666666,0.0,0.6205916006035805,0.9613015620785925,0.6901147534924974,-0.32162958519814533,0.957374758116534,0.0,0.0,0.0,1.0,1.0,0.0,0,0.177
-0.2631111111111113,0.41166380789022294,0.09788236913178855,0.7693130179096501,1.0,0.5,0.3333333333333333,1.0,0.09170277557659319,-0.12572436565613848,-0.04382780904512002,-0.5355103917797919,0.5702429585035478,1.0,0.0,0.0,0.0,0.0,1.0,0,0.177
-0.33066666666666683,-0.334476843910806,-0.3180288199641041,-0.33841218925421024,0.0,-0.5,0.0,0.0,-0.40504162856397236,-0.2575036385327298,-0.43266624781333923,0.35301903355410563,-0.23408944313050956,1.0,0.0,0.0,0.0,1.0,0.0,4,0.142
-0.6044444444444446,-0.6123499142367066,-0.5248031744393411,-0.5169740711039831,0.0,-1.0,-1.0,0.0,-0.8601779902706196,-0.41847378434131016,-0.3590589351270111,0.5894132412825994,-0.42791872715545043,0.0,0.0,0.0,1.0,1.0,0.0,1,0.12
0.42311111111111105,0.01029159519725572,0.21763488213403048,-0.5362202619620424,0.0,0.0,-0.3333333333333333,1.0,0.19098708127739128,0.34558164284308507,0.5562218197945152,0.6179834657064435,0.26803913136959784,0.0,0.0,1.0,0.0,0.0,1.0,3,0.177
-0.8426666666666668,-0.2864493996569467,-0.4835859237469395,0.7693130179096501,-1.0,-0.5,-0.3333333333333333,0.0,-0.7458636060525987,-0.6082606234221889,-0.5736473501367432,-0.5352143425216257,-0.5312083422919802,0.0,1.0,0.0,0.0,0.0,1.0,0,0.165
-0.8213333333333334,-0.1612349914236705,-0.4361757639354791,1.0323442929697946,0.0,0.0,0.3333333333333333,0.0,-0.6322086911168534,-0.6933136038603678,-0.6584862675944795,-0.6677764262057636,-0.34483981939367875,0.0,1.0,0.0,0.0,0.0,1.0,0,0.154
-0.3235555555555556,0.26415094339622647,-0.01453039972934702,0.645282010157712,-1.0,0.5,0.3333333333333333,2.0,-0.014578513604897102,-0.26862211984925904,-0.1732059702438149,-0.4660586227100224,-0.3113631477101699,1.0,0.0,0.0,0.0,0.0,1.0,0,0.172
0.6542222222222219,1.049742710120069,1.2338683318711188,0.32237369687249395,0.0,0.5,0.3333333333333333,1.0,0.7376192495040237,1.3183272711368987,1.2636017338415886,-0.2584514850540837,1.220651472801548,0.0,0.0,0.0,1.0,0.0,1.0,0,0.166
-0.8782222222222223,-0.8473413379073754,-0.6617582127723017,-0.6987436514300991,0.0,-1.5,-1.6666666666666667,-1.0,-1.4391218882500174,-0.457616864325857,-0.05742294330697029,0.882927295919246,-0.5562997204902171,0.0,1.0,0.0,0.0,0.0,1.0,1,0.098
-0.9137777777777779,-0.7975986277873068,-0.653455127212675,-0.4945201817695804,1.0,-1.0,-1.3333333333333333,-1.0,-1.3887836807855103,-0.8273258060048547,-0.526045901396999,0.5567071509364706,-0.48620726725435387,0.0,1.0,0.0,0.0,0.0,1.0,1,0.103
0.18844444444444433,1.130360205831904,0.8833955491332794,0.9788826516974076,1.0,0.5,0.3333333333333333,0.0,0.5886592221776349,0.8728105022997472,0.8602354202084409,-0.6427161445231071,1.6747473661578156,0.0,0.0,1.0,0.0,0.0,1.0,1,0.158
-0.2631111111111113,-0.3876500857632932,-0.3221803627439175,-0.49879711307137137,0.0,-0.5,-0.3333333333333333,0.0,-0.4119999247792439,-0.26629929027351557,-0.31357639145539207,0.5626043757476039,-0.2379810793377768,0.0,1.0,0.0,0.0,0.0,1.0,2,0.202
0.5546666666666664,1.130360205831904,1.2141427694918947,0.5030740443731624,0.0,0.0,0.6666666666666666,2.0,0.7299480688082396,1.9290176326090287,0.9530915071328256,-0.3797035687387556,1.202160825628897,0.0,1.0,0.0,0.0,0.0,1.0,0,0.157
-0.24177777777777792,0.5300171526586621,0.17453682200547038,0.9147286821705432,0.0,0.5,0.3333333333333333,1.0,0.1566895335381152,-0.0282821509013113,0.04439537290265351,-0.6108080653263267,0.22763921737260803,0.0,1.0,0.0,0.0,0.0,1.0,0,0.171
0.5404444444444443,-0.23327615780445957,0.07256025184497082,-0.8548516439454694,1.0,0.0,-0.6666666666666666,1.0,0.06899094943246659,0.1150602453549484,0.6684714317392267,1.1920961776774714,0.5346377123199313,0.0,0.0,1.0,0.0,0.0,1.0,3,0.2
-0.984888888888889,-0.8936535162950255,-0.6905208351252631,-0.6613205025394282,-1.0,-1.5,-1.3333333333333333,-1.0,-1.6438387114434543,-0.6404303552034055,-0.6753547934067557,0.8170190323563451,-0.6281982369382928,0.0,0.0,0.0,1.0,1.0,0.0,1,0.112
0.9386666666666663,-0.3773584905660376,0.08714799332542013,-1.137129109863673,0.0,0.5,0.6666666666666666,1.0,0.08215536708554802,-0.13936977454460622,-0.18185471949146279,1.9816007748951898,0.14572135024725866,1.0,0.0,0.0,0.0,0.0,1.0,3,0.181
0.41955555555555546,0.8370497427101202,0.8626837086350942,0.34696605185779217,1.0,0.0,-0.6666666666666666,0.0,0.5789011151787491,1.370554490520377,2.259867691625397,-0.27547490053164997,1.64562459686089,0.0,1.0,0.0,0.0,0.0,1.0,0,0.151
-0.035555555555555556,-0.6775300171526585,-0.42372113559603886,-1.0900828655439725,1.0,-0.5,-0.6666666666666666,0.0,-0.6049024858727622,-0.48142829721527713,-0.33109431591396254,1.8207706471180243,-0.16317996129864543,0.0,1.0,0.0,0.0,0.0,1.0,4,0.139
-0.12800000000000006,0.04116638078902239,-0.030127356029198506,-0.0016038492381716732,0.0,0.0,-0.3333333333333333,1.0,-0.030535639422304445,-0.04810881338882855,0.15700532190110117,0.0013953307753468355,0.03578800258009027,1.0,0.0,0.0,0.0,1.0,0.0,0,0.154
-0.5866666666666668,0.013722126929674294,-0.26756807899399637,0.7522052927024863,1.0,0.0,0.0,1.0,-0.32507317288314097,-0.4253985377836415,-0.3649105624953803,-0.526202957613612,0.05638572350032251,1.0,0.0,0.0,0.0,0.0,1.0,0,0.17
0.7537777777777779,0.8627787307032592,1.151020969878378,0.05934242181234977,0.0,0.0,0.3333333333333333,0.0,0.704881965225161,1.8287180459074708,1.1682510057759516,-0.052448058615628686,1.1429907546764135,0.0,0.0,0.0,1.0,0.0,1.0,0,0.129
0.6719999999999997,1.130360205831904,1.320110325529121,0.3822507350975675,0.0,0.0,0.3333333333333333,0.0,0.7703017360052711,2.0973984794699287,1.3628594131125726,-0.30011786931954393,1.3014943023005805,0.0,1.0,0.0,0.0,1.0,0.0,0,0.173
0.4764444444444444,1.130360205831904,1.1434977321337438,0.5907511360598775,-1.0,1.0,1.0,1.0,0.7018401246939181,0.7945729370916522,0.666002455630292,-0.4339373310178784,0.23140184906471725,0.0,1.0,0.0,0.0,1.0,0.0,0,0.151
0.35911111111111094,0.01715265866209262,0.19201458774148036,-0.4859663191659985,0.0,0.0,0.0,2.0,0.1707802106430893,0.3048713818163264,0.25218974055732113,0.5447918441381997,0.24402279079767789,0.0,0.0,0.0,1.0,0.0,1.0,3,0.205
0.16355555555555534,1.1114922813036021,0.8479812836524403,0.9959903769045715,0.0,0.5,1.3333333333333333,2.0,0.5718996078741352,0.8277923157104435,0.25516483110355537,-0.6505883836833648,0.8589228122984305,0.0,1.0,0.0,0.0,0.0,1.0,0,0.152
-0.13155555555555565,-0.025728987993138934,-0.07035832860263887,-0.09462710505212515,0.0,0.0,0.6666666666666666,1.0,-0.07326503182205515,-0.11203522148277183,-0.3404723187227437,0.08814004861650931,-0.0019243173511072497,0.0,0.0,1.0,0.0,0.0,1.0,3,0.222
-0.9884444444444446,-0.8936535162950255,-0.6910254425349641,-0.6549051055867418,0.0,-1.5,-0.6666666666666666,-1.0,-1.6479550686733717,-0.6436376094293274,-0.8694748318427082,0.8058438743692388,-0.583734680713825,0.0,0.0,0.0,1.0,0.0,1.0,0,0.091
0.9528888888888888,1.130360205831904,1.5737902324061173,0.13739641807003486,0.0,0.5,0.6666666666666666,1.0,0.8592043643983968,1.7504318859383772,1.315276443196097,-0.11736716349288283,1.5392926252418835,0.0,0.0,1.0,0.0,0.0,1.0,0,0.148
-0.9457777777777778,-0.35506003430531724,-0.5402166371356649,0.9414595028067365,-1.0,-1.0,-0.3333333333333333,0.0,-0.9076200633316699,-0.4674573034281174,-0.6648957794367655,-0.6240962797772681,-0.5577510212857449,0.0,1.0,0.0,0.0,0.0,1.0,0,0.159
-0.12800000000000006,-0.7495711835334475,-0.4858795937910353,-1.145682972467255,0.0,-0.5,-0.3333333333333333,0.0,-0.7518043652229685,-0.6131200995220705,-0.5773431147904501,2.0099047467800575,-0.3914319501182541,0.0,0.0,1.0,0.0,0.0,1.0,4,0.127
0.984888888888889,0.35334476843910817,0.8296548600001147,-0.5383587276129379,0.0,1.0,1.3333333333333333,0.0,0.5630835965303296,0.46211187971824763,0.24040025131199624,0.6209754582760495,0.841743711029886,1.0,0.0,0.0,0.0,0.0,1.0,2,0.17
-0.6328888888888891,-0.31046312178387636,-0.41518868303200246,0.17268110130981024,0.0,0.0,-0.3333333333333333,0.0,-0.5867311375282325,-0.6599654491249298,-0.46343964816320493,-0.14560490417539798,-0.3251666308320791,1.0,0.0,0.0,0.0,0.0,1.0,0,0.164
0.1386666666666666,0.8919382504288164,0.6771258020677435,0.7650360866078592,-1.0,1.0,0.6666666666666666,0.0,0.4855759557207047,0.3005342993971821,0.41228564565008485,-0.5331623953278656,0.012814448505697679,0.0,1.0,0.0,0.0,0.0,1.0,0,0.181
0.1991111111111109,-0.3962264150943395,-0.17460563210679328,-0.8569901095963649,-1.0,0.0,1.0,0.0,-0.19625186861929106,-0.2776826130374883,-0.5139114741173282,1.197362788829514,-0.38639002365082775,0.0,1.0,0.0,0.0,0.0,1.0,2,0.178
-0.7893333333333334,-0.23670668953687815,-0.44755236735419435,0.731889869018979,-1.0,-0.5,0.0,0.0,-0.6580131620582463,-0.5319182538930478,-0.6065827728090274,-0.5150314458372212,-0.5143195011825413,0.0,0.0,1.0,0.0,1.0,0.0,0,0.182
-0.4586666666666669,0.19897084048027458,-0.12198884129523556,0.8120823309275598,-1.0,0.0,0.0,1.0,-0.13176251326971677,-0.19407532673902428,-0.16943541035306878,-0.558025298023924,-0.36172866050311764,0.0,0.0,0.0,1.0,0.0,1.0,0,0.14
0.09599999999999985,-0.3361921097770153,-0.16887145699655376,-0.7201283079390539,1.0,-0.5,0.0,0.0,-0.18895997228726877,0.058508092242575485,-0.23238660162120872,0.920800629810136,0.1951623306815739,1.0,0.0,0.0,0.0,0.0,1.0,2,0.188
-0.25244444444444447,-0.07375643224699822,-0.15240290607994594,-0.014434643143544583,0.0,0.0,0.3333333333333333,2.0,-0.16838800256724798,-0.2424028165523475,-0.3318862654826141,0.013354812815075036,-0.07883250913781985,0.0,1.0,0.0,0.0,0.0,1.0,0,0.149
-0.15644444444444464,-0.478559176672384,-0.33814430625082437,-0.731889869018979,-1.0,-0.5,0.6666666666666666,0.0,-0.43934885583026034,-0.3001212439286921,-0.6101476457979155,0.9426597576067025,-0.4630402064072242,0.0,0.0,1.0,0.0,1.0,0.0,4,0.145
1.0026666666666668,1.130360205831904,1.618746165270395,0.09890403635391612,-1.0,0.5,0.0,2.0,0.8739565698311768,1.8075793248729854,2.1679201468450486,-0.08602448281203139,0.45414964523758333,1.0,0.0,0.0,0.0,1.0,0.0,0,0.161
0.5404444444444443,0.6809605488850772,0.8293108094935002,0.06575781876503622,-1.0,1.0,0.6666666666666666,1.0,0.5629171351666443,0.4617474190107565,0.5655443861334909,-0.058256559609932555,0.08414319501182539,0.0,0.0,1.0,0.0,0.0,1.0,0,0.151
0.6471111111111112,1.130360205831904,1.297632359096982,0.40684309008286573,0.0,0.5,0.3333333333333333,1.0,0.7619141711058276,1.3993833324829252,1.3369890605366248,-0.31682933600032975,1.2804235648247688,1.0,0.0,0.0,0.0,0.0,1.0,0,0.161
0.7786666666666664,1.130360205831904,1.416444467381145,0.2828120823309276,-1.0,1.0,0.3333333333333333,1.0,0.8052629572157977,1.083711765034612,1.4737323527237782,-0.22948735771865683,0.35933132659643086,0.0,0.0,1.0,0.0,1.0,0.0,0,0.146
-0.7182222222222223,-0.5660377358490565,-0.5365697017655526,-0.24111200213846576,0.0,-1.5,-1.3333333333333333,0.0,-0.8961322046066067,0.33807375226876807,-0.05520548451474609,0.24035624210148068,-0.43894861320146206,1.0,0.0,0.0,0.0,0.0,1.0,1,0.108
0.01422222222222217,-0.5523156089193824,-0.3337404597661604,-0.9478748997594229,-1.0,-0.5,-1.3333333333333333,0.0,-0.4317082820089349,-0.29079104981691917,0.7618356863034961,1.4144518219596203,-0.46097613416469574,0.0,1.0,0.0,0.0,0.0,1.0,2,0.17
-0.33066666666666683,0.18181818181818196,-0.05980744639979816,0.522320235231222,0.0,0.0,0.3333333333333333,1.0,-0.061831083982342334,-0.09527002893818005,-0.22531625186108148,-0.3915078312185725,0.007966028811008424,1.0,0.0,0.0,0.0,0.0,1.0,0,0.141
-0.5297777777777779,-0.8061749571183532,-0.5887277585682912,-0.9885057471264371,0.0,-1.0,-0.3333333333333333,0.0,-1.0790492673430179,-0.6216241826968635,-0.7430612018626653,1.5194238838707592,-0.4878413244463556,0.0,0.0,0.0,1.0,0.0,1.0,1,0.1
0.2453333333333333,-0.29331046312178377,-0.08563417109631703,-0.7628976209569637,-1.0,-0.5,-0.6666666666666666,1.0,-0.09012142267968233,0.23485847990728126,0.3498503215315247,1.0013690915188664,-0.3446893141259944,0.0,0.0,0.0,1.0,0.0,1.0,4,0.128
-0.5475555555555557,-0.765008576329331,-0.574598751096661,-0.8922747928361404,0.0,-1.0,-1.0,0.0,-1.0251266002152701,-0.5767226235339568,-0.4927840195136373,1.2766035439601584,-0.47459686089013114,1.0,0.0,0.0,0.0,0.0,1.0,1,0.11
0.16711111111111096,0.31046312178387664,0.300596927628976,0.018711574445335555,-1.0,0.0,0.3333333333333333,1.0,0.25305179844828074,0.4774070807426254,0.1894805338796025,-0.016614307093208585,-0.16366372823048803,1.0,0.0,0.0,0.0,0.0,1.0,0,0.18
-0.6471111111111112,-0.39965694682675806,-0.454318693984277,0.0058807805399626436,-1.0,-0.5,-0.6666666666666666,0.0,-0.6737744208826477,-0.5462537083876987,-0.39272119151452434,-0.005806333911852721,-0.5174908621801763,0.0,0.0,1.0,0.0,0.0,1.0,0,0.155
0.24888888888888888,0.27101200686106364,0.32089590751922387,-0.10959636460839355,0.0,0.5,0.3333333333333333,1.0,0.2675159997068229,0.15776775105875857,0.21284304615482097,0.10307363065889866,0.3648355192431736,1.0,0.0,0.0,0.0,0.0,1.0,3,0.195
-0.9920000000000001,-0.8936535162950255,-0.6915300499446653,-0.6484897086340553,-1.0,-1.5,-1.0,-1.0,-1.6520932109118738,-0.6468448636552493,-0.8068008229235961,0.7946391131590234,-0.6286712534938722,0.0,0.0,1.0,0.0,0.0,1.0,1,0.119
-1.0097777777777779,-0.44253859348198965,-0.5836587477708395,0.922213311948677,-1.0,-1.0,-0.3333333333333333,0.0,-1.0592731842965464,-0.6055150194257557,-0.7348935619779732,-0.6149653235417913,-0.5781122339281876,0.0,1.0,0.0,0.0,1.0,0.0,0,0.174
-0.5226666666666667,-0.31217838765008565,-0.37610454548060995,-0.03154236835070823,-1.0,-1.0,-1.3333333333333333,0.0,-0.5085015752533311,0.054085968991683046,0.5911837534185821,0.028829294744532497,-0.48083207912276926,0.0,0.0,0.0,1.0,0.0,1.0,4,0.135
0.3235555555555554,0.7032590051457975,0.686736279552505,0.30633520449077817,-1.0,0.0,-0.3333333333333333,2.0,0.49069298091764213,1.090976681803935,1.3120796067706406,-0.2465013705289014,0.01731885615996564,1.0,0.0,0.0,0.0,0.0,1.0,0,0.171
-0.9813333333333334,-0.8473413379073754,-0.6781808902880276,-0.5169740711039831,1.0,-1.5,-1.0,-1.0,-1.5493816920135832,-0.5619984109513153,-0.7709519057826397,0.588910505686543,-0.5209739840894432,1.0,0.0,0.0,0.0,0.0,1.0,1,0.106
0.8853333333333331,0.9073756432246999,1.2992838015287314,-0.002673082063619297,0.0,0.0,0.0,1.0,0.7625334720112925,2.0643054472297346,1.738965062704807,0.0025788120428023318,1.2819716190066655,0.0,0.0,0.0,1.0,0.0,1.0,0,0.168
-0.4622222222222222,-0.3259005145797597,-0.36048465248031747,-0.15129644480085538,-1.0,-0.5,-1.3333333333333333,0.0,-0.4793024256542193,-0.34745254114153945,0.6541041466479414,0.14495805993020996,-0.4735110728875511,0.0,0.0,1.0,0.0,1.0,0.0,4,0.143
-0.35911111111111116,-0.14751286449399645,-0.23653472329738007,0.014434643143544583,0.0,-0.5,-0.3333333333333333,1.0,-0.2796680877867874,-0.0848464527039339,-0.17557653928597822,-0.012652215442463588,-0.1576972694044291,1.0,0.0,0.0,0.0,0.0,1.0,0,0.152
0.43733333333333324,-0.3825042881646655,-0.08540480409190744,-0.9607056936647957,-1.0,-0.5,-0.3333333333333333,1.0,-0.08986561773720972,0.2353444275172693,0.06793739374676618,1.4464060856334229,-0.3445818103633627,0.0,1.0,0.0,0.0,1.0,0.0,2,0.191
-0.17422222222222242,0.30360205831903947,0.09373082635197506,0.4485431702753278,0.0,0.0,0.0,1.0,0.08802410658109232,0.14869996865637916,0.12022014438120569,-0.3445304859123456,0.15189206622231774,1.0,0.0,0.0,0.0,0.0,1.0,0,0.165
0.5439999999999999,0.08576329331046312,0.33846542005699765,-0.5351510291365946,0.0,1.0,1.3333333333333333,0.0,0.2798228539349051,-0.05821652367658236,-0.15532374898366483,0.6162909326007037,0.3813050956783487,0.0,1.0,0.0,0.0,0.0,1.0,4,0.182
1.0062222222222221,-0.1423670668953687,0.3455299237928128,-0.9617749264902435,0.0,0.5,0.0,1.0,0.28471721287913343,0.18908221504639594,0.4583210141178209,1.4481621167479541,0.38792732745646097,1.0,0.0,0.0,0.0,0.0,1.0,2,0.187
0.03199999999999995,-0.2384219554030873,-0.12914509183281445,-0.54691259021652,0.0,-0.5,-0.3333333333333333,1.0,-0.14022721255974455,0.1426742182925259,-0.0025408381994234605,0.6339973291892673,-0.057030746076112665,0.0,1.0,0.0,0.0,0.0,1.0,2,0.177
-0.7857777777777778,-0.23327615780445957,-0.4450293303056889,0.7297514033680838,-1.0,-0.5,-0.6666666666666666,0.0,-0.6522164590256201,-0.526572830183178,-0.3740113829551334,-0.5139720893593589,-0.5131369597935928,0.0,0.0,1.0,0.0,0.0,1.0,0,0.164
-0.4586666666666669,-0.7547169811320753,-0.5530382526821604,-0.9468056669339752,-1.0,-1.0,0.0,0.0,-0.94940309028439,-0.5082040105256252,-0.7482229531623426,1.4118733181860101,-0.5637604816168567,0.0,0.0,1.0,0.0,1.0,0.0,1,0.105
-0.5795555555555557,0.10806174957118372,-0.22577741079057081,0.9286287089013636,0.0,0.0,0.0,2.0,-0.2645248461360326,-0.35899379687875854,-0.308796535836598,-0.617837608181686,-0.14761341646957649,0.0,0.0,1.0,0.0,0.0,1.0,0,0.158
0.9315555555555557,0.2813036020583191,0.7268525686237406,-0.5725741780272655,-1.0,0.5,1.0,1.0,0.5116981721611894,0.6738149560095927,0.2930382059937089,0.6718381426586555,0.03612126424424855,0.0,0.0,1.0,0.0,1.0,0.0,4,0.128
-0.035555555555555556,0.22813036020583208,0.12974144604427923,0.14488104784816894,-1.0,0.0,-0.6666666666666666,1.0,0.11937134236794596,0.20592029973248585,0.7836406977603664,-0.12404792087519986,-0.24374328101483553,1.0,0.0,0.0,0.0,1.0,0.0,0,0.169
-0.6862222222222224,-0.5506003430531731,-0.5224406942939224,-0.26035819299652513,-1.0,-1.0,-1.6666666666666667,0.0,-0.8531542084281486,-0.410965893766993,1.0649807820238004,0.2620076262296403,-0.5494194796817888,0.0,1.0,0.0,0.0,0.0,1.0,1,0.129
-0.4302222222222223,-0.6758147512864492,-0.5110182174743253,-0.8270515904838283,-1.0,-1.0,-0.6666666666666666,0.0,-0.8200570911027634,-0.37466560730087695,-0.5069203193140661,1.133023913148636,-0.5440657923027306,0.0,0.0,1.0,0.0,0.0,1.0,4,0.141
-0.5475555555555557,-0.5197255574614065,-0.4719570166233737,-0.4036353916065224,0.0,0.0,0.0,0.0,-0.7164194890997356,-0.7501694742289834,-0.6393518860718949,0.4338626307049234,-0.3783809933347667,0.0,1.0,0.0,0.0,0.0,1.0,4,0.136
0.3164444444444444,-0.053173241852487035,0.11905294363879278,-0.5340817963111469,0.0,0.5,0.3333333333333333,1.0,0.11019743528491595,-0.09881258701499389,-0.019462160649609806,0.6144365136769268,0.1756288970113954,0.0,1.0,0.0,0.0,1.0,0.0,2,0.18
0.3982222222222221,-0.562607204116638,-0.23791092532383754,-1.137129109863673,-1.0,-0.5,-0.3333333333333333,1.0,-0.28162672186902826,-0.0877621383638629,-0.17779399807820231,1.9793749462740338,-0.4160610621371748,1.0,0.0,0.0,0.0,0.0,1.0,4,0.147
-0.5937777777777778,-0.2315608919382503,-0.3694070289518502,0.26035819299652513,0.0,-0.5,0.0,0.0,-0.4958477668184058,-0.3663559031700792,-0.5016538546825338,-0.21306991765767608,-0.28225112878950764,1.0,0.0,0.0,0.0,0.0,1.0,0,0.179
0.6435555555555553,0.5077186963979418,0.7549041532630324,-0.18871959369152627,0.0,0.0,0.0,0.0,0.5260579923590295,1.1992944040702975,1.0080044102791532,0.1834686344164795,0.7716727585465492,0.0,1.0,0.0,0.0,0.0,1.0,3,0.179
-0.14222222222222222,-0.21612349914236695,-0.18405555268846807,-0.35979684576316506,0.0,0.0,0.0,1.0,-0.20841930119681565,-0.2926983941861228,-0.25277490329415825,0.37857372985937826,-0.10850354762416686,1.0,0.0,0.0,0.0,0.0,1.0,1,0.206
0.2204444444444443,0.19897084048027458,0.2534390715223661,-0.16733493718257142,1.0,0.5,0.0,2.0,0.21837884646281688,0.07201743580024651,0.3346668884125459,0.16145794983188883,0.7889701139539884,0.0,1.0,0.0,0.0,0.0,1.0,3,0.207
-0.13866666666666688,0.7461406518010291,0.3680767003262746,1.0387596899224811,0.0,0.5,0.3333333333333333,0.0,0.30013603166475167,0.21774340508349815,0.2671443882453566,-0.6708802124733196,0.4090625671898517,1.0,0.0,0.0,0.0,0.0,1.0,0,0.162
0.7608888888888886,1.130360205831904,1.4003887770724743,0.29885057471264387,0.0,0.0,0.0,1.0,0.7995435662770354,2.2249597270918224,1.8747228176509716,-0.2411502615494968,1.3767469361427649,0.0,0.0,0.0,1.0,1.0,0.0,0,0.158
-0.9777777777777779,-0.706689536878216,-0.6415051062829358,-0.06682705159048385,0.0,-1.5,-1.3333333333333333,-1.0,-1.3215900030368115,-0.32888934243999146,-0.47790856678246724,0.062195578846987745,-0.5373145560094603,1.0,0.0,0.0,0.0,1.0,0.0,1,0.099
-0.7182222222222223,-0.5145797598627786,-0.518335024914991,-0.12028869286287097,0.0,-0.5,-0.6666666666666666,0.0,-0.8410959471506592,-0.6818816863353961,-0.5216571808707221,0.11353065440195312,-0.421855514943023,0.0,1.0,0.0,0.0,0.0,1.0,4,0.146
0.04266666666666651,-0.3361921097770153,-0.18763367795725752,-0.6827051590483831,0.0,0.0,-0.3333333333333333,1.0,-0.21307625986644316,-0.2983839812229843,-0.09678283686894817,0.8543703691651962,-0.11185766501827564,0.0,0.0,1.0,0.0,1.0,0.0,3,0.209
0.05688888888888868,0.6998284734133792,0.48652182140338196,0.6442127773322643,0.0,0.5,0.3333333333333333,0.0,0.3764900711895767,0.3683094125622318,0.40346530732922914,-0.46517327590556395,0.5200924532358632,1.0,0.0,0.0,0.0,0.0,1.0,0,0.163
0.8888888888888888,0.04116638078902239,0.4717047129185232,-0.7586206896551727,-1.0,0.5,1.0,1.0,0.36733659523512313,0.3494740831990904,0.06463995039462563,0.9940580799049143,-0.08346592130724571,0.0,0.0,1.0,0.0,1.0,0.0,4,0.165
0.3839999999999999,0.35677530017152675,0.465213626693732,-0.13525795241913938,1.0,0.0,-0.3333333333333333,1.0,0.363292633592344,0.738980530509006,0.9551426565156331,0.12825929209221137,1.0867447860675126,1.0,0.0,0.0,0.0,0.0,1.0,3,0.198
0.6008888888888888,1.130360205831904,1.2558875642944385,0.4538893344025664,1.0,0.0,0.0,0.0,0.7460944617797414,1.9953494813724135,1.680695173331362,-0.34810579414061316,2.1985056976994195,0.0,0.0,1.0,0.0,1.0,0.0,0,0.173
0.3982222222222221,1.0737564322469981,1.0290206602329222,0.6249665864742052,-1.0,0.0,0.3333333333333333,2.0,0.654031697322196,1.6348613955929412,1.0278383472540467,-0.453955385464752,0.1777467211352397,1.0,0.0,0.0,0.0,0.0,1.0,0,0.168
-0.7751111111111113,-0.7735849056603772,-0.6207703290843096,-0.653835872761294,0.0,-1.0,-0.3333333333333333,0.0,-1.217163827390853,-0.7234545043698839,-0.79469103407495,0.8046861379505003,-0.5178778757256505,1.0,0.0,0.0,0.0,1.0,0.0,1,0.09
-0.4088888888888889,-0.7632933104631217,-0.5474187610741257,-1.0002673082063622,0.0,-1.5,-1.6666666666666667,0.0,-0.930814901552402,0.2691177864114472,0.8637463966294626,1.5526097865079744,-0.4491184691464201,0.0,1.0,0.0,0.0,1.0,0.0,1,0.106
0.6186666666666664,0.6998284734133792,0.9029146812085348,0.017642341619887692,0.0,0.5,-0.3333333333333333,1.0,0.5977452600008671,0.897622987265743,1.6604054253825113,-0.015409603020764672,0.9104171145990111,0.0,0.0,1.0,0.0,0.0,1.0,0,0.168
-0.03911111111111116,0.7204116638078901,0.4279185517767341,0.822774659182037,1.0,1.0,0.3333333333333333,0.0,0.33964347247236576,0.03654326027111025,0.3360176023990791,-0.5639600488398617,1.0343044506557728,0.0,1.0,0.0,0.0,0.0,1.0,0,0.168
-0.6435555555555557,0.06689536878216133,-0.2747243295315753,1.0163058005880783,0.0,-1.0,-0.6666666666666666,1.0,-0.3359285005514886,0.3762692344138381,-0.030998226032966175,-0.6606020529236055,-0.1934960223607826,1.0,0.0,0.0,0.0,0.0,1.0,0,0.165
0.9671111111111113,-0.10291595197255574,0.3679161434231879,-0.9136594493450951,-1.0,0.5,0.0,0.0,0.30002730128933,0.21753930708730315,0.4883798999679701,1.3299257800781954,-0.1321113738980864,0.0,1.0,0.0,0.0,1.0,0.0,2,0.188
-0.4266666666666667,-0.6449399656946825,-0.495879995183293,-0.7746591820368887,-1.0,-1.0,-0.6666666666666666,0.0,-0.7782468311812312,-0.3265567939120484,-0.47643026092098456,1.0255309854104961,-0.5369705439690389,0.0,0.0,1.0,0.0,0.0,1.0,4,0.13
0.20977777777777773,0.6123499142367067,0.5383128909990653,0.331996792301524,0.0,0.5,0.3333333333333333,0.0,0.40766824293613385,0.4341455947634285,0.4630727115297296,-0.2653783735389578,0.5686411524403354,1.0,0.0,0.0,0.0,0.0,1.0,0,0.162
0.11022222222222201,-0.04974271012006846,0.026893281267023332,-0.3704891740176425,-1.0,0.0,1.0,1.0,0.0262855696452715,0.04249611849346536,-0.3335376269905798,0.39260838965337586,-0.29194796817888624,0.0,0.0,1.0,0.0,1.0,0.0,4,0.129
0.1386666666666666,-0.334476843910806,-0.15270108318567832,-0.7457898957497998,-1.0,0.0,-0.3333333333333333,1.0,-0.16875570488330296,-0.24287661547208583,-0.04049634119299276,0.9691938117889025,-0.37612341431950114,1.0,0.0,0.0,0.0,0.0,1.0,2,0.167
-0.49422222222222245,0.11320754716981146,-0.17926178229630782,0.7308206361935313,0.0,0.0,0.3333333333333333,0.0,-0.20222332698238424,-0.28508116539955825,-0.3627986969789763,-0.5145951198806511,-0.10400989034616212,1.0,0.0,0.0,0.0,0.0,1.0,0,0.168
0.9635555555555554,1.130360205831904,1.5834236465913196,0.12884255546645293,0.0,1.0,1.0,1.0,0.8623890658866991,1.2605966950703047,1.059806711508611,-0.11062591513166059,1.5483229413029456,0.0,0.0,0.0,1.0,0.0,1.0,0,0.146
-0.6008888888888889,-0.1440823327615779,-0.3373185850349498,0.45816626570435737,0.0,-1.0,-1.3333333333333333,0.0,-0.4379105496363165,0.17734658026518177,0.7474222041540394,-0.3505378371231755,-0.25217157600516016,1.0,0.0,0.0,0.0,0.0,1.0,0,0.16
-0.32,0.02401372212692977,-0.1335260016170374,0.24218123496391364,0.0,-0.5,-0.6666666666666666,1.0,-0.14545471313731326,0.13339261894175206,0.253390864069776,-0.19922151842652272,-0.061137389808643285,0.0,1.0,0.0,0.0,0.0,1.0,0,0.165
0.7431111111111108,0.31217838765008576,0.6447391810451107,-0.43998930767174566,-1.0,0.0,0.0,1.0,0.4680811349969705,1.0242439262623098,0.8600814300145366,0.4815035543934777,-0.0023650827778972264,0.0,0.0,0.0,1.0,0.0,1.0,4,0.151
-0.6506666666666668,-0.5454545454545454,-0.5108576605712385,-0.3074044373162256,0.0,-1.0,-0.6666666666666666,0.0,-0.8196017116876891,-0.3741553623103893,-0.5065969399068667,0.3153671116174325,-0.4148462696194367,0.0,0.0,1.0,0.0,0.0,1.0,4,0.111
-0.18133333333333337,0.4734133790737565,0.18398674258714506,0.7147821438118152,1.0,0.5,0.6666666666666666,0.0,0.16433962927390394,-0.016269525982403794,-0.0843327296917733,-0.5052662529674091,0.6913136959793591,1.0,0.0,0.0,0.0,0.0,1.0,0,0.164
0.27022222222222203,1.013722126929674,0.8725694265251472,0.7233360064153971,0.0,0.5,0.0,2.0,0.5835738327771376,0.8590484659848823,1.1659983492251211,-0.510239313561461,0.8819716190066653,0.0,0.0,0.0,1.0,0.0,1.0,0,0.151
-0.3946666666666667,0.058319039451115016,-0.15357267780243478,0.4282277465918206,-1.0,0.0,-0.3333333333333333,0.0,-0.16983151954687364,-0.2442615661605522,-0.041900731761401556,-0.330992596047395,-0.3765319286175016,0.0,0.0,1.0,0.0,0.0,1.0,0,0.163
0.06755555555555551,-0.6792452830188678,-0.4018165866749239,-1.1403368083400165,-1.0,-1.0,-1.0,0.0,-0.5590761514706886,-0.027626121627827207,-0.02878076724074219,1.992417712383531,-0.492883250913782,0.0,0.0,0.0,1.0,0.0,1.0,4,0.149
-0.2808888888888891,-0.6535162950257288,-0.4660164112091656,-0.9072440523924087,0.0,-0.5,-0.3333333333333333,0.0,-0.7017953121746285,-0.5710370364970953,-0.5453377928893487,1.3137135019128383,-0.37281229843044505,1.0,0.0,0.0,0.0,0.0,1.0,1,0.129
0.5795555555555555,1.0325900514579762,1.154255044640553,0.3801122694466723,0.0,1.0,0.6666666666666666,1.0,0.7061859575965015,0.8059684085458746,0.8927812476901469,-0.29835967544465236,1.1460223607826272,1.0,0.0,0.0,0.0,0.0,1.0,0,0.154
-0.8746666666666667,-0.4373927958833618,-0.5400331435321373,0.4517508687516707,0.0,-1.0,-1.6666666666666667,0.0,-0.9070380076906245,-0.46687416629613165,0.9232482075541426,-0.3466509026729657,-0.44219522683293916,1.0,0.0,0.0,0.0,0.0,1.0,0,0.165
0.2453333333333333,-0.26243567753001706,-0.0635002551707925,-0.7265437048917404,0.0,0.0,-1.0,1.0,-0.06581397490584043,-0.1011378463287873,0.8797613767955254,0.933094386489933,0.004504407654267861,1.0,0.0,0.0,0.0,1.0,0.0,2,0.188
0.9564444444444441,1.130360205831904,1.5770013704678514,0.13418871959369152,0.0,1.0,0.6666666666666666,1.0,0.860267373442439,1.2537934285304702,1.3185102372680906,-0.1151185546721244,1.5423027305955708,1.0,0.0,0.0,0.0,0.0,1.0,0,0.172
-0.2631111111111113,-0.320754716981132,-0.28701840096792886,-0.39187383052659736,0.0,-0.5,-1.0,0.0,-0.35493662763916783,-0.19180352166232967,0.2795076009559709,0.4196932407180966,-0.20502042571490006,0.0,0.0,1.0,0.0,0.0,1.0,4,0.132
0.5297777777777777,0.26243567753001734,0.4767278503150929,-0.3480352846832398,0.0,1.0,1.0,2.0,0.3704517293321803,0.0882480859738513,0.06913646405663554,0.3641624577673577,0.5109116319071167,0.0,1.0,0.0,0.0,0.0,1.0,3,0.201
-0.20266666666666677,0.22984562607204126,0.0364578853509028,0.3822507350975675,0.0,-0.5,0.0,2.0,0.03542502892012065,0.4935283927039826,0.04331744154532228,-0.30011786931954393,0.09820468716405074,0.0,1.0,0.0,0.0,1.0,0.0,0,0.13
0.4906666666666666,1.130360205831904,1.1563422843806803,0.5747126436781612,-1.0,0.0,0.0,2.0,0.707026388146169,1.837173534321265,1.5470316850222976,-0.42400371986143015,0.23742205977209202,0.0,1.0,0.0,0.0,0.0,1.0,0,0.16
0.4444444444444444,0.8644939965694683,0.9041303263319055,0.3491045175086879,-1.0,0.0,0.3333333333333333,1.0,0.598307658056206,1.4364125403640233,0.8840995005438049,-0.2771005987486333,0.11921092238228334,1.0,0.0,0.0,0.0,0.0,1.0,0,0.165
-0.6471111111111112,-0.8730703259005144,-0.6347387796528532,-1.0291365944934514,0.0,-1.5,-0.6666666666666666,-1.0,-1.2859569794127719,-0.28588297895603865,-0.7561072510902505,1.6340405480502689,-0.5309718340141906,0.0,1.0,0.0,0.0,0.0,1.0,1,0.091
-0.6968888888888889,-0.7701543739279586,-0.6048981323791667,-0.7479283614006953,1.0,-1.5,-1.3333333333333333,0.0,-1.1457022340413952,-0.0962176267776571,-0.3304475570995639,0.9724614968110344,-0.4179316276069663,0.0,1.0,0.0,0.0,0.0,1.0,1,0.121
0.49777777777777776,-0.24528301886792447,0.046183046337869044,-0.8462977813418875,1.0,-0.5,-1.0,1.0,0.04460965510120524,0.514132571367481,1.1743138196959615,1.1737536029721845,0.4975489142119975,1.0,0.0,0.0,0.0,1.0,0.0,2,0.177
0.6791111111111109,1.130360205831904,1.3265326016525893,0.37583533814488135,1.0,0.5,-0.3333333333333333,1.0,0.7726817498983563,1.4361209717980308,2.34297619927563,-0.29535956011381237,2.297839174371103,0.0,1.0,0.0,0.0,0.0,1.0,0,0.174
0.8995555555555554,1.130360205831904,1.5256231614801052,0.1790964982624967,0.0,1.0,1.3333333333333333,1.0,0.8430833357116624,1.1993672962117956,0.8011031857491313,-0.151281689643276,1.4941410449365728,0.0,0.0,1.0,0.0,0.0,1.0,0,0.172
0.41599999999999987,-0.09433962264150943,0.1324938500971942,-0.6431435445068164,-1.0,0.5,0.6666666666666666,1.0,0.12171639749171995,-0.08172666904780988,-0.13618892748909756,0.7866712498460368,-0.24245323586325523,0.0,1.0,0.0,0.0,0.0,1.0,2,0.189
-0.20977777777777798,-0.5780445969125213,-0.40833060960015605,-0.8409516172146487,-1.0,-1.0,-1.0,0.0,-0.5724257384143838,-0.048327489813323195,-0.046274053268288005,1.1621301921907197,-0.49593635777252204,0.0,0.0,1.0,0.0,1.0,0.0,4,0.148
-0.952888888888889,-0.8936535162950255,-0.6859793684379534,-0.7169206094627106,1.0,-1.5,-0.6666666666666666,-1.0,-1.607735317025819,-0.6115650671701084,-0.8593114790450144,0.9163008391761933,-0.5319393678778758,1.0,0.0,0.0,0.0,1.0,0.0,1,0.131
-0.2915555555555557,-0.25385934819897077,-0.2627513719013952,-0.25287356321839083,0.0,0.0,0.3333333333333333,1.0,-0.31785064597592383,-0.4177448629263279,-0.4588885779753545,0.25316723949364894,-0.18227262954203396,0.0,1.0,0.0,0.0,0.0,1.0,4,0.151
0.5368888888888886,0.46483704974271023,0.6481108760099316,-0.14808874632451227,0.0,0.5,0.3333333333333333,2.0,0.46992084210012036,0.57371946730423,0.5894414643675489,0.14222220000662963,0.6715652547839174,0.0,1.0,0.0,0.0,0.0,1.0,3,0.189
-0.3662222222222224,0.2452830188679247,-0.04833909617931913,0.6976744186046513,1.0,0.0,-0.6666666666666666,1.0,-0.04958963286963607,-0.07704699356362378,0.42496673811811664,-0.49560876919073693,0.36464201247043665,0.0,1.0,0.0,0.0,0.0,1.0,4,0.17
0.6364444444444441,1.130360205831904,1.2879989449117797,0.4175354183373429,0.0,1.0,1.0,0.0,0.758291773677652,0.9476464342379248,0.7953542185100319,-0.32401897166592525,1.2713932487637067,1.0,0.0,0.0,0.0,0.0,1.0,0,0.159
-0.3662222222222224,0.26586620926243565,-0.03833869478706143,0.7329591018444271,0.0,-0.5,-0.6666666666666666,2.0,-0.039069303002557766,0.3350608770868415,0.4451086554808189,-0.5152483548073388,0.02809073317566117,0.0,0.0,1.0,0.0,0.0,1.0,0,0.186
0.28088888888888885,0.7958833619210978,0.7226780891434863,0.4603047313552526,0.0,1.0,0.6666666666666666,2.0,0.50953850145803,0.348788897069007,0.45815932441422125,-0.3520816953899508,0.7414642012470437,0.0,1.0,0.0,0.0,1.0,0.0,0,0.176
-0.4231111111111113,0.15265866209262444,-0.12389258743183502,0.6506281742849506,1.0,0.0,0.3333333333333333,0.0,-0.13400540930524182,-0.19710035061120051,-0.29907315502148824,-0.4689982566915544,0.2584067942377984,0.0,0.0,0.0,1.0,0.0,1.0,0,0.148
0.583111111111111,1.130360205831904,1.2398318739857679,0.4731355252606255,-1.0,0.5,0.0,1.0,0.7399237051482043,1.3259080538527142,1.6591365461847385,-0.36022021796907083,0.27655342937002797,1.0,0.0,0.0,0.0,0.0,1.0,0,0.18
0.5333333333333333,0.36363636363636365,0.5622817429598664,-0.24752739909115223,0.0,0.5,0.3333333333333333,1.0,0.42168715267800044,0.4646145099096867,0.4906589548377558,0.2479953153374429,0.591109438830359,1.0,0.0,0.0,0.0,0.0,1.0,3,0.217
-0.13866666666666688,-0.7255574614065179,-0.47422774996702854,-1.105052125100241,0.0,0.0,0.0,0.0,-0.7220824844888593,-0.7537776352331456,-0.642400891911203,1.870419734446465,-0.3805095678348742,0.0,1.0,0.0,0.0,1.0,0.0,4,0.135
0.2737777777777776,-0.4219554030874784,-0.16875677349434898,-0.926490243250468,0.0,-0.5,-1.0,0.0,-0.18881482574034658,0.058751066047569515,0.5970969768645131,1.3601081040327507,-0.09416254568909908,0.0,0.0,0.0,1.0,0.0,1.0,3,0.146
-0.8675555555555556,-0.4271012006861062,-0.534734765730276,0.459235498529805,-1.0,-1.0,0.0,0.0,-0.8904153525223872,-0.45003608161004155,-0.723646118215192,-0.3516631744388403,-0.5551816813588476,0.0,0.0,1.0,0.0,0.0,1.0,0,0.165
0.26666666666666666,0.020583190394511196,0.1497193121283538,-0.4143277198609998,0.0,0.0,0.6666666666666666,1.0,0.13623492176187535,0.23766482735496303,-0.11884193214576094,0.4477322432773402,0.2043754031391099,0.0,0.0,0.0,1.0,0.0,1.0,3,0.188
0.7822222222222223,1.0085763293310464,1.3077703806918857,0.16840417000801927,0.0,0.0,0.6666666666666666,1.0,0.76570827654685,2.0777904934069062,1.0473797028605218,-0.14287354001972605,1.2899268974414106,0.0,1.0,0.0,0.0,0.0,1.0,0,0.162
0.6328888888888888,1.0943396226415096,1.2537315144529884,0.38652766639935854,0.0,1.0,0.6666666666666666,2.0,0.7452686425473979,0.911346147771809,0.9929595683346883,-0.3029318821188893,1.2392711244893573,0.0,0.0,1.0,0.0,1.0,0.0,0,0.148
0.2737777777777776,-0.056603773584905606,0.09701077451503211,-0.5084202085004011,0.0,0.0,0.0,1.0,0.09093189235449269,0.15391175677350233,0.12462426392687301,0.5762675797701802,0.15496667383358417,0.0,0.0,1.0,0.0,0.0,1.0,3,0.214
0.5475555555555555,0.04116638078902239,0.303257584880127,-0.5821972734562952,0.0,0.5,0.3333333333333333,2.0,0.2549629774574345,0.1353461283339044,0.19254273887838816,0.6876650869949893,0.34830144055041923,0.0,1.0,0.0,0.0,0.0,1.0,2,0.182
-0.664888888888889,-0.03773584905660358,-0.32463458969110004,0.8462977813418876,1.0,-0.5,0.0,0.0,-0.4161427053248185,-0.27149892970038886,-0.4415360829822356,-0.5761177133903074,-0.02385508492797244,0.0,0.0,0.0,1.0,0.0,1.0,0,0.155
0.5191111111111109,0.5694682675814752,0.722265228535549,-0.02833466987436512,1.0,0.5,0.6666666666666666,0.0,0.5093245831466328,0.6679835846897347,0.4577435508906792,0.025340562118998884,1.4481831864115244,0.0,0.0,1.0,0.0,0.0,1.0,0,0.146
-0.8497777777777779,-0.5265866209262434,-0.5594375921051877,0.136327185244587,1.0,-1.0,-1.3333333333333333,0.0,-0.9711233767833377,-0.52854091800363,-0.1473224185083894,-0.11624550859248628,-0.3540098903461621,1.0,0.0,0.0,0.0,0.0,1.0,0,0.161
-0.8035555555555556,-0.30874785591766707,-0.4762920530067148,0.5896819032344294,0.0,0.0,0.3333333333333333,0.0,-0.7272664965868867,-0.7570577816005657,-0.7046569274468601,-0.43286670810373645,-0.3824446355622447,1.0,0.0,0.0,0.0,0.0,1.0,0,0.15
-0.8071111111111112,-0.8936535162950255,-0.6652904646402092,-0.9190056134723338,1.0,-1.5,-1.0,-1.0,-1.4615597087934786,-0.4800676439073103,-0.7363349101929189,1.3424872185381709,-0.5028488497097399,1.0,0.0,0.0,0.0,1.0,0.0,1,0.116
0.7608888888888886,1.130360205831904,1.4003887770724743,0.29885057471264387,1.0,0.0,-0.3333333333333333,0.0,0.7995435662770354,2.2249597270918224,2.46197982112499,-0.2411502615494968,2.4016878090733176,0.0,1.0,0.0,0.0,1.0,0.0,0,0.166
-0.8960000000000001,-0.4219554030874784,-0.5423038768757922,0.5618818497727883,-1.0,-1.5,-1.0,0.0,-0.9142716225285415,0.3016276815196555,-0.40605674230664984,-0.4163045462919357,-0.5587293055256934,1.0,0.0,0.0,0.0,0.0,1.0,0,0.163
0.5973333333333333,0.06346483704974275,0.3467455689161836,-0.5896819032344294,1.0,0.0,0.0,2.0,0.28555634318586665,0.5507365750898398,0.45995331017320806,0.6988922401236887,0.9201677058697056,1.0,0.0,0.0,0.0,1.0,0.0,2,0.187
0.5404444444444443,0.35849056603773594,0.5623964264620713,-0.25821972734562965,-1.0,1.0,1.0,1.0,0.4217536282538688,0.17899880213914152,0.1458235806210527,0.2597412645191037,-0.040958933562674694,0.0,0.0,0.0,1.0,0.0,1.0,4,0.114
-0.5582222222222223,-0.425385934819897,-0.43585465012930574,-0.19941192194600368,0.0,-0.5,-0.3333333333333333,0.0,-0.6314925543763878,-0.5071349257836513,-0.49673848769310375,0.19478764210519364,-0.34453880885831006,1.0,0.0,0.0,0.0,0.0,1.0,4,0.135
-0.9635555555555556,-0.8936535162950255,-0.6874931906670567,-0.6998128842555468,0.0,-1.5,-0.3333333333333333,-1.0,-1.61958552119664,-0.6211868298478741,-0.9022008278512823,0.8834611727489542,-0.5804235648247689,1.0,0.0,0.0,0.0,0.0,1.0,1,0.123
-0.9386666666666668,-0.7701543739279586,-0.6504274827544684,-0.36193531141406055,0.0,-1.5,-1.3333333333333333,-1.0,-1.3712057431927616,-0.3855994285256107,-0.5138498780397665,0.3809358137566091,-0.5456783487422059,0.0,1.0,0.0,0.0,0.0,1.0,1,0.108
0.32711111111111096,0.31560891938250435,0.39961466343259194,-0.12991178829190053,0.0,0.5,-0.3333333333333333,1.0,0.32120585510903854,0.25783408290752197,0.8494437874196171,0.12363375901551141,0.438626101913567,0.0,1.0,0.0,0.0,0.0,1.0,3,0.222
-0.9742222222222223,-0.35677530017152653,-0.5504464055323323,1.0537289494787494,-1.0,-1.0,0.0,0.0,-0.9407748261252772,-0.49996719853632576,-0.7447427747801019,-0.6778724331211826,-0.5625456890991185,1.0,0.0,0.0,0.0,1.0,0.0,0,0.169
0.5262222222222221,-0.26072041166380777,0.04443985710435625,-0.8751670676289766,0.0,-0.5,-0.3333333333333333,2.0,0.042971270089652625,0.510439369531571,0.2771546307931111,1.2392335729060517,0.10568694904321656,0.0,0.0,1.0,0.0,0.0,1.0,4,0.115
-0.021333333333333385,-0.5403087478559175,-0.33594238300849233,-0.9115209836941996,0.0,0.0,-0.3333333333333333,0.0,-0.43551923640897283,-0.534044274686746,-0.33575097937763315,1.3232861748030103,-0.25088153085357984,0.0,1.0,0.0,0.0,0.0,1.0,2,0.183
0.35911111111111094,0.27787307032590053,0.3900271226482714,-0.19941192194600368,0.0,0.5,0.6666666666666666,1.0,0.31486048014048407,0.24564651684901853,0.12316135708478078,0.19540928651745448,0.4296387873575575,1.0,0.0,0.0,0.0,0.0,1.0,3,0.197
0.664888888888889,0.9022298456260721,1.1141846289701998,0.1716118684843626,0.0,0.5,0.6666666666666666,1.0,0.6898738934820934,1.166186793401804,0.8524281173774854,-0.14526417978809822,1.1084605461191144,1.0,0.0,0.0,0.0,0.0,1.0,3,0.167
-0.003555555555555606,-0.320754716981132,-0.1942623843846944,-0.6281742849505481,-1.0,0.5,0.3333333333333333,0.0,-0.22177755216344205,-0.4970952481612958,-0.3800631975755783,0.7614896772886878,-0.3956030961083638,0.0,1.0,0.0,0.0,0.0,1.0,0,0.185
0.2311111111111111,0.8610634648370498,0.7303618837912073,0.5982357658380113,0.0,0.5,0.6666666666666666,0.0,0.5135091158191497,0.6782759550692841,0.46589733165791997,-0.43843849236807036,0.7486669533433671,0.0,1.0,0.0,0.0,0.0,1.0,0,0.155
0.5973333333333333,1.0411663807890226,1.1769394413766605,0.37048917401764275,1.0,0.0,1.0,1.0,0.7152717847961498,1.8699021058539678,0.6959381493253174,-0.2918061417007593,2.087497312405934,0.0,0.0,1.0,0.0,1.0,0.0,0,0.162
-0.9564444444444445,-0.6106346483704973,-0.6115497755070445,0.1790964982624967,0.0,-1.0,-0.3333333333333333,0.0,-1.1748591860571924,-0.6941518634875974,-0.7798340601670485,-0.151281689643276,-0.5092345732100623,0.0,1.0,0.0,0.0,0.0,1.0,0,0.171
0.0035555555555553536,0.058319039451115016,0.045517882025081245,-0.12884255546645293,0.0,0.5,0.3333333333333333,2.0,0.04398488685625995,-0.19228946927231774,-0.10409517121949682,0.12231997993659181,0.10669748441195442,1.0,0.0,0.0,0.0,0.0,1.0,3,0.213
-0.5155555555555555,-0.5008576329331045,-0.4547774279930961,-0.4089815557337612,-1.0,-0.5,0.3333333333333333,0.0,-0.6748545688105739,-0.547225603607675,-0.6798953042670242,0.44062234782485415,-0.5177058697054396,1.0,0.0,0.0,0.0,1.0,0.0,4,0.117
-0.16,-0.7547169811320753,-0.4950542739674185,-1.137129109863673,0.0,-1.5,-1.6666666666666667,0.0,-0.7760293188564257,0.6019433044923429,1.2856179318500995,1.9795598933894512,-0.4000322511287895,0.0,0.0,0.0,1.0,0.0,1.0,4,0.139
-0.5262222222222224,0.13550600343053182,-0.1864180328338867,0.8495054798182309,-1.0,-0.5,-0.6666666666666666,1.0,-0.21149097519985757,0.021333100078480695,0.14686044792667605,-0.5776003096215133,-0.3919264674263599,0.0,0.0,0.0,1.0,0.0,1.0,0,0.163
-0.39111111111111113,-0.26243567753001706,-0.30490902731187614,-0.1384656508954825,-1.0,-0.5,-0.3333333333333333,0.0,-0.3834502950846807,-0.22970743524140672,-0.2857472836129796,0.13188030003583862,-0.4474629112018921,1.0,0.0,0.0,0.0,1.0,0.0,4,0.15
0.750222222222222,1.130360205831904,1.390755362887272,0.30847367014167343,1.0,0.0,0.0,0.0,0.7960917426820642,2.2096523773771954,1.8617876413629977,-0.24816856290330294,2.3881423349817243,0.0,1.0,0.0,0.0,0.0,1.0,0,0.151
-0.7786666666666667,-0.15437392795883362,-0.41608321434919987,0.9072440523924088,-1.0,-0.5,0.0,0.0,-0.5886165036441012,-0.46524624180267127,-0.5643278636016459,-0.6073024818651253,-0.49956998494947324,0.0,1.0,0.0,0.0,0.0,1.0,0,0.17
0.2062222222222221,0.9656946826758149,0.7838502692195214,0.7564822240042772,0.0,0.0,0.0,2.0,0.5406043475168493,1.2452893453556775,1.046871535220637,-0.5283358847728944,0.7988067082347882,0.0,1.0,0.0,0.0,0.0,1.0,0,0.135
-0.49422222222222245,-0.5385934819897082,-0.4651448165924092,-0.5073509756749534,0.0,-0.5,0.0,0.0,-0.6996725045189967,-0.5691904355791403,-0.6302048685539705,0.5756489738234312,-0.3719952698344442,0.0,0.0,1.0,0.0,0.0,1.0,4,0.144
0.44088888888888883,0.20240137221269314,0.3780312283176503,-0.3458968190323443,0.0,0.0,1.0,1.0,0.30684795636136764,0.6004490155916291,-0.01921284319281218,0.3613161462869485,0.4183938937862825,1.0,0.0,0.0,0.0,1.0,0.0,3,0.206
0.11733333333333323,-0.027444253859348098,0.04505914801626208,-0.34910451750868765,0.0,0.0,0.3333333333333333,0.0,0.043553721165332876,0.07136140652676243,-0.10462313759859769,0.36584473575646037,0.10626746936142765,0.0,0.0,1.0,0.0,0.0,1.0,3,0.201
-0.010666666666666819,0.4768439108061751,0.2980968272809114,0.4485431702753278,1.0,0.5,0.3333333333333333,2.0,0.2512516821913798,0.12878583559906412,0.18660311711350203,-0.3445234140708853,0.8517630617071595,0.0,0.0,0.0,1.0,0.0,1.0,0,0.144
-0.14933333333333343,0.5746140651801028,0.26249906819654456,0.8078053996257688,-1.0,1.0,1.0,1.0,0.22516064205236788,-0.1386894478906229,-0.12263265741904229,-0.5558904523869832,-0.18152010320361212,0.0,1.0,0.0,0.0,0.0,1.0,0,0.177
-0.010666666666666819,-0.1440823327615779,-0.08717093002586118,-0.3854584335739109,1.0,0.0,-0.3333333333333333,0.0,-0.09183747788689987,-0.1387501913418714,0.06509165496341196,0.4111312102496554,0.31004085142980004,0.0,0.0,1.0,0.0,1.0,0.0,3,0.18
-0.7004444444444445,-0.11492281303602038,-0.36899416834391296,0.7693130179096501,-1.0,-0.5,-0.3333333333333333,0.0,-0.4950743978179301,-0.36548119747210045,-0.389006948037549,-0.5355870580524639,-0.4774994624811868,0.0,1.0,0.0,0.0,0.0,1.0,0,0.152
-0.3413333333333334,-0.6706689536878214,-0.48856318774262736,-0.8912055600106926,-1.0,-1.0,-1.3333333333333333,0.0,-0.7588128404117109,-0.3033042007741145,0.13817540099046485,1.2744775505487902,-0.5335411739410879,0.0,0.0,0.0,1.0,0.0,1.0,4,0.15
0.824888888888889,0.7598627787307034,1.111890958926104,-0.08821170809943871,0.0,0.0,-0.3333333333333333,0.0,0.6889297976432152,1.7665410492094853,1.9971265429817433,0.08244963990054212,1.1063104708664804,1.0,0.0,0.0,0.0,0.0,1.0,3,0.197
0.8213333333333331,1.130360205831904,1.4549781241219544,0.2453889334402565,0.0,0.0,-0.3333333333333333,2.0,0.8188211857960375,2.31170137547471,2.549939019883214,-0.20166861464388655,1.4279187271554505,1.0,0.0,0.0,0.0,0.0,1.0,0,0.17
-0.5262222222222224,-0.5145797598627786,-0.4637227411650698,-0.42181234963913417,1.0,-0.5,-0.3333333333333333,0.0,-0.6962213011115064,-0.5661775603972136,-0.5416420282356419,0.4573229175009801,-0.2194259299075468,1.0,0.0,0.0,0.0,0.0,1.0,4,0.14
0.3662222222222221,0.5094339622641509,0.5706765753212573,0.047580860732424485,0.0,0.5,-0.3333333333333333,0.0,0.4265382919245712,0.4752859194250271,1.1250739152930742,-0.042223389201794644,0.598978714254999,1.0,0.0,0.0,0.0,0.0,1.0,0,0.157
0.20266666666666652,0.9193825042881647,0.7484130670382412,0.7062282812082332,0.0,0.5,0.6666666666666666,1.0,0.5227585299714361,0.7012224012129253,0.48407587404834046,-0.5006770411157737,0.7655880455815953,0.0,0.0,1.0,0.0,0.0,1.0,0,0.14
-0.6080000000000001,-0.132075471698113,-0.335598332501878,0.49879711307137137,-1.0,-0.5,0.0,0.0,-0.43492254905469324,-0.29472722545782337,-0.4562575455195013,-0.37699503818636637,-0.4618469146420125,0.0,0.0,0.0,1.0,1.0,0.0,0,0.16
0.5866666666666667,0.46483704974271023,0.6805892438343283,-0.18765036086607864,-1.0,1.0,1.0,0.0,0.4874239005971555,0.3042032038525928,0.25162510984633835,0.18241229068721443,0.01443775532143627,0.0,0.0,0.0,1.0,1.0,0.0,4,0.155
-0.3057777777777778,0.07204116638078907,-0.10214859541380683,0.29778134188719624,0.0,0.5,1.0,1.0,-0.1087628476454197,-0.380001312058547,-0.44905080444477297,-0.24060604470594676,-0.031724360352612384,0.0,1.0,0.0,0.0,0.0,1.0,0,0.175
-0.4088888888888889,0.31903945111492293,-0.03797170758000612,0.9168671478214383,0.0,0.0,1.0,0.0,-0.03868591541915735,-0.060573369585024975,-0.39160219610548536,-0.6118291969056218,0.028434745216082562,0.0,1.0,0.0,0.0,0.0,1.0,0,0.162
0.6471111111111112,0.35506003430531735,0.6247842516614772,-0.33734295642876233,-1.0,0.5,0.6666666666666666,0.0,0.45710355440531913,0.5440669441427521,0.35957480227659094,0.3519334160812611,-0.01171791012685444,0.0,1.0,0.0,0.0,0.0,1.0,4,0.126
-0.472888888888889,-0.4202401372212691,-0.40642686346355655,-0.31168136861801654,-1.0,-1.0,-1.0,0.0,-0.5685006478451312,-0.04227744206897055,-0.041161578830660225,0.3209250607918205,-0.49504407654267896,0.0,0.0,1.0,0.0,0.0,1.0,4,0.163
0.26666666666666666,0.5145797598627787,0.5077382693112682,0.15450414327719875,0.0,0.5,0.3333333333333333,1.0,0.38941302926626314,0.39527950491657515,0.4278837523626493,-0.13107832905393682,0.5399806493227263,1.0,0.0,0.0,0.0,1.0,0.0,0,0.177
0.21333333333333335,-0.2692967409948541,-0.08047341349710146,-0.7147821438118152,0.0,0.0,0.3333333333333333,1.0,-0.08438595657685723,-0.12810793868313058,-0.2491011372395807,0.911129889671423,-0.011406149215222572,0.0,1.0,0.0,0.0,0.0,1.0,2,0.179
0.06755555555555551,0.8885077186963981,0.6170316469124334,0.8708901363271858,0.0,0.5,1.0,1.0,0.4527967839320089,0.5342119266121921,0.19473086620510655,-0.5886009518208901,0.6424317351107288,0.0,0.0,1.0,0.0,1.0,0.0,0,0.142
-0.928,-0.2915951972555745,-0.516591835681478,1.0644212777332265,-1.0,-1.0,-0.3333333333333333,0.0,-0.8360319464074082,-0.3923783976849456,-0.6268294035035848,-0.6829563194033241,-0.5466781337346807,0.0,1.0,0.0,0.0,0.0,1.0,0,0.151
-0.7964444444444445,-0.2813036020583189,-0.4648007660857948,0.6388666132050258,-1.0,-0.5,0.0,0.0,-0.698836138025005,-0.568461514164158,-0.6297428979722571,-0.46241687398527725,-0.5224037841324446,1.0,0.0,0.0,0.0,0.0,1.0,0,0.177
-0.2595555555555557,0.13207547169811323,-0.04716932445683029,0.3202352312215987,1.0,0.0,0.6666666666666666,1.0,-0.048351708542126476,-0.07518824395541908,-0.31711970581713356,-0.256771177369115,0.36628682003870144,0.0,0.0,0.0,1.0,0.0,1.0,4,0.164
-0.8675555555555556,-0.3756432246998283,-0.5193901131352751,0.6035819299652504,0.0,-1.5,-0.6666666666666666,0.0,-0.844177009231372,0.44726618023310905,-0.5237822455466036,-0.4412503026172095,-0.4228445495592346,1.0,0.0,0.0,0.0,0.0,1.0,0,0.143
-0.920888888888889,-0.8936535162950255,-0.6814379017506438,-0.7682437850842022,1.0,-1.5,-1.3333333333333333,-1.0,-1.57322560360532,-0.5826997791368113,-0.6387667233350579,1.0133618374754154,-0.5255536443775531,0.0,1.0,0.0,0.0,0.0,1.0,1,0.104
0.35555555555555557,-0.3481989708404802,-0.08671219601704201,-0.8847901630580062,-1.0,-0.5,0.0,0.0,-0.09132482816476153,0.23257452614033694,-0.12206802670805922,1.2609157164335651,-0.3451945818103634,0.0,0.0,1.0,0.0,1.0,0.0,4,0.153
0.9208888888888885,1.130360205831904,1.5448899898505102,0.16198877305533282,1.0,1.0,1.3333333333333333,1.0,0.8495716859614327,1.2197770958312986,0.8166253972947001,-0.13767387892117722,2.6048699204472157,0.0,0.0,1.0,0.0,0.0,1.0,0,0.162
-0.2808888888888891,-0.1046312178387649,-0.18123433853423018,-0.02512697139802201,0.0,0.5,0.0,0.0,-0.20476692458870646,-0.48053415361289886,-0.24898674452410868,0.023207611281686257,-0.1058589550634272,0.0,0.0,0.0,1.0,0.0,1.0,0,0.157
0.060444444444444294,0.6946826758147512,0.48581078368971237,0.632451216252339,0.0,0.0,0.3333333333333333,0.0,0.3760532567511219,0.7717091020417092,0.40264695944162276,-0.4582190257683709,0.5194259299075469,0.0,0.0,0.0,1.0,1.0,0.0,0,0.161
-0.014222222222222424,0.660377358490566,0.40938569782043993,0.7008821170809946,-1.0,0.5,0.0,1.0,0.3276201229871745,0.27025490381881917,0.5440627540838198,-0.4976402789591305,-0.11267469361427654,1.0,0.0,0.0,0.0,0.0,1.0,0,0.146
-0.04622222222222237,-0.5728987993138934,-0.36257189222044467,-0.9414595028067364,-1.0,-1.0,-1.0,0.0,-0.48314167719194645,0.09709233247563584,0.0766101214674648,1.3958383110773291,-0.47448935712749946,0.0,0.0,1.0,0.0,0.0,1.0,4,0.16
-0.6400000000000001,-0.6569468267581474,-0.5507216459376237,-0.5661587810745791,-1.0,-1.0,-1.0,0.0,-0.9416865964674572,-0.5008419042343045,-0.4286625027718235,0.661977327462983,-0.5626746936142765,0.0,1.0,0.0,0.0,0.0,1.0,4,0.105
-0.4266666666666667,-0.5523156089193824,-0.4529195552573785,-0.6089280940924887,0.0,-0.5,-1.0,0.0,-0.6704891554097839,-0.5432894279667708,-0.1660168280483898,0.7290492842201823,-0.3605353687379058,0.0,0.0,1.0,0.0,0.0,1.0,4,0.132
-0.9173333333333334,-0.8936535162950255,-0.6809332943409426,-0.7735899492114411,-1.0,-1.5,-1.6666666666666667,-1.0,-1.569483543573279,-0.5794925249108893,-0.21190590583191662,1.0240156532663525,-0.6237045796602881,0.0,0.0,0.0,1.0,0.0,1.0,1,0.107
0.750222222222222,1.130360205831904,1.390755362887272,0.30847367014167343,0.0,0.5,0.0,0.0,0.7960917426820642,1.5177601702760428,1.8617876413629977,-0.24816856290330294,1.3677166200817028,0.0,0.0,0.0,1.0,0.0,1.0,0,0.167
-0.5048888888888889,0.00857632933104631,-0.2302959407774395,0.554397219994654,0.0,0.5,0.3333333333333333,2.0,-0.27084996881730655,-0.5429006698787804,-0.4215349566539603,-0.4118313655828588,-0.15184906471726511,1.0,0.0,0.0,0.0,0.0,1.0,2,0.166
-0.04622222222222237,0.07718696397941681,0.032076975566679836,-0.04865009355787211,1.0,0.0,0.0,2.0,0.03125210457209769,0.050732930482764754,0.0374350161381723,0.044367272613800406,0.4777144700064503,1.0,0.0,0.0,0.0,0.0,1.0,3,0.201
0.64,0.3979416809605489,0.6575378598911654,-0.29136594493450957,0.0,0.5,0.6666666666666666,2.0,0.4750416617864273,0.5857029353665382,0.39255950181092464,0.2973592525801666,0.6804020640722426,0.0,0.0,0.0,1.0,0.0,1.0,3,0.175
-0.9742222222222223,-0.6295025728987992,-0.6208391391856325,0.17268110130981024,0.0,-1.5,-1.6666666666666667,0.0,-1.217488297536189,-0.19753770346018998,0.2722392638036808,-0.14565048061979083,-0.5179423779832294,0.0,1.0,0.0,0.0,0.0,1.0,0,0.174
0.999111111111111,0.6380789022298456,1.1231299421421732,-0.30847367014167343,1.0,0.5,0.6666666666666666,1.0,0.6935450138407752,1.177557967475527,0.8614365437208958,0.3171899544851532,2.0118361642657496,0.0,1.0,0.0,0.0,0.0,1.0,3,0.191
-0.06755555555555576,0.6329331046312179,0.35419999655949497,0.750066827051591,0.0,0.0,0.0,0.0,0.2906823544685132,0.5625815480833013,0.46996267277699755,-0.5247555415476702,0.39605461191141694,0.0,1.0,0.0,0.0,0.0,1.0,4,0.129
0.48,1.130360205831904,1.146708870195478,0.5875434375835341,0.0,0.0,1.0,1.0,0.703139919038532,1.8218661846066377,0.6688769392498418,-0.4314508368490872,1.1389486132014621,1.0,0.0,0.0,0.0,1.0,0.0,0,0.174
0.27022222222222203,-0.1457975986277873,0.030631963438899436,-0.6078588612670411,0.0,0.5,0.3333333333333333,1.0,0.02987079626971109,-0.21121226920525699,-0.12122768022132353,0.7279456111278773,0.09274349602236076,1.0,0.0,0.0,0.0,0.0,1.0,2,0.165
0.49777777777777776,-0.45797598627787295,-0.12646149788122238,-1.0644212777332267,1.0,0.0,0.3333333333333333,2.0,-0.13704220220612398,-0.20118231053510122,-0.30202976674445375,1.7402521501001635,0.2547946678133733,1.0,0.0,0.0,0.0,0.0,1.0,3,0.208
-0.06400000000000015,0.7049742710120069,0.40000458734008815,0.8441593156909919,0.0,0.5,0.0,1.0,0.32146283407439,0.25832974946970977,0.5314663562224357,-0.5749271657252111,0.4389916147065147,0.0,1.0,0.0,0.0,0.0,1.0,0,0.166
-0.49777777777777776,-0.44939965694682665,-0.42713870396174164,-0.33306602512697137,-1.0,0.0,-0.3333333333333333,0.0,-0.6123009170107869,-0.6789538519852175,-0.48269458200901766,0.3466457207010765,-0.5047516663083208,0.0,0.0,0.0,1.0,0.0,1.0,4,0.126
0.6079999999999998,0.7855917667238423,0.9681695939630606,0.10959636460839355,0.0,0.5,1.0,0.0,0.6273766125313293,0.9805742442907233,0.5090556500028746,-0.09504756005255771,0.9715867555364438,1.0,0.0,0.0,0.0,0.0,1.0,0,0.154
0.9706666666666666,0.6209262435677531,1.0857431204234114,-0.3052659716653301,0.0,0.0,-0.3333333333333333,0.0,0.6780857561085077,1.7249925285554966,1.9549948259294847,0.31395103893220766,1.0817996129864544,0.0,0.0,0.0,1.0,1.0,0.0,3,0.206
0.29866666666666664,0.029159519725557508,0.17157798764858687,-0.4282277465918206,0.0,0.0,0.0,0.0,0.15427876823106076,0.2723979327788673,0.2247486880035479,0.46685830613982376,0.22486562029671045,0.0,0.0,0.0,1.0,0.0,1.0,3,0.207
0.6186666666666664,0.3499142367066896,0.602971449542126,-0.3234429296979418,0.0,1.0,1.3333333333333333,2.0,0.4449249423283424,0.22198086824259478,0.057774040949072326,0.33455035829978624,0.6292517738120833,0.0,0.0,0.0,1.0,0.0,1.0,3,0.183
0.430222222222222,0.967409948542024,0.9736285286680084,0.4731355252606255,0.0,0.0,0.0,1.0,0.629805282838095,1.5468441347338344,1.3016945080937241,-0.36069462797308083,0.9767039346377122,0.0,1.0,0.0,0.0,0.0,1.0,0,0.172
0.3022222222222222,1.0634648370497426,0.9367692510593888,0.7372360331462181,0.0,0.0,0.6666666666666666,0.0,0.6132582405737779,1.4882752990400105,0.6737609948998446,-0.5176470603983623,0.9421522253278865,0.0,1.0,0.0,0.0,0.0,1.0,0,0.176
-0.40177777777777796,0.3687821612349914,-0.010172426645564987,0.9885057471264372,0.0,0.0,0.6666666666666666,1.0,-0.010177500637602997,-0.016400731837100644,-0.2798617784019514,-0.6469549491051193,0.05449365727800469,0.0,1.0,0.0,0.0,0.0,1.0,0,0.152
0.4906666666666666,-0.36020583190394495,-0.049531804602249006,-0.9607056936647957,0.0,0.0,0.0,2.0,-0.050853851351472946,-0.07894218924257773,-0.07214440584423597,1.4471454083772863,0.01759836594280798,0.0,0.0,1.0,0.0,1.0,0.0,3,0.194
0.18488888888888874,0.8370497427101202,0.6766211946580425,0.632451216252339,0.0,1.0,0.6666666666666666,0.0,0.48530635384461973,0.29999975702619497,0.4117774780102002,-0.45838195785460284,0.6982906901741561,1.0,0.0,0.0,0.0,0.0,1.0,0,0.156
-0.8035555555555556,-0.5094339622641508,-0.5409735482502165,0.07003475006682719,0.0,-1.5,-1.6666666666666667,0.0,-0.9100256332803487,0.3100831699334496,0.9156718900140437,-0.061739496341347046,-0.44307675768651905,0.0,1.0,0.0,0.0,0.0,1.0,0,0.153
-0.003555555555555606,0.4734133790737565,0.30061986432941684,0.4335739107190592,0.0,0.5,-0.3333333333333333,1.0,0.253068294106872,0.13199308982498592,0.6899345849656291,-0.33484130282072716,0.34582885400989033,0.0,1.0,0.0,0.0,1.0,0.0,0,0.152
-0.664888888888889,-0.7186963979416807,-0.57959895179279,-0.6698743651430101,-1.0,-1.5,-1.0,0.0,-1.0437874019479951,0.06458243736742753,-0.5062119644221055,0.831551222575913,-0.5762094173296065,0.0,0.0,1.0,0.0,0.0,1.0,1,0.119
-0.8462222222222223,-0.18010291595197242,-0.4523461377463545,1.0697674418604657,-1.0,-0.5,0.0,0.0,-0.6691467127480598,-0.5420745589418005,-0.6130195629142335,-0.6855618283793614,-0.5165663298215438,1.0,0.0,0.0,0.0,0.0,1.0,0,0.156
-0.26666666666666666,-0.3807890222984562,-0.319749072497176,-0.483827853515103,-1.0,-0.5,-0.6666666666666666,0.0,-0.40791739113132053,-0.26114824560764105,-0.12168305122329813,0.5420881654006598,-0.45441840464416255,0.0,0.0,0.0,1.0,0.0,1.0,4,0.127
-0.20977777777777798,0.40480274442538605,0.12790651000900258,0.6613205025394282,-1.0,0.0,-0.3333333333333333,1.0,0.11780405589275413,0.20300461407255685,0.41164350654150333,-0.4749115229586726,-0.24460331111588907,1.0,0.0,0.0,0.0,0.0,1.0,0,0.16
-0.2808888888888891,-0.5111492281303601,-0.3921602357892806,-0.6784282277465921,-1.0,-0.5,-0.6666666666666666,0.0,-0.5396969177543736,-0.4145619060809055,-0.26752716387020475,0.8469430037860329,-0.4883573425069877,0.0,1.0,0.0,0.0,1.0,0.0,2,0.173
-0.6471111111111112,-0.22641509433962256,-0.38830687011519965,0.3854584335739109,1.0,-0.5,-0.3333333333333333,0.0,-0.5320957477575495,-0.40639798623310425,-0.4201252864217606,-0.3020439786384018,-0.11338421844764575,1.0,0.0,0.0,0.0,1.0,0.0,0,0.159
-0.760888888888889,-0.058319039451114774,-0.3761274821810509,1.0879443998930771,0.0,-0.5,-0.3333333333333333,0.0,-0.5085452639786212,-0.3805941681427325,-0.4005007761105772,-0.6940192363743893,-0.2885508492797248,0.0,0.0,0.0,1.0,0.0,1.0,0,0.163
0.3342222222222222,-0.4528301886792451,-0.17261013916843,-0.9906442127773326,-1.0,0.0,-0.6666666666666666,1.0,-0.19370656677846038,-0.2745118048823156,0.17467107694582001,1.525072064432889,-0.38545474091593207,0.0,1.0,0.0,0.0,1.0,0.0,2,0.184
0.6328888888888888,1.0943396226415096,1.2537315144529884,0.38652766639935854,-1.0,0.0,0.0,1.0,0.7452686425473979,1.991923550721997,1.6778001576859585,-0.3029318821188893,0.28306815738550856,1.0,0.0,0.0,0.0,0.0,1.0,0,0.151
0.814222222222222,1.130360205831904,1.4485558479984861,0.25073509756749557,0.0,0.0,0.3333333333333333,0.0,0.8165777442632757,2.3014964756649587,1.510689999260847,-0.20628836961826938,1.4218985164480757,0.0,0.0,0.0,1.0,1.0,0.0,0,0.168
-0.8817777777777779,-0.6140651801029159,-0.5940031996697115,-0.02940390269981274,-1.0,-1.0,0.0,0.0,-1.1001760501089985,-0.6383893752414552,-0.8032282504250129,0.02680906632018864,-0.5829606536228767,1.0,0.0,0.0,0.0,1.0,0.0,1,0.117
0.8213333333333331,0.15780445969125217,0.5472123307701571,-0.6238973536487571,0.0,0.5,0.6666666666666666,1.0,0.4129027309321796,0.4454584551239534,0.2814555769088624,0.7534527838235552,0.5769834444205547,1.0,0.0,0.0,0.0,0.0,1.0,2,0.169
0.9031111111111108,-0.054888507718696196,0.3861049468728675,-0.848436246992783,0.0,1.0,1.0,1.0,0.3122497299331331,-0.007750864379311344,-0.011985570092230021,1.1780191125188397,0.4259621586755536,1.0,0.0,0.0,0.0,0.0,1.0,2,0.188
0.19199999999999995,0.8336192109777016,0.6798782061206584,0.6185511895215186,0.0,1.0,1.3333333333333333,2.0,0.4870448772867948,0.3034499850571111,0.11973353536846765,-0.4502621752645545,0.7013437970328961,0.0,0.0,0.0,1.0,0.0,1.0,0,0.152
-0.1635555555555556,0.17667238421955422,0.02859059709965415,0.24431970061480887,0.0,0.5,0.3333333333333333,2.0,0.027915256281978208,-0.21380722944259375,-0.12357713060832295,-0.2008629295569635,0.09082992904751662,1.0,0.0,0.0,0.0,0.0,1.0,0,0.151
-0.9742222222222223,-0.7821612349914235,-0.6602214538427575,-0.32023523122159847,-1.0,-1.0,-1.6666666666666667,-1.0,-1.4295574476162816,-0.8488289877468311,-0.04504213171705225,0.3312768717715417,-0.6139969898946462,1.0,0.0,0.0,0.0,0.0,1.0,1,0.113
0.5155555555555555,0.19210977701543744,0.410991266851307,-0.4089815557337612,0.0,0.0,-0.3333333333333333,2.0,0.3286690954752752,0.6528220192581038,0.8677747801020028,0.4414924532617236,0.44929047516663073,0.0,0.0,1.0,0.0,1.0,0.0,3,0.19
-0.23822222222222234,-0.36535162950257283,-0.3019731296554335,-0.48810478481689396,-1.0,-1.0,-1.3333333333333333,0.0,-0.3786992301034328,0.2896733703139465,0.8898015374380958,0.5480816734049558,-0.4460868630402064,1.0,0.0,0.0,0.0,0.0,1.0,1,0.175
0.5759999999999998,0.5574614065180102,0.7515324582982116,-0.08714247527399084,-1.0,0.5,0.6666666666666666,0.0,0.5243458751444156,0.7051877337104288,0.4872172740039914,0.08153200286523778,0.04768866910341866,0.0,0.0,0.0,1.0,0.0,1.0,4,0.138
-0.8640000000000001,-0.49914236706689524,-0.5551943025236106,0.24859663191659984,-1.0,-1.5,-0.6666666666666666,0.0,-0.9566538458322764,0.21969691447565046,-0.5958958533520585,-0.20423432684115733,-0.5647710169855945,0.0,1.0,0.0,0.0,0.0,1.0,0,0.181
0.6897777777777775,0.00857632933104631,0.3446353924756155,-0.6923282544774126,0.0,0.5,0.6666666666666666,1.0,0.28409916399324314,0.18794509763902367,0.07744936802424425,0.8717029850917609,0.38708879810793384,0.0,0.0,0.0,1.0,0.0,1.0,3,0.219
-0.6897777777777778,-0.2761578044596911,-0.4232165281863378,0.37262763966853796,0.0,0.0,-0.3333333333333333,0.0,-0.6038160070056666,-0.6727215738871192,-0.4763748244511789,-0.29306503359184816,-0.3326918942162975,0.0,0.0,1.0,0.0,0.0,1.0,0,0.149
0.984888888888889,-0.34133790737564307,0.1385262023131662,-1.121090617481957,-1.0,0.0,-0.3333333333333333,2.0,0.12683150985827768,0.21987914482939602,0.42875489688816604,1.9227437003209384,-0.23962588690604172,0.0,1.0,0.0,0.0,1.0,0.0,4,0.12
0.07111111111111111,0.7787307032590052,0.5484509125939687,0.7244052392408452,0.0,0.5,0.0,0.0,0.4136284721990759,0.4470329253803149,0.7307912632123583,-0.5106950854963379,0.5781444850569769,0.0,1.0,0.0,0.0,0.0,1.0,0,0.145
-0.8853333333333334,-0.699828473413379,-0.6198987344675532,-0.2657043571237637,0.0,-1.0,-0.6666666666666666,0.0,-1.213065484145456,-0.7206846029929513,-0.7262177544533963,0.26852698137108477,-0.5170608471296495,1.0,0.0,0.0,0.0,0.0,1.0,1,0.123
-0.5013333333333334,-0.5197255574614065,-0.4588830973720276,-0.4624431970061481,-1.0,-0.5,-0.3333333333333333,0.0,-0.6845889153450649,-0.5559240658264631,-0.5338439648163203,0.5130768411813428,-0.5196301870565471,1.0,0.0,0.0,0.0,0.0,1.0,4,0.132
-0.40177777777777796,-0.27272727272727254,-0.31383140378340874,-0.14167334937182582,0.0,-0.5,0.0,0.0,-0.39806883817095706,-0.24861079726994614,-0.4270302067164362,0.13512999450026045,-0.23015480541818958,0.0,0.0,0.0,1.0,0.0,1.0,4,0.126
0.5866666666666667,0.7015437392795884,0.8806431450803645,0.04651162790697686,0.0,0.5,0.0,2.0,0.5873694586510877,0.8693116795078323,1.1768392588759944,-0.04089262976186782,0.8895398838959364,1.0,0.0,0.0,0.0,1.0,0.0,0,0.144
-0.07111111111111111,0.4391080617495713,0.23580074888326946,0.48489708634055084,1.0,0.0,0.0,0.0,0.2050046548909115,0.3744469308763825,0.31098319659004126,-0.3682867350208969,0.7641689959148571,0.0,1.0,0.0,0.0,0.0,1.0,0,0.197
0.7217777777777776,0.3773584905660377,0.6904290883234991,-0.3662122427158515,0.0,0.0,0.0,0.0,0.49265031719072044,1.0968444991945419,0.92143112326607,0.3864923412903402,0.7112341431950118,1.0,0.0,0.0,0.0,1.0,0.0,2,0.18
0.7573333333333332,1.130360205831904,1.3971776390107402,0.3020582731889872,0.0,0.5,0.3333333333333333,1.0,0.7983946507208773,1.525924090123844,1.4515577648015372,-0.24348797452791937,1.3737368307890776,0.0,1.0,0.0,0.0,1.0,0.0,0,0.167
0.4906666666666666,0.7272727272727273,0.8302282775111386,0.15985030740443734,0.0,0.0,-0.3333333333333333,1.0,0.5633609534103017,1.3189833004103828,1.543286643506541,-0.13531235891469914,0.8422812298430444,1.0,0.0,0.0,0.0,1.0,0.0,0,0.179
-0.2560000000000001,0.3259005145797598,0.05707797904732413,0.6206896551724143,-1.0,0.0,0.0,2.0,0.05477250885923612,0.09045914759929742,0.0710048784093428,-0.45141844592921,-0.2778004730165556,0.0,1.0,0.0,0.0,0.0,1.0,0,0.155
0.8782222222222223,0.15265866209262444,0.5728784985635891,-0.6570435712376372,1.0,1.0,1.0,0.0,0.4278057550588014,0.19010270502737098,0.15520671643629733,0.8086741121744683,1.238131584605461,1.0,0.0,0.0,0.0,0.0,1.0,2,0.178
0.35555555555555557,1.130360205831904,1.0343190380347835,0.7404437316225609,0.0,1.0,1.0,2.0,0.6563101526605858,0.6789174059144685,0.5682700125655997,-0.5197445313780172,1.0335949258224038,0.0,0.0,0.0,1.0,0.0,1.0,0,0.161
-0.028444444444444595,0.03945111492281323,0.01794796809504969,-0.12028869286287097,0.0,0.0,0.0,0.0,0.017640104236799434,0.028282150901311465,0.018463424249143826,0.11322794313952407,0.08085357987529568,1.0,0.0,0.0,0.0,0.0,1.0,3,0.198
-0.1884444444444446,-0.4271012006861062,-0.319198591686593,-0.629243517775996,0.0,-0.5,0.3333333333333333,0.0,-0.406995995872918,-0.25998197134366935,-0.5238548409237299,0.7622033484669036,-0.2351859815093528,0.0,0.0,1.0,0.0,0.0,1.0,4,0.142
-1.0133333333333334,-0.8301886792452828,-0.679121295006107,-0.3897353648757019,0.0,-1.0,-0.6666666666666666,-1.0,-1.556191863026334,-0.9088921123413685,-0.8454985586517849,0.4165466123770671,-0.5725757901526554,0.0,0.0,1.0,0.0,0.0,1.0,1,0.115
0.7288888888888889,0.22641509433962267,0.5592082251007782,-0.5105586741512966,0.0,0.0,0.6666666666666666,2.0,0.4199034986908761,0.8883365284388692,0.29353610762066673,0.5798806442902338,0.5882283379918298,0.0,0.0,1.0,0.0,0.0,1.0,3,0.187
-0.6506666666666668,-0.8198970840480273,-0.615082027374952,-0.9093825180433042,0.0,-1.0,0.0,0.0,-1.1907961485377172,-0.7053772532783241,-0.8315316480646512,1.3183247169288344,-0.5125456890991185,0.0,1.0,0.0,0.0,0.0,1.0,1,0.126
-0.9564444444444445,-0.8336192109777014,-0.6705888424420705,-0.5223202352312217,0.0,-1.5,-1.3333333333333333,-1.0,-1.4964719294939528,-0.5137438132794904,-0.5950643063049744,0.5973101321572253,-0.5645775102128574,0.0,1.0,0.0,0.0,1.0,0.0,1,0.105
0.39466666666666644,-0.01886792452830179,0.18139489543731674,-0.5490510558674154,-1.0,1.0,0.6666666666666666,1.0,0.16224886141264097,-0.22460498533653098,-0.0869428634784538,0.6367616202598945,-0.2195334336701785,0.0,0.0,0.0,1.0,1.0,0.0,4,0.158
-0.3662222222222224,-0.2418524871355059,-0.28545870533794365,-0.13739641807003486,0.0,-1.0,-0.6666666666666666,0.0,-0.35249940118267453,0.3421557121926686,-0.05261844925715134,0.13051944991649722,-0.20355837454310902,1.0,0.0,0.0,0.0,0.0,1.0,4,0.14
-0.017777777777777778,0.09090909090909109,0.054990739307196966,-0.06148088746324502,0.0,0.0,0.0,0.0,0.05283572151620301,0.08714255516112822,0.0682022568802818,0.0570921510823263,0.11557729520533222,0.0,0.0,1.0,0.0,0.0,1.0,3,0.199
-0.5013333333333334,0.1269296740994855,-0.17699104895265294,0.7735899492114411,1.0,0.0,0.3333333333333333,1.0,-0.19930544059405808,-0.2814730043953961,-0.36018526340242646,-0.5377273762376124,0.18374543109008823,0.0,0.0,1.0,0.0,1.0,0.0,1,0.144
-0.4586666666666669,-0.4150943396226414,-0.39954585333126913,-0.3213044640470463,0.0,-0.5,-1.6666666666666667,0.0,-0.5544756581765555,-0.4302094191225245,2.055076132751866,0.3319182170234628,-0.31050311760911636,0.0,1.0,0.0,0.0,0.0,1.0,4,0.145
-0.984888888888889,-0.7409948542024013,-0.651734874679603,-0.1609195402298852,0.0,-1.5,-1.0,-1.0,-1.3787477901185425,-0.39390913265640826,-0.6999316283539063,0.15451914402914887,-0.5469038916362073,1.0,0.0,0.0,0.0,0.0,1.0,1,0.114
0.7679999999999998,0.8593481989708406,1.159301118737564,0.04437316225608137,1.0,0.5,0.6666666666666666,0.0,0.708216221945146,1.2235383303326068,0.8978629240889937,-0.03981037198309692,2.0626961943668025,0.0,0.0,1.0,0.0,1.0,0.0,0,0.163
-1.016888888888889,-0.6157804459691251,-0.6278118961196838,0.35658914728682173,-1.0,-1.5,-1.0,-1.0,-1.2510863664745173,-0.2418561254911108,-0.6356869194569689,-0.2826192182672624,-0.5988067082347882,0.0,1.0,0.0,0.0,0.0,1.0,0,0.166
0.07111111111111111,0.816466552315609,0.5730161187662349,0.7725207163859935,0.0,0.0,-0.3333333333333333,1.0,0.42788490332987855,0.910277063029835,1.1288435952398552,-0.5371369763166887,0.6011717910126855,0.0,1.0,0.0,0.0,0.0,1.0,0,0.161
-0.1920000000000002,0.030874785591766915,-0.06739949424575536,0.06575781876503622,0.0,0.0,-0.3333333333333333,1.0,-0.07004164958111132,-0.10733367835613644,0.09694914627836483,-0.0576578376827825,0.0008492797247903285,1.0,0.0,0.0,0.0,1.0,0.0,0,0.163
0.34133333333333316,-0.19554030874785575,0.023269282597351917,-0.7083667468591287,-1.0,0.5,0.3333333333333333,2.0,0.02279455828563124,-0.22057162017362902,-0.12970154060589426,0.9003983902874859,-0.293646527628467,0.0,1.0,0.0,0.0,0.0,1.0,2,0.203
0.8,0.25728987993138935,0.6278118961196837,-0.5223202352312217,0.0,0.5,1.0,1.0,0.4587790684765796,0.5479156492138582,0.20438091835645233,0.5977952985507247,0.6525370887981079,1.0,0.0,0.0,0.0,0.0,1.0,2,0.185
0.5617777777777777,-0.0840480274442537,0.20561605110296854,-0.715851376637263,1.0,0.5,0.3333333333333333,2.0,0.1815727509398128,0.01122538979072673,0.08016509508674488,0.9130217540571616,0.721726510427865,0.0,0.0,1.0,0.0,0.0,1.0,3,0.207
0.775111111111111,-0.4288164665523155,-0.01496619703772514,-1.1328521785618821,-1.0,0.0,0.3333333333333333,1.0,-0.015019980379953909,-0.02401796062366503,-0.1737075383039608,1.9662803226267485,-0.31156740485917006,1.0,0.0,0.0,0.0,0.0,1.0,4,0.121
-0.4835555555555556,-0.5300171526586619,-0.4584243633632084,-0.5041432771986102,1.0,0.0,-0.3333333333333333,0.0,-0.683495245734381,-0.728666292487007,-0.533104811885579,0.5706640648785242,-0.21197591915717043,0.0,1.0,0.0,0.0,1.0,0.0,4,0.13
0.46577777777777757,-0.40823327615780436,-0.09648323040489012,-1.0002673082063622,-1.0,-0.5,0.0,0.0,-0.10231759971618014,0.21187315795484096,-0.13518799122871858,1.5519204948891046,-0.3497742420984734,0.0,0.0,1.0,0.0,0.0,1.0,4,0.123
-0.0924444444444445,0.36535162950257305,0.17857368128307907,0.41325848703555196,0.0,1.0,1.3333333333333333,1.0,0.15996669731611135,-0.22759356313795795,-0.284139625988617,-0.32119873442034674,0.2314233498172437,0.0,1.0,0.0,0.0,1.0,0.0,0,0.16
-0.5902222222222223,-0.39794168096054877,-0.43498305551254934,-0.0914194065757818,0.0,0.0,0.0,0.0,-0.6295520543923325,-0.691418408181414,-0.5897054475570995,0.08536752152925589,-0.3437217802623092,1.0,0.0,0.0,0.0,1.0,0.0,4,0.132
-0.31644444444444464,0.027444253859348344,-0.13006255985045276,0.24218123496391364,-1.0,0.0,-0.3333333333333333,0.0,-0.14131908770408536,-0.20690434364271182,-0.0040191440609063265,-0.19921008449149627,-0.3655127929477532,0.0,0.0,1.0,0.0,0.0,1.0,0,0.15
0.33066666666666655,0.17667238421955422,0.29768396667297414,-0.28815824645816646,0.0,1.0,0.6666666666666666,0.0,0.2509540161917121,-0.10141726620453058,0.03016667898588205,0.2933061472645896,0.34307675768651896,0.0,0.0,1.0,0.0,0.0,1.0,3,0.219
-0.4231111111111113,-0.7958833619210975,-0.5652864507176321,-1.0483827853515106,0.0,-1.0,-1.3333333333333333,0.0,-0.9915172032082175,-0.5471284140856774,-0.1708829181757706,1.6909871197170214,-0.46586755536443775,0.0,1.0,0.0,0.0,0.0,1.0,1,0.1
-0.6151111111111113,-0.39794168096054877,-0.4431485208695304,-0.04865009355787211,0.0,-1.0,-0.3333333333333333,0.0,-0.6479230670430891,-0.15897776060762883,-0.5084910192918914,0.044286472851750885,-0.35137604816168566,0.0,1.0,0.0,0.0,0.0,1.0,2,0.132
-0.9920000000000001,-0.7632933104631217,-0.6587535050145362,-0.21651964715316757,0.0,-1.5,-1.3333333333333333,-1.0,-1.420529237362214,-0.43851912325332204,-0.5473889422721561,0.21289651708891325,-0.5534831219092669,0.0,1.0,0.0,0.0,1.0,0.0,1,0.121
0.5937777777777776,1.130360205831904,1.2494652881709702,0.46137396418070076,0.0,0.0,-0.3333333333333333,2.0,0.7436319998526341,1.985144581562662,2.2187985069110794,-0.3529458290165335,1.2352719845194582,0.0,1.0,0.0,0.0,1.0,0.0,0,0.16
0.06755555555555551,-0.1629502572898799,-0.0662755959241484,-0.4784816893878644,1.0,0.0,-0.3333333333333333,1.0,-0.06882073799760573,-0.10554782088942989,0.09876007095868122,0.5342595210528581,0.33942162975704143,0.0,0.0,0.0,1.0,0.0,1.0,3,0.216
0.35555555555555557,1.130360205831904,1.0343190380347835,0.7404437316225609,-1.0,0.0,-0.3333333333333333,1.0,0.6563101526605858,1.6432804379359864,1.8721357823933766,-0.5197445313780172,0.18023005805203182,1.0,0.0,0.0,0.0,0.0,1.0,1,0.151
0.1528888888888888,-0.5814751286449398,-0.3161480105279456,-1.0569366479550926,-1.0,-0.5,0.0,0.0,-0.4019095177482646,-0.2535188681308268,-0.4301408086333062,1.7161507544789945,-0.452730595570845,0.0,1.0,0.0,0.0,0.0,1.0,4,0.132
-0.9777777777777779,-0.765008576329331,-0.6564827716708813,-0.2571504945201818,0.0,-1.5,-1.6666666666666667,-1.0,-1.4067658849281737,-0.4240864792366735,-0.014921649789341497,0.25767295324235967,-0.5513545474091593,0.0,0.0,1.0,0.0,0.0,1.0,1,0.114
0.3697777777777777,1.130360205831904,1.04716359028172,0.7222667735899494,0.0,0.5,0.3333333333333333,2.0,0.661806279443894,1.080990458418678,1.0487194175474903,-0.5095184380437459,1.0456353472371533,0.0,1.0,0.0,0.0,0.0,1.0,0,0.144
-0.8711111111111113,-0.39279588336192095,-0.5256977057565385,0.5661587810745793,0.0,-1.0,-1.3333333333333333,0.0,-0.862854035133221,-0.42131657785974097,-0.01141067336832003,-0.41891900354623307,-0.42875725650397767,1.0,0.0,0.0,0.0,0.0,1.0,0,0.156
0.6791111111111109,0.5746140651801028,0.8375450849518044,-0.15129644480085538,0.0,0.5,1.0,1.0,0.5668914173383011,0.8145259459577664,0.3921257627647604,0.1447160976307319,0.8491399698989466,1.0,0.0,0.0,0.0,1.0,0.0,3,0.182
-0.7182222222222223,-0.19554030874785575,-0.4052800284415086,0.6303127506014438,-1.0,-0.5,-0.6666666666666666,0.0,-0.566145610342056,-0.4423581093722285,-0.2939518811442088,-0.4571897808882863,-0.4945065577295205,1.0,0.0,0.0,0.0,0.0,1.0,0,0.183
0.2311111111111111,1.130360205831904,0.921929205874089,0.9147286821705432,0.0,0.5,0.0,1.0,0.606496028931959,0.9217940213865543,1.2322757286815973,-0.6108080653263257,0.9282412384433455,0.0,0.0,1.0,0.0,0.0,1.0,0,0.161
0.3804444444444443,1.130360205831904,1.0567970044669224,0.7083667468591289,0.0,0.5,0.3333333333333333,1.0,0.6659031695984465,1.09323633819038,1.059806711508611,-0.5018723533321279,1.0546656632982154,0.0,0.0,0.0,1.0,0.0,1.0,0,0.169
0.09244444444444425,0.2950257289879932,0.2460075805794958,0.08072707832130462,0.0,0.0,1.0,1.0,0.21277180777883417,0.39066543235973755,-0.13739518400801565,-0.07053473754295209,0.29463556224467863,0.0,1.0,0.0,0.0,1.0,0.0,0,0.153
0.43377777777777765,0.3499142367066896,0.4902834402756992,-0.18444266238973528,0.0,1.0,1.0,1.0,0.3787969089193983,0.10260783784900167,0.08127089133630647,0.17884461791230186,0.5236185766501829,0.0,1.0,0.0,0.0,0.0,1.0,3,0.197
0.3626666666666665,1.0754716981132078,0.998973582655267,0.6709435979684578,0.0,0.5,0.3333333333333333,0.0,0.640983475467495,1.0197319027035696,0.9932565494229325,-0.48079278225072564,1.000462266179316,1.0,0.0,0.0,0.0,0.0,1.0,0,0.15
0.40533333333333327,0.5951972555746141,0.6635014020058145,0.1031809676557071,-1.0,1.0,0.6666666666666666,0.0,0.4782638768891646,0.28610165538053345,0.3985651193731983,-0.08912781104104411,0.006428725005375208,1.0,0.0,0.0,0.0,0.0,1.0,0,0.145
-0.6115555555555556,-0.7993138936535161,-0.600333728991416,-0.9029671210906177,1.0,-1.0,-0.6666666666666666,0.0,-1.1263055556500754,-0.6585076062949653,-0.686811663833247,1.3027457094213581,-0.4115136529778542,1.0,0.0,0.0,0.0,0.0,1.0,1,0.122
-0.13511111111111127,-0.37049742710120054,-0.2698158756372103,-0.5907511360598772,-1.0,-0.5,-0.6666666666666666,1.0,-0.32846665317282614,-0.15535745091321715,-0.021112055584300515,0.7013303454131985,-0.4310148355192432,1.0,0.0,0.0,0.0,0.0,1.0,2,0.187
-0.8106666666666669,-0.20583190394511136,-0.4459697350237682,0.8783747661053196,0.0,-0.5,-0.6666666666666666,0.0,-0.6543720278735732,-0.5285652153841294,-0.37590546234015815,-0.5928739888734919,-0.3540206407224253,0.0,0.0,1.0,0.0,1.0,0.0,0,0.17
-0.6933333333333335,-0.25385934819897077,-0.4164272648558142,0.43143544506816395,-1.0,-0.5,-0.3333333333333333,0.0,-0.5893428566556295,-0.46597516321765353,-0.4654353610762066,-0.3332880035782764,-0.4997312405934208,1.0,0.0,0.0,0.0,1.0,0.0,0,0.162
0.39111111111111113,0.6415094339622642,0.6892593166010105,0.1662657043571238,-1.0,1.0,1.0,1.0,0.49203082146542665,0.3133876136813691,0.2593862156191226,-0.14111885938557125,0.01850139754891425,0.0,1.0,0.0,0.0,0.0,1.0,0,0.183
0.060444444444444294,0.4219554030874787,0.30931287379654004,0.2806736166800324,0.0,0.0,0.0,1.0,0.25929522228280955,0.49125658762728813,0.40969091088279497,-0.22827232435721986,0.3539776392173727,1.0,0.0,0.0,0.0,0.0,1.0,0,0.154
-0.45155555555555565,0.1629502572898799,-0.13444346963467574,0.7297514033680838,0.0,0.0,0.3333333333333333,0.0,-0.1465539175928582,-0.2138655431557923,-0.3112163817408107,-0.5136608122591592,-0.06199741990969682,1.0,0.0,0.0,0.0,0.0,1.0,0,0.158
0.8639999999999999,1.130360205831904,1.493511780862764,0.2090350173750335,-1.0,1.0,1.0,2.0,0.8321483203676621,1.165350963512624,0.9793211701612171,-0.17408799092732763,0.3954525908406794,0.0,1.0,0.0,0.0,0.0,1.0,0,0.149
0.37688888888888866,0.293310463121784,0.41222984867511886,-0.1972734562951082,0.0,0.0,0.3333333333333333,0.0,0.32947734240080195,0.654790107078556,0.31796115223382576,0.19329512976753532,0.45045151580305315,0.0,0.0,0.0,1.0,0.0,1.0,3,0.199
0.28444444444444444,1.130360205831904,0.9700962768001009,0.836674685912858,0.0,0.0,0.3333333333333333,1.0,0.6282346519221469,1.5412314398384712,0.960021065858526,-0.5714248427283182,0.9733928187486562,0.0,1.0,0.0,0.0,1.0,0.0,0,0.162
0.34133333333333316,1.0000000000000002,0.9233283446009876,0.6153434910451752,1.0,0.0,0.0,1.0,0.6071360817934518,1.466917901581031,1.2341544090472318,-0.44810298710077184,1.7308965813803485,0.0,0.0,1.0,0.0,0.0,1.0,4,0.166
-0.7786666666666667,-0.31389365351629495,-0.46899818226649015,0.5062817428495057,-1.0,-1.0,-0.3333333333333333,0.0,-0.7091014434511937,-0.24112720407612853,-0.5501422869391677,-0.3815604679005501,-0.5243711029886046,0.0,1.0,0.0,0.0,0.0,1.0,0,0.167
-0.36266666666666675,0.46140651801029164,0.05916521878745129,1.059075113605988,-1.0,-0.5,-0.3333333333333333,1.0,0.056704510695333096,0.5416372060928112,0.3008814398699089,-0.6805722802808701,-0.2768221887766072,0.0,1.0,0.0,0.0,0.0,1.0,0,0.192
-0.8711111111111113,-0.8936535162950255,-0.6743733980148287,-0.839882384389201,0.0,-1.5,-1.3333333333333333,-1.0,-1.5223994788879776,-0.5377982199739046,-0.6103093355015152,1.1602626761465147,-0.5681251343797032,1.0,0.0,0.0,0.0,0.0,1.0,1,0.121
0.8924444444444443,0.24013722126929674,0.6644876801247758,-0.5875434375835339,0.0,0.0,0.3333333333333333,1.0,0.4787955044078353,1.055623993177296,0.608289864101454,0.6958225010883338,0.6869167920877232,1.0,0.0,0.0,0.0,0.0,1.0,2,0.184
-0.6435555555555557,-0.40137221269296725,-0.4538140865745759,-0.003742314889067158,0.0,-0.5,-1.0,0.0,-0.6725879790290399,-0.5451846236457247,-0.1684190750732994,0.0035839809976149026,-0.361373898086433,0.0,1.0,0.0,0.0,1.0,0.0,0,0.156
0.5191111111111109,0.018867924528302032,0.2709397739588172,-0.5875434375835339,0.0,0.5,1.0,2.0,0.23142637929816195,0.0942641173855048,-0.11507687190479704,0.6962574756821049,0.3180068802408085,0.0,0.0,1.0,0.0,0.0,1.0,3,0.202
0.3093333333333332,1.130360205831904,0.9925742432322399,0.8024592354985303,0.0,0.5,0.3333333333333333,1.0,0.6381761530118111,1.0115971397123678,0.9858914184344739,-0.5532309011346076,0.9944635562244678,0.0,1.0,0.0,0.0,0.0,1.0,1,0.179
0.46577777777777757,0.8387650085763294,0.9006898212657617,0.2999198075380915,-1.0,0.5,0.3333333333333333,0.0,0.5967149166466704,0.8947947721756118,0.8801397527005477,-0.24196731554658718,0.11759836594280795,1.0,0.0,0.0,0.0,0.0,1.0,0,0.167
-0.20977777777777798,-0.17152658662092624,-0.18653271633609148,-0.2197273456295109,0.0,0.0,-0.3333333333333333,0.0,-0.21164039312863028,-0.29663456982702685,-0.09500886983516882,0.21686921033172116,-0.11082562889701135,0.0,1.0,0.0,0.0,0.0,1.0,3,0.199
-0.010666666666666819,-0.10120068610634633,-0.06056435751434982,-0.32771986099973277,0.0,0.0,0.6666666666666666,1.0,-0.06264580156872131,-0.09647274927290084,-0.33060924680316356,0.3401844107576076,0.007256503977639217,0.0,1.0,0.0,0.0,1.0,0.0,3,0.19
-0.8568888888888889,-0.4837049742710119,-0.5484738492944098,0.2721197540764504,0.0,-1.0,-1.0,0.0,-0.9342714007608456,-0.49369847436747843,-0.422626087170769,-0.2216941883384072,-0.45010750376263164,0.0,0.0,0.0,1.0,0.0,1.0,0,0.152
-0.664888888888889,-0.2795883361921097,-0.41518868303200246,0.3074044373162258,-1.0,-0.5,-0.6666666666666666,0.0,-0.5867311375282325,-0.46335104612371736,-0.3139090102742257,-0.24769857314692548,-0.4991507202752097,0.0,1.0,0.0,0.0,0.0,1.0,0,0.181
-0.5191111111111112,-0.6912521440823327,-0.5375330431840728,-0.7735899492114411,-1.0,-1.0,-1.0,0.0,-0.8991503681139543,-0.45892892287282505,-0.39324475817379945,1.0232819973305414,-0.5564932272629542,0.0,0.0,0.0,1.0,0.0,1.0,1,0.111
0.7466666666666667,1.130360205831904,1.3875442248255376,0.31168136861801676,0.0,0.0,-0.6666666666666666,2.0,0.7949377402114175,2.2045499274723195,3.3169949737600706,-0.2505114459144601,1.3647065147280155,0.0,1.0,0.0,0.0,1.0,0.0,0,0.136
-0.728888888888889,-0.8216123499142365,-0.6289587311417316,-0.8302592889601713,-1.0,-1.5,-1.3333333333333333,-1.0,-1.256753291994497,-0.2491453396409333,-0.42736898514302607,1.1396993360528134,-0.5993442270479468,1.0,0.0,0.0,0.0,1.0,0.0,1,0.1
-0.8320000000000001,-0.49056603773584895,-0.5432213448934304,0.1887195936915265,0.0,-1.0,-0.6666666666666666,0.0,-0.9172133828106365,-0.4770061739643848,-0.5717809889866212,-0.1583590559931166,-0.44518383143410023,0.0,0.0,1.0,0.0,1.0,0.0,0,0.189
0.64,1.130360205831904,1.2912100829735138,0.41432771986100003,-1.0,0.0,-0.3333333333333333,0.0,0.7595011050554314,2.051476430326047,2.2860614236085444,-0.32162057511325814,0.300634272199527,0.0,0.0,1.0,0.0,1.0,0.0,0,0.169
0.8426666666666668,1.130360205831904,1.4742449524923593,0.22721197540764523,-1.0,0.0,0.3333333333333333,2.0,0.825513146428058,2.342316074903965,1.5402561164905015,-0.18784891961867384,0.38642227477961727,0.0,1.0,0.0,0.0,0.0,1.0,0,0.14
-0.003555555555555606,-0.3825042881646655,-0.23272723102418105,-0.7105052125100242,1.0,0.0,-0.3333333333333333,2.0,-0.274274625553383,-0.3700369563157395,-0.16944156996082485,0.9044352891852968,0.10537518813158468,0.0,0.0,1.0,0.0,0.0,1.0,4,0.154
0.3982222222222221,1.130360205831904,1.072852694775593,0.6859128575247264,-1.0,1.0,1.0,0.0,0.6726839761229769,0.7197370051534745,0.6027638160001969,-0.48917314661085953,0.1982906901741561,0.0,1.0,0.0,0.0,1.0,0.0,0,0.182
0.1528888888888888,0.6157804459691253,0.5003526517692797,0.40684309008286573,0.0,0.5,0.3333333333333333,1.0,0.38493863584197635,0.3858909970916037,0.4193834936591237,-0.31661172793785375,0.5330574070092453,1.0,0.0,0.0,0.0,0.0,1.0,1,0.173
0.0035555555555553536,0.17667238421955422,0.11958048774893486,0.02833466987436512,1.0,1.0,0.6666666666666666,1.0,0.11065275870042048,-0.29008642578243626,-0.1491933993643285,-0.02572176377514667,0.6007525263384219,0.0,0.0,1.0,0.0,1.0,0.0,0,0.147
-0.6577777777777779,-0.562607204116638,-0.5192524929326293,-0.33306602512697137,0.0,-1.0,-0.6666666666666666,0.0,-0.8437744423987201,-0.40083388609873966,-0.5235050631975755,0.34692175142785586,-0.42271554504407655,0.0,0.0,0.0,1.0,0.0,1.0,1,0.095
-0.08888888888888889,0.639794168096055,0.34298395004386634,0.7949746057203959,0.0,0.0,-0.3333333333333333,1.0,0.2829568656229109,0.5447594194869851,0.7581953581195947,-0.5494157303355653,0.3855407439260373,0.0,1.0,0.0,0.0,1.0,0.0,0,0.141
-0.12088888888888909,-0.26586620926243554,-0.20440040597959783,-0.45282010157711855,-1.0,-0.5,-0.3333333333333333,1.0,-0.23527557064372814,-0.016765192544591603,-0.12379887648754526,0.4988223236466753,-0.40035476241668455,0.0,0.0,1.0,0.0,1.0,0.0,4,0.145
-0.7182222222222223,-0.8679245283018866,-0.643546472622181,-0.9510825982357661,0.0,-1.5,-1.0,-1.0,-1.3326671142751685,-0.34186414362667567,-0.6779418286643506,1.4219133448045969,-0.5392281229843044,0.0,1.0,0.0,0.0,0.0,1.0,1,0.118
-0.8355555555555557,-0.576329331046312,-0.5708830056252259,-0.03261160117615609,0.0,-1.0,-1.3333333333333333,0.0,-1.011542250870135,-0.5649140966112444,-0.19342708256338237,0.030001334364687753,-0.47111373898086434,0.0,0.0,1.0,0.0,0.0,1.0,1,0.106
0.9493333333333335,0.36535162950257305,0.8197232687091798,-0.5094894413258488,0.0,0.0,0.0,2.0,0.5582641008419068,1.3022910000072894,1.0950396678739496,0.5789272033052131,0.8324338851859814,0.0,0.0,1.0,0.0,1.0,0.0,3,0.219
0.03911111111111091,-0.5283018867924527,-0.3116753539419588,-0.930767174552259,-1.0,-0.5,-1.0,0.0,-0.3945112143035844,-0.24404288973605753,0.21329181757705656,1.3708863739910115,-0.450634272199527,1.0,0.0,0.0,0.0,0.0,1.0,1,0.195
0.28088888888888885,0.9639794168096057,0.8454123732030527,0.6516974071103987,0.0,0.0,-0.3333333333333333,1.0,0.5706697954650696,1.3431105992462953,1.5677526055140805,-0.4698627354802093,0.8565147280154805,1.0,0.0,0.0,0.0,0.0,1.0,0,0.169
0.5724444444444442,-0.31389365351629495,0.017351613883584693,-0.9489441325848706,0.0,0.5,1.0,1.0,0.017060326854533146,-0.228094089176246,-0.3420789497458135,1.4173811776064107,0.0802945603096108,0.0,1.0,0.0,0.0,0.0,1.0,2,0.179
0.9244444444444444,1.0806174957118353,1.4997505633827048,0.11708099438652764,0.0,1.0,0.0,1.0,0.8342848410679412,1.171959851008463,2.008139921649789,-0.10081811625611166,1.4698881960868633,0.0,0.0,1.0,0.0,1.0,0.0,0,0.165
0.2275555555555555,0.2898799313893654,0.321928059039067,-0.06682705159048385,1.0,0.0,0.0,1.0,0.26824436750493325,0.5113019265393001,0.4266298322122847,0.06204125350646438,0.8852719845194583,0.0,0.0,0.0,1.0,0.0,1.0,3,0.211
-0.8746666666666667,-0.7238421955403086,-0.6246925048597135,-0.35658914728682173,1.0,-1.0,-0.6666666666666666,0.0,-1.235876936906342,-0.7359190605660804,-0.7358729396112055,0.37442119207586894,-0.4457643517523113,0.0,1.0,0.0,0.0,0.0,1.0,1,0.123
-1.0026666666666668,-0.8936535162950255,-0.6930438721737685,-0.6281742849505481,0.0,-1.0,-0.3333333333333333,-1.0,-1.6646406844891275,-0.9531376422307911,-0.9111445783132529,0.7608448291737717,-0.5856267469361428,0.0,1.0,0.0,0.0,0.0,1.0,1,0.116
0.29866666666666664,1.130360205831904,0.9829408290470374,0.8174284950547984,1.0,0.5,0.3333333333333333,1.0,0.6339309775961015,0.9993512599406659,0.9748041244733533,-0.5610141467754991,1.8147172651042787,0.0,1.0,0.0,0.0,1.0,0.0,0,0.18
-0.05333333333333334,0.6329331046312179,0.3643838915552802,0.7265437048917404,0.0,0.0,0.0,2.0,0.2976313997759858,0.5787636034959072,0.4836370019957127,-0.511841488720356,0.40560094603311114,0.0,1.0,0.0,0.0,0.0,1.0,0,0.152
0.07111111111111111,-0.5814751286449398,-0.33736445843583174,-1.017375033413526,0.0,-0.5,-1.0,0.0,-0.437990386164942,-0.29846902205473214,0.14430421070786215,1.5989608380824698,-0.25221457751021287,1.0,0.0,0.0,0.0,0.0,1.0,2,0.186
0.40533333333333327,-0.20240137221269291,0.043820566192450325,-0.7532745255279338,-1.0,0.0,0.3333333333333333,1.0,0.042388384822985285,0.06939331870631031,-0.10604864682217038,0.9830745372720212,-0.2840141904966674,0.0,1.0,0.0,0.0,0.0,1.0,2,0.17
-0.4231111111111113,-0.08233276157804455,-0.23325477513432313,0.22935044105854072,0.0,0.0,-0.3333333333333333,2.0,-0.27501969598140746,-0.3708752159429692,-0.1702915958311775,-0.19005158548634976,-0.15462266179316278,1.0,0.0,0.0,0.0,0.0,1.0,0,0.159
-0.16,0.5042881646655232,0.2154100221912576,0.7233360064153971,1.0,0.0,0.0,2.0,0.1892528797642801,0.3420463739804212,0.28360374011382933,-0.509974635163949,0.7354977424209845,1.0,0.0,0.0,0.0,0.0,1.0,0,0.188
-0.49422222222222245,-0.09777015437392776,-0.2718113685755736,0.32985832665062825,-1.0,-0.5,-0.6666666666666666,1.0,-0.3314916230206505,-0.159585195120114,-0.02513119964520663,-0.2637789792151986,-0.43195011825413887,0.0,1.0,0.0,0.0,0.0,1.0,0,0.149
0.25244444444444425,0.6295025728987993,0.5808604703170426,0.3020582731889872,0.0,1.0,1.0,1.0,0.43238316271304844,0.19855819344116518,0.16235186143346392,-0.24398389562002104,0.6085250483766932,0.0,0.0,1.0,0.0,0.0,1.0,0,0.161
0.8213333333333331,0.7238421955403087,1.075536288727185,-0.11815022721197549,-1.0,0.5,0.3333333333333333,1.0,0.6738116258916249,1.1170574900319998,1.081374138094886,0.11145071809715573,0.19954848419694687,0.0,1.0,0.0,0.0,0.0,1.0,4,0.132
0.5119999999999999,-0.1612349914236705,0.12033739886348642,-0.7671745522587546,1.0,0.5,0.3333333333333333,0.0,0.11130558604482811,-0.09717980304543364,-0.01798385478812715,1.0107724091321113,0.6018168135884754,1.0,0.0,0.0,0.0,0.0,1.0,2,0.168
-0.08177777777777794,0.04116638078902239,-0.007328275790886165,-0.057203956161454045,0.0,0.5,0.3333333333333333,0.0,-0.007318561581735485,-0.25946686687708204,-0.16491689809192958,0.052696203752265164,0.057159750591270674,0.0,0.0,0.0,1.0,0.0,1.0,3,0.211
-0.8462222222222223,-0.7547169811320753,-0.6282935668289439,-0.4945201817695804,0.0,-1.5,-1.3333333333333333,-1.0,-1.2534614747119752,-0.24491759543403627,-0.4246895557690886,0.5564893479486717,-0.5249301225542894,1.0,0.0,0.0,0.0,0.0,1.0,1,0.109
0.01422222222222217,0.5214408233276159,0.34252521603504715,0.4731355252606255,0.0,0.0,0.0,1.0,0.28263926413976537,0.5440304980720029,0.4542864710375241,-0.36019304059884294,0.38511072887551057,1.0,0.0,0.0,0.0,0.0,1.0,4,0.161
0.5617777777777777,0.9897084048027447,1.1030144558554529,0.3555199144613741,1.0,0.5,0.6666666666666666,1.0,0.6852653669303834,1.1519874042379492,0.841179133712765,-0.2814007980784332,1.9835519243173512,0.0,0.0,0.0,1.0,0.0,1.0,0,0.173
0.455111111111111,0.9073756432246999,0.9468155258525285,0.3822507350975675,0.0,1.0,1.3333333333333333,0.0,0.6178030872878258,0.5862228993092257,0.3347900805676693,-0.30034285064355376,0.9515695549344227,0.0,1.0,0.0,0.0,0.0,1.0,0,0.147
-0.6222222222222223,-0.2847341337907374,-0.40128904256478193,0.20582731889869038,-1.0,-0.5,0.0,0.0,-0.5580049337378059,-0.4339026209584345,-0.5444631285879715,-0.1718996010570599,-0.4926359922597291,0.0,0.0,1.0,0.0,0.0,1.0,4,0.153
-0.5973333333333335,-0.8130360205831902,-0.6032925633482995,-0.9446672012830797,0.0,-1.0,0.0,0.0,-1.1388242898136842,-0.6679106925482364,-0.8157014561312735,1.405389260587056,-0.5014943023005805,0.0,1.0,0.0,0.0,1.0,0.0,1,0.113
0.9279999999999998,1.130360205831904,1.5513122659739784,0.15664260892809423,0.0,0.5,0.3333333333333333,2.0,0.8517225597903335,1.721858166471073,1.628954468179466,-0.13315044639694623,1.5182218877660718,1.0,0.0,0.0,0.0,0.0,1.0,0,0.139
0.6826666666666668,1.0120068610634647,1.2254505628092869,0.26035819299652513,0.0,1.0,0.6666666666666666,1.0,0.7343548188261986,0.8813874776160382,0.9644790819720597,-0.21285464136398072,1.2127606966243818,0.0,1.0,0.0,0.0,0.0,1.0,0,0.171
-0.9564444444444445,-0.3945111492281302,-0.5543227079068541,0.8601978080727081,0.0,-1.0,-0.3333333333333333,0.0,-0.9537145881911978,-0.5122859704495258,-0.6876247320570625,-0.5833002215292745,-0.45559019565684794,1.0,0.0,0.0,0.0,0.0,1.0,0,0.188
-0.6613333333333333,-0.7821612349914235,-0.6026962091368346,-0.8152900294039029,-1.0,-1.0,-0.6666666666666666,0.0,-1.136284955458763,-0.6660154968692825,-0.6915699608248945,1.1072871086945402,-0.587035046226618,0.0,1.0,0.0,0.0,0.0,1.0,1,0.107
0.2239999999999999,0.9845626072041167,0.8121770942641047,0.7532745255279338,1.0,0.5,0.0,1.0,0.5545822108413552,0.7822784625589518,1.0849071131150365,-0.5267739453130285,1.5746076112663943,0.0,0.0,0.0,1.0,0.0,1.0,0,0.151
0.8568888888888887,1.0926243567753005,1.4513541254522833,0.1812349639133922,0.0,0.5,0.3333333333333333,2.0,0.81755603518068,1.5947925854113674,1.513910594173363,-0.1528586590858431,1.424521608256289,0.0,0.0,1.0,0.0,0.0,1.0,0,0.182
0.6079999999999998,0.20240137221269314,0.470626687997798,-0.4603047313552526,0.0,0.5,0.0,0.0,0.36666642986650244,0.34810371093892367,0.6262935176287973,0.5089619427607037,0.5051924317351106,0.0,1.0,0.0,0.0,0.0,1.0,2,0.172
-0.0924444444444445,-0.1440823327615779,-0.1218282843921488,-0.30633520449077795,0.0,0.0,-0.6666666666666666,2.0,-0.1315736472131822,-0.1938202042437804,0.2769513637371572,0.31486569435246864,-0.050172006020210685,0.0,1.0,0.0,0.0,0.0,1.0,3,0.231
-0.7040000000000002,-0.15094339622641503,-0.3834901630225985,0.6966051857792036,1.0,-0.5,0.3333333333333333,0.0,-0.5226970322421945,-0.3961930864233527,-0.5978493289547322,-0.49497501185311027,-0.10661148140184915,0.0,0.0,1.0,0.0,0.0,1.0,2,0.157
0.4479999999999998,0.6758147512864494,0.7573583802102148,0.14701951349906442,-1.0,0.0,0.0,0.0,0.5273018740214527,1.2031941336404524,1.0112998004287086,-0.12534140893123555,0.0504192646742636,0.0,0.0,1.0,0.0,0.0,1.0,0,0.148
0.7182222222222223,0.5042881646655232,0.8017867689643506,-0.24538893344025672,0.0,0.5,0.3333333333333333,1.0,0.549484079131599,0.7690704065194731,0.7663102013663768,0.24499346858431953,0.8156202967103848,0.0,0.0,1.0,0.0,0.0,1.0,3,0.21
-0.37333333333333335,-0.39108061749571177,-0.3604387790794356,-0.38438920074846306,0.0,0.0,0.0,0.0,-0.4792182578435158,-0.5729686782467982,-0.4896118215192056,0.4095071197200344,-0.2738443345517093,0.0,1.0,0.0,0.0,0.0,1.0,4,0.144
-0.49777777777777776,-0.5162950257289879,-0.4563829970239632,-0.4603047313552526,-1.0,-0.5,0.0,0.0,-0.6786468804948168,-0.5506272368775923,-0.6184400177396704,0.5101664490082933,-0.5184583960438616,0.0,1.0,0.0,0.0,1.0,0.0,4,0.144
0.0,-0.6535162950257288,-0.40078443515508083,-1.0751136059877042,0.0,0.0,0.3333333333333333,0.0,-0.5569816620948301,-0.6370773166944872,-0.617753661446839,1.7736967099284269,-0.31166415824553856,1.0,0.0,0.0,0.0,0.0,1.0,4,0.149
0.35911111111111094,1.130360205831904,1.0375301760965177,0.73616680032077,1.0,0.0,0.3333333333333333,0.0,0.6576878103854016,1.6483828878408622,1.03763212358637,-0.5171846353139046,1.891474951623307,1.0,0.0,0.0,0.0,0.0,1.0,0,0.15
0.6079999999999998,-0.24699828473413363,0.08723974012718398,-0.8986901897888268,-1.0,0.0,0.6666666666666666,0.0,0.08223746477947638,0.13838573063438042,-0.1817623253751201,1.2936432535212565,-0.26366372823048806,1.0,0.0,0.0,0.0,0.0,1.0,2,0.184
-0.10311111111111132,0.3756432246998285,0.178046137172937,0.44426623897353684,0.0,0.0,-0.6666666666666666,1.0,0.15953921097699056,0.282675724730117,0.8809317022691994,-0.34146315504233815,0.23092883250913787,1.0,0.0,0.0,0.0,0.0,1.0,0,0.172
0.25599999999999984,1.130360205831904,0.9444071723062278,0.877305533279872,1.0,0.5,-0.3333333333333333,1.0,0.6167159741215951,0.9503677408538588,1.7272618079680684,-0.5923610611989797,1.7605353687379057,0.0,1.0,0.0,0.0,1.0,0.0,0,0.149
-0.9493333333333335,-0.5866209262435677,-0.6033613734496225,0.23362737236033168,-1.0,-1.5,-0.6666666666666666,0.0,-1.1391178213045927,-0.08645007981689488,-0.6929096755118633,-0.19301428146302857,-0.5873468071382498,1.0,0.0,0.0,0.0,1.0,0.0,0,0.166
0.8355555555555556,-0.15608919382504277,0.26020539815244875,-0.9093825180433042,1.0,0.0,0.0,1.0,0.22344928448437804,0.41322555015343804,0.3437523098529085,1.318595171991191,0.7984841969468931,0.0,1.0,0.0,0.0,0.0,1.0,2,0.176
-0.8391111111111111,-0.8730703259005144,-0.6634784653053736,-0.8259823576583804,1.0,-1.5,-1.0,-1.0,-1.449968991277857,-0.4685506855505908,-0.7314688200655382,1.1298055628307992,-0.5003010105353688,1.0,0.0,0.0,0.0,0.0,1.0,1,0.105
-0.8000000000000002,-0.5677530017152658,-0.5588183011932819,-0.08821170809943871,0.0,-1.0,-1.0,0.0,-0.9689948467661472,-0.5265728301831779,-0.45040591815113207,0.08207881050786967,-0.45980434315201035,0.0,0.0,1.0,0.0,1.0,0.0,1,0.1
0.4764444444444444,1.130360205831904,1.1434977321337438,0.5907511360598775,0.0,0.0,-0.3333333333333333,1.0,0.7018401246939181,1.816763734701762,2.0480541799098226,-0.4339373310178784,1.1359385078477746,0.0,1.0,0.0,0.0,0.0,1.0,0,0.163
-0.8177777777777779,-0.2847341337907374,-0.4738148893590913,0.6944667201283083,-1.0,-0.5,0.0,0.0,-0.7210497936576818,-0.587559255236693,-0.6418465272131471,-0.4941895926612835,-0.5266286820038701,1.0,0.0,0.0,0.0,0.0,1.0,0,0.181
0.6364444444444441,1.058319039451115,1.2257716766154607,0.3480352846832398,0.0,0.0,-0.3333333333333333,2.0,0.7344795978695454,1.947495790478829,2.180621258038288,-0.27645056662091055,1.2130617071597507,0.0,0.0,1.0,0.0,1.0,0.0,0,0.147
-0.9422222222222223,-0.850771869639794,-0.6728825124861664,-0.6025126971398023,1.0,-1.5,-0.6666666666666666,-1.0,-1.5120827287078253,-0.5283222415791353,-0.8329329588291816,0.7197880490806604,-0.5135239733390669,0.0,1.0,0.0,0.0,0.0,1.0,1,0.115
0.02133333333333313,0.6963979416809607,0.4579885660548302,0.6933974873028602,0.0,0.5,0.6666666666666666,2.0,0.35876667076033225,0.33203828295271487,0.19160229876561458,-0.4934003504926982,0.4933455170930983,0.0,1.0,0.0,0.0,1.0,0.0,4,0.157
-0.29866666666666686,0.06518010291595216,-0.10205684861204298,0.2753274525527933,0.0,-0.5,-1.0,0.0,-0.1086580468195442,0.20006463103212846,0.7762183704141719,-0.22411011501018005,-0.03163835734250701,1.0,0.0,0.0,0.0,0.0,1.0,0,0.163
-0.14222222222222222,-0.6929674099485418,-0.45633712362308126,-1.0558674151296448,-1.0,-1.0,-1.3333333333333333,0.0,-0.6785382730968109,-0.20089074196910825,0.267989134451918,1.7129019463731745,-0.5184368952913352,0.0,0.0,1.0,0.0,0.0,1.0,4,0.144
-0.43733333333333346,0.10806174957118372,-0.1520129821724496,0.5993049986634594,0.0,0.5,0.6666666666666666,2.0,-0.1679074218354904,-0.4433883183054034,-0.42270308226772113,-0.4389257220861827,-0.07846699634487203,1.0,0.0,0.0,0.0,0.0,1.0,0,0.168
0.2631111111111111,0.2367066895368784,0.304335609800852,-0.16198877305533282,-1.0,0.5,0.0,1.0,0.25573600664613294,0.13671650059407092,0.40300773646734156,0.15621839332694507,-0.16191141689959151,0.0,0.0,1.0,0.0,1.0,0.0,4,0.146
-0.3022222222222222,0.49056603773584917,0.11343345203075805,0.9746057203956167,0.0,0.5,0.3333333333333333,0.0,0.10533072465700304,-0.10595601688181991,-0.025929748793596795,-0.6407236551961057,0.17036121264244247,0.0,0.0,1.0,0.0,0.0,1.0,0,0.143
0.8391111111111109,1.130360205831904,1.4710338144306252,0.22935044105854072,1.0,0.5,0.6666666666666666,1.0,0.824401789342534,1.619809168373558,1.2117950328923053,-0.19014810082021436,2.501021285745001,1.0,0.0,0.0,0.0,0.0,1.0,0,0.149
-0.8533333333333335,-0.5677530017152658,-0.5729243719644712,0.03154236835070846,-1.0,-1.0,-1.0,0.0,-1.018976028754311,-0.5714014972045863,-0.48828750585162733,-0.028317027410682954,-0.5730810578370243,1.0,0.0,0.0,0.0,0.0,1.0,0,0.157
-0.5262222222222224,-0.739279588336192,-0.5595752123078335,-0.8601978080727081,0.0,-0.5,-0.3333333333333333,0.0,-0.9715971713609628,-0.7692550666112686,-0.6960880331140513,1.2053369518778039,-0.46051386798537947,0.0,1.0,0.0,0.0,0.0,1.0,4,0.142
-1.0097777777777779,-0.8936535162950255,-0.6940530869931707,-0.6142742582197276,0.0,-1.5,-1.0,-1.0,-1.6731189425821715,-0.6628811347848588,-0.813576391455392,0.7381628687426418,-0.5865727800473016,0.0,0.0,0.0,1.0,0.0,1.0,1,0.096
0.9173333333333332,0.5128644939965695,0.9430309702797705,-0.3662122427158515,0.0,0.5,1.3333333333333333,1.0,0.6160940873226292,0.9486183294579013,0.33174107472836123,0.3862872676896054,0.9480219307675769,1.0,0.0,0.0,0.0,0.0,1.0,3,0.196
0.7039999999999998,0.1063464837049743,0.4384006238782519,-0.6078588612670411,0.0,0.5,0.6666666666666666,1.0,0.34636283697723713,0.3071383274169213,0.17187615492645414,0.7289811676986335,0.4749838744356052,1.0,0.0,0.0,0.0,0.0,1.0,2,0.19
-0.8462222222222223,-0.478559176672384,-0.5437259523031315,0.2571504945201818,0.0,-1.0,-0.6666666666666666,0.0,-0.9188360809814551,-0.47860980107734585,-0.5727973242663906,-0.21108543254019987,-0.44565684798967964,0.0,1.0,0.0,0.0,0.0,1.0,0,0.172
-0.9386666666666668,-0.8421955403087477,-0.6699924882306056,-0.5821972734562952,-1.0,-1.0,0.0,-1.0,-1.4924636610600857,-0.879881040025075,-0.9052621529061029,0.688282569669887,-0.6185766501827564,0.0,0.0,0.0,1.0,1.0,0.0,1,0.103
0.5475555555555555,0.8336192109777016,0.9613115205312139,0.21331194867682446,0.0,0.5,1.3333333333333333,0.0,0.6243147374062171,0.9718563441675355,0.34646869687338305,-0.1773975108933741,0.9651580305310685,1.0,0.0,0.0,0.0,0.0,1.0,0,0.172
0.32,0.025728987993138934,0.1794452758998353,-0.4485431702753276,0.0,0.5,1.3333333333333333,1.0,0.1606724674473044,-0.02204258358906327,-0.2834374307044128,0.4931747761653292,0.23224037841324438,0.0,0.0,1.0,0.0,1.0,0.0,3,0.202
0.02488888888888874,0.49228130360205835,0.3312403594180958,0.4196738839882386,0.0,0.0,0.0,1.0,0.2747853686445928,0.5260990312634395,0.43913383595732614,-0.3251518003853057,0.3745323586325521,1.0,0.0,0.0,0.0,0.0,1.0,0,0.166
-0.8711111111111113,-0.35162950257289866,-0.5134724444215077,0.6816359262229355,-1.0,-1.0,-0.3333333333333333,0.0,-0.8270511046126314,-0.3824650664411869,-0.6218031635745435,-0.48699317041684653,-0.5452160825628898,0.0,1.0,0.0,0.0,0.0,1.0,0,0.181
0.7288888888888889,1.130360205831904,1.371488534516867,0.32771986099973305,-1.0,0.5,0.3333333333333333,1.0,0.7891420415838011,1.493268410732639,1.4219916475718823,-0.2622519027595799,0.33826058912061924,0.0,0.0,0.0,1.0,0.0,1.0,0,0.156
-0.7360000000000001,-0.07890222984562596,-0.37193006600035555,0.9585672280139004,-1.0,-0.5,-0.6666666666666666,0.0,-0.5005906038398886,-0.371701326879949,-0.2267813585630867,-0.6327296495276348,-0.4788755106428725,0.0,1.0,0.0,0.0,0.0,1.0,0,0.145
-0.9600000000000001,-0.8936535162950255,-0.6869885832573556,-0.7051590483827855,-1.0,-1.5,-1.0,-1.0,-1.61561546486385,-0.6179795756219523,-0.7946047995663634,0.8944354764588403,-0.6265426789937648,1.0,0.0,0.0,0.0,0.0,1.0,1,0.109
-0.02488888888888899,0.20926243567753006,0.12414489113668553,0.10638866613205021,1.0,0.0,0.0,1.0,0.11458126395787205,0.19702745846970254,0.16105834380466644,-0.09219337866950905,0.607170500967534,1.0,0.0,0.0,0.0,1.0,0.0,0,0.157
0.34488888888888874,-0.07547169811320739,0.1152683880660347,-0.5779203421545043,0.0,0.5,0.3333333333333333,1.0,0.10692318764104254,-0.10362346835387667,-0.02381788327719294,0.6811308284456692,0.17208127284454955,0.0,1.0,0.0,0.0,0.0,1.0,2,0.168
-0.021333333333333385,-0.4442538593481988,-0.2767427591703796,-0.7810745789895751,0.0,-1.0,0.0,1.0,-0.3390177058151195,0.36985472596199415,-0.3772297780077365,1.0390667743829585,-0.19538808858310042,1.0,0.0,0.0,0.0,1.0,0.0,2,0.198
0.11377777777777763,0.26243567753001734,0.23683290040311256,0.01657310879444007,1.0,0.5,0.0,0.0,0.20579361317910425,0.050907871622360504,0.31236910833518133,-0.014539407091373878,0.765620296710385,0.0,0.0,0.0,1.0,1.0,0.0,0,0.153
0.43377777777777765,0.8319039451114922,0.8698858325735552,0.3255813953488373,1.0,0.5,0.6666666666666666,1.0,0.5823081275858204,0.8556371137627654,0.6064056840860373,-0.26084656282102187,1.6557514513007958,0.0,0.0,1.0,0.0,0.0,1.0,0,0.165
-0.8746666666666667,-0.5797598627787306,-0.5821219888412953,0.05078855920876783,-1.0,-0.5,-0.6666666666666666,0.0,-1.053375203012218,-0.8170237166731055,-0.6501311996452066,-0.044463837651563,-0.5773919587185551,0.0,1.0,0.0,0.0,1.0,0.0,0,0.173
-0.9706666666666668,-0.7838765008576328,-0.6600150235387889,-0.3341352579524193,-1.0,-1.5,-1.3333333333333333,-1.0,-1.428281539320093,-0.4465372588181268,-0.552470618671003,0.3476499559535211,-0.6139002365082777,1.0,0.0,0.0,0.0,0.0,1.0,1,0.109
-0.2631111111111113,0.08576329331046312,-0.07338597306084539,0.25287356321839083,-1.0,-0.5,-0.6666666666666666,1.0,-0.07657718948654815,0.2608080822806495,0.37451955059501796,-0.20725488928432317,-0.3389486132014621,0.0,0.0,1.0,0.0,1.0,0.0,0,0.17
0.7395555555555554,1.130360205831904,1.3811219487020694,0.318096765570703,1.0,0.0,0.0,1.0,0.7926246132314106,2.194345027662568,1.8488524650750238,-0.25520240872476524,2.374596860890131,1.0,0.0,0.0,0.0,0.0,1.0,0,0.155
0.6186666666666664,0.41166380789022294,0.6559093541598573,-0.26356589147286824,0.0,0.5,0.6666666666666666,1.0,0.47415943617603623,0.5836327985479884,0.3909195062458421,0.264930257416643,0.6788755106428724,1.0,0.0,0.0,0.0,1.0,0.0,3,0.204
-0.12444444444444444,0.4253859348198972,0.19357428337146557,0.5479818230419677,0.0,0.0,-0.3333333333333333,1.0,0.1720253922679449,0.3073497146272661,0.5174532485771305,-0.4078723634064348,0.24548484196946893,0.0,0.0,1.0,0.0,0.0,1.0,0,0.147
0.6328888888888888,1.0977701543739278,1.256667412109431,0.3897353648757019,0.0,0.5,0.6666666666666666,1.0,0.7463929476946821,1.3473091865965932,0.9959161800576537,-0.3051751485852347,1.2420232208127284,0.0,0.0,0.0,1.0,1.0,0.0,0,0.179
0.8782222222222223,1.130360205831904,1.5063563331097005,0.19727345629510845,0.0,0.5,0.0,0.0,0.8365406944215068,1.6647107275364645,2.0170097568186858,-0.1649463186880584,1.4760804128144485,1.0,0.0,0.0,0.0,0.0,1.0,3,0.166
-0.2915555555555557,-0.7581475128644939,-0.5223718841925996,-1.0686982090350177,0.0,-1.0,-1.0,0.0,-0.8529505748593914,-0.41074721734249836,-0.35252975090546235,1.7545474954489646,-0.4256396473876586,0.0,1.0,0.0,0.0,0.0,1.0,1,0.113
-0.3271111111111112,-0.5248713550600341,-0.41225278537555987,-0.6591820368885327,1.0,-0.5,-0.6666666666666666,0.0,-0.580575020911488,-0.4571309167158688,-0.30799578682829476,0.8132337971136092,-0.1470543969038916,0.0,1.0,0.0,0.0,1.0,0.0,2,0.185
-0.6826666666666668,-0.0480274442538593,-0.3366534207221621,0.873028601978081,-1.0,-0.5,0.0,0.0,-0.4367538350702902,-0.2969625844637689,-0.4576742553034222,-0.5898453243488414,-0.46234143195011823,1.0,0.0,0.0,0.0,0.0,1.0,0,0.174
-0.184888888888889,-0.3310463121783876,-0.2647698015401995,-0.48810478481689396,-1.0,-1.0,-1.3333333333333333,1.0,-0.32086911210989744,0.4079044238240675,1.0396647941459085,0.5473567846817614,-0.428649752741346,1.0,0.0,0.0,0.0,0.0,1.0,2,0.185
-0.5760000000000001,-0.23670668953687815,-0.36456738515880804,0.2143811815022723,-1.0,-0.5,0.0,0.0,-0.4868298810308004,-0.3561024085993289,-0.49515546849976594,-0.1783355196652001,-0.47542463986239514,1.0,0.0,0.0,0.0,0.0,1.0,0,0.16
0.9315555555555557,-0.35849056603773566,0.1031578102332089,-1.1189521518310617,1.0,0.5,1.0,1.0,0.09635249611310166,-0.11901828863830173,-0.2652686410262728,1.918080780276645,0.5776607181251345,1.0,0.0,0.0,0.0,0.0,1.0,4,0.197
-0.1671111111111112,0.27958833619210993,0.08446439937382808,0.40149692595562714,1.0,0.5,0.0,0.0,0.07975018809869529,-0.1427811267667232,0.10777773671372613,-0.31337828864019346,0.5513760481616858,1.0,0.0,0.0,0.0,0.0,1.0,0,0.158
-0.5226666666666667,-0.2212692967409947,-0.33720390153274504,0.1459502806736168,0.0,-0.5,-0.3333333333333333,0.0,-0.4377109939706127,-0.2981288587277404,-0.33778364993717197,-0.12406325659500943,-0.25206407224252847,0.0,1.0,0.0,0.0,0.0,1.0,0,0.159
0.25599999999999984,-0.6106346483704973,-0.31041383541770606,-1.1360598770382255,-1.0,0.0,0.6666666666666666,0.0,-0.392437107474201,-0.4934797979429838,-0.5822215241333432,1.9756096124397442,-0.4500430015050527,0.0,1.0,0.0,0.0,0.0,1.0,4,0.151
0.43377777777777765,1.0102915951972555,1.0103960594748642,0.5148356054530876,-1.0,0.0,0.6666666666666666,2.0,0.6459694797424439,1.605267186144662,0.7479072732648383,-0.3870420506465439,0.1690174156095463,0.0,0.0,0.0,1.0,0.0,1.0,0,0.169
0.49777777777777776,1.048027444253859,1.095927015419197,0.4816893878642075,0.0,0.5,0.6666666666666666,0.0,0.6823271232962075,1.1429779355487688,0.8340416882252937,-0.3661656347257164,1.0913459471081488,0.0,1.0,0.0,0.0,0.0,1.0,0,0.159
-0.6684444444444446,-0.45797598627787295,-0.48305837963679743,-0.08286554397219988,-1.0,-0.5,-0.6666666666666666,0.0,-0.7445035923928573,-0.6071429439192161,-0.4506061054032079,0.0771626895239174,-0.5309610836379274,1.0,0.0,0.0,0.0,0.0,1.0,4,0.14
-0.4337777777777779,-0.07718696397941681,-0.2356401919801828,0.2571504945201818,0.0,0.0,-0.6666666666666666,0.0,-0.27839760153845206,-0.37466560730087695,0.047721561090989593,-0.21099459084317335,-0.156858740055902,0.0,1.0,0.0,0.0,1.0,0.0,0,0.164
-0.9493333333333335,-0.6500857632933102,-0.6203345317759315,0.035819299652499435,0.0,-1.0,-1.6666666666666667,0.0,-1.2151119706436442,-0.7220695536814176,0.27630460492275843,-0.03191398357286569,-0.51746936142765,0.0,1.0,0.0,0.0,0.0,1.0,0,0.15
0.05688888888888868,0.7101200686106347,0.493150527830819,0.6570435712376372,0.0,0.5,0.3333333333333333,0.0,0.38055061021317066,0.3767357441194266,0.4110944215072384,-0.4728472053416884,0.5263061707159752,0.0,0.0,0.0,1.0,0.0,1.0,0,0.167
0.20977777777777773,0.8404802744425385,0.698778047284008,0.6025126971398023,0.0,0.5,1.3333333333333333,2.0,0.49705762072940196,0.6381269635320617,0.1349600857417399,-0.4408877527888003,0.7190604171145991,0.0,0.0,1.0,0.0,0.0,1.0,0,0.153
0.5546666666666664,-0.25385934819897077,0.060977218122287,-0.881582464581663,-1.0,-0.5,-0.6666666666666666,0.0,0.05837788082007469,0.5454761922117178,0.6451419173627022,1.2535704222192419,-0.2759729090518168,0.0,1.0,0.0,0.0,0.0,1.0,2,0.162
0.6257777777777775,0.6449399656946828,0.8609863928024635,-0.042234696605185654,1.0,1.0,1.0,1.0,0.5780960225364455,0.49530210148043946,0.41310949318747364,0.03846351521419586,1.6432380133304667,0.0,1.0,0.0,0.0,0.0,1.0,3,0.231
-0.5475555555555557,-0.34991423670668936,-0.40087618195684466,-0.06468858593958836,0.0,-0.5,0.3333333333333333,0.0,-0.5571676119079969,-0.43302791526045575,-0.6178592547226592,0.06011338015256491,-0.311750161255644,0.0,0.0,0.0,1.0,0.0,1.0,4,0.148
-0.14933333333333343,0.46140651801029164,0.19816162345965718,0.641005078855921,0.0,0.0,0.0,1.0,0.17567624031833556,0.31463892877708866,0.2604436149505998,-0.4636645252774007,0.24978499247473662,1.0,0.0,0.0,0.0,1.0,0.0,0,0.157
-0.45511111111111124,-0.6878216123499141,-0.5220278336859852,-0.8270515904838283,0.0,-1.0,-1.0,0.0,-0.8519332017349699,-0.40965383522002496,-0.35160580974203565,1.1328503789722144,-0.4253171360997635,0.0,0.0,1.0,0.0,0.0,1.0,0,0.128
0.9422222222222222,0.12864493996569468,0.5836358110703985,-0.707297514033681,0.0,1.0,0.6666666666666666,1.0,0.433968474944884,0.20149817648159374,0.31813604109690297,0.8983093436467704,0.6111266394323802,1.0,0.0,0.0,0.0,0.0,1.0,1,0.184
-0.8853333333333334,-0.26072041166380777,-0.49188900930656626,0.9895749799518848,-1.0,-1.0,-0.6666666666666666,0.0,-0.7675866410613758,-0.31387356129135713,-0.4683919727991721,-0.6476024183756082,-0.5350999784992475,1.0,0.0,0.0,0.0,0.0,1.0,0,0.161
0.3342222222222222,0.9262435677530017,0.8619267975205426,0.5415664260892811,0.0,0.5,0.0,0.0,0.5785421897831035,0.8455196845228117,1.151708059230788,-0.4039497942787525,0.8719952698344441,0.0,0.0,1.0,0.0,0.0,1.0,0,0.169
-0.40533333333333355,-0.2761578044596911,-0.31679023814029234,-0.14274258219727345,-1.0,-0.5,-0.3333333333333333,0.0,-0.4029776089914807,-0.2548795214387936,-0.304891344519181,0.13623916714139278,-0.45303160610621374,0.0,1.0,0.0,0.0,0.0,1.0,4,0.147
-0.07111111111111111,0.36020583190394506,0.18864289277665958,0.37583533814488135,0.0,0.5,0.6666666666666666,2.0,0.16808162514741445,-0.01035068409274783,-0.07964372828738268,-0.2952656085674807,0.24086218017630617,0.0,0.0,1.0,0.0,1.0,0.0,0,0.178
-0.0995555555555557,0.13550600343053182,0.03927909950514069,0.0978348035284685,0.0,0.0,1.0,1.0,0.03810056411834454,0.062176996697986125,-0.32245033302945925,-0.08488337803157835,0.10084927972479041,0.0,1.0,0.0,0.0,0.0,1.0,0,0.149
-0.6400000000000001,-0.34991423670668936,-0.4328958157724221,0.10104250200481162,0.0,-0.5,0.3333333333333333,0.0,-0.6249245492318084,-0.5008662016148039,-0.6547113079839075,-0.08774946723396647,-0.34176521178241237,0.0,1.0,0.0,0.0,0.0,1.0,0,0.157
-0.9777777777777779,-0.8936535162950255,-0.689511620305861,-0.6741512964448011,-1.0,-1.0,-1.0,-1.0,-1.6356704428908382,-0.9419122524400644,-0.8013803680981595,0.8392814692284309,-0.6277252203827134,1.0,0.0,0.0,0.0,0.0,1.0,1,0.114
0.8568888888888887,-0.17152658662092624,0.25454003314353213,-0.9318364073777068,1.0,1.0,0.6666666666666666,1.0,0.21920610987205422,-0.14712063892391758,-0.013281654224258997,1.3721281543477326,0.7905181681358849,0.0,0.0,0.0,1.0,1.0,0.0,3,0.197
0.8284444444444443,0.5265866209262435,0.8962401013802159,-0.29885057471264365,0.0,1.0,1.3333333333333333,1.0,0.5946501478862998,0.5326471753080303,0.2940442752605514,0.30569997321889464,0.9041603956138465,0.0,0.0,0.0,1.0,0.0,1.0,3,0.211
-0.04266666666666677,-0.17152658662092624,-0.11744737460792583,-0.392943063352045,0.0,0.0,-0.6666666666666666,2.0,-0.126437827876183,-0.18685900473069994,0.28577500184788224,0.42090608971737203,-0.046065362287680066,1.0,0.0,0.0,0.0,0.0,1.0,3,0.214
0.7111111111111111,1.130360205831904,1.3554328442081964,0.3448275862068969,0.0,0.0,0.0,0.0,0.7833030633892436,2.153525428423562,1.8143586616404264,-0.274036118750964,1.3346054611911418,0.0,0.0,0.0,1.0,0.0,1.0,0,0.171
-0.8284444444444446,-0.8284734133790737,-0.647927382406404,-0.7201283079390539,-1.0,-1.5,-1.0,-1.0,-1.356982711619732,-0.3697089416789975,-0.6897066794786507,0.9222018983728413,-0.6082347882175876,0.0,0.0,0.0,1.0,0.0,1.0,1,0.09
0.31288888888888877,-0.10634648370497407,0.07797331314903691,-0.5918203688853249,-1.0,0.0,0.3333333333333333,1.0,0.07390175873822745,0.12366151805173892,-0.06674154989810246,0.7018519404140101,-0.26800688024080843,0.0,1.0,0.0,0.0,0.0,1.0,2,0.166
-0.5795555555555557,-0.31217838765008565,-0.39660995567482643,0.06682705159048385,-1.0,0.0,-0.6666666666666666,0.0,-0.5485673876237176,-0.6304441318181486,-0.2764893931554438,-0.0586365362064541,-0.4904429155020426,0.0,0.0,0.0,1.0,0.0,1.0,0,0.173
-0.05333333333333334,0.0,-0.018177335099459267,-0.14701951349906442,0.0,0.0,-0.3333333333333333,0.0,-0.018280600912094703,-0.029120410528540787,0.17626025574691398,0.14024230329185786,0.04698989464631266,1.0,0.0,0.0,0.0,0.0,1.0,3,0.19
-0.38755555555555576,-0.44596912521440807,-0.39142626137516995,-0.4624431970061481,-1.0,0.0,0.0,0.0,-0.5382433675076335,-0.6222073198288492,-0.5312199719121886,0.5130564425669178,-0.4880133304665663,1.0,0.0,0.0,0.0,1.0,0.0,2,0.186
0.8213333333333331,0.639794168096055,0.9970927732191085,-0.19299652499331724,-1.0,0.5,0.3333333333333333,0.0,0.6401594296018996,1.0173410404624277,0.9910918872686185,0.188363098955471,0.16278219737690816,1.0,0.0,0.0,0.0,0.0,1.0,4,0.154
-0.16,-0.10634648370497407,-0.12916802853325537,-0.1790964982624967,1.0,0.0,0.3333333333333333,1.0,-0.1402544908642941,-0.20548294688349641,-0.30514476838114946,0.1737051835908511,0.25098903461621164,0.0,0.0,1.0,0.0,0.0,1.0,3,0.192
-0.12800000000000006,0.7427101200686108,0.3741778626435693,1.0130981021117353,1.0,0.5,1.0,1.0,0.3042566221411668,0.22549912893890905,-0.02266222353627192,-0.6588798096675368,0.9587400559019564,0.0,1.0,0.0,0.0,0.0,1.0,0,0.171
0.9457777777777776,0.06689536878216133,0.5249866680428686,-0.7618283881315158,0.0,0.0,0.0,1.0,0.39976388909473826,0.8339589908811931,0.6992848695395075,0.9999399056452598,0.5561492152225327,0.0,0.0,1.0,0.0,0.0,1.0,3,0.19
0.4586666666666666,0.8301886792452831,0.8882122562258806,0.29778134188719624,0.0,0.0,0.3333333333333333,2.0,0.5909112018148243,1.4111189672641395,0.8657790671890012,-0.24081644270220898,0.896635132229628,0.0,1.0,0.0,0.0,0.0,1.0,0,0.159
0.9422222222222222,0.6895368782161235,1.1326716095256115,-0.23041967388398835,0.0,0.0,0.3333333333333333,1.0,0.6974419703632677,1.7995611893081807,1.1471323506119127,0.22805273045748686,1.1257901526553429,0.0,1.0,0.0,0.0,0.0,1.0,3,0.21
0.49777777777777776,0.6363636363636365,0.7617851633953198,0.05934242181234977,-1.0,1.0,0.3333333333333333,1.0,0.5295405196901327,0.3902159308204984,0.7202715331087715,-0.0522961294146355,0.052494087293055276,0.0,1.0,0.0,0.0,0.0,1.0,0,0.186
0.6364444444444441,1.130360205831904,1.2879989449117797,0.4175354183373429,-1.0,0.0,0.3333333333333333,2.0,0.758291773677652,2.046373980421171,1.3259017665755042,-0.32401897166592525,0.2991292195226833,0.0,1.0,0.0,0.0,0.0,1.0,0,0.174
0.12444444444444444,0.15094339622641528,0.16813748258244315,-0.13418871959369152,0.0,0.5,0.0,0.0,0.15146617451472258,-0.036416913892513114,0.22012898218641433,0.12723476970898037,0.2216405074177597,0.0,1.0,0.0,0.0,0.0,1.0,3,0.201
-0.15644444444444464,-0.7564322469982846,-0.49532951437271,-1.141406041165464,0.0,-1.0,-1.6666666666666667,0.0,-0.7767677910920333,-0.3248073825160909,1.2834004730578754,1.9949247080117052,-0.40029026015910557,0.0,0.0,1.0,0.0,0.0,1.0,4,0.12
0.1528888888888888,0.5591766723842196,0.46175018492714726,0.3373429564287626,0.0,0.0,-0.3333333333333333,2.0,0.361126313908184,0.73347717382589,0.9495620518885354,-0.2689260622714261,0.4968716405074177,0.0,1.0,0.0,0.0,0.0,1.0,0,0.14
-0.30933333333333346,0.19382504288164684,-0.0420544402584967,0.5030740443731624,0.0,0.0,0.0,1.0,-0.04296172635673722,-0.06706077017836708,-0.062104245201665575,-0.37982372909049955,0.024607611266394283,0.0,1.0,0.0,0.0,0.0,1.0,0,0.143
-0.9173333333333334,-0.4305317324185247,-0.5515014937526163,0.6067896284415932,0.0,-1.0,-1.0,0.0,-0.9442757344645597,-0.5033202370452442,-0.4307567694089241,-0.44354752616152604,-0.4529456030961084,0.0,0.0,1.0,0.0,1.0,0.0,0,0.165
-0.37688888888888894,-0.5506003430531731,-0.43862999088266164,-0.6559743384121894,-1.0,-0.5,-0.3333333333333333,0.0,-0.6377037929615573,-0.513014891864508,-0.5012103629240889,0.8069094468578982,-0.5101376048161685,1.0,0.0,0.0,0.0,0.0,1.0,2,0.183
-0.8213333333333334,-0.46483704974271,-0.531982361677361,0.23041967388398835,-1.0,-1.0,-1.6666666666666667,0.0,-0.8819176891660286,-0.44128902463025454,0.988108877226698,-0.19019703732970084,-0.5538916362072672,1.0,0.0,0.0,0.0,0.0,1.0,0,0.165
-0.08177777777777794,-0.2418524871355059,-0.17536254322134495,-0.45495856722801403,1.0,0.5,0.0,1.0,-0.19721949950431572,-0.4730699983234808,-0.24110244659620075,0.5017357681083996,0.18603526123414318,1.0,0.0,0.0,0.0,1.0,0.0,3,0.203
0.8604444444444446,0.8576329331046312,1.2317352187301098,-0.02833466987436512,0.0,1.0,1.0,1.0,0.7367933115289904,0.8880449598728763,0.7449891590903491,0.02539563356769347,1.2186519028165987,0.0,0.0,1.0,0.0,0.0,1.0,0,0.157
-0.060444444444444544,0.5265866209262435,0.29529854982711456,0.5907511360598775,0.0,1.0,1.3333333333333333,1.0,0.24923194586897343,-0.10394419377646891,-0.19010089437504618,-0.4335765662705415,0.3408406794237798,0.0,1.0,0.0,0.0,0.0,1.0,0,0.147
0.34133333333333316,-0.18010291595197242,0.03489818972091761,-0.6912590216519651,0.0,0.0,0.3333333333333333,0.0,0.03394193206739725,0.0552157971849055,-0.11631759289568445,0.8696745248561141,0.09674263599225968,0.0,1.0,0.0,0.0,0.0,1.0,2,0.161
0.9493333333333335,0.11320754716981146,0.5722362709512422,-0.7244052392408449,-1.0,0.0,0.0,2.0,0.4274362904918832,0.909037896624365,0.7627288294281417,0.9282631844486227,-0.03634702214577514,1.0,0.0,0.0,0.0,0.0,1.0,2,0.164
0.17066666666666658,0.3293310463121784,0.3156892765191262,0.03795776530339492,0.0,0.0,0.0,1.0,0.26383140927620885,0.5013885952955411,0.4182527656638823,-0.033441832789882435,0.3599548484196946,1.0,0.0,0.0,0.0,0.0,1.0,0,0.177
-0.37333333333333335,0.18181818181818196,-0.08313407074825258,0.6025126971398023,0.0,0.0,-0.3333333333333333,0.0,-0.08733765390347936,-0.13233568289002762,0.07159620075393598,-0.4405243136758709,-0.013900236508277809,0.0,0.0,1.0,0.0,0.0,1.0,0,0.158
-0.028444444444444595,0.4322469982847342,0.2590356264299598,0.41325848703555196,0.0,0.0,0.0,1.0,0.22257504775814105,0.41136680054523317,0.342181609875083,-0.3213193477711939,0.3068479896796387,1.0,0.0,0.0,0.0,0.0,1.0,0,0.177
0.7360000000000001,1.130360205831904,1.3779108106403353,0.3213044640470463,0.0,0.5,1.0,1.0,0.7914654786005055,1.5014323305804405,0.8758397598574252,-0.2575504962228676,1.3556761986669534,0.0,1.0,0.0,0.0,0.0,1.0,0,0.159
0.8888888888888888,1.130360205831904,1.5159897472949029,0.1887195936915265,0.0,0.0,0.6666666666666666,1.0,0.8398188581718695,2.40864792366735,1.257068149900214,-0.1581068573696948,1.4851107288755105,1.0,0.0,0.0,0.0,1.0,0.0,0,0.153
0.9386666666666663,1.130360205831904,1.5609456801591808,0.14808874632451227,0.0,0.0,0.6666666666666666,1.0,0.8549378175368322,2.4800822223356103,1.3023412669081231,-0.1263769319795233,1.527252203827134,0.0,1.0,0.0,0.0,0.0,1.0,0,0.157
0.2311111111111111,1.130360205831904,0.921929205874089,0.9147286821705432,0.0,0.5,0.6666666666666666,1.0,0.606496028931959,0.9217940213865543,0.6588162465814176,-0.6108080653263257,0.9282412384433455,0.0,1.0,0.0,0.0,1.0,0.0,0,0.186
0.5262222222222221,-0.3807890222984562,-0.054302638293968225,-0.9970596097300191,0.0,-0.5,-1.0,0.0,-0.05593126504113703,0.30123892343166503,0.9044614038977997,1.5437671778925643,0.013126209417329646,1.0,0.0,0.0,0.0,0.0,1.0,2,0.192
-0.4622222222222222,0.10120068610634657,-0.16802279908023837,0.6388666132050258,0.0,0.5,0.6666666666666666,1.0,-0.18788652531440853,-0.46373980421170785,-0.4388258555695173,-0.46205422183644324,-0.09347452160825628,1.0,0.0,0.0,0.0,1.0,0.0,0,0.179
0.3875555555555555,0.26929674099485423,0.40000458734008815,-0.23255813953488383,0.0,1.0,0.3333333333333333,1.0,0.32146283407439,0.006973348203330321,0.3038908482307846,0.23092004717024675,0.4389916147065147,0.0,0.0,0.0,1.0,1.0,0.0,3,0.214
-0.5084444444444446,-0.6192109777015435,-0.5039995871393922,-0.645282010157712,-1.0,-1.5,-1.3333333333333333,0.0,-0.8003940283334757,0.5450874341237273,0.07599416069184713,0.789912405607012,-0.5407761771662009,0.0,1.0,0.0,0.0,1.0,0.0,4,0.166
-0.35555555555555557,-0.3379073756432246,-0.32846501866474004,-0.3148890670943599,-1.0,-0.5,0.0,0.0,-0.42265272455469693,-0.2796142547871914,-0.44667935545864434,0.32432202241438024,-0.45850354762416684,0.0,1.0,0.0,0.0,0.0,1.0,4,0.143
-0.5937777777777778,-0.11320754716981121,-0.321928059039067,0.5062817428495057,-1.0,-0.5,-0.6666666666666666,0.0,-0.4115752730337596,-0.2657647479025286,-0.126071771749575,-0.3816044384111551,-0.4554396903891636,0.0,1.0,0.0,0.0,1.0,0.0,0,0.161
-0.8960000000000001,-0.6552315608919381,-0.6093478522647126,-0.11387329591018452,0.0,-1.5,-1.3333333333333333,0.0,-1.1650863443187969,-0.12449977767896842,-0.34837201567004217,0.10753740632006697,-0.5071705009675338,0.0,1.0,0.0,0.0,0.0,1.0,1,0.104
-0.6471111111111112,-0.45111492281303595,-0.47392957286129606,-0.10638866613205021,-1.0,-0.5,-0.6666666666666666,0.0,-0.7213365154388572,-0.5878022290416871,-0.4322196762510163,0.09982528473901575,-0.526682433885186,0.0,1.0,0.0,0.0,1.0,0.0,4,0.139
-1.0097777777777779,-0.8936535162950255,-0.6940530869931707,-0.6142742582197276,0.0,-1.5,-0.6666666666666666,-1.0,-1.6731189425821715,-0.6628811347848588,-0.8755728435213245,0.7381628687426418,-0.5865727800473016,0.0,1.0,0.0,0.0,1.0,0.0,1,0.095
0.5119999999999999,1.130360205831904,1.1756091127510853,0.550120288692863,-1.0,0.0,-1.0,2.0,0.7147418498652026,1.8677882337505196,4.207366274915613,-0.40916467301597353,0.24645237583315416,0.0,1.0,0.0,0.0,0.0,1.0,0,0.155
0.9706666666666666,1.130360205831904,1.5898459227147879,0.12349639133921408,-1.0,0.0,0.6666666666666666,1.0,0.8645050168154429,2.526004271479492,1.3314454135560645,-0.10613935906543237,0.4406041711459901,0.0,1.0,0.0,0.0,1.0,0.0,0,0.144
-0.8711111111111113,-0.7255574614065179,-0.6244631378553039,-0.368350708366747,0.0,-1.0,-1.0,0.0,-1.234770186600289,-0.7351901391510981,-0.6266938921329489,0.3889051826038707,-0.5213394968823909,0.0,1.0,0.0,0.0,0.0,1.0,1,0.096
-0.9244444444444446,-0.8936535162950255,-0.6819425091603448,-0.7628976209569637,0.0,-1.5,-1.3333333333333333,-1.0,-1.5769856583121642,-0.5859070333627332,-0.6407993938945967,1.0026823806206533,-0.5752203827133949,0.0,0.0,1.0,0.0,1.0,0.0,1,0.113
0.64,1.130360205831904,1.2912100829735138,0.41432771986100003,0.0,0.5,0.6666666666666666,0.0,0.7595011050554314,1.3912194126351238,1.0307025648606696,-0.32162057511325814,1.274403354117394,0.0,0.0,0.0,1.0,0.0,1.0,0,0.179
0.2239999999999999,0.00857632933104631,0.12047501906613224,-0.39401229617749284,1.0,1.0,1.3333333333333333,2.0,0.11142422338894613,-0.28913882794295936,-0.33094648532781434,0.4225718493550842,0.6020103203612128,0.0,1.0,0.0,0.0,0.0,1.0,3,0.204
-0.5795555555555557,-0.8936535162950255,-0.6329955904193403,-1.125367548783748,0.0,-1.5,-1.3333333333333333,-1.0,-1.2770340836326803,-0.2748033734483086,-0.4436303496193363,1.9404976055948433,-0.5293377768221887,0.0,1.0,0.0,0.0,0.0,1.0,1,0.109
0.049777777777777726,-0.4837049742710119,-0.2799997706329956,-0.8794439989307675,1.0,0.0,-0.6666666666666666,0.0,-0.3440284406129739,-0.44515230812966045,-0.041623549412373374,1.2476410290705484,0.03890561169640943,0.0,1.0,0.0,0.0,1.0,0.0,2,0.184
0.20266666666666652,1.0874785591766725,0.8661930238025609,0.9061748195669611,-1.0,0.0,0.0,0.0,0.5805630744614102,1.3761307393449913,1.1574364944440334,-0.6067729621474641,0.1014298000430015,0.0,0.0,0.0,1.0,1.0,0.0,0,0.174
0.19555555555555557,-0.40994854202401354,-0.18536294461360264,-0.8708901363271855,0.0,0.0,0.3333333333333333,0.0,-0.2101176682838443,-0.29477582021882215,-0.36982064982101936,1.2296206633631337,-0.10972909051816812,0.0,0.0,1.0,0.0,1.0,0.0,3,0.205
-0.9635555555555556,-0.5917667238421954,-0.6083615741457514,0.26035819299652513,0.0,-0.5,-0.3333333333333333,0.0,-1.1607482239971076,-0.8726161232557518,-0.774696947298396,-0.21347699088740732,-0.5062459686089014,0.0,0.0,0.0,1.0,1.0,0.0,0,0.148
0.7608888888888886,0.26586620926243565,0.6131553445379115,-0.4923817161186849,0.0,1.0,1.3333333333333333,1.0,0.45063447035346665,0.23276890518433221,0.06597863848030164,0.5545356457099793,0.6387981079337777,0.0,1.0,0.0,0.0,0.0,1.0,2,0.177
-0.44800000000000006,0.09605488850771883,-0.16302259838410946,0.5993049986634594,1.0,0.0,-0.3333333333333333,0.0,-0.18159163798227348,-0.2592773473091865,-0.057127282134673586,-0.4389423868643001,0.20338636852289835,1.0,0.0,0.0,0.0,1.0,0.0,0,0.178
-0.2311111111111111,0.4819897084048029,0.1559351579478533,0.818497727880246,0.0,0.5,0.6666666666666666,0.0,0.14140847087590472,-0.051928361603335554,-0.11258223076354508,-0.5618188604918983,0.2102021070737475,0.0,1.0,0.0,0.0,0.0,1.0,0,0.152
0.7964444444444442,0.2367066895368784,0.6067560051148841,-0.5394279604383856,1.0,1.0,0.6666666666666666,2.0,0.44705159720448223,0.22598993602499715,0.34141935841525595,0.6222177972124191,1.2857665018275637,0.0,1.0,0.0,0.0,0.0,1.0,2,0.166
0.8355555555555556,1.130360205831904,1.467822676368891,0.23255813953488383,-1.0,0.0,0.6666666666666666,1.0,0.8232888504143456,2.332111175094213,1.2085612388203117,-0.19244891786812526,0.3834121694259299,0.0,1.0,0.0,0.0,0.0,1.0,0,0.159
0.18844444444444433,-0.058319039451114774,0.05684861204291455,-0.44533547179898425,0.0,0.0,0.6666666666666666,0.0,0.05455990955922837,0.0900946868918063,-0.21236787641362997,0.4897870165687247,0.11731885615996562,1.0,0.0,0.0,0.0,0.0,1.0,2,0.194
-0.45511111111111124,0.06689536878216133,-0.17990400990865468,0.5608126169473406,0.0,0.0,-0.3333333333333333,0.0,-0.20305056694842455,-0.28610165538053345,-0.08432810998595627,-0.41543379889753546,-0.10461191141689963,1.0,0.0,0.0,0.0,0.0,1.0,0,0.156
-0.5973333333333335,-0.7615780445969124,-0.5827183430527602,-0.8377439187383056,-1.0,-1.0,-1.3333333333333333,0.0,-1.0556586925580373,-0.6025264416243284,-0.24110244659620075,1.1549832941389173,-0.5776714685013975,0.0,0.0,1.0,0.0,0.0,1.0,1,0.114
-0.5937777777777778,-0.6072041166380787,-0.5201011508489447,-0.5201817695803262,-1.0,-1.0,-0.6666666666666666,0.0,-0.8462602460599911,-0.40353089533417397,-0.5252143543499149,0.5940025946384245,-0.5483229413029456,0.0,1.0,0.0,0.0,0.0,1.0,1,0.108
-0.5120000000000002,-0.8061749571183532,-0.5856313040087618,-1.0024057738572578,0.0,-0.5,-0.6666666666666666,0.0,-1.066909519192114,-0.8244587151059245,-0.6571993495454209,1.558278470392373,-0.4849387228552999,0.0,0.0,1.0,0.0,0.0,1.0,1,0.095
0.15644444444444439,0.30874785591766724,0.2930736898843417,0.027265437048917495,0.0,1.0,0.6666666666666666,1.0,0.24762235861115867,-0.10630103968491153,0.025523874639662943,-0.024717756194722645,0.33875510642872503,0.0,1.0,0.0,0.0,0.0,1.0,0,0.158
0.9173333333333332,0.0,0.4458091781206814,-0.806736166800321,0.0,1.0,1.0,1.0,0.3510773830321948,0.05549521706064878,0.04145929320554183,1.0900498160108973,0.48192861750161253,1.0,0.0,0.0,0.0,1.0,0.0,2,0.181
-0.8817777777777779,-0.5403087478559175,-0.5724197645547701,0.18016573108794456,1.0,-1.0,-1.3333333333333333,0.0,-1.0171318794072988,-0.5697978700916254,-0.19961748835834137,-0.15185179821255668,-0.3722640292410235,1.0,0.0,0.0,0.0,0.0,1.0,0,0.159
0.12444444444444444,1.125214408233276,0.8221316222554803,1.0761828388131518,0.0,1.0,1.0,2.0,0.559435531948149,0.45414233891444167,0.37832824139092147,-0.6883363775460692,0.834691464201247,0.0,1.0,0.0,0.0,0.0,1.0,0,0.157
-0.760888888888889,-0.876500857632933,-0.6529275831025328,-0.9275594760759158,0.0,-1.5,-1.6666666666666667,-1.0,-1.3856922910955445,-0.4014899153722237,0.013720526276886602,1.3623061533820335,-0.5480219307675769,0.0,0.0,1.0,0.0,0.0,1.0,1,0.108
-0.38044444444444453,-0.7598627787307032,-0.5403313206378697,-1.014167334937183,0.0,-1.0,-0.3333333333333333,0.0,-0.9079840682545334,-0.46782176413560855,-0.6650805676694508,1.5918787112116282,-0.4424747366157815,0.0,0.0,1.0,0.0,0.0,1.0,1,0.098
-0.13511111111111127,-0.72041166380789,-0.47053494119603434,-1.0997059609730022,0.0,-0.5,0.3333333333333333,0.0,-0.7128937394487028,-0.5806102044138621,-0.6980309493891429,1.8516773969573008,-0.37704794667813374,0.0,1.0,0.0,0.0,1.0,0.0,4,0.125
-0.31644444444444464,-0.5317324185248712,-0.412711519384379,-0.6805666933974875,-1.0,-0.5,-1.3333333333333333,0.0,-0.5815337250049621,-0.4581028119358451,0.4437227437356788,0.8497520113213086,-0.4979896796387874,1.0,0.0,0.0,0.0,0.0,1.0,2,0.204
0.8888888888888888,1.0634648370497426,1.451858732861984,0.12991178829190053,-1.0,0.0,0.0,1.0,0.8177323181111892,2.306744709852831,1.9438336166752894,-0.1116504760349224,0.3759299075467641,1.0,0.0,0.0,0.0,0.0,1.0,0,0.148
0.8782222222222223,0.7221269296740995,1.1165929825165002,-0.15985030740443734,0.0,0.5,0.3333333333333333,0.0,0.6908639688137619,1.1692482633447292,1.1286271290244236,0.15326657674454744,1.1107181251343798,0.0,0.0,0.0,1.0,0.0,1.0,3,0.202
0.4017777777777777,0.8765008576329332,0.8791751962521432,0.408981555733761,0.0,0.0,0.0,1.0,0.5866807138918138,1.3967592153889892,1.1748681843940176,-0.3178772661791062,0.8881638357342507,0.0,1.0,0.0,0.0,0.0,1.0,0,0.156
0.6933333333333334,1.130360205831904,1.3393771538995258,0.36193531141406077,0.0,0.5,0.3333333333333333,0.0,0.7774201543783396,1.452448811493633,1.3850340010348139,-0.28586458686548016,1.3195549344227049,0.0,0.0,1.0,0.0,1.0,0.0,0,0.152
0.5546666666666664,0.5094339622641509,0.6968513644469674,-0.11815022721197549,0.0,1.0,1.0,1.0,0.49604275335014925,0.32143004662667324,0.26618231617677246,0.11151393658033802,0.7172543539023866,0.0,0.0,0.0,1.0,0.0,1.0,3,0.203
-0.43733333333333346,0.006861063464837147,-0.19857448406759445,0.4164661855118953,0.0,0.0,-0.3333333333333333,2.0,-0.22749033851922212,-0.3157687569703109,-0.11441163426712979,-0.322956365814038,-0.12211352397333902,1.0,0.0,0.0,0.0,1.0,0.0,0,0.178
0.6222222222222222,1.130360205831904,1.2751543926648432,0.4325046778936116,1.0,0.0,-0.3333333333333333,1.0,0.7534356571710569,2.025964180801668,2.260191071032596,-0.3336311718008135,2.225596645882606,1.0,0.0,0.0,0.0,0.0,1.0,4,0.155
0.23466666666666647,0.022298456260720606,0.13538387435275498,-0.38652766639935854,0.0,1.0,0.6666666666666666,1.0,0.12417115941931915,-0.2733455306183439,-0.13327851282430334,0.4129342346273275,0.19093743281014838,0.0,1.0,0.0,0.0,1.0,0.0,3,0.194
-0.4337777777777779,-0.7701543739279586,-0.5553319227262563,-0.9949211440791236,-1.0,-1.0,-0.6666666666666666,0.0,-0.957118950809219,-0.5154932246754478,-0.5961730357010865,1.5364614849297,-0.5648355192431735,0.0,0.0,0.0,1.0,0.0,1.0,1,0.096
-0.26666666666666666,0.3413379073756433,0.058775294879955045,0.6645282010157716,1.0,0.5,0.3333333333333333,2.0,0.05634394968283827,-0.175436806157928,-0.08883694286347853,-0.4769582137864859,0.5152547839174373,0.0,0.0,0.0,1.0,1.0,0.0,0,0.137
0.20266666666666652,0.7409948542024014,0.6234080496350197,0.4945201817695804,0.0,1.0,0.3333333333333333,1.0,0.45634076859340966,0.24362983426756782,0.5610104748529612,-0.3738284758799562,0.648408944313051,0.0,0.0,0.0,1.0,1.0,0.0,0,0.145
0.35555555555555557,1.130360205831904,1.0343190380347835,0.7404437316225609,1.0,0.5,0.3333333333333333,1.0,0.6563101526605858,1.0646626187230754,1.033936358932663,-0.5197445313780172,1.8869597935927758,0.0,0.0,0.0,1.0,0.0,1.0,0,0.173
0.3982222222222221,-0.45969125214408224,-0.15822882799194932,-1.025928896017108,1.0,0.0,0.6666666666666666,2.0,-0.1756038442149051,-0.2516601185226221,-0.4289627836499372,1.6250562617908837,0.21012685443990525,0.0,0.0,0.0,1.0,0.0,1.0,3,0.186
-0.46577777777777785,-0.09433962264150943,-0.2577052978043844,0.2838813151563752,0.0,-0.5,-0.3333333333333333,1.0,-0.3103550691278351,-0.1296994171058417,-0.20968844703969253,-0.2301803740397612,-0.17754246398623952,0.0,0.0,1.0,0.0,0.0,1.0,0,0.17
0.20977777777777773,-0.4802744425385933,-0.23020419397567565,-0.9628441593156912,0.0,0.0,-0.6666666666666666,0.0,-0.2707210297131381,-0.3660278885333372,0.05867026387759627,1.4506436232227768,-0.15176306170715972,0.0,1.0,0.0,0.0,0.0,1.0,2,0.187
-0.37333333333333335,0.11663807890223003,-0.11467203385456992,0.49024325046778944,0.0,0.0,-1.0,1.0,-0.12320161405054533,-0.18244903017005734,0.7423405277551922,-0.37129067451646997,-0.04346377123199314,1.0,0.0,0.0,0.0,0.0,1.0,0,0.16
0.5333333333333333,1.130360205831904,1.19487594112149,0.5265971665330129,0.0,0.5,0.6666666666666666,1.0,0.722381923757348,1.2687606149181057,0.9336887427008647,-0.3943983085272733,1.1841001935067728,0.0,1.0,0.0,0.0,1.0,0.0,0,0.182
0.7715555555555557,0.3842195540308749,0.7275636063374104,-0.3908045977011495,0.0,0.5,1.0,0.0,0.5120654343520336,0.6747188185641709,0.2936746987951808,0.4181094209777221,0.7460438615351538,0.0,0.0,0.0,1.0,0.0,1.0,3,0.2
-0.4302222222222223,0.11320754716981146,-0.14595769325603675,0.5939588345362203,0.0,0.0,0.0,0.0,-0.16048194856334125,-0.2321614706718469,-0.20161936087909932,-0.43579825539697326,-0.07279079767791877,1.0,0.0,0.0,0.0,0.0,1.0,0,0.184
-0.20622222222222236,-0.5025728987993138,-0.3661270807887932,-0.7286821705426358,-1.0,-0.5,-0.3333333333333333,0.0,-0.489724776771007,-0.35940685234724845,-0.3843872422204154,0.9364330957882017,-0.4761556654482907,0.0,0.0,0.0,1.0,0.0,1.0,4,0.144
-0.3946666666666667,0.04631217838765013,-0.15928391621223337,0.40684309008286573,-1.0,-0.5,0.0,0.0,-0.17691780200899562,0.0788207023400808,-0.21951302141079657,-0.31694044209104916,-0.37920877230703076,1.0,0.0,0.0,0.0,0.0,1.0,0,0.135
-0.4871111111111112,-0.5248713550600341,-0.4571399081385148,-0.49024325046778944,-1.0,-0.5,-0.6666666666666666,0.0,-0.6804410839523338,-0.5522308639905532,-0.39840342966959863,0.5508200589254496,-0.5188131584605461,0.0,1.0,0.0,0.0,0.0,1.0,4,0.152
-0.928,-0.8936535162950255,-0.682447116570046,-0.7575514568297248,-1.0,-1.0,-0.6666666666666666,-1.0,-1.580763881594602,-0.9194614728586111,-0.8521971320866286,0.9919770966712282,-0.6244141044936573,0.0,0.0,1.0,0.0,0.0,1.0,1,0.115
-0.2773333333333335,0.06689536878216133,-0.09045087818891823,0.24431970061480887,0.0,0.5,1.0,1.0,-0.09551274921457253,-0.36513131519290914,-0.4385794712592702,-0.201195168059254,-0.020758976564179785,0.0,1.0,0.0,0.0,0.0,1.0,1,0.176
-0.6968888888888889,-0.1646655231560891,-0.38546271926052084,0.645282010157712,-1.0,-0.5,-0.6666666666666666,0.0,-0.5265323807531154,-0.40037223586925097,-0.25403762288417475,-0.46594847715315996,-0.48521823263814234,0.0,0.0,0.0,1.0,0.0,1.0,0,0.16
-0.16,-0.07375643224699822,-0.11077279477960705,-0.1309810211173484,0.0,0.0,0.3333333333333333,1.0,-0.11867737749752488,-0.1762531981427082,-0.2839733165792002,0.12439047763018209,-0.03980864330251561,0.0,0.0,0.0,1.0,1.0,0.0,3,0.196
0.6186666666666664,1.130360205831904,1.271943254603109,0.4357123763699549,0.0,0.0,0.3333333333333333,0.0,0.7522169010292411,2.0208617308967924,1.30742294330697,-0.3360388970439925,1.2563427219952699,0.0,0.0,0.0,1.0,0.0,1.0,0,0.158
0.35911111111111094,1.130360205831904,1.0375301760965177,0.73616680032077,0.0,0.5,1.0,0.0,0.6576878103854016,1.0687445786469765,0.5711444961851494,-0.5171846353139046,1.0366050311760913,0.0,0.0,0.0,1.0,0.0,1.0,0,0.145
-0.5973333333333335,-0.2521440823327615,-0.37901750643661164,0.22507350975674975,-1.0,-0.5,-0.3333333333333333,0.0,-0.5140696667413454,-0.38671710802858345,-0.40515743957424794,-0.18624521105214975,-0.48219737690819175,1.0,0.0,0.0,0.0,1.0,0.0,0,0.157
0.2773333333333332,0.3396226415094341,0.3874123387980023,-0.057203956161454045,0.0,0.0,-0.6666666666666666,0.0,0.3131209489209599,0.6153554585280163,1.3026184492571513,0.0527167448527904,0.427187701569555,0.0,1.0,0.0,0.0,0.0,1.0,3,0.189
0.25599999999999984,1.130360205831904,0.9444071723062278,0.877305533279872,0.0,0.5,0.3333333333333333,1.0,0.6167159741215951,0.9503677408538588,0.9304549486288711,-0.5923610611989797,0.9493119759191572,1.0,0.0,0.0,0.0,1.0,0.0,0,0.143
-0.8391111111111111,-0.5677530017152658,-0.569162753092154,-0.0016038492381716732,1.0,-0.5,-0.6666666666666666,0.0,-1.0053322407784626,-0.7895676767087739,-0.6240298617784019,0.0014697626134412027,-0.36768436895291334,1.0,0.0,0.0,0.0,0.0,1.0,0,0.148
0.09244444444444425,-0.5145797598627786,-0.28772943868159856,-0.9425287356321842,-1.0,-0.5,0.3333333333333333,0.0,-0.3560502422248091,-0.19330995925329295,-0.4876363473174028,1.401154832799148,-0.43941087938077833,1.0,0.0,0.0,0.0,0.0,1.0,2,0.186
-0.8568888888888889,-0.8198970840480273,-0.6500604955474131,-0.6549051055867418,-1.0,-1.5,-1.3333333333333333,-1.0,-1.3691016882112708,-0.38326687999766745,-0.5123715721782837,0.8063257815793062,-0.6092345732100624,0.0,0.0,1.0,0.0,0.0,1.0,1,0.124
0.3235555555555554,1.130360205831904,1.0054187954791765,0.7832130446404706,0.0,1.0,0.6666666666666666,2.0,0.6438007709451056,0.6483027064852139,0.7428948924532485,-0.542885948146601,1.0065039776392173,0.0,0.0,0.0,1.0,0.0,1.0,0,0.164
-0.8000000000000002,-0.46826758147512854,-0.5266151737741768,0.16840417000801927,0.0,-1.0,-0.6666666666666666,0.0,-0.8656082435486044,-0.42423226351966997,-0.5383343188705744,-0.14241646570594102,-0.4296172866050312,1.0,0.0,0.0,0.0,0.0,1.0,0,0.154
-0.6577777777777779,-0.6329331046312177,-0.5457902553428178,-0.4891740176423418,-1.0,-0.5,-0.3333333333333333,0.0,-0.9255096830345572,-0.7400496152509798,-0.6738764875452731,0.5494385195742291,-0.5603633627176952,0.0,0.0,0.0,1.0,0.0,1.0,4,0.138
-0.37688888888888894,-0.09948542024013717,-0.22086895689620578,0.12349639133921408,-1.0,-0.5,-0.6666666666666666,1.0,-0.2577113880813386,-0.0516562309417421,0.07747246655332979,-0.10618482014260949,-0.4080735325736401,0.0,1.0,0.0,0.0,0.0,1.0,0,0.155
0.32711111111111096,-0.17667238421955397,0.03161824155786067,-0.6794974605720397,0.0,0.0,-0.3333333333333333,1.0,0.03081385830982367,0.050004009067782504,0.2564953063788897,0.8477074680875373,0.09366802838099335,1.0,0.0,0.0,0.0,0.0,1.0,2,0.194
-0.4408888888888891,0.1475128644939967,-0.13577379826025135,0.6784282277465921,0.0,0.5,0.3333333333333333,1.0,-0.14815051380749125,-0.42274526383310623,-0.31274748424020365,-0.4849817725294544,-0.06324446355622448,1.0,0.0,0.0,0.0,1.0,0.0,0,0.155
0.8711111111111111,-0.13379073756432242,0.2963536380473987,-0.9040363539160654,0.0,0.5,0.0,1.0,0.24999409862550728,0.12656991449751828,0.392290018971592,1.3051771630606128,0.34182971403999146,0.0,0.0,1.0,0.0,0.0,1.0,3,0.211
0.6328888888888888,1.130360205831904,1.2847878068500456,0.4218123496391339,-1.0,0.0,0.6666666666666666,0.0,0.7570805690263548,2.0412715305162954,1.0242349767166825,-0.3264192252821855,0.2976241668458396,1.0,0.0,0.0,0.0,0.0,1.0,0,0.189
-0.13866666666666688,0.05317324185248728,-0.02852178699833144,0.02940390269981298,0.0,-0.5,-0.6666666666666666,2.0,-0.028877876822737302,0.35585943479433474,0.46488099637815045,-0.026051927786105645,0.03729305525693395,0.0,1.0,0.0,0.0,1.0,0.0,0,0.165
-0.568888888888889,0.08576329331046312,-0.22940140946024212,0.8559208767709171,-1.0,0.0,0.6666666666666666,1.0,-0.2695937185948035,-0.36475227605711824,-0.5006375194027644,-0.580941858741138,-0.412072672543539,1.0,0.0,0.0,0.0,0.0,1.0,0,0.149
-0.13866666666666688,0.26758147512864505,0.09418956036079422,0.3416198877305536,0.0,0.5,0.0,1.0,0.08843144091030924,-0.13041861956862438,0.12083610515682357,-0.27168165123491717,0.15232208127284452,1.0,0.0,0.0,0.0,0.0,1.0,0,0.15
-0.3235555555555556,0.17324185248713564,-0.06024324370817638,0.4945201817695804,1.0,0.0,0.3333333333333333,1.0,-0.06230006012383695,-0.09596250428241322,-0.22581781992122738,-0.3743769034392807,0.3479036766286821,0.0,0.0,0.0,1.0,0.0,1.0,0,0.175
-0.11733333333333348,0.6500857632933105,0.3285108920656219,0.8601978080727081,-1.0,0.0,0.0,1.0,0.2728738406765967,0.5217619488442953,0.43546886934240014,-0.5831824796199898,-0.15058052031821112,1.0,0.0,0.0,0.0,1.0,0.0,0,0.153
-0.13511111111111127,0.567753001715266,0.2684396736107526,0.7725207163859935,0.0,0.0,0.6666666666666666,1.0,0.22957572285509392,0.4263096895523693,0.0007160544016555765,-0.5370606400223071,0.3156632982154375,0.0,0.0,0.0,1.0,0.0,1.0,0,0.155
0.5226666666666665,-0.16638078902229825,0.120566765867896,-0.777866880513232,0.0,0.0,-0.3333333333333333,1.0,0.11150330495267294,0.19134187143284084,0.39981705964964126,1.0319832547236474,0.1770479466781337,0.0,0.0,1.0,0.0,1.0,0.0,3,0.21
-0.9386666666666668,-0.7581475128644939,-0.6471704712918523,-0.32451216252338944,-1.0,-1.5,-1.6666666666666667,-1.0,-1.352727184384071,-0.3648980603401147,0.06010237268090763,0.33616723017022887,-0.6078800258009031,1.0,0.0,0.0,0.0,0.0,1.0,1,0.095
0.23466666666666647,0.5591766723842196,0.5180368478092585,0.24111200213846554,0.0,0.0,0.6666666666666666,0.0,0.39560973133633076,0.8229158314442123,0.252074247911893,-0.1985651246855595,0.5496344872070523,0.0,1.0,0.0,0.0,1.0,0.0,0,0.134
-0.37333333333333335,-0.8096054888507718,-0.5630386540744181,-1.105052125100241,0.0,-1.0,-0.6666666666666666,0.0,-0.9836165216851106,-0.5399849842188513,-0.6116952472466552,1.869919682424226,-0.46376048161685657,0.0,0.0,1.0,0.0,0.0,1.0,1,0.094
0.7039999999999998,-0.229845626072041,0.13946660703124547,-0.9232825447741247,0.0,0.0,0.0,2.0,0.12762591657224562,0.22137343373010962,0.18163143371030124,1.3525896065320309,0.19476456675983658,0.0,0.0,1.0,0.0,0.0,1.0,3,0.208
-0.8675555555555556,-0.8936535162950255,-0.6738687906051276,-0.844159315690992,1.0,-1.5,-0.6666666666666666,-1.0,-1.5188923951013398,-0.5345909657479827,-0.8349194323305491,1.170575869672598,-0.5149107718770157,0.0,1.0,0.0,0.0,0.0,1.0,1,0.121
0.18133333333333312,0.6861063464837049,0.5692544998939176,0.45602780005346166,1.0,0.0,1.0,0.0,0.4257186287239344,0.9042999074269803,0.15196265635137682,-0.34911994554149123,1.2330359062567187,0.0,1.0,0.0,0.0,1.0,0.0,0,0.155
-0.8177777777777779,-0.8936535162950255,-0.6668042868693125,-0.9072440523924087,0.0,-1.5,-1.3333333333333333,-1.0,-1.4713765871034186,-0.4896894065850761,-0.5798192771084337,1.3126033297700805,-0.5610298860460116,1.0,0.0,0.0,0.0,0.0,1.0,1,0.104
0.14933333333333318,0.11320754716981146,0.1557516643443258,-0.20475808607324253,1.0,0.5,0.3333333333333333,0.0,0.14125623549734062,-0.05216161645612966,0.022775149678468557,0.20034399694364194,0.6516125564394755,1.0,0.0,0.0,0.0,0.0,1.0,3,0.196
-0.9920000000000001,-0.4734133790737563,-0.5858836077136125,0.7447206629243519,-1.0,-0.5,-0.3333333333333333,0.0,-1.0678916613215275,-0.8249932574769113,-0.7384784536920688,-0.5222515619439785,-0.5791550204257149,1.0,0.0,0.0,0.0,1.0,0.0,0,0.161
-0.7537777777777779,-0.17667238421955397,-0.41323906349452105,0.7757284148623363,-1.0,-0.5,0.0,0.0,-0.5826376898361894,-0.4592204914388179,-0.5605089067928153,-0.5388585613392706,-0.49823693829284027,1.0,0.0,0.0,0.0,0.0,1.0,0,0.191
-0.920888888888889,-0.6140651801029159,-0.6036824872557959,0.06896551724137934,0.0,-1.0,-1.0,0.0,-1.140489093790525,-0.6691498589537062,-0.5708878458619754,-0.06082560993770472,-0.5018598150935283,0.0,0.0,0.0,1.0,0.0,1.0,0,0.147
1.0026666666666668,1.130360205831904,1.618746165270395,0.09890403635391612,0.0,0.0,0.6666666666666666,2.0,0.8739565698311768,2.571926320623374,1.3605495602040059,-0.08602448281203139,1.5814341001935068,0.0,1.0,0.0,0.0,0.0,1.0,0,0.158
-0.5724444444444445,0.09262435677530026,-0.228415131341281,0.8783747661053196,0.0,0.0,0.0,1.0,-0.2682109576369095,-0.3631850950149065,-0.31233831029640036,-0.5927080053883678,-0.15008600301010538,0.0,1.0,0.0,0.0,0.0,1.0,0,0.152
0.9884444444444443,1.130360205831904,1.6059016130234585,0.10959636460839355,0.0,0.5,0.0,0.0,0.869769977766303,1.7912514851773833,2.1506732451277495,-0.0949494227674202,1.5693936787787572,0.0,0.0,1.0,0.0,1.0,0.0,0,0.174
0.33066666666666655,0.2727272727272728,0.36961345925581873,-0.1812349639133922,0.0,0.0,0.0,1.0,0.30117597247223293,0.5870733076267048,0.4906589548377558,0.17580109073496733,0.41050311760911634,0.0,0.0,1.0,0.0,0.0,1.0,3,0.206
-0.14577777777777784,0.27787307032590053,0.09593274959430712,0.36728147554129936,1.0,0.5,0.6666666666666666,1.0,0.0899773790052517,-0.12820269846707819,-0.17300798285165198,-0.28951275414883254,0.5675016125564396,0.0,1.0,0.0,0.0,1.0,0.0,0,0.174
-0.23466666666666672,-0.4202401372212691,-0.3301852711978119,-0.5768511093290565,0.0,-0.5,-0.3333333333333333,0.0,-0.4255941159631588,-0.2832588618621026,-0.326474610096829,0.6792873172666917,-0.24548484196946893,1.0,0.0,0.0,0.0,0.0,1.0,2,0.184
-0.33066666666666683,-0.5660377358490565,-0.4338362204905014,-0.7244052392408449,-1.0,-0.5,0.3333333333333333,0.0,-0.627006080012603,-0.5028585868157553,-0.6557936390610646,0.929365785937008,-0.5078907761771662,0.0,1.0,0.0,0.0,1.0,0.0,2,0.166
0.750222222222222,1.130360205831904,1.390755362887272,0.30847367014167343,0.0,0.5,0.3333333333333333,0.0,0.7960917426820642,1.5177601702760428,1.4441662354941234,-0.24816856290330294,1.3677166200817028,0.0,1.0,0.0,0.0,0.0,1.0,0,0.18
0.16711111111111096,0.9176672384219553,0.717930192152208,0.754343758353382,1.0,0.0,0.3333333333333333,1.0,0.5070749003840895,1.1405433380227281,0.6697979472667179,-0.5275577583252704,1.4420877230703077,1.0,0.0,0.0,0.0,0.0,1.0,0,0.153
0.7288888888888889,1.130360205831904,1.371488534516867,0.32771986099973305,-1.0,1.0,1.3333333333333333,0.0,0.7891420415838011,1.0360888992557713,0.6769254933845811,-0.2622519027595799,0.33826058912061924,1.0,0.0,0.0,0.0,0.0,1.0,0,0.165
-0.5191111111111112,0.26586620926243565,-0.12669086488563197,1.0847367014167337,-1.0,-0.5,-0.6666666666666666,0.0,-0.13731391884390753,0.1478738577193992,0.2671575874048339,-0.6924867860182922,-0.3639324876370673,0.0,0.0,1.0,0.0,0.0,1.0,0,0.15
0.0639999999999999,-0.01200686106346464,0.0301273560291984,-0.28174284950548,-1.0,0.0,-0.3333333333333333,1.0,0.029387859220810577,0.047635014469090194,0.2540930593539803,0.28561118298408983,-0.2904321651257794,0.0,1.0,0.0,0.0,0.0,1.0,4,0.164
-0.6755555555555557,-0.30874785591766707,-0.4299599181159795,0.2657043571237637,1.0,0.0,-0.3333333333333333,0.0,-0.6184615376868271,-0.6834367186873583,-0.48724037253307706,-0.21728173782416113,-0.17195226832939153,1.0,0.0,0.0,0.0,1.0,0.0,0,0.166
0.8213333333333331,-0.20926243567752992,0.2046068362835665,-0.9510825982357661,0.0,0.0,0.0,1.0,0.18077705185014664,0.3248802746575894,0.26909786384803014,1.422045234002564,0.2558267039346378,0.0,0.0,1.0,0.0,0.0,1.0,3,0.2
0.6008888888888888,1.1012006861063468,1.2310929911177626,0.42608928094092485,-1.0,0.0,0.0,1.0,0.7365444710588557,1.9559512788926228,1.6474024934092195,-0.32926275501177377,0.27245753601376044,0.0,0.0,1.0,0.0,1.0,0.0,0,0.158
0.08533333333333329,0.13036020583190408,0.13370949522056502,-0.12028869286287097,1.0,0.0,0.0,0.0,0.12274989527715933,0.2122254699720824,0.17390112597629784,0.11380550466566723,0.6206192216727585,0.0,1.0,0.0,0.0,0.0,1.0,3,0.214
-0.9066666666666668,-0.6157804459691251,-0.6006548427975894,0.027265437048917495,0.0,-1.5,-1.3333333333333333,0.0,-1.1276545227683341,-0.06924753442331383,-0.31335464557616977,-0.024202086444239577,-0.49902171576005155,0.0,1.0,0.0,0.0,0.0,1.0,4,0.168
0.09244444444444425,0.5900514579759863,0.44048786361837916,0.4538893344025664,0.0,0.5,1.3333333333333333,1.0,0.3476939623755968,0.3097916013674566,-0.0731299430852244,-0.34777941813386054,0.476940442915502,0.0,1.0,0.0,0.0,0.0,1.0,0,0.172
-0.21688888888888894,-0.5077186963979415,-0.3719988761016784,-0.727612937717188,-1.0,-0.5,-1.0,0.0,-0.5007203577955498,-0.37184711116294544,0.05129413358957299,0.9350075690872222,-0.47890776177166205,0.0,0.0,1.0,0.0,1.0,0.0,4,0.129
-0.5440000000000002,-0.44253859348198965,-0.4385382440808978,-0.2550120288692863,1.0,-0.5,-0.3333333333333333,0.0,-0.6374976722378954,-0.5128205128205129,-0.5010625323379407,0.255592513267818,-0.18401419049666745,1.0,0.0,0.0,0.0,0.0,1.0,4,0.149
0.26666666666666666,0.07547169811320764,0.189491550692975,-0.35124298315958313,0.0,0.0,0.0,0.0,0.16876173853573864,0.30086231403392405,0.2488019562914233,0.36801660495903665,0.24165770801978065,0.0,1.0,0.0,0.0,0.0,1.0,3,0.214
-0.05333333333333334,0.22126929674099494,0.1155665651717672,0.1587810745789897,1.0,0.0,-1.0,0.0,0.10718165681862714,0.1833966280095344,1.3606419543203485,-0.13460558491861696,0.5951085788002581,1.0,0.0,0.0,0.0,0.0,1.0,0,0.158
0.4622222222222222,-0.17152658662092624,0.0913454095061155,-0.7511360598770384,1.0,1.0,0.6666666666666666,0.0,0.08590254065884345,-0.31999650117720796,-0.17762768866878553,0.9801388769333408,0.561051386798538,1.0,0.0,0.0,0.0,0.0,1.0,2,0.158
0.5688888888888889,1.130360205831904,1.2269873217388312,0.4881047848168942,1.0,0.5,0.6666666666666666,1.0,0.7349517953796224,1.3095802141571118,0.9660266834207996,-0.36994635627301053,2.15786927542464,0.0,0.0,0.0,1.0,0.0,1.0,0,0.162
0.18488888888888874,0.9656946826758149,0.7659137694746923,0.7874899759422617,-1.0,0.0,-0.6666666666666666,1.0,0.5316226152563612,1.2167885180298714,2.0649623032005318,-0.5449382839400175,0.05442915502042574,1.0,0.0,0.0,0.0,1.0,0.0,0,0.141
-0.664888888888889,-0.25557461406517995,-0.40619749645914693,0.3608660785886127,0.0,-0.5,0.3333333333333333,0.0,-0.5680290725575234,-0.44430189981218127,-0.6239836647202307,-0.2854802614003342,-0.3167383358417545,0.0,1.0,0.0,0.0,0.0,1.0,0,0.161
0.8711111111111111,0.4682675814751288,0.8695647187673816,-0.376904570970329,0.0,0.0,0.6666666666666666,1.0,0.5821565383443463,1.3814883117451109,0.6060823046788378,0.40006954233490266,0.8791550204257148,0.0,0.0,0.0,1.0,0.0,1.0,3,0.203
-0.7751111111111113,-0.13893653516295015,-0.40945450792176297,0.9350441058540498,-1.0,-0.5,-0.6666666666666666,0.0,-0.5747522440062247,-0.4512023558740131,-0.3023597457313918,-0.6209212364196536,-0.49646312620941735,1.0,0.0,0.0,0.0,1.0,0.0,0,0.175
-0.184888888888889,0.5831903945111492,0.24256707551335208,0.885859395883454,-1.0,0.5,1.0,1.0,0.210162277387621,0.058197085772183015,-0.14047498788610474,-0.5963793514224992,-0.19086218017630613,0.0,0.0,0.0,1.0,0.0,1.0,0,0.159
-0.7146666666666667,-0.7152658662092624,-0.5887277585682912,-0.5971665330125637,0.0,-1.0,-0.6666666666666666,0.0,-1.0790492673430179,-0.6216241826968635,-0.6634359523985512,0.711074082993848,-0.4878413244463556,1.0,0.0,0.0,0.0,1.0,0.0,1,0.09
-0.8462222222222223,-0.8936535162950255,-0.670841146146921,-0.8719593691526333,0.0,-1.5,-0.6666666666666666,-1.0,-1.4981739403702876,-0.5153474403924513,-0.8288214206519329,1.2319753221022902,-0.5648140184906472,0.0,0.0,0.0,1.0,0.0,1.0,1,0.12
0.5404444444444443,1.130360205831904,1.2012982172449582,0.5191125367548786,0.0,1.0,0.3333333333333333,1.0,0.7249121155986746,0.8558023359501612,1.2261161209254192,-0.38949215512091745,1.1901204042141476,1.0,0.0,0.0,0.0,0.0,1.0,0,0.139
0.999111111111111,0.4322469982847342,0.9172501189841337,-0.479550922213312,-1.0,0.0,0.3333333333333333,0.0,0.6043517103866515,1.457259692832516,0.8991993389860934,0.5367961968770323,0.1253601376048162,0.0,0.0,0.0,1.0,0.0,1.0,4,0.145
-0.22755555555555576,-0.006861063464836903,-0.10515330317157232,0.05613472333600642,-1.0,0.0,-0.6666666666666666,1.0,-0.11220286071156058,-0.16732391080917564,0.3105366250277181,-0.04937367569593945,-0.3538378843259514,0.0,1.0,0.0,0.0,0.0,1.0,0,0.149
0.5048888888888887,1.130360205831904,1.169186836627617,0.5586741512964449,-1.0,0.0,0.6666666666666666,1.0,0.7121784790061334,1.8575833339407681,0.9078183901249167,-0.41410289316848375,0.2434422704794668,0.0,0.0,1.0,0.0,0.0,1.0,0,0.142
0.7075555555555553,0.05660377358490585,0.39594479136203864,-0.6570435712376372,-1.0,0.0,0.0,1.0,0.31878308246482673,0.6289133968466861,0.526015103358218,0.8092419459479678,-0.11897441410449364,0.0,1.0,0.0,0.0,0.0,1.0,2,0.162
-0.5511111111111112,-0.8421955403087477,-0.607489979528995,-1.0430366212242719,0.0,-1.0,-0.3333333333333333,0.0,-1.1569344671738306,-0.6812499544424115,-0.7732925567299873,1.6741325786526773,-0.5054289400129004,0.0,1.0,0.0,0.0,0.0,1.0,1,0.116
-0.4160000000000001,-0.6878216123499141,-0.5134495077210669,-0.8612670408981559,0.0,-1.0,-1.3333333333333333,0.0,-0.8269854495506108,-0.38239217429968875,0.03792778475866652,1.206190511948511,-0.4172758546549129,0.0,1.0,0.0,0.0,0.0,1.0,1,0.119
-0.728888888888889,-0.8679245283018866,-0.645174978353489,-0.9403902699812887,1.0,-1.5,-1.6666666666666667,-1.0,-1.3416178361500297,-0.3522148277194235,0.07617894892453252,1.39459930562731,-0.4745646097613416,1.0,0.0,0.0,0.0,0.0,1.0,1,0.102
0.25955555555555543,0.20926243567753006,0.28249987098105994,-0.19085805934242175,0.0,0.0,0.3333333333333333,1.0,0.23992704878963225,0.4486511309215754,0.16865226022406885,0.18591693866894543,0.32884325951408294,0.0,1.0,0.0,0.0,1.0,0.0,3,0.186
-0.25244444444444447,0.5317324185248713,0.1682292293842069,0.9382518043303932,0.0,0.0,0.0,2.0,0.15154130845930658,0.2670768064494968,0.2202521743415378,-0.6227507786642119,0.22172651042786498,0.0,1.0,0.0,0.0,1.0,0.0,0,0.144
0.3804444444444443,0.5231560891938251,0.5907232515066545,0.048650093557872344,1.0,0.5,1.0,1.0,0.4380023922630956,0.5007690120928063,0.17118063255065238,-0.043369401473957,1.2632229628036982,0.0,0.0,1.0,0.0,0.0,1.0,0,0.167
0.20266666666666652,0.7358490566037736,0.6198069876657893,0.4881047848168942,0.0,0.0,0.6666666666666666,1.0,0.4543412841973607,0.9846270473580245,0.35456242146500105,-0.36992554090415164,0.6450333261664158,1.0,0.0,0.0,0.0,0.0,1.0,0,0.159
0.8284444444444443,-0.13036020583190383,0.28130716255813015,-0.8837209302325585,0.0,0.5,0.0,1.0,0.2390542588918704,0.10744301656838384,0.3720865055313277,1.258118900925694,0.3277252203827134,0.0,0.0,0.0,1.0,0.0,1.0,3,0.204
0.910222222222222,1.130360205831904,1.5352565756653076,0.17054263565891475,1.0,0.0,-0.3333333333333333,0.0,0.8463342408447556,2.4392626230966044,2.6792907827629535,-0.14447072626632868,2.5913244463556224,0.0,0.0,1.0,0.0,1.0,0.0,0,0.173
-0.7751111111111113,-0.4699828473413377,-0.5196882902410074,0.10638866613205021,0.0,-1.0,-1.0,0.0,-0.845049949035111,-0.402218836787206,-0.34532300983073405,-0.0916308649411289,-0.423124059342077,0.0,0.0,1.0,0.0,0.0,1.0,0,0.151
-0.7360000000000001,-0.24871355060034292,-0.43096913293538164,0.5511895215183106,-1.0,-0.5,0.0,0.0,-0.620677177646266,-0.49678424169090335,-0.5843157907704437,-0.40981049002061537,-0.50654697914427,0.0,1.0,0.0,0.0,1.0,0.0,0,0.171
0.24888888888888888,0.8198970840480275,0.7150401678966473,0.5276663993584605,1.0,0.5,1.3333333333333333,1.0,0.5055715079040121,0.6587991748609584,0.14806157143913073,-0.3950419589531811,1.4380240808428295,1.0,0.0,0.0,0.0,1.0,0.0,0,0.158
-0.060444444444444544,0.13722126929674097,0.061000154822727935,0.05078855920876783,-1.0,-0.5,-0.6666666666666666,1.0,0.058399039784767494,0.5455247869727166,0.6451881144208735,-0.045368320926675136,-0.2759621586755536,0.0,1.0,0.0,0.0,0.0,1.0,0,0.152
-0.7715555555555557,-0.6809605488850771,-0.5891406191762285,-0.4282277465918206,0.0,-0.5,-0.6666666666666666,0.0,-1.0806822347879348,-0.8318937135387433,-0.6642674994456352,0.4664159965785201,-0.48822833799182974,0.0,0.0,1.0,0.0,0.0,1.0,1,0.117
0.2204444444444443,0.2452830188679247,0.2862156164524951,-0.11280406308473666,0.0,0.0,-0.3333333333333333,1.0,0.242639896511873,0.4545553943829316,0.6667251829403502,0.10625209780884343,0.33232638142334975,1.0,0.0,0.0,0.0,0.0,1.0,3,0.217
-0.2808888888888891,0.03430531732418524,-0.10914428904829905,0.19727345629510845,0.0,0.0,0.0,1.0,-0.11679556562340575,-0.17366552711952127,-0.1521885086357702,-0.16541922790366334,-0.038282089873145596,1.0,0.0,0.0,0.0,0.0,1.0,0,0.158
-0.6186666666666667,-0.10291595197255574,-0.32874025907003157,0.5854049719326384,-1.0,-0.5,0.0,0.0,-0.42312260425876597,-0.28019739191917714,-0.447048931924015,-0.4305598258595095,-0.45863255213932486,0.0,1.0,0.0,0.0,1.0,0.0,0,0.17
0.46577777777777757,-0.21612349914236695,0.05714678914864694,-0.8003207698476346,0.0,-0.5,-1.3333333333333333,1.0,0.05483627737898847,0.5373608671249152,2.3364162170153002,1.0760514323833805,0.11759836594280795,0.0,0.0,1.0,0.0,0.0,1.0,1,0.144
-0.6471111111111112,-0.7478559176672382,-0.5870304427356604,-0.7554129911788293,0.0,-1.5,-1.0,0.0,-1.0723715576180397,0.017348329676577703,-0.5261690935521225,0.9875331702387312,-0.48625026875940663,0.0,0.0,1.0,0.0,0.0,1.0,1,0.095
-0.5262222222222224,-0.40480274442538583,-0.4169089355650743,-0.206896551724138,-1.0,-1.0,-0.6666666666666666,0.0,-0.5903608857634038,-0.07558915073365928,-0.31737378963707585,0.20312137510896178,-0.49995699849494735,1.0,0.0,0.0,0.0,1.0,0.0,4,0.143
0.02133333333333313,0.4819897084048029,0.32238679304788614,0.4111200213846567,0.0,0.5,0.3333333333333333,1.0,0.2685678688689256,0.15966294673771236,0.21455893688689898,-0.3193681454530355,0.3662330681573856,1.0,0.0,0.0,0.0,1.0,0.0,0,0.178
0.2204444444444443,0.5008576329331046,0.4670026893281268,0.1887195936915265,-1.0,1.0,1.3333333333333333,1.0,0.36440931318476444,0.07794599664210224,-0.0517684233867987,-0.15825030972133322,-0.0856697484411954,0.0,0.0,1.0,0.0,1.0,0.0,0,0.155
0.5582222222222221,0.20411663807890232,0.4444788494951058,-0.42608928094092513,0.0,0.5,0.6666666666666666,1.0,0.3502328994069247,0.3148648944157331,0.1779972651341561,0.46330246102666317,0.48068157385508486,0.0,1.0,0.0,0.0,0.0,1.0,3,0.189
0.3519999999999999,1.130360205831904,1.0311078999730494,0.7447206629243519,1.0,0.5,0.0,0.0,0.6549300633651511,1.060580658799175,1.3788743932786358,-0.5223066858431524,1.8824446355622446,0.0,1.0,0.0,0.0,0.0,1.0,0,0.172
0.44088888888888883,0.7375643224699828,0.8009610477484762,0.2186581128040633,0.0,1.0,0.3333333333333333,1.0,0.5490775002365649,0.4317158567134879,0.7653598618839953,-0.1819323683757339,0.8148462696194367,0.0,1.0,0.0,0.0,1.0,0.0,0,0.159
0.8355555555555556,-0.11663807890222978,0.297248169364596,-0.8740978348035288,-1.0,0.5,-0.3333333333333333,0.0,0.250639690208087,0.12770703190489038,0.6845018109246801,1.2368320021041022,-0.16523328316491076,0.0,1.0,0.0,0.0,0.0,1.0,2,0.183
-0.9351111111111112,-0.8936535162950255,-0.683456331389448,-0.7468591285752474,0.0,-1.5,-0.6666666666666666,-1.0,-1.5883755422044208,-0.5955287960404988,-0.8542298026461674,0.9704882920242803,-0.5766394323801333,0.0,1.0,0.0,0.0,0.0,1.0,1,0.104
0.6328888888888888,-0.36535162950257283,-0.005263972751199939,-1.0237904303662126,-1.0,0.0,0.0,1.0,-0.005250052499049262,-0.008601272696790526,-0.0127041909971173,1.6199036043706363,-0.3070199956998495,0.0,0.0,0.0,1.0,0.0,1.0,4,0.132
0.7679999999999998,0.9296740994854205,1.2235238799722465,0.1085271317829457,1.0,0.5,0.6666666666666666,1.0,0.7336057261183053,1.305177528810619,0.9625388055288636,-0.09431576951520074,2.152999354977424,0.0,0.0,1.0,0.0,0.0,1.0,0,0.175
-0.37688888888888894,0.26758147512864505,-0.04366000928936376,0.7575514568297248,0.0,0.5,0.6666666666666666,1.0,-0.04464965149636606,-0.30565132773035736,-0.3135856308670264,-0.5289058125707853,0.023102558589550595,0.0,1.0,0.0,0.0,0.0,1.0,0,0.163
0.42311111111111105,0.22984562607204126,0.38968307214165704,-0.3031275060144346,0.0,1.0,0.6666666666666666,2.0,0.3146318154332892,-0.0039604730214034415,0.12281487914849576,0.3106533074157293,0.42931627606966244,0.0,0.0,1.0,0.0,0.0,1.0,3,0.192
0.23822222222222206,0.24699828473413388,0.29756928317076936,-0.12777332264100505,0.0,0.0,-0.3333333333333333,1.0,0.25087131107748756,0.47259619940374226,0.685019217976199,0.12090694576337817,0.3429692539238873,1.0,0.0,0.0,0.0,0.0,1.0,0,0.23
-0.9137777777777779,-0.48885077186963966,-0.5667543995458534,0.4218123496391339,1.0,-1.5,-1.3333333333333333,0.0,-0.9967202597829276,0.14622163584543962,-0.1767961416217015,-0.3270511801652245,-0.36429800043001503,0.0,0.0,1.0,0.0,0.0,1.0,0,0.183
0.14222222222222222,1.084048027444254,0.8102504114270642,0.9959903769045715,-1.0,0.0,0.0,2.0,0.5536393688641859,1.287238772787906,1.082320077857442,-0.6508286262832396,0.07520963233713183,0.0,0.0,0.0,1.0,0.0,1.0,0,0.174
0.7466666666666667,1.130360205831904,1.3875442248255376,0.31168136861801676,0.0,1.0,0.6666666666666666,1.0,0.7949377402114175,1.0530970656053573,1.1277163870204743,-0.2505114459144601,1.3647065147280155,0.0,0.0,1.0,0.0,0.0,1.0,0,0.165
-0.8355555555555557,-0.8610634648370497,-0.6592122390233554,-0.7981823041967391,0.0,-1.5,-0.6666666666666666,-1.0,-1.4233393714225644,-0.44143480891325104,-0.8053995121590656,1.072158963933902,-0.5539131369597936,1.0,0.0,0.0,0.0,1.0,0.0,1,0.112
-0.003555555555555606,0.3344768439108062,0.21405675686524117,0.24859663191659984,0.0,0.0,-0.6666666666666666,2.0,0.18819617185151286,0.3398960558062237,0.9534610835981964,-0.20397268567291993,0.26468501397548916,1.0,0.0,0.0,0.0,0.0,1.0,0,0.148
-0.7786666666666667,-0.5180102915951972,-0.5366843852677574,-0.006950013365410267,-1.0,-1.0,-0.3333333333333333,0.0,-0.8964908994891221,-0.4562319136373907,-0.6592043018700569,0.006075163334418615,-0.556095463341217,0.0,0.0,1.0,0.0,1.0,0.0,0,0.155
-0.35911111111111116,-0.3842195540308746,-0.3523879972246593,-0.388666132050254,0.0,0.0,-0.3333333333333333,0.0,-0.46458538044164516,-0.5601761074138597,-0.36224961194471134,0.4157496106489031,-0.2662975704149645,0.0,0.0,0.0,1.0,0.0,1.0,4,0.149
-0.04266666666666677,-0.06861063464837049,-0.0548301824041103,-0.2518043303929432,1.0,0.5,0.3333333333333333,1.0,-0.0564947396349673,-0.31985071689421163,-0.21958781664783583,0.25267890011889266,0.3555149430230058,0.0,0.0,1.0,0.0,0.0,1.0,0,0.207
0.6364444444444441,0.5283018867924529,0.7679092624130556,-0.16305800588078045,1.0,1.0,1.0,1.0,0.532626977464971,0.3967033314138405,0.32979053227223815,0.15725772239309985,1.5123629327026447,0.0,0.0,1.0,0.0,0.0,1.0,3,0.204
-0.824888888888889,-0.5694682675814751,-0.5659516150304199,-0.03902699812884254,0.0,-1.0,-1.3333333333333333,0.0,-0.9938705493736208,-0.549242286189126,-0.17356234754970803,0.03531080537778445,-0.4664910771877016,0.0,0.0,0.0,1.0,0.0,1.0,1,0.1
0.4515555555555554,0.4356775300171527,0.5692315631934768,-0.1085271317829457,0.0,0.0,-0.6666666666666666,0.0,0.4257054013061591,0.9042634613562314,1.6688225293813288,0.10204267112415609,0.5976241668458396,1.0,0.0,0.0,0.0,0.0,1.0,3,0.211
0.583111111111111,0.9982847341337909,1.1283824465431527,0.3426891205560012,1.0,0.5,-0.3333333333333333,0.0,0.6956926160375622,1.1842348876367643,2.023699090841895,-0.2723193254051345,2.019221672758547,0.0,0.0,1.0,0.0,0.0,1.0,0,0.169
-0.33066666666666683,0.1389365351629504,-0.08125326131209396,0.45068163592622307,0.0,0.0,0.0,0.0,-0.08524995551634922,-0.12934710508860028,-0.11473809347820735,-0.3457397956037538,-0.012137174801118,0.0,0.0,1.0,0.0,0.0,1.0,0,0.152
0.28444444444444444,0.18353344768439112,0.27754554368581313,-0.2421812349639134,0.0,0.0,0.0,0.0,0.23629521498716655,0.4407787796397673,0.3670356271712617,0.24121532508349963,0.324199096968394,0.0,1.0,0.0,0.0,0.0,1.0,3,0.199
-0.30933333333333346,-0.29502572898799306,-0.29045890603407254,-0.29885057471264365,0.0,-0.5,-0.3333333333333333,0.0,-0.3603398759380494,-0.1990927358121522,-0.2624639662946265,0.3054190452880839,-0.20824553859385084,0.0,0.0,1.0,0.0,0.0,1.0,4,0.162
-0.04977777777777798,0.35849056603773594,0.20068466050816255,0.3426891205560012,1.0,0.5,0.0,1.0,0.17767696450075507,0.004956665621879438,0.2638313992164978,-0.27266937473585284,0.7147925177381208,0.0,1.0,0.0,0.0,0.0,1.0,0,0.139
0.8426666666666668,1.130360205831904,1.4742449524923593,0.22721197540764523,0.0,0.0,-0.3333333333333333,0.0,0.825513146428058,2.342316074903965,2.580983442974351,-0.18784891961867384,1.4459793592775747,0.0,1.0,0.0,0.0,0.0,1.0,0,0.176
0.31288888888888877,0.5077186963979418,0.5337026142104326,0.0978348035284685,0.0,0.0,0.3333333333333333,1.0,0.4049427208171996,0.8478084977658559,0.4577666494197647,-0.0854223507859227,0.5643195011825413,0.0,0.0,1.0,0.0,0.0,1.0,0,0.182
0.6755555555555556,0.3790737564322471,0.6632720350014049,-0.3341352579524193,0.0,0.0,0.6666666666666666,2.0,0.4781401907614299,1.0536923514275929,0.3983341340823416,0.3473945778154416,0.6857772522038271,0.0,0.0,1.0,0.0,0.0,1.0,3,0.202
-0.1920000000000002,0.24699828473413388,0.0519401581485495,0.39187383052659713,0.0,0.0,0.0,2.0,0.049996374703261015,0.08229522775149618,0.06410611772242332,-0.3064522559578501,0.11271769511932918,0.0,0.0,0.0,1.0,0.0,1.0,0,0.172
-0.12444444444444444,-0.6638078902229845,-0.4356252831248961,-1.0237904303662126,0.0,0.0,1.0,0.0,-0.6309814294002312,-0.6924388981623891,-0.7475659283350169,1.6172854267434682,-0.3443238013330467,0.0,0.0,1.0,0.0,0.0,1.0,4,0.149
-0.7395555555555557,-0.7890222984562606,-0.619462937159175,-0.7393744987971134,0.0,-1.0,-0.3333333333333333,0.0,-1.2110243398589433,-0.7192996523044851,-0.7925844482223371,0.9572529023197553,-0.516652332831649,0.0,0.0,1.0,0.0,0.0,1.0,1,0.102
-0.15288888888888905,-0.5934819897084047,-0.40225238398330215,-0.9029671210906177,0.0,-0.5,-1.0,0.0,-0.55996217871641,-0.43594360092038476,-0.02995109271441601,1.3041208957368298,-0.31304020640722424,0.0,1.0,0.0,0.0,1.0,0.0,2,0.163
0.5688888888888889,1.130360205831904,1.2269873217388312,0.4881047848168942,0.0,0.5,0.3333333333333333,1.0,0.7349517953796224,1.3095802141571118,1.255682238155074,-0.36994635627301053,1.2142012470436465,1.0,0.0,0.0,0.0,0.0,1.0,0,0.135
-0.9884444444444446,-0.7598627787307032,-0.657216746084992,-0.21331194867682446,-1.0,-1.5,-1.0,-1.0,-1.4111882026091356,-0.42875157629255983,-0.7146530908911719,0.21042879384112897,-0.6125886906041712,0.0,0.0,1.0,0.0,0.0,1.0,1,0.093
0.08888888888888889,-0.45111492281303595,-0.24697092199801599,-0.8601978080727081,0.0,-1.0,0.0,1.0,-0.2946449985711615,0.46446872562669045,-0.3372539236701406,1.2058743740861004,-0.1674801118039131,1.0,0.0,0.0,0.0,0.0,1.0,2,0.207
-0.15288888888888905,0.34305317324185247,0.12873223122487715,0.4731355252606255,1.0,1.0,1.0,1.0,0.11850972359130339,-0.28039177096317236,-0.2423754321991442,-0.360646055111631,0.6136207267254356,0.0,0.0,1.0,0.0,0.0,1.0,0,0.155
-1.0062222222222224,-0.49914236706689524,-0.596480363317335,0.7158513766372632,-1.0,-1.5,-1.0,0.0,-1.1102969066231956,-0.042714794917959834,-0.5515466775075762,-0.505834488983569,-0.584121694259299,1.0,0.0,0.0,0.0,0.0,1.0,0,0.148
-0.13155555555555565,0.31560891938250435,0.12591101707063926,0.40042769313017906,0.0,1.0,0.6666666666666666,1.0,0.11609605843795855,-0.2833803487645997,-0.14281820533668418,-0.3124976862522357,0.1820576220167706,0.0,1.0,0.0,0.0,0.0,1.0,0,0.171
-0.3662222222222224,0.03773584905660382,-0.14937526162173942,0.3416198877305536,0.0,0.0,-0.3333333333333333,1.0,-0.16466416889515387,-0.23759193521346453,-0.035137482445117864,-0.2719241725046115,-0.07599440980434312,1.0,0.0,0.0,0.0,1.0,0.0,0,0.163
-0.6186666666666667,-0.1457975986277873,-0.3455299237928129,0.4945201817695804,-1.0,-0.5,-0.3333333333333333,0.0,-0.45233275076491997,-0.3157687569703111,-0.3511992756301279,-0.3740933286810528,-0.4665018275639647,1.0,0.0,0.0,0.0,0.0,1.0,0,0.157
-0.35911111111111116,0.16466552315608932,-0.0837533616601584,0.545843357391072,0.0,0.0,0.6666666666666666,0.0,-0.08802628843998751,-0.13331972680025359,-0.3539618597087737,-0.4062293380738052,-0.014480756826488908,0.0,1.0,0.0,0.0,0.0,1.0,0,0.156
-0.728888888888889,-0.09433962264150943,-0.3741549259431285,0.8997594226142744,-1.0,-0.5,0.3333333333333333,0.0,-0.5047969273345886,-0.37641501869683425,-0.5871052131400272,-0.6036789526913336,-0.4799182971403999,1.0,0.0,0.0,0.0,1.0,0.0,0,0.166
-0.46933333333333344,0.195540308747856,-0.12944326893854693,0.8291900561347237,-1.0,0.5,0.6666666666666666,0.0,-0.14058190476844995,-0.41469797141170217,-0.39997412964742407,-0.5673924770656963,-0.36522253278864764,0.0,0.0,0.0,1.0,0.0,1.0,0,0.156
0.44088888888888883,0.8096054888507719,0.8578899382429341,0.2945736434108529,0.0,0.0,0.6666666666666666,1.0,0.576625133448791,1.3629372617338127,0.5943251533742331,-0.238549646894833,0.8682111373898087,0.0,1.0,0.0,0.0,0.0,1.0,0,0.177
0.7822222222222223,1.130360205831904,1.419655605442879,0.27960438385458425,1.0,0.0,0.3333333333333333,0.0,0.8064018323078487,2.255574426521077,1.477428117377485,-0.22715988295119804,2.428778757256504,0.0,0.0,1.0,0.0,0.0,1.0,0,0.147
0.9066666666666666,0.05145797598627787,0.490398123777904,-0.7575514568297248,0.0,0.5,1.3333333333333333,0.0,0.3788671325411574,0.373236921327512,-0.03292002365289367,0.9921796503125845,0.5237260804128145,1.0,0.0,0.0,0.0,0.0,1.0,2,0.178
-0.15288888888888905,-0.5986277873070324,-0.40516534493930384,-0.9104517508687519,0.0,-0.5,-0.3333333333333333,0.0,-0.5659104962407925,-0.44211513556723453,-0.4472891566265061,1.322149950427562,-0.3157708019780692,1.0,0.0,0.0,0.0,0.0,1.0,2,0.17
0.8426666666666668,1.130360205831904,1.4742449524923593,0.22721197540764523,0.0,0.5,1.0,2.0,0.825513146428058,1.6238911282974586,0.9620742684439186,-0.18784891961867384,1.4459793592775747,1.0,0.0,0.0,0.0,0.0,1.0,0,0.141
0.5795555555555555,0.8061749571183533,0.963513443773546,0.15557337610264635,0.0,1.0,1.3333333333333333,2.0,0.6252991217762865,0.6039113923127948,0.3482426639071624,-0.13241891463157668,0.9672221027735971,0.0,0.0,1.0,0.0,0.0,1.0,0,0.144
-0.184888888888889,-0.6758147512864492,-0.45608481991823074,-1.005613472333601,-1.0,-0.5,0.3333333333333333,0.0,-0.6779412019097345,-0.5499955049846076,-0.6814000084474621,1.5666337940153872,-0.5183186411524403,0.0,0.0,0.0,1.0,0.0,1.0,4,0.144
0.4124444444444442,0.8662092624356774,0.879771550463608,0.3854584335739109,0.0,0.5,1.0,1.0,0.5869605896224106,0.8682037189570593,0.4299252223618399,-0.30237017984139314,0.8887228552999354,0.0,1.0,0.0,0.0,0.0,1.0,0,0.157
-0.04266666666666677,0.6483704974271014,0.3814029232824711,0.7297514033680838,1.0,0.0,-0.6666666666666666,1.0,0.30910835040403917,0.6058065879917486,1.290514820016261,-0.5139525151050363,0.9688991614706514,1.0,0.0,0.0,0.0,0.0,1.0,0,0.149
-0.2560000000000001,-0.1612349914236705,-0.20020298979890258,-0.14808874632451227,0.0,0.0,0.0,2.0,-0.22965873151940758,-0.31835642799349806,-0.2744567225959051,0.14172599189459195,-0.12364007740270913,1.0,0.0,0.0,0.0,0.0,1.0,3,0.209
0.34133333333333316,1.130360205831904,1.021474485787847,0.7596899224806205,0.0,0.0,0.3333333333333333,1.0,0.6507751198399503,1.6228706383164833,1.0191533003178355,-0.5300067596555075,1.0215545044076542,0.0,1.0,0.0,0.0,0.0,1.0,0,0.144
-0.028444444444444595,-0.48885077186963966,-0.3063311027392155,-0.8377439187383056,-1.0,-0.5,-0.3333333333333333,0.0,-0.3857620117826889,-0.23272031042333327,-0.28803865769827774,1.1545970637405913,-0.44812943453020854,0.0,1.0,0.0,0.0,0.0,1.0,2,0.182
-0.07822222222222232,-0.49571183533447666,-0.32504745029903725,-0.8131515637530075,-1.0,-0.5,-0.6666666666666666,0.0,-0.41684178356600526,-0.2723736353983676,-0.1323545716608766,1.1040915529454265,-0.4569017415609547,1.0,0.0,0.0,0.0,0.0,1.0,2,0.165
-0.8960000000000001,-0.5660377358490565,-0.5837275578721624,0.14488104784816894,0.0,-1.5,-1.3333333333333333,0.0,-1.0595383164699883,0.03834126642806649,-0.24516778771527828,-0.12321724723423634,-0.4831541603956139,1.0,0.0,0.0,0.0,1.0,0.0,0,0.181
0.5475555555555555,0.6466552315608919,0.8060529952463689,0.02512697139802201,0.0,0.5,0.6666666666666666,0.0,0.5515813754598342,0.7744935818469412,0.5421224776406237,-0.022813878407934446,0.8196194366802838,0.0,0.0,0.0,1.0,1.0,0.0,0,0.121
-0.8462222222222223,-0.49742710120068595,-0.5495060008142529,0.20582731889869038,-1.0,-1.0,-0.3333333333333333,0.0,-0.9376676083326425,-0.49697862073489857,-0.6798636262842781,-0.1721252525409637,-0.5621049236723286,0.0,1.0,0.0,0.0,0.0,1.0,0,0.166
0.4017777777777777,0.9039451114922813,0.9004604542613521,0.4378508420208502,0.0,0.0,-0.3333333333333333,0.0,0.5966086184422514,1.4305811690441654,1.6564509572030448,-0.33753612688124107,0.9081165340786926,1.0,0.0,0.0,0.0,0.0,1.0,0,0.167
-0.9173333333333334,-0.34991423670668936,-0.5289776539195954,0.8473670141673352,0.0,-1.0,-1.0,0.0,-0.8727453087359182,-0.43174015409398714,-0.3702694212432553,-0.5769226202160865,-0.43183186411524405,0.0,1.0,0.0,0.0,0.0,1.0,0,0.16
0.4906666666666666,-0.26758147512864483,0.025379459037920018,-0.8655439721999468,0.0,-0.5,-0.6666666666666666,1.0,0.024829194131673546,0.47005712314155423,0.5734440830807892,1.2169523275195753,0.08781982369382925,0.0,0.0,1.0,0.0,0.0,1.0,4,0.128
0.8746666666666665,0.2761578044596914,0.6887317724908684,-0.54691259021652,0.0,0.5,0.3333333333333333,0.0,0.4917512803749187,0.6253562603415727,0.6361928872369407,0.6333750755954386,0.7096430875080628,1.0,0.0,0.0,0.0,1.0,0.0,2,0.163
-0.7573333333333335,-0.7598627787307032,-0.6127883573308562,-0.645282010157712,0.0,-1.5,-1.0,0.0,-1.1804105667087197,-0.14636742012843593,-0.5953414886540026,0.7892697161869887,-0.5103956138464846,0.0,1.0,0.0,0.0,0.0,1.0,1,0.103
0.8355555555555556,1.130360205831904,1.467822676368891,0.23255813953488383,0.0,0.0,-0.3333333333333333,0.0,0.8232888504143456,2.332111175094213,2.570635301943972,-0.19244891786812526,1.4399591485702,0.0,1.0,0.0,0.0,0.0,1.0,0,0.165
-0.9102222222222223,-0.4665523156089193,-0.5594146554047469,0.4774124565624165,-1.0,-1.5,-0.3333333333333333,0.0,-0.9710444389244368,0.19287260640430368,-0.6958293295882917,-0.36302696959658115,-0.5667490862180176,0.0,0.0,1.0,0.0,0.0,1.0,0,0.19
-0.5226666666666667,0.23327615780445982,-0.14270068179342063,1.031275060144347,-1.0,-0.5,-0.6666666666666666,2.0,-0.15651691873293713,0.11395471454222532,0.23491204080124173,-0.6673417514965471,-0.37143625026875937,0.0,1.0,0.0,0.0,1.0,0.0,0,0.165
-0.6471111111111112,-0.4236706689536877,-0.4634704374602192,-0.046511627906976626,-1.0,-0.5,0.0,0.0,-0.6956105787055165,-0.5656430180262265,-0.6279566117229655,0.0422904582594337,-0.5217802623091808,0.0,1.0,0.0,0.0,0.0,1.0,4,0.122
-0.12088888888888909,-0.5060034305317322,-0.34344268405268563,-0.7981823041967391,-1.0,-0.5,0.3333333333333333,0.0,-0.4486414812104469,-0.3113466337194187,-0.5517578640592167,1.0725426534468354,-0.46552354332401635,0.0,0.0,0.0,1.0,0.0,1.0,4,0.122
-0.45511111111111124,-0.367066895368782,-0.376632089590752,-0.2368350708366748,1.0,0.0,0.0,0.0,-0.5095070340392176,-0.5986996041956717,-0.5113552368985143,0.236191650427161,-0.09696839389378628,0.0,0.0,0.0,1.0,0.0,1.0,0,0.127
0.18488888888888874,0.9828473413379075,0.7778179170035494,0.8078053996257688,0.0,0.5,0.6666666666666666,0.0,0.5375951368892412,0.7386014913732153,0.5136881883361666,-0.5559142707143181,0.7931520103203612,1.0,0.0,0.0,0.0,1.0,0.0,0,0.177
0.7644444444444445,1.130360205831904,1.4035999151342085,0.29564287623630053,0.0,0.0,0.6666666666666666,0.0,0.8006907961463822,2.2300621769966984,1.1438853573804417,-0.23881426432441186,1.3797570414964524,1.0,0.0,0.0,0.0,0.0,1.0,0,0.17
0.5724444444444442,0.10120068610634657,0.36594358718526543,-0.5372894947874901,-1.0,0.0,0.0,1.0,0.29869023555445123,0.5812419363068468,0.4857312686328134,0.6193362539148005,-0.133035906256719,1.0,0.0,0.0,0.0,1.0,0.0,4,0.177
0.9919999999999997,0.7204116638078901,1.2001743189233514,-0.23576583801122694,0.0,0.0,0.0,0.0,0.7244699226389181,1.9068219755228193,1.6058867371325791,0.23411995635766117,1.189066867340357,0.0,0.0,1.0,0.0,1.0,0.0,3,0.197
0.4266666666666667,0.2727272727272728,0.4253496413273468,-0.26035819299652513,0.0,0.0,0.0,2.0,0.3379878660689586,0.6756372595470483,0.5654981890753196,0.2615591860943373,0.46274994624811866,1.0,0.0,0.0,0.0,1.0,0.0,3,0.211
0.37688888888888866,-0.36192109777015424,-0.08983158727701229,-0.9104517508687519,0.0,0.5,0.3333333333333333,1.0,-0.0948174926461185,-0.3643440800647282,-0.25987165137324053,1.321080129575512,-0.02017845624596859,0.0,0.0,0.0,1.0,1.0,0.0,3,0.197
0.2453333333333333,0.718696397941681,0.639716043648541,0.41432771986100003,1.0,0.0,0.6666666666666666,1.0,0.46533229392900355,1.0162622367682543,0.3746119447113608,-0.3218685991094821,1.3321113738980868,0.0,1.0,0.0,0.0,1.0,0.0,0,0.179
0.9457777777777776,1.130360205831904,1.567367956282649,0.14274258219727345,0.0,1.0,0.6666666666666666,0.0,0.8570740010197511,1.2435885287207187,1.30880885505211,-0.12186897482315286,1.5332724145345087,1.0,0.0,0.0,0.0,0.0,1.0,0,0.145
0.28088888888888885,0.20754716981132088,0.2931195632852236,-0.21117348302592898,1.0,0.0,0.0,0.0,0.24765557945327138,0.4655256616784146,0.3879474955034862,0.20802892790084654,0.8447645667598366,0.0,1.0,0.0,0.0,0.0,1.0,3,0.192
-0.39111111111111113,0.15780445969125217,-0.1043046452552568,0.5950280673616685,-1.0,0.0,0.3333333333333333,1.0,-0.11122971937788316,-0.16597540619145837,-0.2765289906338763,-0.43642087161518295,-0.35344012040421413,1.0,0.0,0.0,0.0,0.0,1.0,0,0.147
0.10666666666666667,-0.334476843910806,-0.16398593980262977,-0.7244052392408449,0.0,0.0,-0.3333333333333333,1.0,-0.18280047969794608,-0.26080808228064933,-0.05867950328923052,0.9299966591747794,-0.08969038916362075,0.0,0.0,1.0,0.0,0.0,1.0,3,0.2
0.750222222222222,0.6277873070325901,0.9351178086276398,-0.15343491045175087,0.0,0.5,0.6666666666666666,1.0,0.6125086078194708,0.938559213931146,0.6720979008056766,0.14745906145705712,0.9406041711459902,0.0,0.0,0.0,1.0,1.0,0.0,3,0.189
0.0035555555555553536,0.7615780445969126,0.48562729008618466,0.8078053996257688,-1.0,0.0,-0.3333333333333333,0.0,0.3759404908206284,0.7714175334757162,0.9880349619336241,-0.5560527594558095,-0.07694044291550202,0.0,0.0,1.0,0.0,0.0,1.0,0,0.155
0.017777777777777778,0.41337907375643235,0.27671982246993854,0.3255813953488373,1.0,0.5,1.0,0.0,0.23568826591652933,0.10161164524852583,-0.10990280138960754,-0.260092547061477,0.8217050096753387,1.0,0.0,0.0,0.0,0.0,1.0,2,0.155
-0.3484444444444446,0.13379073756432266,-0.09322621894227412,0.47420475808607365,0.0,0.0,0.0,0.0,-0.09863614422792673,-0.14837195401963713,-0.13081466972183212,-0.3607754339520451,-0.023360567619866716,0.0,1.0,0.0,0.0,0.0,1.0,0,0.149
0.9137777777777779,0.45797598627787306,0.8875012185122109,-0.4111200213846567,0.0,0.5,0.6666666666666666,1.0,0.5905791744994483,0.87802957963102,0.6241453544238301,0.443629880672746,0.8959686089013115,0.0,1.0,0.0,0.0,1.0,0.0,3,0.199
0.16355555555555534,0.293310463121784,0.28672022386219637,0.0016038492381716732,0.0,0.5,-0.3333333333333333,1.0,0.24300758310911588,0.11432403472581633,0.6675382511641658,-0.001326367730356772,0.3327993979789293,0.0,1.0,0.0,0.0,0.0,1.0,0,0.149
0.7146666666666665,1.130360205831904,1.3586439822699306,0.3416198877305536,0.0,1.0,1.0,1.0,0.784474352443014,1.0224823661761029,0.8585928581401268,-0.2716757512908468,1.337615566544829,0.0,0.0,1.0,0.0,1.0,0.0,0,0.143
0.2239999999999999,0.6620926243567754,0.5836358110703985,0.3736968724939856,0.0,0.0,0.6666666666666666,0.0,0.433968474944884,0.9271515937866741,0.31813604109690297,-0.2944441945682488,0.6111266394323802,0.0,1.0,0.0,0.0,0.0,1.0,0,0.142
-0.007111111111111212,-0.11320754716981121,-0.066459089527676,-0.34696605185779217,0.0,0.0,0.3333333333333333,1.0,-0.06901994033246688,-0.10583938945542269,-0.23297176435804562,0.36370854288515,0.0017308105783702822,1.0,0.0,0.0,0.0,0.0,1.0,3,0.205
0.9031111111111108,-0.01200686106346464,0.4274368810674741,-0.811013098102112,0.0,0.0,0.0,2.0,0.3393333131759805,0.6789538519852177,0.5683008106043808,1.0989903447626685,0.46470651472801555,1.0,0.0,0.0,0.0,0.0,1.0,2,0.195
-0.8284444444444446,-0.18010291595197242,-0.4450522670061299,1.0066827051590488,1.0,-0.5,-0.3333333333333333,0.0,-0.6522689632365298,-0.5266214249441767,-0.5115585039544682,-0.6558290412717043,-0.19317351107288752,0.0,1.0,0.0,0.0,0.0,1.0,0,0.166
-0.017777777777777778,0.5403087478559176,0.3326165614445533,0.5447741245656245,0.0,0.0,-0.3333333333333333,1.0,0.27574739508786555,0.5282857955083863,0.7414905018848398,-0.4054601226287449,0.3758224037841324,0.0,0.0,1.0,0.0,0.0,1.0,0,0.134
0.32711111111111096,-0.4614065180102914,-0.18121140183378925,-0.9970596097300191,-1.0,0.0,0.0,0.0,-0.20473730027452072,-0.2881790814132328,-0.24895594648532782,1.5423487451433264,-0.3894861320146205,1.0,0.0,0.0,0.0,0.0,1.0,2,0.178
-0.3840000000000002,-0.5506003430531731,-0.44055667371970214,-0.6484897086340553,0.0,0.0,0.0,0.0,-0.6420449272251374,-0.7002748033734483,-0.597189370980856,0.7951733479696778,-0.3489464631262094,1.0,0.0,0.0,0.0,0.0,1.0,2,0.181
0.7893333333333334,0.15094339622641528,0.5237022128181751,-0.6132050253942797,0.0,0.0,0.3333333333333333,0.0,0.3989977846559912,0.831918010919243,0.44625698235536365,0.7364240119319196,0.5549451730810578,0.0,0.0,0.0,1.0,0.0,1.0,3,0.17
0.6257777777777775,-0.40823327615780436,-0.04455454060656105,-1.063352044907779,0.0,0.0,0.0,1.0,-0.04559164989484941,-0.07103339189002021,-0.06546123142878252,1.7357017710768494,0.022264029241023477,0.0,0.0,1.0,0.0,0.0,1.0,3,0.213
-0.5617777777777779,-0.07204116638078882,-0.29098645014421454,0.5191125367548786,0.0,0.0,0.3333333333333333,0.0,-0.36117168546103495,-0.4626099760184854,-0.49138490860901973,-0.38976917686433216,-0.20874005590195654,0.0,0.0,1.0,0.0,0.0,1.0,0,0.159
-0.8462222222222223,-0.35849056603773566,-0.5069584214962757,0.5843357391071907,0.0,-1.0,-1.3333333333333333,0.0,-0.8086231514772839,-0.36176369825569105,0.06407531968364245,-0.429906059283482,-0.4111911416899592,0.0,1.0,0.0,0.0,0.0,1.0,1,0.163
0.32,1.130360205831904,1.002207657417442,0.7874899759422617,0.0,0.0,0.0,2.0,0.6423984050235225,1.5922559388872288,1.340068864414714,-0.5454687008881577,1.00349387228553,0.0,1.0,0.0,0.0,1.0,0.0,0,0.167
0.34133333333333316,1.0068610634648372,0.9284891022002031,0.6228281208233095,0.0,0.0,0.3333333333333333,0.0,0.6094924125212445,1.4751182674995813,0.9121345152740674,-0.4525840961227521,0.9343904536658784,0.0,1.0,0.0,0.0,0.0,1.0,0,0.166
0.049777777777777726,-0.6792452830188678,-0.4057616991507687,-1.1328521785618821,0.0,-1.0,-0.6666666666666666,0.0,-0.5671338622971662,-0.04016356996552196,-0.2949220193658068,1.9644025503296976,-0.31632982154375405,0.0,0.0,1.0,0.0,0.0,1.0,4,0.137
0.9279999999999998,1.130360205831904,1.5513122659739784,0.15664260892809423,1.0,1.0,1.3333333333333333,0.0,0.8517225597903335,1.226580362371133,0.8217994678098898,-0.13315044639694623,2.613900236508278,1.0,0.0,0.0,0.0,0.0,1.0,0,0.171
-0.6186666666666667,-0.6655231560891938,-0.5491619503076385,-0.6110665597433842,-1.0,-1.5,-1.3333333333333333,0.0,-0.936533899332116,0.2580381809037168,-0.10592985438687272,0.7336624785408935,-0.561943668028381,0.0,1.0,0.0,0.0,1.0,0.0,1,0.109
0.14577777777777756,0.35162950257289877,0.3158727701226539,0.09141940657578204,-1.0,0.0,0.0,2.0,0.26396155828272005,0.5016801638615341,0.4184991499741294,-0.07980473882302747,-0.1565039776392174,0.0,1.0,0.0,0.0,0.0,1.0,0,0.146
0.7004444444444445,0.20240137221269314,0.5218672767828985,-0.5159048382785353,1.0,0.5,-0.3333333333333333,2.0,0.39790204602280554,0.4132401285817377,1.0464280434621922,0.5882779517192225,1.1664050741775964,0.0,1.0,0.0,0.0,0.0,1.0,2,0.195
0.28088888888888885,0.5660377358490566,0.554873188717437,0.19834268912055605,0.0,0.5,0.3333333333333333,1.0,0.41738081129372057,0.455196845228116,0.48213229781527495,-0.16558401281415766,0.5841646957643517,1.0,0.0,0.0,0.0,0.0,1.0,0,0.166
-0.7857777777777778,-0.6312178387650085,-0.5759290797222366,-0.2785351510291366,1.0,-1.5,-1.3333333333333333,0.0,-1.0300480814348456,0.08790792264685955,-0.21375378815877003,0.2820729480928499,-0.3771984519458181,0.0,0.0,1.0,0.0,0.0,1.0,1,0.122
-1.0133333333333334,-0.6054888507718695,-0.624417264454422,0.3801122694466723,0.0,-1.0,-1.0,0.0,-1.2345490243980846,-0.7350443548681016,-0.6265706999778254,-0.2985377009476486,-0.5212964953773382,0.0,0.0,0.0,1.0,0.0,1.0,0,0.153
-0.021333333333333385,0.5060034305317324,0.3090605700916894,0.5030740443731624,1.0,0.0,0.0,1.0,0.2591151904965279,0.4908556808490478,0.4093521324562051,-0.37978235005314936,0.8671791012685444,0.0,1.0,0.0,0.0,0.0,1.0,3,0.145
0.8604444444444446,1.130360205831904,1.49030064280103,0.21224271585137683,0.0,0.0,-0.6666666666666666,1.0,0.8310463607077686,2.3678283244283436,3.523957794367654,-0.1763774297893834,1.4610298860460116,1.0,0.0,0.0,0.0,0.0,1.0,0,0.172
-0.9813333333333334,-0.5094339622641508,-0.5918930232291434,0.5864742047580865,-1.0,-1.0,-0.3333333333333333,0.0,-1.0916567161423427,-0.6316832982236185,-0.7481613570847807,-0.43075334767216145,-0.5819716190066653,1.0,0.0,0.0,0.0,0.0,1.0,0,0.168
0.455111111111111,-0.5557461406518008,-0.21729083162741633,-1.149959903769046,1.0,0.5,0.6666666666666666,2.0,-0.25278171778148156,-0.526368732186983,-0.48844149604553183,2.027168597953146,0.12708019780692317,0.0,0.0,1.0,0.0,0.0,1.0,4,0.162
0.5937777777777776,1.130360205831904,1.2494652881709702,0.46137396418070076,0.0,1.0,1.0,1.0,0.7436319998526341,0.9068268349989188,0.7608604150754344,-0.3529458290165335,1.2352719845194582,0.0,0.0,0.0,1.0,0.0,1.0,0,0.173
-0.8568888888888889,-0.2761578044596911,-0.48574197358838944,0.8441593156909919,1.0,-0.5,0.0,0.0,-0.7514466439994902,-0.6128285309560776,-0.65786150737921,-0.5752936458463352,-0.25038701354547416,0.0,0.0,1.0,0.0,0.0,1.0,0,0.183
0.7715555555555557,1.0668953687821614,1.3519694024416118,0.2314889067094362,-1.0,0.0,0.0,0.0,0.7820377746203284,2.1480220717404457,1.8097081577845118,-0.19113869587566035,0.32911201892066216,1.0,0.0,0.0,0.0,0.0,1.0,0,0.153
-0.8924444444444445,-0.8936535162950255,-0.6774010424730351,-0.8099438652766643,0.0,-1.5,-1.0,-1.0,-1.5437788767528147,-0.5570417453294361,-0.7688576391455392,1.0978895830184494,-0.57096323371318,1.0,0.0,0.0,0.0,0.0,1.0,1,0.107
0.7573333333333332,0.19725557461406518,0.5487032162988194,-0.5533279871692064,0.0,0.5,0.0,0.0,0.4137762258360627,0.4473536508029072,0.7311300416389482,0.6434532606230479,0.5783809933347668,0.0,1.0,0.0,0.0,0.0,1.0,2,0.183
-0.9706666666666668,-0.6329331046312177,-0.6208620758860736,0.15129644480085538,0.0,-1.0,-0.6666666666666666,0.0,-1.21759648417914,-0.7237460729358768,-0.7281580308965924,-0.12843620115422685,-0.5179638787357558,1.0,0.0,0.0,0.0,0.0,1.0,4,0.164
-0.3840000000000002,-0.3825042881646655,-0.35986536156841165,-0.35658914728682173,0.0,-0.5,0.3333333333333333,0.0,-0.47816692393854826,-0.3461404825945714,-0.5706590604310318,0.3751818664648016,-0.27330681573855087,0.0,0.0,0.0,1.0,0.0,1.0,4,0.137
0.9564444444444441,1.130360205831904,1.5770013704678514,0.13418871959369152,0.0,1.0,1.3333333333333333,0.0,0.860267373442439,1.2537934285304702,0.8424957498706482,-0.1151185546721244,1.5423027305955708,1.0,0.0,0.0,0.0,0.0,1.0,0,0.172
0.10666666666666667,-0.6209262435677528,-0.3543605534625817,-1.0836674685912862,-1.0,-0.5,0.0,0.0,-0.46814539668281174,-0.3344777399548554,-0.48145034124226965,1.8019562305822094,-0.4706407224252848,0.0,1.0,0.0,0.0,0.0,1.0,4,0.157
-0.36266666666666675,0.21783876500857635,-0.05971569959803441,0.6431435445068168,0.0,0.0,0.0,2.0,-0.06173238799474808,-0.09512424465518374,-0.08581873506295128,-0.46466777251093855,0.008052031821113699,0.0,1.0,0.0,0.0,0.0,1.0,0,0.147
-0.17066666666666683,0.45797598627787306,0.18233530015539612,0.6730820636193535,1.0,0.5,1.0,1.0,0.16300810497755824,-0.018368819657552587,-0.19439208777851696,-0.481713401761261,0.6889916147065147,1.0,0.0,0.0,0.0,1.0,0.0,0,0.182
0.25955555555555543,-0.2864493996569467,-0.07545027610053162,-0.7628976209569637,1.0,0.0,0.3333333333333333,2.0,-0.07884354985267279,-0.1201262491890749,-0.24331990538842485,1.0023470680850146,0.3265211782412384,0.0,1.0,0.0,0.0,0.0,1.0,2,0.197
0.33066666666666655,0.2452830188679247,0.34906217566072023,-0.21117348302592898,-1.0,1.0,1.0,0.0,0.28715295164399046,-0.04699113388585579,-0.04514479184632207,0.20823190027801244,-0.14094818318641156,0.0,1.0,0.0,0.0,0.0,1.0,4,0.155
-0.8711111111111113,-0.39965694682675806,-0.5277161353953427,0.5469125902165196,-1.0,-1.0,0.0,0.0,-0.8689261507646654,-0.42773108631158474,-0.7142219183482394,-0.4072179690021134,-0.5518920662223178,0.0,0.0,1.0,0.0,0.0,1.0,0,0.169
-0.7360000000000001,-0.320754716981132,-0.4560160098169078,0.3790430366212242,1.0,-0.5,0.6666666666666666,0.0,-0.6777784434090918,-0.5498497207016111,-0.7288509867691625,-0.2976433317976333,-0.20858955063427212,1.0,0.0,0.0,0.0,0.0,1.0,0,0.153
-0.8604444444444446,-0.7495711835334475,-0.6295092119523147,-0.45495856722801403,0.0,-1.5,-1.3333333333333333,-1.0,-1.2594880740094072,-0.2526441624328481,-0.4295864439352502,0.5020847641370367,-0.5260696624381853,0.0,1.0,0.0,0.0,0.0,1.0,1,0.136
0.29866666666666664,0.4957118353344769,0.5153303171572253,0.09890403635391612,0.0,0.5,0.0,1.0,0.39398595057326385,0.40493042445093996,0.6863188952127527,-0.08617592085259887,0.5470973984089443,0.0,1.0,0.0,0.0,0.0,1.0,0,0.157
-0.20266666666666677,-0.31046312178387636,-0.25976960084407064,-0.4389200748462978,0.0,0.0,-0.3333333333333333,0.0,-0.313412761769141,-0.41300687372894324,-0.21301463522802871,0.4808391764158507,-0.17947753171360997,0.0,1.0,0.0,0.0,0.0,1.0,4,0.149
-1.0133333333333334,-0.7341337907375642,-0.6557258605563298,-0.06041165463779739,-1.0,-1.5,-0.6666666666666666,-1.0,-1.4022314155464444,-0.41927559789779056,-0.7983775593170226,0.0557997144528933,-0.6118899161470651,0.0,0.0,0.0,1.0,1.0,0.0,1,0.113
-0.7253333333333334,-0.23327615780445957,-0.42142746555194305,0.5597433841218926,0.0,0.0,0.6666666666666666,0.0,-0.5999760648342934,-0.6698787803686884,-0.6940184049079754,-0.4151510409195352,-0.33101483551924316,0.0,1.0,0.0,0.0,1.0,0.0,0,0.15
-0.536888888888889,0.14236706689536896,-0.18917043688680166,0.8890670943597972,0.0,0.0,-0.3333333333333333,1.0,-0.2150849096440832,-0.3008258679631748,-0.09925899918693182,-0.5978786984536264,-0.11329821543754028,0.0,0.0,1.0,0.0,0.0,1.0,0,0.165
-0.37688888888888894,-0.17667238421955397,-0.25811815841232166,-0.010157711841753613,0.0,-0.5,-0.6666666666666666,0.0,-0.3109656518360679,-0.1305741228038206,0.002448444083080663,0.008791594002036105,-0.17792947753171365,0.0,1.0,0.0,0.0,1.0,0.0,0,0.155
0.23822222222222206,-0.024013722126929527,0.10405234155040619,-0.4442662389735366,-1.0,0.0,0.0,0.0,0.09713819252617581,0.1651007004934798,0.13407926183260638,0.48717755219472064,-0.25578370242958504,0.0,1.0,0.0,0.0,1.0,0.0,4,0.125
-0.38755555555555576,-0.6312178387650085,-0.48012248198035473,-0.7853515102913662,-1.0,-0.5,-0.3333333333333333,0.0,-0.736977733335062,-0.6009228145113675,-0.5680667455096459,1.0469321528570956,-0.5295850354762417,0.0,0.0,1.0,0.0,0.0,1.0,4,0.136
0.6755555555555556,0.9794168096054887,1.1907014616412355,0.23576583801122716,1.0,0.0,-0.3333333333333333,1.0,0.7207328976551982,1.8917697483034355,2.1241130164831095,-0.19458939699272174,2.1068479896796384,0.0,1.0,0.0,0.0,1.0,0.0,0,0.175
0.8782222222222223,-0.41166380789022283,0.03407246850504315,-1.1488906709435984,0.0,0.5,0.0,1.0,0.03315562281415647,-0.20683874071536348,0.040114445512109645,2.023988831487476,0.09596860890131152,0.0,1.0,0.0,0.0,1.0,0.0,3,0.191
0.35911111111111094,-0.03430531732418524,0.1529304501900879,-0.542635658914729,-1.0,1.0,0.6666666666666666,2.0,0.13891187775477382,-0.2547580345362965,-0.11560813807376745,0.6265173448981414,-0.23287465061277143,1.0,0.0,0.0,0.0,1.0,0.0,2,0.17
-0.3413333333333334,0.40308747855917665,0.044141679998623756,0.913659449345095,0.0,0.0,0.6666666666666666,1.0,0.042690675867248846,0.06990356369679793,-0.22516446152708997,-0.6103685404626226,0.10540743926037412,0.0,0.0,1.0,0.0,0.0,1.0,0,0.159
-0.4088888888888889,-0.7512864493996568,-0.5417533960652091,-0.9788826516974074,-1.0,-0.5,-0.3333333333333333,0.0,-0.912511864184837,-0.7314969373151881,-0.667371941754749,1.494649477181729,-0.5584712964953773,0.0,1.0,0.0,0.0,1.0,0.0,0,0.135
-0.6791111111111111,-0.5866209262435677,-0.5338172977126376,-0.3533814488104786,-1.0,-1.0,-0.3333333333333333,0.0,-0.8875725245929581,-0.44712039595011255,-0.6545845960529233,0.3716083237911927,-0.5547516663083208,0.0,1.0,0.0,0.0,0.0,1.0,1,0.112
0.725333333333333,0.8353344768439108,1.1035649366660358,0.05720395616145429,0.0,0.5,-0.3333333333333333,0.0,0.6854931186105293,1.1526871687963323,1.983710917288787,-0.05060084454138394,1.0985056976994194,0.0,1.0,0.0,0.0,0.0,1.0,0,0.165
-0.7822222222222224,-0.8936535162950255,-0.6617582127723017,-0.9468056669339752,0.0,-1.5,-1.6666666666666667,-1.0,-1.4391218882500174,-0.457616864325857,-0.05742294330697029,1.4114981159231996,-0.5562997204902171,0.0,1.0,0.0,0.0,0.0,1.0,1,0.1
-0.38755555555555576,-0.1046312178387649,-0.22802520743378465,0.1309810211173484,0.0,-0.5,0.3333333333333333,1.0,-0.2676649584636853,-0.06681779637337289,-0.4189215230774104,-0.1127393391305461,-0.14972049021715758,0.0,0.0,1.0,0.0,1.0,0.0,0,0.158
-0.39111111111111113,-0.0840480274442537,-0.21976799527503973,0.17268110130981024,0.0,0.0,0.3333333333333333,1.0,-0.25619125353561206,-0.34944492634249097,-0.4094181282535928,-0.14613576664314512,-0.14198021930767574,0.0,1.0,0.0,0.0,1.0,0.0,0,0.164
0.6222222222222222,0.8662092624356774,1.048379235405091,0.1758887997861536,0.0,0.5,1.0,2.0,0.6623244529877832,1.0825357718184405,0.580856144414057,-0.14821473540630586,1.0467748871210494,0.0,1.0,0.0,0.0,0.0,1.0,0,0.176
-0.4906666666666668,0.20754716981132088,-0.13591141846289706,0.9018978882651701,0.0,0.0,0.6666666666666666,1.0,-0.14831586515495426,-0.21619809168373552,-0.40648791484958235,-0.604641311617632,-0.0633734680713825,1.0,0.0,0.0,0.0,0.0,1.0,0,0.153
-0.5866666666666668,-0.22469982847341327,-0.36385634744513834,0.26035819299652513,0.0,-1.0,-1.0,0.0,-0.4855136975266325,0.0930103725517353,0.07316074112400527,-0.21296464475606902,-0.2770479466781337,0.0,0.0,1.0,0.0,0.0,1.0,0,0.155
-0.3520000000000002,0.24185248713550614,-0.041916820055850866,0.6634589681903235,1.0,-0.5,0.0,1.0,-0.04281721646061881,0.32748009437102604,-0.06191945696898019,-0.476226394782783,0.37367232853149873,0.0,1.0,0.0,0.0,1.0,0.0,0,0.164
-0.6115555555555556,-0.0034305317324183297,-0.28635323665514106,0.7789361133386796,0.0,-0.5,-1.0,0.0,-0.3538962930347669,-0.19039427359336394,0.28129388720526255,-0.5406911080232066,-0.20439690389163623,0.0,1.0,0.0,0.0,0.0,1.0,0,0.137
-0.04977777777777798,0.2229845626072041,0.11859420962997362,0.15664260892809423,0.0,0.0,-0.3333333333333333,0.0,0.10980128624377433,0.1882075093484172,0.39663870204745355,-0.1328473182165706,0.1751988819608686,0.0,0.0,0.0,1.0,0.0,1.0,0,0.164
-0.2560000000000001,0.26929674099485423,0.027191458372755727,0.5308740978348039,1.0,0.0,-0.3333333333333333,0.0,0.026572111995484423,0.04296991741320372,0.24936248059723543,-0.39731407374830313,0.470844979574285,0.0,1.0,0.0,0.0,0.0,1.0,0,0.161
0.8391111111111109,1.130360205831904,1.4710338144306252,0.22935044105854072,0.0,0.0,0.0,1.0,0.824401789342534,2.337213624999089,1.9695807770961138,-0.19014810082021436,1.4429692539238874,0.0,1.0,0.0,0.0,0.0,1.0,0,0.16
-0.721777777777778,-0.641509433962264,-0.5641625523960251,-0.4132584870355522,-1.0,-1.0,-0.6666666666666666,0.0,-0.9875568837106738,-0.5435566991522643,-0.6139589030970507,0.4465237716206648,-0.5689744141044937,1.0,0.0,0.0,0.0,1.0,0.0,1,0.094
0.049777777777777726,0.48027444253859347,0.34002511568698285,0.37048917401764275,0.0,0.5,0.3333333333333333,1.0,0.2809060649895804,0.1820845694625664,0.23485924416333157,-0.29167493241563985,0.38276714685013974,1.0,0.0,0.0,0.0,0.0,1.0,0,0.153
0.3519999999999999,0.2813036020583191,0.38849036371872725,-0.18978882651697412,1.0,0.5,0.6666666666666666,1.0,0.31383859298567135,0.24369300745686623,0.12161375563604108,0.18502304157589608,0.9788647602666095,1.0,0.0,0.0,0.0,0.0,1.0,3,0.197
0.7360000000000001,0.1749571183533448,0.5168212026858876,-0.5618818497727883,1.0,0.0,0.0,1.0,0.3948808231950704,0.8209841896945093,0.6883207677335106,0.6565800681915447,1.1593098258439047,1.0,0.0,0.0,0.0,0.0,1.0,2,0.202
-0.5973333333333335,-0.7049742710120067,-0.5600798197175346,-0.7190590751136061,0.0,-0.5,-0.6666666666666666,0.0,-0.9733368785040964,-0.7703241513532425,-0.605735826742553,0.9199343658832586,-0.460986884540959,0.0,0.0,0.0,1.0,0.0,1.0,4,0.152
0.8888888888888888,1.130360205831904,1.5159897472949029,0.1887195936915265,0.0,0.0,-1.0,0.0,0.8398188581718695,2.40864792366735,5.1214520659324405,-0.1581068573696948,1.4851107288755105,0.0,0.0,1.0,0.0,1.0,0.0,2,0.164
0.32,0.13550600343053182,0.26121461297185083,-0.3255813953488373,0.0,1.0,1.3333333333333333,2.0,0.22420274331080234,-0.14005010119858988,-0.2175604257520882,0.337197489353154,0.30889056116964086,0.0,0.0,1.0,0.0,0.0,1.0,3,0.207
0.2239999999999999,0.9193825042881647,0.7659825795760151,0.6762897620956964,0.0,0.0,0.3333333333333333,1.0,0.531657269920414,1.2168978562421189,0.7251024254775456,-0.48398401140742375,0.7820576220167706,0.0,0.0,1.0,0.0,1.0,0.0,3,0.179
0.2311111111111111,0.5317324185248713,0.4960634887868206,0.21331194867682446,0.0,0.0,0.0,0.0,0.3823283517035601,0.7880004956665624,0.6604485426368047,-0.17715401810217987,0.5290367662868201,1.0,0.0,0.0,0.0,0.0,1.0,0,0.163
0.9671111111111113,1.130360205831904,1.5866347846530537,0.12563485699010957,-1.0,0.5,0.6666666666666666,1.0,0.8634477570977136,1.7667597256339793,1.328211619484071,-0.10838187820855895,0.4390991184691464,0.0,1.0,0.0,0.0,0.0,1.0,0,0.169
0.4515555555555554,0.12864493996569468,0.32534562740476963,-0.4303662122427158,-1.0,1.0,1.0,2.0,0.27065124311067534,-0.0721146253222439,-0.06637490657928242,0.4696345718511689,-0.1520640722425285,0.0,0.0,0.0,1.0,0.0,1.0,4,0.149
-0.37333333333333335,-0.40137221269296725,-0.36543897977556444,-0.4014969259556269,-1.0,-0.5,-0.3333333333333333,0.0,-0.4884462955171131,-0.3579490095172839,-0.3832785128243033,0.4322071087383473,-0.4758331541603956,0.0,0.0,1.0,0.0,0.0,1.0,4,0.151
0.25955555555555543,-0.3001715265866208,-0.08535893069102547,-0.7789361133386796,0.0,0.0,0.3333333333333333,0.0,-0.08981446678957776,-0.13587095175269145,-0.254723979177006,1.0335185315202073,-0.015985809503332598,1.0,0.0,0.0,0.0,1.0,0.0,2,0.183
0.03199999999999995,0.7341337907375645,0.4898935163682028,0.7265437048917404,0.0,0.5,1.0,1.0,0.3785581014200057,0.3725954704823272,0.08092184689678952,-0.5119081813197495,0.5232530638572349,0.0,1.0,0.0,0.0,1.0,0.0,0,0.154
-0.8177777777777779,-0.4528301886792451,-0.5270968444834369,0.25287356321839083,-1.0,-1.5,-1.3333333333333333,0.0,-0.8670580959064645,0.3982826611463019,-0.017046714465222892,-0.20723316068325606,-0.5516018060632122,1.0,0.0,0.0,0.0,0.0,1.0,0,0.155
0.5013333333333332,-0.26586620926243554,0.030815457042427143,-0.86875167067629,0.0,0.0,0.3333333333333333,2.0,0.030046335815431213,0.04872839659156357,-0.12101649366968308,1.2244272653202581,0.09291550204257151,0.0,0.0,1.0,0.0,0.0,1.0,4,0.222
0.9635555555555554,1.130360205831904,1.5834236465913196,0.12884255546645293,0.0,0.0,0.0,1.0,0.8623890658866991,2.5157993716697407,2.1204911671224775,-0.11062591513166059,1.5483229413029456,0.0,0.0,0.0,1.0,0.0,1.0,0,0.167
-0.8462222222222223,-0.3361921097770153,-0.5001462214653112,0.645282010157712,1.0,-0.5,-0.6666666666666666,0.0,-0.7898052492830087,-0.6433460408633345,-0.48502291374085293,-0.4657467753144908,-0.27064072242528486,0.0,1.0,0.0,0.0,0.0,1.0,0,0.168
0.5688888888888889,0.45111492281303617,0.6574919864902835,-0.18765036086607864,0.0,0.0,0.0,1.0,0.47501682398074313,1.0445079415988165,0.8772051395767116,0.1823839176263811,0.6803590625671899,0.0,1.0,0.0,0.0,0.0,1.0,3,0.22
-0.984888888888889,-0.5608919382504287,-0.6059761572998917,0.4303662122427158,0.0,-1.5,-1.0,0.0,-1.150354465140075,-0.10306948807849017,-0.5770474536181536,-0.33239895633989386,-0.5040098903461622,0.0,0.0,1.0,0.0,0.0,1.0,0,0.146
-0.017777777777777778,0.25042881646655246,0.1535268044015527,0.15343491045175087,0.0,1.0,1.0,2.0,0.13940801924393373,-0.25412630264331215,-0.22018031225104925,-0.13042431328323567,0.20794452805848196,1.0,0.0,0.0,0.0,0.0,1.0,0,0.152
-0.19911111111111116,-0.061749571183533344,-0.12178241099126692,-0.06575781876503599,-1.0,0.0,0.3333333333333333,1.0,-0.13151969386068998,-0.19374731210228224,-0.2966445096776238,0.06040450344735404,-0.3616319071167491,0.0,0.0,1.0,0.0,0.0,1.0,4,0.118
-0.49422222222222245,-0.3310463121783876,-0.37413198924268753,-0.11280406308473666,0.0,-1.0,-1.0,0.0,-0.5047534475358347,0.0603546931605305,0.04556569837632733,0.10667179264062214,-0.2866802838099333,0.0,0.0,0.0,1.0,1.0,0.0,4,0.137
0.1315555555555554,0.9090909090909091,0.682882913878424,0.7971130713712912,0.0,0.5,0.3333333333333333,1.0,0.4886453057014609,0.6179212619087538,0.6294613159034033,-0.5502350825712251,0.7041603956138466,0.0,0.0,1.0,0.0,1.0,0.0,0,0.157
0.2204444444444443,-0.3156089193825041,-0.1105663644756384,-0.7735899492114411,0.0,0.0,0.0,2.0,-0.11843858715800398,-0.17592518350596617,-0.15409798704018535,1.023407809308592,-0.03961513652977854,0.0,1.0,0.0,0.0,0.0,1.0,2,0.159
-0.824888888888889,-0.6397941680960548,-0.5880396575550625,-0.2250735097567495,1.0,-1.0,-0.6666666666666666,0.0,-1.076335210606719,-0.6194374184519167,-0.6620500406534111,0.22283138139270628,-0.3942270479466782,0.0,1.0,0.0,0.0,1.0,0.0,1,0.096
-0.5937777777777778,0.1475128644939967,-0.21733670502829822,1.0483827853515109,-1.0,0.0,0.0,0.0,-0.25284472241152084,-0.34558164284308507,-0.2974628575652302,-0.6753741059407486,-0.406417974629112,0.0,1.0,0.0,0.0,1.0,0.0,0,0.161
0.11022222222222201,0.967409948542024,0.7042369819889559,0.9018978882651701,0.0,1.0,1.3333333333333333,1.0,0.4999259456573772,0.3292538031474826,0.13935804567965104,-0.6048579254533734,0.7241775962158675,0.0,1.0,0.0,0.0,0.0,1.0,0,0.174
-0.6791111111111111,-0.5471698113207545,-0.5192524929326293,-0.2646351242983161,1.0,-1.0,-0.3333333333333333,0.0,-0.8437744423987201,-0.40083388609873966,-0.6311164905018848,0.266690521562133,-0.2975059127069447,0.0,0.0,1.0,0.0,0.0,1.0,1,0.105
0.8035555555555554,0.04802744425385954,0.4359463969310694,-0.7126436781609197,0.0,0.5,0.3333333333333333,1.0,0.34479476326725955,0.3040185437607971,0.3452570140333462,0.9081837613139647,0.472683293915287,0.0,0.0,0.0,1.0,0.0,1.0,3,0.201
-0.6684444444444446,-0.056603773584905606,-0.3333275991582232,0.814220796578455,-1.0,-1.0,-0.6666666666666666,0.0,-0.43099579125940973,0.1900298128858728,-0.14903170966072884,-0.5591948634695675,-0.4607826273919587,0.0,1.0,0.0,0.0,0.0,1.0,0,0.151
-0.3342222222222224,-0.24356775300171518,-0.2739215450161417,-0.1823041967388398,0.0,0.0,0.0,1.0,-0.33470322378472883,-0.43549409938114564,-0.3734416192376868,0.17717172856763108,-0.19274349602236074,1.0,0.0,0.0,0.0,0.0,1.0,4,0.138
0.8462222222222221,0.9262435677530017,1.2850171738544551,0.04330392943063351,0.0,0.5,0.6666666666666666,0.0,0.7571671458919351,1.3833470613533159,1.0244659620075391,-0.03846464711812178,1.2685981509352828,1.0,0.0,0.0,0.0,0.0,1.0,0,0.15
0.2311111111111111,0.7907375643224701,0.6803140034290368,0.5159048382785353,0.0,0.5,0.3333333333333333,2.0,0.4872772036903088,0.6146556939696334,0.6265047041804377,-0.3879292025503821,0.7017523113308967,1.0,0.0,0.0,0.0,0.0,1.0,0,0.153
0.25244444444444425,-0.12178387650085752,0.04038006112630661,-0.5682972467254745,0.0,0.0,-0.3333333333333333,1.0,0.039142196990879605,0.06392640809394343,0.2706131273560498,0.6653916200234669,0.10188131584605459,0.0,0.0,0.0,1.0,0.0,1.0,3,0.213
0.7288888888888889,0.22126929674099494,0.5545750116117045,-0.5148356054530876,0.0,0.5,0.0,2.0,0.41720699358472774,0.45481780609232525,0.7390143395668561,0.5867915261620889,0.5838851859815093,1.0,0.0,0.0,0.0,0.0,1.0,2,0.172
-0.768,-0.8936535162950255,-0.6597397831334975,-0.9628441593156912,-1.0,-1.5,-1.6666666666666667,-1.0,-1.4265835604537445,-0.4447878474221693,-0.04116157883066002,1.4504942649148727,-0.6137712319931198,1.0,0.0,0.0,0.0,1.0,0.0,1,0.115
-0.21688888888888894,0.6569468267581476,0.2602971449542125,1.0601443464314355,0.0,1.0,1.0,1.0,0.22351781075064098,-0.14102199641856614,-0.12460373190101927,-0.6812290328837376,0.3080305310685873,0.0,1.0,0.0,0.0,0.0,1.0,0,0.161
0.5688888888888889,0.3001715265866209,0.5309272734570769,-0.33734295642876233,0.0,0.0,0.3333333333333333,1.0,0.4032973908955009,0.8433985232052135,0.45457245282620407,0.3516543759038266,0.5617179101268545,0.0,1.0,0.0,0.0,0.0,1.0,3,0.195
0.18133333333333312,1.130360205831904,0.8769732730098112,0.9906442127773325,0.0,0.5,0.0,2.0,0.5856464579028134,0.8646465824519461,1.1719115726710523,-0.6480698162970829,0.8860997634917223,0.0,1.0,0.0,0.0,0.0,1.0,0,0.145
0.5262222222222221,0.03602058319039465,0.28848634979615007,-0.574712643678161,0.0,0.5,0.6666666666666666,1.0,0.2442931263205191,0.11656911268396161,0.02090416882252938,0.6758222103401458,0.33445495592345736,1.0,0.0,0.0,0.0,0.0,1.0,2,0.171
0.00711111111111096,-0.45111492281303595,-0.27220129248306985,-0.8099438652766643,0.0,0.0,0.3333333333333333,0.0,-0.33208407830411935,-0.4327606440749622,-0.4697646853848346,1.0964204421657544,-0.19113093958288535,0.0,1.0,0.0,0.0,0.0,1.0,2,0.203
0.4266666666666667,0.7461406518010291,0.7969471251713085,0.24218123496391364,0.0,0.0,0.3333333333333333,2.0,0.5470980577317155,1.2661000517534209,0.7607401560668617,-0.19979592514353048,0.8110836379273275,1.0,0.0,0.0,0.0,0.0,1.0,0,0.161
-0.4302222222222223,-0.4837049742710119,-0.4221385032656128,-0.4806201550387599,-1.0,-0.5,-0.3333333333333333,0.0,-0.6014999384364872,-0.4780752587063588,-0.4746378150639367,0.5382541228025931,-0.5024080842829499,1.0,0.0,0.0,0.0,1.0,0.0,2,0.169
0.8426666666666668,0.5557461406518011,0.9333058092928043,-0.28174284950548,0.0,1.0,1.0,0.0,0.611685266374211,0.5719117421950742,0.4778469707049055,0.2863687810269772,0.9389056116964094,0.0,1.0,0.0,0.0,0.0,1.0,3,0.193
-0.4124444444444445,-0.3962264150943395,-0.3758063683748775,-0.3458968190323443,0.0,0.0,0.3333333333333333,0.0,-0.5079338438486318,-0.5973875456487037,-0.5890058921047908,0.36194147046476854,-0.28824983874435606,0.0,1.0,0.0,0.0,0.0,1.0,4,0.146
0.5119999999999999,0.9982847341337909,1.0676919371763776,0.41539695268644766,0.0,0.5,0.6666666666666666,1.0,0.670510837384782,1.1070858450750427,0.8056073989208365,-0.32266785597415126,1.064878520748226,0.0,1.0,0.0,0.0,1.0,0.0,0,0.189
-0.5191111111111112,0.26586620926243565,-0.12669086488563197,1.0847367014167337,-1.0,-0.5,-0.3333333333333333,1.0,-0.13731391884390753,0.1478738577193992,0.0014136299800428455,-0.6924867860182922,-0.3639324876370673,0.0,0.0,1.0,0.0,0.0,1.0,0,0.171
0.9955555555555555,0.07890222984562621,0.5620294392550159,-0.7725207163859932,0.0,0.0,-0.3333333333333333,2.0,0.4215408865148217,0.8928193951410098,1.111140882548599,1.0220779430964144,0.5908729305525693,0.0,0.0,1.0,0.0,0.0,1.0,3,0.205
-0.15288888888888905,0.3876500857632934,0.15403141181125393,0.5394279604383858,0.0,1.0,1.0,1.0,0.13982758552558677,-0.25359176027232494,-0.2197286076822627,-0.4021310782046576,0.20841754461406156,0.0,1.0,0.0,0.0,1.0,0.0,0,0.162
0.11733333333333323,0.054888507718696446,0.10010722907456145,-0.24645816626570435,1.0,0.0,0.0,1.0,0.0936671172643299,0.15883197632463253,0.12878199916229321,0.24629418494604483,0.5733713179961298,0.0,1.0,0.0,0.0,1.0,0.0,3,0.208
0.5653333333333332,-0.478559176672384,-0.12304392951551961,-1.1103982892274795,0.0,0.5,0.6666666666666666,1.0,-0.1330047692535831,-0.4065632084205002,-0.3935296400325227,1.8881622087532521,-0.051311545904106665,0.0,0.0,1.0,0.0,0.0,1.0,3,0.183
0.3519999999999999,0.7427101200686108,0.7377016279323139,0.318096765570703,0.0,0.5,1.0,0.0,0.5172832048292061,0.687606149181057,0.3027498542226164,-0.2552928397772936,0.7555471941517954,1.0,0.0,0.0,0.0,1.0,0.0,0,0.152
-0.10666666666666667,0.542024013722127,0.2730728870998263,0.6869820903501741,1.0,0.0,-0.6666666666666666,1.0,0.23300192421679775,0.4336717958436903,1.0723261142730431,-0.4896630919754758,0.8165770801978071,1.0,0.0,0.0,0.0,0.0,1.0,0,0.154
-0.0320000000000002,-0.11835334476843895,-0.08045047679666043,-0.3309275594760759,0.0,0.0,0.0,1.0,-0.08436055929027186,-0.12807149261238135,-0.11366016212087611,0.34347809675780216,-0.011384648462696155,0.0,1.0,0.0,0.0,0.0,1.0,3,0.194
0.7679999999999998,-0.053173241852487035,0.32587317151491174,-0.7874899759422617,0.0,0.0,-0.3333333333333333,2.0,0.2710221150456094,0.5175706507081473,0.7306249538029417,1.0519543536135498,0.369501182541389,0.0,0.0,0.0,1.0,1.0,0.0,3,0.178
-0.9244444444444446,-0.7941680960548884,-0.6543955319307542,-0.46351242983159596,0.0,-1.5,-1.0,-1.0,-1.3943249151744823,-0.4108201094839965,-0.7070767733510729,0.5137928697879941,-0.5493979789292626,0.0,1.0,0.0,0.0,0.0,1.0,1,0.104
-0.5546666666666668,-0.04974271012006846,-0.2785088851043333,0.5479818230419677,0.0,-0.5,-0.6666666666666666,2.0,-0.34173080859674965,-0.1737748653317685,-0.03862074063123656,-0.40787619771453515,-0.19704364652762843,0.0,1.0,0.0,0.0,0.0,1.0,0,0.155
0.6364444444444441,0.3893653516295026,0.647904445705963,-0.297781341887196,0.0,0.0,0.6666666666666666,2.0,0.46980833127781274,1.0292734840256874,0.38285811959494415,0.30406441227803555,0.6713717480111804,0.0,0.0,1.0,0.0,0.0,1.0,3,0.181
0.8817777777777777,0.2881646655231563,0.7043516654911607,-0.5404971932638334,-1.0,0.5,0.6666666666666666,2.0,0.49998609188177745,0.645212079685689,0.4397035996747725,0.6233842230321491,0.025575145130079514,0.0,0.0,1.0,0.0,1.0,0.0,4,0.142
-0.003555555555555606,0.6295025728987993,0.39789441089952005,0.6431435445068168,0.0,0.0,0.6666666666666666,1.0,0.32007111507472286,0.6320113128603607,0.13108415256116487,-0.46442472529596257,0.43701354547409166,1.0,0.0,0.0,0.0,1.0,0.0,0,0.17
0.0,-0.6140651801029159,-0.37615041888149187,-1.0227211975407648,-1.0,-1.0,-0.6666666666666666,0.0,-0.5085889551451003,0.05394018470868656,-0.2352816172666125,1.6152296847013705,-0.4808535798752956,1.0,0.0,0.0,0.0,0.0,1.0,2,0.167
-0.6933333333333335,-0.5711835334476844,-0.5318447414747152,-0.29564287623630053,-1.0,-1.0,-1.0,0.0,-0.8814952205592547,-0.4408516717812653,-0.37796893093847783,0.3020790868208771,-0.5538271339496882,0.0,1.0,0.0,0.0,0.0,1.0,1,0.108
-0.6862222222222224,-0.04631217838764989,-0.3376626355415642,0.8869286287089015,0.0,-0.5,-0.3333333333333333,0.0,-0.4385095223903836,-0.29910075394771685,-0.3385228028679133,-0.5969775304873417,-0.2524940872930552,1.0,0.0,0.0,0.0,0.0,1.0,0,0.159
0.8355555555555556,1.130360205831904,1.467822676368891,0.23255813953488383,0.0,0.5,0.6666666666666666,2.0,0.8232888504143456,1.6157272084496572,1.2085612388203117,-0.19244891786812526,1.4399591485702,0.0,0.0,0.0,1.0,1.0,0.0,3,0.155
-0.5795555555555557,-0.06346483704974251,-0.29550498013108334,0.5768511093290565,-1.0,-0.5,0.0,0.0,-0.36833279803056834,-0.20978358323189175,-0.40242257373050483,-0.42515890597463574,-0.4430552569339927,1.0,0.0,0.0,0.0,1.0,0.0,0,0.163
0.0,0.3344768439108062,0.2161898700062503,0.24325046778936124,1.0,0.0,-0.3333333333333333,0.0,0.18986118211655867,0.3432855403858912,0.5538934880626801,-0.2004974753416604,0.7365942807998281,0.0,0.0,1.0,0.0,1.0,0.0,0,0.14
-0.6684444444444446,-0.5094339622641508,-0.5022563979058793,-0.19834268912055605,0.0,-1.0,-1.0,0.0,-0.7955860972455512,-0.3468208092485549,-0.2985099908837805,0.19350648641573842,-0.4067834874220598,0.0,1.0,0.0,0.0,1.0,0.0,4,0.158
0.8426666666666668,0.842195540308748,1.202972596377148,-0.02833466987436512,0.0,0.5,0.6666666666666666,2.0,0.7255704294217612,1.279052985297655,0.9418425234681052,0.025741104746488414,1.1916899591485701,0.0,0.0,0.0,1.0,1.0,0.0,0,0.155
0.3342222222222222,1.130360205831904,1.0150522096643788,0.7693130179096501,1.0,0.5,0.0,0.0,0.6479928407702672,1.040170859179672,1.3573157661320125,-0.5351515446887741,1.8598688454095893,0.0,0.0,0.0,1.0,0.0,1.0,0,0.158
0.035555555555555556,-0.3379073756432246,-0.19121180322604694,-0.6805666933974875,0.0,0.0,0.0,0.0,-0.21776112074777318,-0.3040695682598458,-0.26238389139379603,0.8492941242758454,-0.11521178241238442,0.0,0.0,0.0,1.0,1.0,0.0,3,0.206
-0.6542222222222223,-0.46483704974271,-0.48131519040328463,-0.12349639133921408,-1.0,-0.5,-1.3333333333333333,0.0,-0.7400263827662348,-0.603449742083306,0.1673719417547489,0.11719744285830959,-0.5301440550419264,0.0,0.0,1.0,0.0,1.0,0.0,4,0.145
-0.7395555555555557,-0.15780445969125192,-0.4008532452564037,0.7800053461641273,0.0,-0.5,0.0,0.0,-0.557121120308811,-0.4329793204994568,-0.5438779658511345,-0.5410561139734187,-0.3117286605031176,1.0,0.0,0.0,0.0,0.0,1.0,0,0.151
-0.45511111111111124,-0.44253859348198965,-0.41083070994822046,-0.37583533814488107,0.0,-0.5,0.0,0.0,-0.5776104863530819,-0.4541180415339421,-0.5572751127208219,0.3992057465501539,-0.3210814878520748,0.0,0.0,0.0,1.0,0.0,1.0,4,0.128
-0.3413333333333334,0.22469982847341352,-0.044371047003033445,0.6132050253942799,0.0,0.0,0.3333333333333333,0.0,-0.04539832691319594,-0.07074182332402741,-0.20755018320433358,-0.4472856397130746,0.022436035261234125,0.0,1.0,0.0,0.0,1.0,0.0,0,0.175
-0.035555555555555556,0.5797598627787308,0.3446124557751744,0.6249665864742052,0.0,0.5,1.3333333333333333,1.0,0.2840833101604408,0.1879159407824244,-0.1503714243476975,-0.45400427346276445,0.38706729735540746,1.0,0.0,0.0,0.0,0.0,1.0,0,0.166
0.5404444444444443,1.130360205831904,1.2012982172449582,0.5191125367548786,1.0,1.0,1.0,0.0,0.7249121155986746,0.8558023359501612,0.7177431607821879,-0.38949215512091745,2.1217480111803915,0.0,1.0,0.0,0.0,0.0,1.0,0,0.163
0.7111111111111111,1.130360205831904,1.3554328442081964,0.3448275862068969,1.0,1.0,1.0,1.0,0.7833030633892436,1.0190807329061855,0.8557183745205772,-0.274036118750964,2.338475596645883,0.0,0.0,1.0,0.0,1.0,0.0,0,0.174
0.5475555555555555,0.19382504288164684,0.43000579151686136,-0.42929697941726824,-1.0,1.0,1.3333333333333333,1.0,0.34098607623488686,0.03875432189655639,-0.08157476531894445,0.4675602621458999,-0.10301010535368736,1.0,0.0,0.0,0.0,1.0,0.0,4,0.139
-0.12800000000000006,0.097770154373928,0.0024886319978439293,0.08072707832130462,0.0,0.0,0.0,1.0,0.0024698468885330036,0.0037174992164095786,-0.0022944538891763507,-0.07016147219331853,0.06636207267254356,0.0,1.0,0.0,0.0,0.0,1.0,0,0.164
0.5368888888888886,0.3379073756432247,0.5431984081929894,-0.27639668537824114,0.0,1.0,1.3333333333333333,0.0,0.4105461522116765,0.15866189466113664,0.009618227511272157,0.2802464953510241,0.5732208127284455,0.0,0.0,1.0,0.0,1.0,0.0,3,0.208
0.4124444444444442,1.130360205831904,1.0856972470225297,0.6677358994921144,0.0,1.0,1.3333333333333333,0.0,0.6780665987060323,0.7333435382331431,0.44667935545864434,-0.47905321000829526,1.081756611481402,0.0,0.0,0.0,1.0,0.0,1.0,0,0.152
-0.36266666666666675,-0.08061749571183513,-0.20538668409855906,0.1331194867682439,0.0,0.0,0.0,2.0,-0.23660124923862894,-0.32659323998279743,-0.28141707936038635,-0.11441901122834687,-0.1284992474736616,0.0,0.0,1.0,0.0,0.0,1.0,0,0.163
0.40533333333333327,0.6037735849056604,0.6701530451336923,0.11173483025928904,0.0,0.5,0.6666666666666666,1.0,0.4818422901949575,0.6017392064961476,0.4052636928080419,-0.09675110389565754,0.6922274779617287,0.0,0.0,1.0,0.0,1.0,0.0,1,0.153
0.41599999999999987,1.130360205831904,1.0889083850842638,0.6634589681903235,0.0,1.0,0.0,0.0,0.6794064846458409,0.7367451715030605,1.4564854510064797,-0.476528655029234,1.0847667168350892,0.0,0.0,0.0,1.0,0.0,1.0,0,0.159
-0.17066666666666683,-0.2418524871355059,-0.20976759388278204,-0.368350708366747,-1.0,-0.5,-0.3333333333333333,0.0,-0.24251704547470887,-0.028136366618314815,-0.13244696577721932,0.3896142948213071,-0.40287035046226616,0.0,0.0,1.0,0.0,0.0,1.0,4,0.167
0.455111111111111,1.130360205831904,1.1242309037633391,0.6164127238706233,0.0,1.0,1.3333333333333333,2.0,0.693995655138851,0.7741631374721492,0.4777237785497818,-0.4488999372923,1.1178778757256504,1.0,0.0,0.0,0.0,0.0,1.0,0,0.162
-0.4871111111111112,-0.8216123499142365,-0.5880855309559444,-1.050521251002406,0.0,-1.5,-1.3333333333333333,0.0,-1.0765158549325038,0.010642252658740962,-0.26272266982038583,1.697652820231184,-0.48723930337561816,0.0,0.0,0.0,1.0,0.0,1.0,1,0.108
-1.0026666666666668,-0.8593481989708404,-0.6845572930106141,-0.5126971398021921,0.0,-1.0,-0.6666666666666666,-1.0,-1.5967645610079633,-0.9261675498764479,-0.8564472614383916,0.5826861779161858,-0.5776714685013975,0.0,0.0,1.0,0.0,1.0,0.0,1,0.113
0.23466666666666647,0.9005145797598627,0.7613264293865006,0.6399358460304734,-1.0,0.5,1.0,1.0,0.5293088331315962,0.7176377114783256,0.32389784085216117,-0.4628987517415049,0.05227907976779189,0.0,1.0,0.0,0.0,0.0,1.0,0,0.131
-0.2737777777777779,-0.5145797598627786,-0.39190793208443003,-0.6901897888265172,-1.0,-0.5,-0.3333333333333333,0.0,-0.5391969550223398,-0.41402736370991833,-0.4259276369280804,0.8675848655262325,-0.48823908836809293,0.0,0.0,1.0,0.0,0.0,1.0,4,0.139
-0.35911111111111116,-0.5969125214408232,-0.456474743825727,-0.7511360598770384,0.0,0.0,1.0,0.0,-0.6788641405575322,-0.7255683764733324,-0.7662295398362365,0.9799847368877006,-0.3638679853794883,0.0,0.0,1.0,0.0,0.0,1.0,4,0.149
-0.8888888888888891,-0.7632933104631217,-0.6390738160361942,-0.4410585404971933,0.0,-1.5,-0.6666666666666666,-1.0,-1.308598574118511,-0.31343620844236786,-0.764838495084633,0.48347317991255445,-0.5350354762416685,0.0,0.0,0.0,1.0,0.0,1.0,1,0.092
0.6435555555555553,1.130360205831904,1.294421221035248,0.41005078855920907,0.0,0.5,0.3333333333333333,2.0,0.7607085689452314,1.3953013725590246,1.333293295882918,-0.3192240313204413,1.2774134594710815,1.0,0.0,0.0,0.0,0.0,1.0,0,0.166
0.8,1.130360205831904,1.4357112957515497,0.26356589147286846,1.0,0.5,1.0,1.0,0.8120714580645979,1.574907609210651,0.9275804650093211,-0.21554783538443126,2.451354547409159,0.0,1.0,0.0,0.0,1.0,0.0,0,0.158
-0.2915555555555557,-0.12349914236706669,-0.19561564971071096,-0.04116546377973803,0.0,0.0,0.0,0.0,-0.2235659048000558,-0.3110672138436755,-0.26829711483972707,0.03793648015423116,-0.11933992689744145,0.0,0.0,1.0,0.0,1.0,0.0,3,0.202
-0.8355555555555557,-0.6037735849056602,-0.5793925214888213,-0.10638866613205021,0.0,-1.0,-1.0,0.0,-1.0430081238096167,-0.5919570811070858,-0.5056575997240496,0.10027885740968928,-0.47909051816813586,0.0,1.0,0.0,0.0,0.0,1.0,1,0.115
0.7573333333333332,1.130360205831904,1.3971776390107402,0.3020582731889872,0.0,0.0,-0.3333333333333333,0.0,0.7983946507208773,2.219857277186947,2.456805750609801,-0.24348797452791937,1.3737368307890776,0.0,1.0,0.0,0.0,0.0,1.0,0,0.15
0.8284444444444443,0.7169811320754719,1.0744582638064601,-0.12884255546645293,0.0,1.0,0.6666666666666666,0.0,0.6733588337845924,0.7214378217884332,0.8124214650011086,0.1226076383534195,1.071221242743496,0.0,0.0,1.0,0.0,0.0,1.0,3,0.22
0.5759999999999998,0.5608919382504288,0.7544224825537722,-0.08393477679764773,0.0,0.0,1.0,0.0,0.5258136335910989,1.198529036584566,0.317717701070129,0.07824294900310011,0.771221242743496,1.0,0.0,0.0,0.0,0.0,1.0,3,0.201
-0.26666666666666666,0.4219554030874787,0.10102469709219976,0.7928361400695002,-1.0,0.5,0.6666666666666666,1.0,0.09447572019128439,-0.12172987630203588,-0.16788010939463377,-0.5479655390406234,-0.2572027520963234,1.0,0.0,0.0,0.0,1.0,0.0,0,0.166
0.5155555555555555,0.234991423670669,0.44608441852597286,-0.36514300989040366,0.0,0.0,0.0,1.0,0.35125198996894674,0.708584507504246,0.5933396161332444,0.3860635793705721,0.48218662653192856,0.0,1.0,0.0,0.0,0.0,1.0,3,0.196
0.42311111111111105,0.3842195540308749,0.5106512302672698,-0.1384656508954825,1.0,0.5,1.3333333333333333,2.0,0.3911707577548115,0.3989824257046849,-0.016603222706778054,0.13223929556885752,1.1506342721995266,0.0,0.0,1.0,0.0,0.0,1.0,3,0.184
-0.05688888888888894,0.4785591766723843,0.2687378507164851,0.5191125367548786,0.0,0.0,0.6666666666666666,1.0,0.2297966735361326,0.42678348847210784,0.0010163352797693001,-0.38944409484236564,0.3159428079982799,0.0,0.0,0.0,1.0,1.0,0.0,0,0.162
0.19199999999999995,-0.5334476843910805,-0.27254534298968425,-1.017375033413526,1.0,0.0,-0.3333333333333333,0.0,-0.3326072060152639,-0.4333073351361989,-0.23360004434917575,1.5992932818157963,0.049387228552999415,1.0,0.0,0.0,0.0,0.0,1.0,2,0.186
0.01422222222222217,-0.4442538593481988,-0.26568726955783784,-0.8056669339748733,-1.0,-0.5,0.0,0.0,-0.3222450036503479,-0.14661039393343012,-0.36238512331534734,1.0872124272380341,-0.42907976779187273,0.0,0.0,1.0,0.0,0.0,1.0,4,0.143
-0.07822222222222232,0.8319039451114922,0.4649613229888814,1.046244319700615,0.0,0.0,-0.3333333333333333,0.0,0.36313502474912396,0.7385796237307657,0.954736122403725,-0.6745708750628877,0.4998817458611051,0.0,0.0,1.0,0.0,1.0,0.0,0,0.176
0.9671111111111113,1.130360205831904,1.5866347846530537,0.12563485699010957,-1.0,1.0,0.6666666666666666,0.0,0.8634477570977136,1.2639983283402216,1.328211619484071,-0.10838187820855895,0.4390991184691464,0.0,0.0,1.0,0.0,0.0,1.0,0,0.169
-0.4266666666666667,0.027444253859348344,-0.1838949957853813,0.4335739107190592,-1.0,0.0,0.3333333333333333,1.0,-0.20821098390220863,-0.2924432716908789,-0.36813115740789626,-0.334253913335133,-0.3907439260374113,0.0,1.0,0.0,0.0,0.0,1.0,3,0.156
