source_id,original_path,processed_path,split,source_hash,geometry_hash,is_real,is_duplicate
cubicasa5k/labels/train/1000.txt,CubiCasa5K/labels/train/1000.txt,raw_cubicasa\train\1000.txt,train,338ade5cc0623018da3d80620ed28588b8c249d08a57adef86eecea0198c43a7,87f4c1a914bc99bc0c3143af17d9c398c418bf3ae3ca34c2d7239584577764fd,True,False
cubicasa5k/labels/train/10000.txt,CubiCasa5K/labels/train/10000.txt,raw_cubicasa\train\10000.txt,train,978b9a099c8ef9a5c9c0c87d4d41100b19a4b8b1755dcfd2bcde1cc525794e03,72bbd8152f5f13e1d29ab533522e861b15c91fb96754ddc92bf5d8de8893b335,True,False
cubicasa5k/labels/train/10001.txt,CubiCasa5K/labels/train/10001.txt,raw_cubicasa\train\10001.txt,train,0aa9e2ba16134622357faefeca51eed6a5b69572e5573324d45821aa7f01189e,4ef37c6ed0bbde00970b17354c17cacbed9c2d24795379aa5fac81a5498e7b1c,True,False
cubicasa5k/labels/train/10002.txt,CubiCasa5K/labels/train/10002.txt,raw_cubicasa\train\10002.txt,train,cf36c3d2f6f07801e00645633ec9daf33f9efd5e6d1a6ba15dcc92cdcfc84d60,0f4dde183348c4b16bbc03f99ac07d92acc412d2338ced5787f0699a0bbb7d0c,True,False
cubicasa5k/labels/train/10004.txt,CubiCasa5K/labels/train/10004.txt,raw_cubicasa\train\10004.txt,train,27842f0b01d01e35dda015cd426b909d4b7b45e757be76bac9b5566329c31a3f,1c3ef8971a54243b5dfab595457b9259acb20cac288dd36d838f4fa8905f9c27,True,False
cubicasa5k/labels/train/10006.txt,CubiCasa5K/labels/train/10006.txt,raw_cubicasa\train\10006.txt,train,540fa871e0c7017e734caf523e430432f43559393e135969581ad1dbb0cd6a0e,82c943a8937f9ac60d3d1db135ea0bba62f156b965340d6ecdba2ea5971e0ee6,True,False
cubicasa5k/labels/train/10007.txt,CubiCasa5K/labels/train/10007.txt,raw_cubicasa\train\10007.txt,train,0c7e87e5797156e4904fd784bc6cf762e87b40497dcd70b8dd9e3736e56592bf,2a84da4b7f8073b9be6e64d4f03b5a9a3f62f3ae039c013ee7b003b3f8ea2537,True,False
cubicasa5k/labels/train/10010.txt,CubiCasa5K/labels/train/10010.txt,raw_cubicasa\train\10010.txt,train,af0089a23487d44caea1d834411ae51fbd26900f92cee071ad6e92166581ad57,8273e6e888a877faf71027d94cf0b04c1b555eb544128f444e5371ad0098ce60,True,False
cubicasa5k/labels/train/10014.txt,CubiCasa5K/labels/train/10014.txt,raw_cubicasa\train\10014.txt,train,d964cde1bf4646dc5e410be4f5f589ded160d4a200d2cf5af32ad793340a669f,abbbfb96c6d74196b172a0e122853524ad9d5fc9783d77682d30c6cd7e58c6a9,True,False
cubicasa5k/labels/train/10017.txt,CubiCasa5K/labels/train/10017.txt,raw_cubicasa\train\10017.txt,train,1080aefe56c3dd78c4d0070715e3ae09f9a9ca2a3aa349b96e8af30f02eede37,f99102949cb622954ab0f3222f927d8b393cb2a33d27d89b21cc9a6b98a864b9,True,False
cubicasa5k/labels/train/10018.txt,CubiCasa5K/labels/train/10018.txt,raw_cubicasa\train\10018.txt,train,95477d598b1a532cad4d70186a342673c06e85c6264d10d0b91521089695a46e,0d0edbbba7d89927e5a1ebaf91265143c082fdc4a7c7d678c2b90a3e071f2e87,True,False
cubicasa5k/labels/train/10019.txt,CubiCasa5K/labels/train/10019.txt,raw_cubicasa\train\10019.txt,train,4adb37f4687d2fb2ac79d0a166edcce214b4819c216be67282f5c438b7965eac,4e9636195a7879d0b88d944a340d2890debc89367c310a42278781948a620a31,True,False
cubicasa5k/labels/train/10020.txt,CubiCasa5K/labels/train/10020.txt,raw_cubicasa\train\10020.txt,train,d75c1bfef0c481272a68320d751b352e15d03bbcaedbb4b97f3454d538542ec1,0fa89d3a937624af463b2a4d8e908d8bcb215e5477431598e3757675c723bc7d,True,False
cubicasa5k/labels/train/10023.txt,CubiCasa5K/labels/train/10023.txt,raw_cubicasa\train\10023.txt,train,6b380276ff70749191866692d304086205b7bb9b37ec1e3b7e1d65521c8a02f1,7d0f70d2e27579a804e56bbc2d222f5fbdb409a19a6dc1c2984f9ab2ad5d9608,True,False
cubicasa5k/labels/train/10025.txt,CubiCasa5K/labels/train/10025.txt,raw_cubicasa\train\10025.txt,train,d65a2e3479353d13fefd581190c42230d27a56a7da051a1b2f2a02f305161ad8,56afcb44cf216abe646715f81e6b73287f443f602e2a47bfda9d786c535124f9,True,False
cubicasa5k/labels/train/10028.txt,CubiCasa5K/labels/train/10028.txt,raw_cubicasa\train\10028.txt,train,af81f4d3a7beea23104c9d69eebd84fdf6c3698eeafda1784eaf398fdbd1cbdb,87f11e8e0242bc90887bf87f14d91698775d40a59a7186ea96421f892afecf01,True,False
cubicasa5k/labels/train/10029.txt,CubiCasa5K/labels/train/10029.txt,raw_cubicasa\train\10029.txt,train,750eb207f23acaeb0c38e33862ae8f08318ec2f65ab1d5ba27205ed7d9609edf,d9e30e81805b5cee317409636fe79a03fe91c5b4dc32b0d81ac1d4852899f640,True,False
cubicasa5k/labels/train/10034.txt,CubiCasa5K/labels/train/10034.txt,raw_cubicasa\train\10034.txt,train,30ed68dafa849c95004e183bd196c079063b471162b13fc74cb8542c5a81417c,280ba731d1d854f121e0ba3077c6e99579e964501c68557dfe4f9dd07818189f,True,False
cubicasa5k/labels/train/10035.txt,CubiCasa5K/labels/train/10035.txt,raw_cubicasa\train\10035.txt,train,9c31ab44654fa4d7d29f6cc108c8c218c0a85d1bb82951d54e232b50827351cf,eb59a94bd21f1c9f376c0ec8b105f705a7df0b6407131620935cb0a782b1c4d7,True,False
cubicasa5k/labels/train/10036.txt,CubiCasa5K/labels/train/10036.txt,raw_cubicasa\train\10036.txt,train,93306d487d43df211cd33985c0dd3e24a63360edae9c02d1780a3ac20f4ed055,834871538b741e69e6d0fa718d8613c7c62343e9dc7156422ca30ff175ac73de,True,False
cubicasa5k/labels/train/10037.txt,CubiCasa5K/labels/train/10037.txt,raw_cubicasa\train\10037.txt,train,f9247554b698af87d1006372d3a6e0936042e1738ed48af3aaaaf224d2c4bbf9,085ed0c6d0e4f263c1b313e23831240b51255f8250fb0169508df57487aaa9a9,True,False
cubicasa5k/labels/train/10039.txt,CubiCasa5K/labels/train/10039.txt,raw_cubicasa\train\10039.txt,train,27ed3536a54dd374708b222ad3d133302aba9d50750d8e1851759873adb31b8c,242cdd7bbba2d30f900b76ba45b8b0ca37c510872b39e81c6ed3c69e5191d5d9,True,False
cubicasa5k/labels/train/10043.txt,CubiCasa5K/labels/train/10043.txt,raw_cubicasa\train\10043.txt,train,d1af05346a034771d2acd52c1d1089671593fc77cc0d580c2930c1ffd88fcdb2,831506bb9e37c73cbf318be76f2c05f323c11476c2b7b0576f3d9a9a468ccda5,True,False
cubicasa5k/labels/train/10044.txt,CubiCasa5K/labels/train/10044.txt,raw_cubicasa\train\10044.txt,train,55f855d6abae029fe9fcac660a34753e7d0b63fe7891e583de22c33be66457ee,7ed839fdcafcb8d274ec45f6f605cabb3c4e707b34eee164f9a5a3906af9f252,True,False
cubicasa5k/labels/train/10045.txt,CubiCasa5K/labels/train/10045.txt,raw_cubicasa\train\10045.txt,train,ef4df5b1ddab0d6d0620e8222ff8b2d149205a0af55fead3b3d005d4f56a0bc2,0507d91dc2aea348867893afe6f45eed0b8bffdc6a801fa91b9c4134999d6e5c,True,False
cubicasa5k/labels/train/10046.txt,CubiCasa5K/labels/train/10046.txt,raw_cubicasa\train\10046.txt,train,ff275f0c42228d3e96d8131b49b559e6e3f429e5f5c115f12492fb7af3adffd8,3b9f87f81bf15a44128cae42b6490b097fedb1b30a505ca1d74a64849cf034b5,True,False
cubicasa5k/labels/train/10047.txt,CubiCasa5K/labels/train/10047.txt,raw_cubicasa\train\10047.txt,train,b00b4c199012efecc14a23059a9bfce448fe435459a9c46a49aac06a75b8639d,2c1dcb634be1e27ea333af26adefb1012318ccff2fdf5ee88a97bd98c7c607ae,True,False
cubicasa5k/labels/train/10052.txt,CubiCasa5K/labels/train/10052.txt,raw_cubicasa\train\10052.txt,train,083c964c0f1aa59c9b1390f01e637743e36561dbbe473246c3c583f4d6cd4be6,eab533cf7806cab83f36344348c01d8c854e01a7ac40b1e70168a91c99fa77a7,True,False
cubicasa5k/labels/train/10054.txt,CubiCasa5K/labels/train/10054.txt,raw_cubicasa\train\10054.txt,train,759427bd88652a94a1174a8848f3fdb46dffc0a88ab14b0851187017641c5d6f,1135f8eab87b92c655f1a3dfb4d926eebf5ff53d975e95eb66a81bea2c64da2d,True,False
cubicasa5k/labels/train/10058.txt,CubiCasa5K/labels/train/10058.txt,raw_cubicasa\train\10058.txt,train,2eb9032024bf83f6852fd0d978e44e9a9dfde02bfbb738a447713365c85116d0,e3a6e947b1ebb4963f372b683710b875421b4f64bc962b3669dd0cfe4a6f7a80,True,False
cubicasa5k/labels/train/10059.txt,CubiCasa5K/labels/train/10059.txt,raw_cubicasa\train\10059.txt,train,d9cd8dbd8a91a9b5cec9d4bfda6d5eb4888ee4e0c8b6ef8600a54b7f7b85d401,cf342fe8515453f18da496ba199385152a1a494db337dc576092eedf7310e638,True,False
cubicasa5k/labels/train/10062.txt,CubiCasa5K/labels/train/10062.txt,raw_cubicasa\train\10062.txt,train,173956c5a619643a39caf602d82c971622105dbabb8e7d17179530e5c6080202,bfb585d70b6c4a2fee7502b158c9dd3a0a2330d652245289b54670c0b562e532,True,False
cubicasa5k/labels/train/10063.txt,CubiCasa5K/labels/train/10063.txt,raw_cubicasa\train\10063.txt,train,eb91cade68047132755502ed1747562feb77697ecb832354c80e1dba38a6f916,302a030d7858e149e42086b417dfffa222930a1b35d735ba3fc6628174078f57,True,False
cubicasa5k/labels/train/10064.txt,CubiCasa5K/labels/train/10064.txt,raw_cubicasa\train\10064.txt,train,4088223a777388ad9bac65726b91d85ad11cca7af278ace417a2e7e5fdfffc12,d58254dba25b5eeab1da41aec9f3d78c7758fb15aa0ea4a28dc6f7199b130d6e,True,False
cubicasa5k/labels/train/10069.txt,CubiCasa5K/labels/train/10069.txt,raw_cubicasa\train\10069.txt,train,35b1d5e8afb1a5c1848f1cd7f4b9d7072c8924528486fe57c76dc20caed32ccc,8d6fdbc5343b4763f8fc93570968d3c8128f5420192d54cdb65d0f6fcf920800,True,False
cubicasa5k/labels/train/1007.txt,CubiCasa5K/labels/train/1007.txt,raw_cubicasa\train\1007.txt,train,ef90b0ffddc16823b0649adbe3600a898c59704824ef41050ce72005bb6df70d,e42bba1897d78fa1cf9ac022c57f3491c069e09bdab8e7712b7cbb68a78e22cd,True,False
cubicasa5k/labels/train/10070.txt,CubiCasa5K/labels/train/10070.txt,raw_cubicasa\train\10070.txt,train,d698cc4c0088074bc3e308c2e42b65b4b3438e67dfa2854a3675be0494365744,75523344e7c40647f2aae891b1036ce3245d25fbfceb1a04abbf69162f2aadb0,True,False
cubicasa5k/labels/train/10072.txt,CubiCasa5K/labels/train/10072.txt,raw_cubicasa\train\10072.txt,train,cb8a95a0c1db3bce7aa9c0221cd51f9b80e00ad001e897e7c06c6b18b388c91e,d4586a2ef71b53b16b54d0ecdc126ce4b569c2c87545395928aaee16f1db35dd,True,False
cubicasa5k/labels/train/10075.txt,CubiCasa5K/labels/train/10075.txt,raw_cubicasa\train\10075.txt,train,74927d07c3e11bcef63ae804542934a7cbc4d687ea7fab5b4a0ddd9c98aee49b,1ada572d11a3096c8441f766a3bb68d5a63304c4d338c6a365b76ff454ea1293,True,False
cubicasa5k/labels/train/10080.txt,CubiCasa5K/labels/train/10080.txt,raw_cubicasa\train\10080.txt,train,c25937c36c3df2815420d8bd6fcbbb6bff0c6c550c9c7180b83c28add3cd3b8d,69e0b490315d4ff2738a95a73e75bd79e424382b7d51644a1cb9770783768574,True,False
cubicasa5k/labels/train/10083.txt,CubiCasa5K/labels/train/10083.txt,raw_cubicasa\train\10083.txt,train,ccd477716f57c2992282e8b3fd313d11d7778debe80934286738d6ab44147fd9,62a3bd3328d4c69f3fd514ff587a9a64aaf068b4d3ef4e0e9d9b043117f39c14,True,False
cubicasa5k/labels/train/10084.txt,CubiCasa5K/labels/train/10084.txt,raw_cubicasa\train\10084.txt,train,a3256a08e13d1ab5b26cb54e9baaaa740df90247057124802ad93970cedb2c7f,54b753f94db6ec4abb9de1e5ae021722a3d14df540156aead03b9ccbd1f3a0d9,True,False
cubicasa5k/labels/train/10088.txt,CubiCasa5K/labels/train/10088.txt,raw_cubicasa\train\10088.txt,train,1ad0eba5e60390ded253d0c7c2a7912a3b55e6147da392c59616cf0e9e84341e,b9aff6b11d2399d7e96e4a93241f337219e7b30fb2312813cc3a76178b2e8cea,True,False
cubicasa5k/labels/train/10089.txt,CubiCasa5K/labels/train/10089.txt,raw_cubicasa\train\10089.txt,train,2aeb6f56125e05ecd422e96c092d3c3559fe58c250a9afaa16f0d17bd69aa114,7525802fb1f55e62ac276b2b2439353648aa16c1edd1aa60464853ba14895a34,True,False
cubicasa5k/labels/train/10092.txt,CubiCasa5K/labels/train/10092.txt,raw_cubicasa\train\10092.txt,train,d4c3608727d4202cc26e515a7d20b535fd07f52f02b3b67cdf7d28501ffb4227,a03ff0d385a5e4ba5fbd75e5a9480990ae49d90f0470e4ff6ab75b0a0313f826,True,False
cubicasa5k/labels/train/10095.txt,CubiCasa5K/labels/train/10095.txt,raw_cubicasa\train\10095.txt,train,5f62fd8ad5430d91c12df436c7bf8de9d74692c5de37ef0e4fabe27182f4aea1,4a09296b414a5ced8c69541a91acc34f0559dcb81facfe9d4d6baae75aedfc2b,True,False
cubicasa5k/labels/train/10096.txt,CubiCasa5K/labels/train/10096.txt,raw_cubicasa\train\10096.txt,train,ce071c6dd9ead554049aee987aa5d1c406416954f5ad2d33cf3b43aae0d9566a,d307fb83c3a7d7532e96d21a0262279dbfdf07d1887f8e49a19037ed58e3e8b3,True,False
cubicasa5k/labels/train/10097.txt,CubiCasa5K/labels/train/10097.txt,raw_cubicasa\train\10097.txt,train,f72b66f6c294eab59a5b8fbc358080a99097c1fcc6b5edba1de35a37f1960ef9,67ed83d372a8825f52b6c1ebb7dc0f350e8615333c999e847b567c8cb43e5aee,True,False
cubicasa5k/labels/train/10102.txt,CubiCasa5K/labels/train/10102.txt,raw_cubicasa\train\10102.txt,train,089e5f2a395ff58b014ff179393ba79ad3a7651a5f79b3ddaeba44c8bcfc7258,c883638a76e2665e46fdfb9cab3e7074eb586d638ae83517dabab1d00a10db73,True,False
cubicasa5k/labels/train/10105.txt,CubiCasa5K/labels/train/10105.txt,raw_cubicasa\train\10105.txt,train,88043af055bbb9eb278915e403e043eceabdca154757544eef91fe10adc863db,8ea6b4d80a8b4fc5df9088b857ef428d858a8bf47a4791919dd503f5efa32af3,True,False
cubicasa5k/labels/train/10106.txt,CubiCasa5K/labels/train/10106.txt,raw_cubicasa\train\10106.txt,train,1f904d4a3668caf39c8de9e3ce1c345c1771757977c3bd5800ce8184ba9b0d3d,b1daa17900a9ce837ec6739a0aeaeac89b737bcf07f2149e9bd18c8e3bc8beb0,True,False
cubicasa5k/labels/train/10108.txt,CubiCasa5K/labels/train/10108.txt,raw_cubicasa\train\10108.txt,train,a65c9f8d96ca488d2fa34d71c9fe44c5ab73f7acc3511fdb01cfb753c67e884f,e63c8a312a2eceb84aba89f8966e091965367618963f362f98819416f613a4bc,True,False
cubicasa5k/labels/train/10112.txt,CubiCasa5K/labels/train/10112.txt,raw_cubicasa\train\10112.txt,train,a8263baebfa25e409fbe1433d2d1067ab3560608678f7a66e82c7748d770fd2c,f180242068fbad95de11d87af59750ce3fd4bd3e0f587ea35ef1a847bbfbca0a,True,False
cubicasa5k/labels/train/10113.txt,CubiCasa5K/labels/train/10113.txt,raw_cubicasa\train\10113.txt,train,98a6b74aeee5ec960b08d682a0675e2e42e52f640e6a5e96b79435f8f98f60c1,1dbd07bd55365892a38cf370aba3925f6c08179d8f7aa12517b8919e5c2ff2a6,True,False
cubicasa5k/labels/train/10114.txt,CubiCasa5K/labels/train/10114.txt,raw_cubicasa\train\10114.txt,train,a16f872119f17b15d176c48cdaca580f35254eec29ca79ad7201bb44de0e5d3a,fce3459cf806d2c47c636bd37a013ef6706278e11f2b098a1850d94ed0ebf30f,True,False
cubicasa5k/labels/train/10116.txt,CubiCasa5K/labels/train/10116.txt,raw_cubicasa\train\10116.txt,train,79a0296324561ce304848e4d4e1c2f924551dfa4ce36ae6617a5774def7d28f9,16bb62cfccb2e8c5ef427ce34775b72d957453c678aeb5ae22d8329b2054d345,True,False
cubicasa5k/labels/train/10118.txt,CubiCasa5K/labels/train/10118.txt,raw_cubicasa\train\10118.txt,train,0280874acdd670b88be7514074ce8fddabe172743db1a915bf225ec3b30e7413,0c919aa5c01bba50a9ac01345606180bc55e5350bc2bb8a5183e6a448c9d9dfd,True,False
cubicasa5k/labels/train/10119.txt,CubiCasa5K/labels/train/10119.txt,raw_cubicasa\train\10119.txt,train,57cb70abcfe0dafe9e0a091328b0e5874de48bc5523bed3b42832c6776b03b44,7e9c47e1fcebae3a03cbc026f457c1bdd3b4e72cecd2bb94464b81203192a616,True,False
cubicasa5k/labels/train/10122.txt,CubiCasa5K/labels/train/10122.txt,raw_cubicasa\train\10122.txt,train,16584ccca31d15a56c0099f4719421ce0f0a325d6a167d313d1a98515bcb0888,f2b15ddbc4ac400b0cf88bfabdcf07e3d776b29d33d3e78b1b26a1f39b1d54af,True,False
cubicasa5k/labels/train/10126.txt,CubiCasa5K/labels/train/10126.txt,raw_cubicasa\train\10126.txt,train,b41a787c4df745781e86a518a8405a524a03021c659493978d3ac70b8b8a652c,8406ec9cfefbddcf798c03f0ed2dc46218941a78f0dbf52987416bdf5db7cd7f,True,False
cubicasa5k/labels/train/10127.txt,CubiCasa5K/labels/train/10127.txt,raw_cubicasa\train\10127.txt,train,397d2ffac8f2b767c81298675103c198656b78700a0dfb5416d0634ddeca1061,16d2548ddffdf77a82595ca9eba1d393b1649ccb70397072fec8345f86a4ea20,True,False
cubicasa5k/labels/train/10128.txt,CubiCasa5K/labels/train/10128.txt,raw_cubicasa\train\10128.txt,train,bf6f06ec49aec2369be116bf3740504d9412b38d18ffd7e88b6f7a8da798bbaa,2574d98d44e22f29562e5677dfcc6b42036e3bf77b04ddc4dc360ad19b1a86d2,True,False
cubicasa5k/labels/train/10129.txt,CubiCasa5K/labels/train/10129.txt,raw_cubicasa\train\10129.txt,train,fa013646cfb5dab5bc44627aa0253e91ca7cf94680c5f7f74105f897f8ac68a0,c0b87ae691ba6396b8d39ea7e0d6f1eeb7f18c2310a760be2e5baa86aa284d7f,True,False
cubicasa5k/labels/train/10130.txt,CubiCasa5K/labels/train/10130.txt,raw_cubicasa\train\10130.txt,train,bdb97aaf85d46da8151a8b469e0e2966c026cdffc9026e93a71208ab675dd81e,8aa64085ec73af700807eacd8bf65e7ba12441d1538ec77c6ca370e5d016e4cc,True,False
cubicasa5k/labels/train/10131.txt,CubiCasa5K/labels/train/10131.txt,raw_cubicasa\train\10131.txt,train,3c24269cd3a3c6f3eb54e15d7dee4d50c8cd4f9ea9a5ecb38f55c815d447e9a8,867743896add4a31a3dd217e733ed151c13f2343ffa8a8e12f11822b08c60fe3,True,False
cubicasa5k/labels/train/10135.txt,CubiCasa5K/labels/train/10135.txt,raw_cubicasa\train\10135.txt,train,b8b4fe4f47d6c264cfe6cdc14fdf5ea8deaa10366e98f56b3eb8c22ce3552f4d,cd97d1cef8676e45cee7bad746988dd4733694314756e051049b175f39bb0eb6,True,False
cubicasa5k/labels/train/10136.txt,CubiCasa5K/labels/train/10136.txt,raw_cubicasa\train\10136.txt,train,7b9adcb37e791478bf04cd541bcd113325490a8a931db85739e86db5f132e87e,89e4db02a2724115e580b411eb8970d1fd84672f91efa69f520957db82ce7a1a,True,False
cubicasa5k/labels/train/10139.txt,CubiCasa5K/labels/train/10139.txt,raw_cubicasa\train\10139.txt,train,46d126d2da74bd435d69af2c16e0225969ca7155b82074a8427661581a201ecb,6e4ce3767436186fd51a28b3fcfe3babfe43237e44e94e63887e7336c7b26805,True,False
cubicasa5k/labels/train/1014.txt,CubiCasa5K/labels/train/1014.txt,raw_cubicasa\train\1014.txt,train,becb3ea50d782680257cf731942e7c71f3a012066c7bea2e38d967ae229facf1,035a9e65cdeccd7fc9d485a470e3c5806eece6c69ad1b2d04aba79e264a61a06,True,False
cubicasa5k/labels/train/10140.txt,CubiCasa5K/labels/train/10140.txt,raw_cubicasa\train\10140.txt,train,d1694bb44591f74797fbdfc3a9f65309f6114995db403c416c9271c932cde0ca,9eead26cfa81ffaa543790fdb044f8cec4d079a7107479d6af002fb28858e6c4,True,False
cubicasa5k/labels/train/10142.txt,CubiCasa5K/labels/train/10142.txt,raw_cubicasa\train\10142.txt,train,63597b68a4774306ed2c9cd019c738493a38ce503e479dda61f2fa4a73c539ad,48189e694530525960769d2ee8b6a188a75601c57accf19200335c545d30345b,True,False
cubicasa5k/labels/train/10146.txt,CubiCasa5K/labels/train/10146.txt,raw_cubicasa\train\10146.txt,train,8c1c96f05bf60c062c64c85eafcfca038722caa62d33c5c2120e3b7f06619b31,496116b0d3ac4c592a50f988eac8ea4360cba6e537dfc97fb47de585dedd4498,True,False
cubicasa5k/labels/train/10147.txt,CubiCasa5K/labels/train/10147.txt,raw_cubicasa\train\10147.txt,train,47954c1740f7f278c88894365218946cd646fcce5ab79f9a497909470aa8c44f,06ca04868436f53e86b6aaf5974bbebd2e75a94ad200b83cde6d68dac0596bfd,True,False
cubicasa5k/labels/train/10149.txt,CubiCasa5K/labels/train/10149.txt,raw_cubicasa\train\10149.txt,train,5c01030319b30c2e63e84bcc6e1ffb2fffc42d495d4b6f50f9ad8bcd6c5c95c0,0b7c80d3f3bdde04046e69097aaa713a1a84fd9a0a9ff4f9449aa9015d9732c4,True,False
cubicasa5k/labels/train/10150.txt,CubiCasa5K/labels/train/10150.txt,raw_cubicasa\train\10150.txt,train,152d75ea2e6a1ee19d887a89520434fbc1977a4dd6bc2bc860da386ac46f5c2e,fcf50369b78df15e5a6b064300e441f737b9b438c739f46c53711189991809ba,True,False
cubicasa5k/labels/train/10152.txt,CubiCasa5K/labels/train/10152.txt,raw_cubicasa\train\10152.txt,train,3e3c4291df90869b6076523e6935b89ad1fa6a9333b5c83fc155b3ab37f48f96,5a39718a1ce5b24ef338103648a361bc4e46a54cc46bdd3f63264a0c0ff547c7,True,False
cubicasa5k/labels/train/10153.txt,CubiCasa5K/labels/train/10153.txt,raw_cubicasa\train\10153.txt,train,26eb4096c0067d33bdfdff6e8082c24d3c9dfba5de3c644b70d2eab007a13c99,87cd54664f095e48a5348c9a01e3d7ec2a1790c237a2e73ae2c806e177567ad4,True,False
cubicasa5k/labels/train/10155.txt,CubiCasa5K/labels/train/10155.txt,raw_cubicasa\train\10155.txt,train,4c960c45bf92c9804e43ea48affb01a3511a0a1eb0e2e7660db88260b93fc873,540f2099a2fc5235a8e843f2234f06151ef479a9ab1b32755977d1f030a3f0a8,True,False
cubicasa5k/labels/train/10156.txt,CubiCasa5K/labels/train/10156.txt,raw_cubicasa\train\10156.txt,train,c7105564920bca865df97f4f996d90db3ef8dd7392ad05f6753ca73fa4093319,aeee5b6eabe0268732511fd538c63ceaee98f353fe1353a5111ff20a4404164e,True,False
cubicasa5k/labels/train/10158.txt,CubiCasa5K/labels/train/10158.txt,raw_cubicasa\train\10158.txt,train,1691c40c8438fd643bae99a632076390965443e47146f2ff7e1e5996e3d7c3c8,601fecaaf60abec7c290fb7b3d04fbb088c3f8ec75d31736680f8fe1e6b1477a,True,False
cubicasa5k/labels/train/10159.txt,CubiCasa5K/labels/train/10159.txt,raw_cubicasa\train\10159.txt,train,43654eaff6c8bb33b5dcbf12b4e967c47d5d234dd46bcbae89fad604502b7156,622547f7b273137ccdde969c603cca0014534b5c18dcdc6e0f886154627decc8,True,False
cubicasa5k/labels/train/10160.txt,CubiCasa5K/labels/train/10160.txt,raw_cubicasa\train\10160.txt,train,b085a3acc0cd0aa048875e8345cbda1328dcb804fed004c346ff2e4cc55fded2,e80c172d6a7d7b900c82b8080f8c42ad8c984dfe7db91d6ab26a59c0e0274e9a,True,False
cubicasa5k/labels/train/10161.txt,CubiCasa5K/labels/train/10161.txt,raw_cubicasa\train\10161.txt,train,2b3eb738309ab8d983a6c8703482d5f417442827ddbf48133d73df7eb42c14e5,b2300161a1638570545f8d0079524ae3edf66fe75c0733e5a5611863fa97eb8d,True,False
cubicasa5k/labels/train/10162.txt,CubiCasa5K/labels/train/10162.txt,raw_cubicasa\train\10162.txt,train,952ea85338e2df403c59c5fe0a0817f114ac4aec3e39d0b0c60f71c8f8e8c569,087756df1830da686da8eabacc9faa1384303ea1a64742634c7afe8433794d6c,True,False
cubicasa5k/labels/train/10163.txt,CubiCasa5K/labels/train/10163.txt,raw_cubicasa\train\10163.txt,train,c74ef60385de66f209bb1734da7414e40ff84059bf936694ec74d2ba95d9e772,cf6385b85317d2f0bc8eed50801cd0712cbc0ffd702bd1f018de71ed2c0bda4b,True,False
cubicasa5k/labels/train/10167.txt,CubiCasa5K/labels/train/10167.txt,raw_cubicasa\train\10167.txt,train,f7f875fac9a7eee0f8211e5097b5ced52b91b6591ed0090dbf44d1e33e2b4b67,e9c2ea768dcd9eafd3febd063a1af57f6d2440555a30ee22bac8799f6ea9e15b,True,False
cubicasa5k/labels/train/10170.txt,CubiCasa5K/labels/train/10170.txt,raw_cubicasa\train\10170.txt,train,ca0ba06df115d9837093f4158718383df99acfb8e9d30cd5e03706e5329cf089,6cd1a11b3672debbb67b7132d7e2491865ef6fb8798f15662180e6f350126b1b,True,False
cubicasa5k/labels/train/10172.txt,CubiCasa5K/labels/train/10172.txt,raw_cubicasa\train\10172.txt,train,062dca85eddd3de9aaee69cad5938c89fe3f004caadc02d3756fce284b90bf4b,65dca75f026f8b6ea021dbbf00b6fb5e872bcc38e797335a4150452ea70d3c1f,True,False
cubicasa5k/labels/train/10173.txt,CubiCasa5K/labels/train/10173.txt,raw_cubicasa\train\10173.txt,train,cf4afc59430bc552239a15e4bc9ee20ca90a6b54754d24746f87ae45c2add22b,26ad30d14c2e44d684d817a274f53dc683513b116de4f46a659919991c839303,True,False
cubicasa5k/labels/train/10176.txt,CubiCasa5K/labels/train/10176.txt,raw_cubicasa\train\10176.txt,train,113bcc27c182f40f9c0c220a0ebf551e515b165faa4f2625c38743236ebb1f96,aca3920b353e6a930ff0a4d6835e693792a4db76f5544cd566f55672e40526e2,True,False
cubicasa5k/labels/train/10179.txt,CubiCasa5K/labels/train/10179.txt,raw_cubicasa\train\10179.txt,train,9ae79046082432f1d4b8f35dab453ed5f2ea5808a7eebb7cd0e519de3a639f45,63384e1d17714542199104b39cb46afa09e1bdbecfaa24d731ce7838bb153aae,True,False
cubicasa5k/labels/train/1018.txt,CubiCasa5K/labels/train/1018.txt,raw_cubicasa\train\1018.txt,train,a57363e16fa80d81a280ac1556721123395b4d298b2b0110ae1fe946c13ea2ba,3c7ee8c1ba515d2ea05e9a9ba0c2f1f8da703b29c2020b799c2a694ff2a10d55,True,False
cubicasa5k/labels/train/10182.txt,CubiCasa5K/labels/train/10182.txt,raw_cubicasa\train\10182.txt,train,b2298ecda065a353cffbb7628a1d8762e3e4ce0955cdef30aa29a70d5cac4cbf,f3fd8894008512dc9eff1b100a65ed6ecef28c37b69348cf7823c41a08c0d88a,True,False
cubicasa5k/labels/train/10186.txt,CubiCasa5K/labels/train/10186.txt,raw_cubicasa\train\10186.txt,train,557e31273f83c0a1050e5b729ff9f0a2c11e33dfc7d9787d662768ffc70523eb,c9fbc7b13357d33d1ce9890d3a66a05cb1d189e309e28b8f22cd83322988bd68,True,False
cubicasa5k/labels/train/10187.txt,CubiCasa5K/labels/train/10187.txt,raw_cubicasa\train\10187.txt,train,d3f2225ce5611d559d6c3455b75acea1f54aedbf7daa92ff9dc9cbc1e7ec2f9a,bcfddddd498109f4dee2b6c80ccdcfd9e3560cc07f658ce064570ab83b5edaec,True,False
cubicasa5k/labels/train/1019.txt,CubiCasa5K/labels/train/1019.txt,raw_cubicasa\train\1019.txt,train,54311d1cfb71584a2bb8a043738a99dd50a2a7acbb4088e8e5b10a9e06d05439,d7498f3e630fa5421f3d6e1ac3f9a1f67c379efeb708858d9cd8bb82284ff65c,True,False
cubicasa5k/labels/train/10190.txt,CubiCasa5K/labels/train/10190.txt,raw_cubicasa\train\10190.txt,train,f2f1292eda19b60ffbcf5d07dc1dc6e3cf53fb7f170ebccd549b28c393d152ca,6badebaf332e3fbb838a23c30d75a9bf252ee31ee496ff4795bcf3be963bcb1b,True,False
cubicasa5k/labels/train/10191.txt,CubiCasa5K/labels/train/10191.txt,raw_cubicasa\train\10191.txt,train,e0d2614cdc4d4a80c713ac372c4f6c41c54a1c5aee950a6e802d4d5a6c0f9851,0d55b6b77b7883be351e3877faaf6ed8ce649ee9e726860c2b1791d495bbc8ed,True,False
cubicasa5k/labels/train/10196.txt,CubiCasa5K/labels/train/10196.txt,raw_cubicasa\train\10196.txt,train,fedeb4c56beea45568785953f003bcf8820e5ef51a5c8036f9aaf661638e7d58,285651de13fc07fd9a0d933d339d5483a1a5d6ba680dc48cbb48625d88608dbf,True,False
cubicasa5k/labels/train/10199.txt,CubiCasa5K/labels/train/10199.txt,raw_cubicasa\train\10199.txt,train,b8d666d0665c595c605daafeb3ef70e7c66e516d00c473c35cf59dbc2931bb45,4ecba62be95b891a970be92c08f387fa8f832e88f37d15563befeb0ea9d4e601,True,False
cubicasa5k/labels/train/1020.txt,CubiCasa5K/labels/train/1020.txt,raw_cubicasa\train\1020.txt,train,24dc3ddf4fc4b470df91f45ff1beb56bf6cc6b1be0db8042368b4993ffe3ee6c,d5bc30ee33227c5745894b9b9e453abd85ad999336911c9c729c358cd8ae1929,True,False
cubicasa5k/labels/train/10200.txt,CubiCasa5K/labels/train/10200.txt,raw_cubicasa\train\10200.txt,train,fe002bf32b63de5a80cdf55333b08e0331c4d26a8f53b349901bdcdfcc745e4c,b263b6bd4eed35ba06c21d075c3c8cc9b138d61a01bc19ffedbce9d4a84c3a16,True,False
cubicasa5k/labels/train/10203.txt,CubiCasa5K/labels/train/10203.txt,raw_cubicasa\train\10203.txt,train,68b2ff0ff730a6464fdf83a2b20374eb47ee1523e9e822b73cd95e8d125dcbe8,16434e6a0c5bf59b3713345aa82050c1282f4e98474626799c8f01176130de49,True,False
cubicasa5k/labels/train/10209.txt,CubiCasa5K/labels/train/10209.txt,raw_cubicasa\train\10209.txt,train,4902673c34a5b3ca95a1a6afcd26270e62ce51befaa0d2989e1d2dd55854245a,798d2a863709714c2cac26891fcc757cac47887ecd33453e64533729334d6f99,True,False
cubicasa5k/labels/train/10210.txt,CubiCasa5K/labels/train/10210.txt,raw_cubicasa\train\10210.txt,train,cdaeea962a681d749478f638bb97a5dec0a93f75819a11cba76502c836565a28,cb4f2c754b7156daa01fd50695293cde81dae39c16cad6e097fc2123b5d39a31,True,False
cubicasa5k/labels/train/10212.txt,CubiCasa5K/labels/train/10212.txt,raw_cubicasa\train\10212.txt,train,0b735e0ca162d878af7c4321e5db64468ea7215c0e626b52fbff40a9921b363a,39c09919963d4b5041558f828c869399773ba65e9f682c2ba2256673ccbe35aa,True,False
cubicasa5k/labels/train/10213.txt,CubiCasa5K/labels/train/10213.txt,raw_cubicasa\train\10213.txt,train,ba08604a036d67cee79751c7cab2f792d14b9b8951b17b0ae7c6dc8b918b65e8,815c4154142c84d7705215a56718372b2c72cd59a793af0b9713ad12b03b0f45,True,False
cubicasa5k/labels/train/10217.txt,CubiCasa5K/labels/train/10217.txt,raw_cubicasa\train\10217.txt,train,6561e38047861a9f08cd808ba004518d03b73e11443db0abaa8f40bcb4ab3fea,dfc43d03f7ff18545e3ad86db2aee5e889febedccefcc063015ad7005667ae7b,True,False
cubicasa5k/labels/train/10218.txt,CubiCasa5K/labels/train/10218.txt,raw_cubicasa\train\10218.txt,train,3aaf4027c4226e1d92ac2897d5ff7b895517705f3366c08fc0dfe406e39c0bd3,1cc9be64b87ce59f56e52b3445ea91673025c6d55acba58670b6815093b6cd6f,True,False
cubicasa5k/labels/train/10219.txt,CubiCasa5K/labels/train/10219.txt,raw_cubicasa\train\10219.txt,train,fbbb79194049c93216b7b0c9803f9ed0f46ef5f0d8c5c81ca9080a2f048ad355,d468698975ee415fd1d481543330fccebba359ee2856459657c76759a0f70132,True,False
cubicasa5k/labels/train/10220.txt,CubiCasa5K/labels/train/10220.txt,raw_cubicasa\train\10220.txt,train,ead40d39b3cdbec02d78e85c11ccc2e273837c9297bb3df750c2e7db428608ce,6e1126de2f88283801349d6e1de0eee1988b34d603eb1131002806598b30254d,True,False
cubicasa5k/labels/train/10222.txt,CubiCasa5K/labels/train/10222.txt,raw_cubicasa\train\10222.txt,train,53657e73e945a2bb27f321cc76b0dcdcbe3079031a2ed5f8014baa234a43b9cd,c2b0bcc46a25571e8b49c09ccadf1353b5810d052661db4d639d281248445694,True,False
cubicasa5k/labels/train/10224.txt,CubiCasa5K/labels/train/10224.txt,raw_cubicasa\train\10224.txt,train,21873b1a31be226b2f760727919f54739b23374226a60553f486216934e6e65d,6c31d17acef1f1243f3ee3494f6631f2eca2c8f5fa82e0fc83bd3a478663d2a9,True,False
cubicasa5k/labels/train/10225.txt,CubiCasa5K/labels/train/10225.txt,raw_cubicasa\train\10225.txt,train,20f2be98b360359c8e8326ff26bf6799f0358c4f8f1963f746bff0fcd7519706,7ba3dc7f3fa6a989222d291d2547d7e9f75691de07c2e84a62507fc0194ef23e,True,False
cubicasa5k/labels/train/10228.txt,CubiCasa5K/labels/train/10228.txt,raw_cubicasa\train\10228.txt,train,f087a98fab6879fed45f7670bf2c09bcaaf4673eb5853b0b88acadfb75d0f200,5a1b19200c4459ec21362589855127786d75b59389683736652b9cccbae0794a,True,False
cubicasa5k/labels/train/10230.txt,CubiCasa5K/labels/train/10230.txt,raw_cubicasa\train\10230.txt,train,1967fc23704f6965312976344ecf148b034d0b6bf805a464f99e9db99838fb0a,1141ecc49db52f8207b0df8b1843068e2447d5a4698b7b4c899343dcf871388b,True,False
cubicasa5k/labels/train/10231.txt,CubiCasa5K/labels/train/10231.txt,raw_cubicasa\train\10231.txt,train,8683764e4ed9cd6b271a83ada0f33a12fd14f16236f38d1d80c5875e84308702,3a50480e1c4cbaf860ac4a8cd97c3d7b931c05158b9de3d4120b43697b7cfabb,True,False
cubicasa5k/labels/train/10236.txt,CubiCasa5K/labels/train/10236.txt,raw_cubicasa\train\10236.txt,train,aac617f7f90023ed60543b443227967c61fed0c27bb1b5648b521213f2eda045,5bf0b74f9137474952e0f60271b64b5443ca61cdb2f4af4b11e427a303da6638,True,False
cubicasa5k/labels/train/10238.txt,CubiCasa5K/labels/train/10238.txt,raw_cubicasa\train\10238.txt,train,ffd446aea910573fa74606dc11675b41c2772e3619be8b486cb41700289010d6,8fecf7c0272a15e30bea572682d9ca5033b41f73a3f19a60b378dc4ffa7141bd,True,False
cubicasa5k/labels/train/10240.txt,CubiCasa5K/labels/train/10240.txt,raw_cubicasa\train\10240.txt,train,a73d4fb234a388b5acfa1d83dee1cf4d58b9b1a890511af82eaff04c1ac08710,0476b7dda4a833102b14c9b33ec4906b61dd759bc2f571475d7ef1c72644586f,True,False
cubicasa5k/labels/train/10241.txt,CubiCasa5K/labels/train/10241.txt,raw_cubicasa\train\10241.txt,train,d77210443556f2daeb4cf825276b56a7b1e498ab9c9b64c5e42eb115a80b62d0,ad72f58e1de59e45df936c272c9ed927bf2ad9bca108f1a928a8ca3728a4136f,True,False
cubicasa5k/labels/train/10242.txt,CubiCasa5K/labels/train/10242.txt,raw_cubicasa\train\10242.txt,train,6bd9c5c430bc56483a6295ab2c329bb35626c1482d21b7e427da4e369f9525e0,0a17f01c9f2e98ca76705894702bf8b0a3b381781148cf7862752bdcf5ffaa47,True,False
cubicasa5k/labels/train/10249.txt,CubiCasa5K/labels/train/10249.txt,raw_cubicasa\train\10249.txt,train,cc2cbdf41e8a579cf6f18ed78963162528bcf1c5b143895e614c74bfb7e11f41,fd9e7eb1ae7cd9690ccaac47c1b8c30da75742518e9c98ab472bfc6541adb3ed,True,False
cubicasa5k/labels/train/1025.txt,CubiCasa5K/labels/train/1025.txt,raw_cubicasa\train\1025.txt,train,5628019d3f348171d005f90941c83914391c4f59774da801594082d82643c184,7f38d760268170e35c363de438f77f08cbd4c628e856f3a3eaee8e5d5681fd4e,True,False
cubicasa5k/labels/train/10251.txt,CubiCasa5K/labels/train/10251.txt,raw_cubicasa\train\10251.txt,train,31ead304c0c40aff034837ea9756fbd230d9dd19cbd130370244f65811010dbe,36b5dcd69cb8fca4ec3174d253d41eb22aba07616fd1161581be41b11e476a43,True,False
cubicasa5k/labels/train/10252.txt,CubiCasa5K/labels/train/10252.txt,raw_cubicasa\train\10252.txt,train,a53bc4bbba6a60f637aad01dff6940092dc3485c6797351bffed6634e4cfa1e8,d6dd6eb622d566c3f59a61102cd928146c78ff5f283fc3f0552baef961f87684,True,False
cubicasa5k/labels/train/10254.txt,CubiCasa5K/labels/train/10254.txt,raw_cubicasa\train\10254.txt,train,fe3022f625847ef9c79cdffdaa98301ba5a4744a3459ced7618e3d343ad2b5d8,0ad9d2463914ff821db5ef75f792d27df89ab8c04d0b41cc6a6bfc0d495ad69d,True,False
cubicasa5k/labels/train/10255.txt,CubiCasa5K/labels/train/10255.txt,raw_cubicasa\train\10255.txt,train,be567bf91b99a63d4cf0508be67c64bf00ba1ce525255eee600ed13dda7236e7,e108b445b52ad453527199e7dd11b48d92adf9bebdf86faf4c810489086b29a0,True,False
cubicasa5k/labels/train/10260.txt,CubiCasa5K/labels/train/10260.txt,raw_cubicasa\train\10260.txt,train,12a261e217a3980fd80cc8fe245837d066f25fd9e96d6c87388c591ede08dce9,98e0cd038e374f82152d332e5bbeff66290b3fcd83ef9743537fd49eaac8faf5,True,False
cubicasa5k/labels/train/10262.txt,CubiCasa5K/labels/train/10262.txt,raw_cubicasa\train\10262.txt,train,fbc0f176be5bfeb040007f6e06ff8cea6a453ffbb944c60ab761b27164433e47,96643a98afab1233f9446ad8cf99512d9e3452cd2e247417626bd21a3207fd0d,True,False
cubicasa5k/labels/train/10263.txt,CubiCasa5K/labels/train/10263.txt,raw_cubicasa\train\10263.txt,train,401f5fa6477d93b9a5bbcb8b156bcfde2eca6e2bd33c44c182ef9872972a564f,fd2e8c748e29ccccd065e6b91505e3e90fb3fb406bd29507e2e37c647addc7df,True,False
cubicasa5k/labels/train/10266.txt,CubiCasa5K/labels/train/10266.txt,raw_cubicasa\train\10266.txt,train,a999397e027bb1b5ccf1d4601ef876cb3e04f8ff332917e1a16b84012fadd452,24508526e2e6e51d40e37ccfbc484f5ac65d6a31e7f4a4f442700fe6eb1d0c51,True,False
cubicasa5k/labels/train/10267.txt,CubiCasa5K/labels/train/10267.txt,raw_cubicasa\train\10267.txt,train,eea5b3283d180c09b784a57f1ba363d1d9eb4421a89c1bf962ca246b8e69eeab,c1505109286f951ec879890a0070563c77715202913b0aa980e74c481092aae9,True,False
cubicasa5k/labels/train/10271.txt,CubiCasa5K/labels/train/10271.txt,raw_cubicasa\train\10271.txt,train,e32aaa7455c3e446f41f21d2d027ad8ce4ba7f3f8d2f0ba6a0c04dcb8e5f0afa,96719901043135df55a3a5fc2cd5826d8b85fcd7b2aaf1361ec319a0a7c6238b,True,False
cubicasa5k/labels/train/10272.txt,CubiCasa5K/labels/train/10272.txt,raw_cubicasa\train\10272.txt,train,04d288bd7b5563bbed2c41a5ca5c6a8a0d6d7fb368aadc4f037d69cb39ac7094,6748dfdd50b2660b2fa1ce6fbedf78421c73c92efe5dd02653abaa580f6685e9,True,False
cubicasa5k/labels/train/10274.txt,CubiCasa5K/labels/train/10274.txt,raw_cubicasa\train\10274.txt,train,08fb44d1c9e834575b706f19df4fe0ebb6fcb08b17f3e94da687b8e314baeb60,4cb70f374fa610834074c81e20d5d6b8c56de955a039772ba385963db987490e,True,False
cubicasa5k/labels/train/10276.txt,CubiCasa5K/labels/train/10276.txt,raw_cubicasa\train\10276.txt,train,823e8f22411dd838370a12ffc2eda02760ee9f413f50e7dde8957e6cb80c1e27,6205c032b9ea62d5de23552bf6c0b6efbc1db9394350dd05aa4502474ecdaa96,True,False
cubicasa5k/labels/train/10278.txt,CubiCasa5K/labels/train/10278.txt,raw_cubicasa\train\10278.txt,train,a9a021db8fedd9ff7900490122614316d27d456e5e1e2a1fc49c2f575622a99e,cf78b8bcce8d7df7d5284ec6f92541e72462b58471085058d244a8d715d97a56,True,False
cubicasa5k/labels/train/10280.txt,CubiCasa5K/labels/train/10280.txt,raw_cubicasa\train\10280.txt,train,997abe52c655da8fa829d21778c66e80f5793ad8f0beea9c336cb2b0561302ca,efe9d1fdad9b8f8c4e1f31a8cb85856465d2e3fbb2e8220b2c5624e775497531,True,False
cubicasa5k/labels/train/10282.txt,CubiCasa5K/labels/train/10282.txt,raw_cubicasa\train\10282.txt,train,0a3d77226991a727734372156a76ce95b94075137639e53affb3284ec578e8cd,a1057d137e016517af8eb054bdc60f92d615b2a210839f8eabd83e1cd748710c,True,False
cubicasa5k/labels/train/10283.txt,CubiCasa5K/labels/train/10283.txt,raw_cubicasa\train\10283.txt,train,d9c7fcf1ba866746b9121a0be6ea9e12c3f0d9efb0bf8130dd7ef7b6d61f5c09,bf2abe77bb5063d21d338ce18cbf16ac9bd57a8bd75c77508932df25628652e4,True,False
cubicasa5k/labels/train/10285.txt,CubiCasa5K/labels/train/10285.txt,raw_cubicasa\train\10285.txt,train,379b54db72a5757e8a3a9b25f69d76a11ee2cb5f046e57a38d8e9a3f8af2d5f8,5c851d05020f56436341519a9d1fc446a6914c01e41a6a50830c4ed551200bde,True,False
cubicasa5k/labels/train/10288.txt,CubiCasa5K/labels/train/10288.txt,raw_cubicasa\train\10288.txt,train,018d714dfbb2821615e32c23a4db7c177f53032977aa7e9be786d959d973aab1,f357582b3ce98c7117e8194796e04a05876fca4e5e84d7a5cfa78f2eaf496ade,True,False
cubicasa5k/labels/train/10289.txt,CubiCasa5K/labels/train/10289.txt,raw_cubicasa\train\10289.txt,train,5bc72f53889a217dc79470433a15fb614626cac13c9e40b474eb178f4e39d74b,bfb7a7cf66558f976abd8bc6e8b76d1241d5cb8e34b8b5e6ba452b4b4bd0fb8f,True,False
cubicasa5k/labels/train/1029.txt,CubiCasa5K/labels/train/1029.txt,raw_cubicasa\train\1029.txt,train,b67e4dc7807186708134a210af880935d12348a8de6db80e69ab6667ff04fa5d,1d7d854b37229e4f6d785c50fbb0e7a37554f00ceefccb758cc53f99c026cac0,True,False
cubicasa5k/labels/train/10290.txt,CubiCasa5K/labels/train/10290.txt,raw_cubicasa\train\10290.txt,train,e1938a1bb81dcc5123c993746f146e5ddb7c54b445fa9f337c6e275459533d20,8590d35759513210b7c27193236d175c623420fcf387144a4d1ad65159aba02d,True,False
cubicasa5k/labels/train/10291.txt,CubiCasa5K/labels/train/10291.txt,raw_cubicasa\train\10291.txt,train,6e3a753b0f77ed6ea01bef602b289ec86a1d65d8f1ae3da5da30cb8607062775,e4dc8acc49ccaef78aeee45581cb413daf58512ced9cbee1616b1156ad1f560d,True,False
cubicasa5k/labels/train/10293.txt,CubiCasa5K/labels/train/10293.txt,raw_cubicasa\train\10293.txt,train,9b7277a56ba57972865286ae0a337f5f27bdc89b4fb2f896b77232d067c81c21,7efeeb5f3e48ab13c76dd9f5080a08e7d2b93fae67c55219d3868b5816e0efcc,True,False
cubicasa5k/labels/train/10297.txt,CubiCasa5K/labels/train/10297.txt,raw_cubicasa\train\10297.txt,train,efcfa0be757ccc01a0be3211ba500405d6ebb8df3a80024418b47af31ee72d6c,6cd07e3242e453948e3d68637f031ec18c9fc1e88b701ca970c039b48989a94c,True,False
cubicasa5k/labels/train/103.txt,CubiCasa5K/labels/train/103.txt,raw_cubicasa\train\103.txt,train,db3e035df401e9aacca672a344a6c6bc642d45bd9d52857677ba7ea42635e646,b700c5e2799a76d0cd905821d4591e762ddcad7659950ed400338591178a6de9,True,False
cubicasa5k/labels/train/1030.txt,CubiCasa5K/labels/train/1030.txt,raw_cubicasa\train\1030.txt,train,294d3a90ac8a8f126b7b802976174788865a1ac7f1e2c5b5cdfbb68ac8f1a1f2,c496231add1cbe3b201a30c70b7b9a2025d4ed0703f63870ea3424eb358f25d5,True,False
cubicasa5k/labels/train/10302.txt,CubiCasa5K/labels/train/10302.txt,raw_cubicasa\train\10302.txt,train,e947b0c4de1c668f816ff30b5ad2c97104c06dffcb73390e542b61834f0992da,11a33fd9cdf5ae2747cc5d782cc6f7fa49164eb0738958ea04fdcdf4a11e9e13,True,False
cubicasa5k/labels/train/10303.txt,CubiCasa5K/labels/train/10303.txt,raw_cubicasa\train\10303.txt,train,235ddfb116cf95565728ec7d62f07e2c22e94e5b9f1ca619bf66f0141eda0fb4,400f9243aa1332072dfb353e16cd5c583ef04744b33e0ade5570d09b1acf167b,True,False
cubicasa5k/labels/train/10304.txt,CubiCasa5K/labels/train/10304.txt,raw_cubicasa\train\10304.txt,train,ab2cd100a7217733c75266bf67e5d2a77410029947e1d413a3eb4083ff38110f,a690ff7badc8d1438a5ed33a3bc4680dbb3ff830267f06302a10452231b1ce26,True,False
cubicasa5k/labels/train/10306.txt,CubiCasa5K/labels/train/10306.txt,raw_cubicasa\train\10306.txt,train,228dc6c01eb29656b61af68f48d5c5a2e4e7ba006217bb04dbce152eb7ad739d,00b66c5a91c9d71cd514ec896dfbed3a6a8171b11194d2bb2d1608c768bd50ba,True,False
cubicasa5k/labels/train/10311.txt,CubiCasa5K/labels/train/10311.txt,raw_cubicasa\train\10311.txt,train,a6688ae312082031a37f767f058c8a7219a83f927cafbeb1892ec8fd46332b3a,a2d57ee3023c8a279b4cc0dcf1697212371f32cd34d28338ba030deb72dfe6e4,True,False
cubicasa5k/labels/train/10312.txt,CubiCasa5K/labels/train/10312.txt,raw_cubicasa\train\10312.txt,train,2cf77af973b8d7c1629ea7986cb43b66e4d7978e53a9714fa4792938e1e336f5,1098bec6d735ffdf20aa17ec56869456575b7a0d04c7fbe7feaab4c686dfe918,True,False
cubicasa5k/labels/train/10315.txt,CubiCasa5K/labels/train/10315.txt,raw_cubicasa\train\10315.txt,train,022676507f9f949cb839288fa6296f08c9f20cfc7d9d22dd8bf218beee9ab246,b50567edbebbb30f21453c701faf0e5865bf30857c4011581bd27091f47563d2,True,False
cubicasa5k/labels/train/10323.txt,CubiCasa5K/labels/train/10323.txt,raw_cubicasa\train\10323.txt,train,752d63faca8c950d7a1d93f1f77389f438bdd62bda9836cb848511e202d2650b,9e1ffee75fe732157a37e29402d0b12a60b0c51d8a14890e91dd8f1ba98a0bad,True,False
cubicasa5k/labels/train/10328.txt,CubiCasa5K/labels/train/10328.txt,raw_cubicasa\train\10328.txt,train,df6f757b89fab1b46e59d909552fbd1b90abdb391b40833d6b8942387130356a,e7a051beec63162f7b6cf94fd49d3f42cd854b917cc991827db1cc92b0164255,True,False
cubicasa5k/labels/train/10330.txt,CubiCasa5K/labels/train/10330.txt,raw_cubicasa\train\10330.txt,train,7bed301bbaa54cfc74d81c73ba0028895eebb245f5be817932398c94aab039c3,4942f2bc9e916297a4dafded263d4639411c70363690d8b84df98cf642960745,True,False
cubicasa5k/labels/train/10332.txt,CubiCasa5K/labels/train/10332.txt,raw_cubicasa\train\10332.txt,train,493227ccf819e633d566d5a0d44aa23b08d7b969bd812228a817c0a384254931,08d59226d2cbfeab2324e3c7d127e6d6e9aebf609cd633b6b9e3b11413e85ef9,True,False
cubicasa5k/labels/train/10334.txt,CubiCasa5K/labels/train/10334.txt,raw_cubicasa\train\10334.txt,train,b3e9a64d43e8009e18d3af30047b2cdbc6a65e9947273c23756d646a1914a04f,a968b8344a824bf7d3c5623c436611c015c707120d11b6bc1567a6b870e1ec39,True,False
cubicasa5k/labels/train/10340.txt,CubiCasa5K/labels/train/10340.txt,raw_cubicasa\train\10340.txt,train,d4bf5023c859ce4eae4f324826983a6935393025cabf2b0851d06e2673c87a00,9e3d5886ba9ec2f8db816f0d6132531b164261fb3247fc65b5337cf86cdc3a79,True,False
cubicasa5k/labels/train/10341.txt,CubiCasa5K/labels/train/10341.txt,raw_cubicasa\train\10341.txt,train,af3b9e038c9d7d03a8b894f975db65d0f7cb819d4f5f174ace6f3f24833dde9e,5f18984f40046855f46124bdead06bbfc2c9b839e012cbf6ec4b64a7ae658996,True,False
cubicasa5k/labels/train/10346.txt,CubiCasa5K/labels/train/10346.txt,raw_cubicasa\train\10346.txt,train,ef2d22fdad3157f6ea2b1476a10a2871e4103810d28cc670a20469599db743b0,afc758ab84c08035d21cc33c22bdcdce3b9306c9598d4ebe4703858660574190,True,False
cubicasa5k/labels/train/10348.txt,CubiCasa5K/labels/train/10348.txt,raw_cubicasa\train\10348.txt,train,401e6d9318b7974d2eaf19166436c2b12eec73df38ca83af52ba6d301276f0ef,a71b71f1aa59f2118bc9786ac7d10422dff41974e5985104bd3abf39561ef5a3,True,False
cubicasa5k/labels/train/10349.txt,CubiCasa5K/labels/train/10349.txt,raw_cubicasa\train\10349.txt,train,216442ec9baeb2fde6597bc055175b1e3f669896c6dc2c44bbf729aeb6bc78b7,948132695b1261cc7519214a7a7dad6ba2a6fb2494df9b666f03688849ada3bd,True,False
cubicasa5k/labels/train/1035.txt,CubiCasa5K/labels/train/1035.txt,raw_cubicasa\train\1035.txt,train,1ff12f5176aee5b1c82859c471befa37889aaab19029e0090a3164f6e1ec854f,0970c5e0a5d7d23c201fe5101dd9b076adc31d9d37d8ba914c94b84a2e1b95bb,True,False
cubicasa5k/labels/train/10350.txt,CubiCasa5K/labels/train/10350.txt,raw_cubicasa\train\10350.txt,train,c40c688ea8766049b2777a37dd6786f8208bba5089693b1226b78844fc24b4eb,4c129021e6ca66b7173f8da72be084ac79f4e63524d5c3cf2890230520d1712b,True,False
cubicasa5k/labels/train/10351.txt,CubiCasa5K/labels/train/10351.txt,raw_cubicasa\train\10351.txt,train,c9e7063e113247bb195e4108152eee7d0b7537625a8dd4aa9a9e57d62d485bcc,14273c9f47874dbfc94bd2868ef99dc60a98a988895a46ad6d59bd8dcdf5d3b6,True,False
cubicasa5k/labels/train/10352.txt,CubiCasa5K/labels/train/10352.txt,raw_cubicasa\train\10352.txt,train,bfb16eddddb4f60bc4ff6260a03da9ea9d682b1036c6e62e83daad3667e4c4a0,9feb5d50295b3ea3be6d2c46136ed7f639c30774dbd91bbb3c586b73727770b0,True,False
cubicasa5k/labels/train/10353.txt,CubiCasa5K/labels/train/10353.txt,raw_cubicasa\train\10353.txt,train,ebf7943b2b1ff3b8f6a9389776ccd5ca1ed5935cccc18081b71464e59eb67b5b,70b0795553a588c10fbf496e1c8a91ccb0d01b40383a761e43b70d22b3999e84,True,False
cubicasa5k/labels/train/10354.txt,CubiCasa5K/labels/train/10354.txt,raw_cubicasa\train\10354.txt,train,ed0449402ac01f8094e2a63dd440f8e97ee991775e9f3b9e881169e44c2826d8,b80e61ed6eab1699e8193c463bf6c265fb556f5b39eabc340165726606285bbc,True,False
cubicasa5k/labels/train/10356.txt,CubiCasa5K/labels/train/10356.txt,raw_cubicasa\train\10356.txt,train,5f67e834b4efeb1955adc1062de210a515173aa7f589c216f24b21e2f3afbb32,ee97814de798fa9c311c27d44ccf19f525e3204c22220ee13e2e91a89d276ad5,True,False
cubicasa5k/labels/train/10359.txt,CubiCasa5K/labels/train/10359.txt,raw_cubicasa\train\10359.txt,train,1a26a974145aea141d8580a26c91427cfd7d8b81a77ac3ad23bfe2d2c800c91a,070dec08f04dfeefb8c1a6e8610a7762be5c64d855e9aa5cdc07433a4bc16454,True,False
cubicasa5k/labels/train/1036.txt,CubiCasa5K/labels/train/1036.txt,raw_cubicasa\train\1036.txt,train,579ab8710390ec3f70843cef598569ca424f5e6b02f94e3a11b286be32cc504f,80d2d3edbe28f047b6e1df4ba2a8ed15d5213f742a3938e01c9d2361bd94290b,True,False
cubicasa5k/labels/train/10360.txt,CubiCasa5K/labels/train/10360.txt,raw_cubicasa\train\10360.txt,train,cf03bfb7a7487c4df49f4a77b2a1be7271d95fe6c5947214e3dd2688aa65ed05,d09ee05307e1b5f4f898ca81f4cc0878599ac9a7666ac2d3d9c0117ad1a416b0,True,False
cubicasa5k/labels/train/10361.txt,CubiCasa5K/labels/train/10361.txt,raw_cubicasa\train\10361.txt,train,743cba7a73cfa1fe1793ab09d8c63b263de8777da7cd714fa7cfd9ed0d43954f,a1b22289b34a2f1f4496a05658c2f1627e8e92374044fab4a36ca03956f4042d,True,False
cubicasa5k/labels/train/10362.txt,CubiCasa5K/labels/train/10362.txt,raw_cubicasa\train\10362.txt,train,9dd64c7bb1c9d835c3a47a0359e32cb059fe2105e1aa8c0a49873ce7ed176572,ba15e8a20c26c5631a7e4d585adebad967ba445d1735dba422e8bda538144798,True,False
cubicasa5k/labels/train/10363.txt,CubiCasa5K/labels/train/10363.txt,raw_cubicasa\train\10363.txt,train,fefc3558c273eb54903e24bf187c9386525497051377db401e0839aa41209947,5ebdac762ce937bc7fb334705d9b3c68abb20389372249dcfad6a9d1b9689306,True,False
cubicasa5k/labels/train/10365.txt,CubiCasa5K/labels/train/10365.txt,raw_cubicasa\train\10365.txt,train,9d0698b242c19a06a12410e55e27ead374115ecf8f4eecf6720390ec7b253ea0,e938a961f2ca8f91922221151abe395df22215a783a695b4942b8a3ce06b874d,True,False
cubicasa5k/labels/train/10366.txt,CubiCasa5K/labels/train/10366.txt,raw_cubicasa\train\10366.txt,train,885e35cc492cfedea8a8818f177be08b806900684d64b3f6a332f3a809e08d43,48b3ed552f60aee91dccc83d17cecc3bc2bd7628cb60f04b02158163e5531805,True,False
cubicasa5k/labels/train/10368.txt,CubiCasa5K/labels/train/10368.txt,raw_cubicasa\train\10368.txt,train,8242620b6ef6bdc112badb194711213b9b8bd92c15f06a69bb3fe89e39f12b23,5d0498fe3f7711fbf705eb9f3ea1db6b7f6ea555061c9a0e885b9cd835f3e8a0,True,False
cubicasa5k/labels/train/10369.txt,CubiCasa5K/labels/train/10369.txt,raw_cubicasa\train\10369.txt,train,3867725eb0f4db0e0df551840e24e25daf4054fb52153644fced466b60c84b29,9bdee8b274270574261b247de1ff0187a17748d61f5d31992869de077ba8d07d,True,False
cubicasa5k/labels/train/10370.txt,CubiCasa5K/labels/train/10370.txt,raw_cubicasa\train\10370.txt,train,dfc95ea3aeb331108009c60563c62294d061151ff2fd6f64fa14a4d1cb1590f2,3393c182f26892069fa289d3f1c2b5a6e318ac6eab306d9c23f6f756b17b76f1,True,False
cubicasa5k/labels/train/10372.txt,CubiCasa5K/labels/train/10372.txt,raw_cubicasa\train\10372.txt,train,d542b9301894e7bb78875af000ff0c375625c11bd515f664fb72f18bcd649fc1,1a2381d7a08014a01f13ebcf690e0addc11a7f97ff466f9843554634220319c6,True,False
cubicasa5k/labels/train/10378.txt,CubiCasa5K/labels/train/10378.txt,raw_cubicasa\train\10378.txt,train,73aaea4ef5ebc94b43da135072ec25ba19c2d551188a8b55b65a9dd92279e4c5,428454eab8d5e27ac81a712cc258333feb9bc61d3bbf6f9ec24eb60d8c9267d8,True,False
cubicasa5k/labels/train/10380.txt,CubiCasa5K/labels/train/10380.txt,raw_cubicasa\train\10380.txt,train,d1ac431daf20f24f4e5a4bcce674d2d01a57fc8a4e59dea45a33b352d9d12b23,5d5d080707abc83dbb6508eefc71454977f8ae92b7f85cbfba9bae319389ec02,True,False
cubicasa5k/labels/train/10381.txt,CubiCasa5K/labels/train/10381.txt,raw_cubicasa\train\10381.txt,train,95f5851382370c6eccf79714b020caf3daf72f32508ed5d304bbf61e1b3b7b29,988c825e0584f7131f60df01c59e6a1ae4f1270f265b280b114f662f23965d60,True,False
cubicasa5k/labels/train/10385.txt,CubiCasa5K/labels/train/10385.txt,raw_cubicasa\train\10385.txt,train,8076d491c084b253ad8ea6dda370f4185bb4cc7ec84c0b33a18092a53fb2a872,212bf19d4a2ab9ef20e9a4ef8365b12c406e3f9d7d792f48e1a2d1aa678f3582,True,False
cubicasa5k/labels/train/10386.txt,CubiCasa5K/labels/train/10386.txt,raw_cubicasa\train\10386.txt,train,11df75e2eda31634cff4c4be71d96dab370e34ca4a2ea2a6514a807e41ca8af0,b77ff0a4535a47179b1a27e44da3df1c6c8b23f575cf6b4af2058a0bf60f4361,True,False
cubicasa5k/labels/train/10389.txt,CubiCasa5K/labels/train/10389.txt,raw_cubicasa\train\10389.txt,train,ebd57a2744769ee44e140b44c61739b5f730893c380f7542da316d9314630781,468d515e7c6639f0896ee467a74ae911a1b8644f8b70ee6f58bf2b8e88d35215,True,False
cubicasa5k/labels/train/1039.txt,CubiCasa5K/labels/train/1039.txt,raw_cubicasa\train\1039.txt,train,fbb42dbeb06a7bca4228bd1a0cbc9e9c72755515a793112a0aa92abe4b8e6dd5,106a73d6b5bf2028f8e2abfcde02395e2a7051eb6a4d978441fda086479dba10,True,False
cubicasa5k/labels/train/10391.txt,CubiCasa5K/labels/train/10391.txt,raw_cubicasa\train\10391.txt,train,c7f9e0672d099f84b1743ebd890c6d50917ff70b7c1ad53c0b11a2ce5fa65571,2bd69f6e149e0a8bbd195e01924edda538ad56d1cd3c49769efa7f6d8725a909,True,False
cubicasa5k/labels/train/10392.txt,CubiCasa5K/labels/train/10392.txt,raw_cubicasa\train\10392.txt,train,d6b90231063d5e6ac78e3df4437937e2bde894e5510482e361ab58ed83eafe11,71a4918f8b4879ea971b5f5e986bf0b9c083ce9b7e63901dcb0f982a0bff1995,True,False
cubicasa5k/labels/train/10395.txt,CubiCasa5K/labels/train/10395.txt,raw_cubicasa\train\10395.txt,train,adca0d7ace52148da4c2453d34190aed6687b28e216d344022a22b4b0c6fd0e3,29a20fdd261ad872286f0a61e8f60d5a99203ef66f18ae9498f09caa36a3f5c2,True,False
cubicasa5k/labels/train/10397.txt,CubiCasa5K/labels/train/10397.txt,raw_cubicasa\train\10397.txt,train,c1ba3bd2bf66bff223730de96179c8d78ee54e483aeb10789237b224fc046251,87c8ab5d80ae5207bfcea3867c23e34b1fdafb388b0faffac2e241515061e1d2,True,False
cubicasa5k/labels/train/10401.txt,CubiCasa5K/labels/train/10401.txt,raw_cubicasa\train\10401.txt,train,c83142795e7eb0b8e91545032ffb9743f3db33bd24d191eab915726ede54c0c2,e0e46f528083ee37b69f88fb72842bb65dbbbde7b69ffd10a3a0d77d78c912c1,True,False
cubicasa5k/labels/train/10403.txt,CubiCasa5K/labels/train/10403.txt,raw_cubicasa\train\10403.txt,train,aa6a715282a3330397c9cd87bdd3e2801b79c43beb72bb6931d372ce1f51cf5f,2e3c3787adc4d7e26aa5eff753704b7866f39ea906d51bfc99e614d265052010,True,False
cubicasa5k/labels/train/10404.txt,CubiCasa5K/labels/train/10404.txt,raw_cubicasa\train\10404.txt,train,ffa9b20b2ee7d0b1b74d37f91fc47bfbafd74c01db7b344004d9f38415c9a3e0,472d2a21f019f43bb934e14d26be883c579f9a14208ceccd553414118eafa087,True,False
cubicasa5k/labels/train/10408.txt,CubiCasa5K/labels/train/10408.txt,raw_cubicasa\train\10408.txt,train,bda3e16d274a7476a32b355904035ae8305641b2df7d8bd84efa5dd99549c5b2,0dbe4db40c30bdf65e902a4da8f94ac7c29e5dbe6d249b546e00bda0b4a5d105,True,False
cubicasa5k/labels/train/10409.txt,CubiCasa5K/labels/train/10409.txt,raw_cubicasa\train\10409.txt,train,fd06894bfbc90dd019506cebda867fce65d77ef7f839716737bdb2192778f647,04dbdb32fe81b2232b0299e11d34c2b06217ca5ceb9ac0aba786efe0d6018490,True,False
cubicasa5k/labels/train/10410.txt,CubiCasa5K/labels/train/10410.txt,raw_cubicasa\train\10410.txt,train,b6b763e030b6371892b7c72400bb8dca5541853aca1fe10b66eccaed35386d35,9e7d849a65b9f220694b90ebf1ac7995cd7898d590fb6e5a1c2b4caeaf37ab82,True,False
cubicasa5k/labels/train/10411.txt,CubiCasa5K/labels/train/10411.txt,raw_cubicasa\train\10411.txt,train,db7bad0373dd21c93fe8ece20bbbef6a08a82b7f9b6486b3da8f894c5162ea2b,8c9e5c5722e2b9e428f9f23d061c9a6a2a7a09f06ab8c17f398c948e0e41ead7,True,False
cubicasa5k/labels/train/10413.txt,CubiCasa5K/labels/train/10413.txt,raw_cubicasa\train\10413.txt,train,fbc7597f8b357164ef011dc613d8c52f94b8fc1083ba32bf5bdabbf3922a598f,d23fc1a4a5f7a59a97d88c54ba57ae0b9caba60d6ca6f376d8cba767e7fd5f10,True,False
cubicasa5k/labels/train/10414.txt,CubiCasa5K/labels/train/10414.txt,raw_cubicasa\train\10414.txt,train,14341066f24a8fa574e9205c44bc8a0fa55ba952755cc22d8fcf4030e183da87,5e761b27e299ecfaae767484a17e7387bc091c2d71074723db595cdda93ae444,True,False
cubicasa5k/labels/train/10415.txt,CubiCasa5K/labels/train/10415.txt,raw_cubicasa\train\10415.txt,train,8ba8c095bfcec5785d520b09c77bc261788ea9978da39f03b05f18f902213405,83bbacd9c6a3d916b9ae535b0f1bd415a6d08fb101acfc6d59517969840f30a8,True,False
cubicasa5k/labels/train/10419.txt,CubiCasa5K/labels/train/10419.txt,raw_cubicasa\train\10419.txt,train,9c9a974d55178910081cb3fc6ff9a063c5f3a1866c9c9113ecef68bf3dc76892,62cbc219c86669b5dbd6557d228e5fa5193493e384d2908c90586d219ee49bad,True,False
cubicasa5k/labels/train/1042.txt,CubiCasa5K/labels/train/1042.txt,raw_cubicasa\train\1042.txt,train,9ab1c14186fb0a8a2bcca1d147e487b5e62abbb6415359449ce52ac939c42af0,92eb5e078f05ee93f51609f84ce368c0ccaf0cbf7b803b4f1e884f75d4d4b5d2,True,False
cubicasa5k/labels/train/10420.txt,CubiCasa5K/labels/train/10420.txt,raw_cubicasa\train\10420.txt,train,a4e47c0b33ad79a8cda40fa23c09f69336e8c6a64a909529a3d250dce0925047,0c69a1fb83c187eacb2ca60f5707f4f3e9202ac1e25e26aaa9efba75fe4209b1,True,False
cubicasa5k/labels/train/10421.txt,CubiCasa5K/labels/train/10421.txt,raw_cubicasa\train\10421.txt,train,58244e5f2f2cd8735142f48a08d5277ef3241c4239457beb6506b947ba1237c7,6320e07285c76ccb7e4f58e609af25587d0f40c698d16ed017c3f7e7a0b0da3a,True,False
cubicasa5k/labels/train/10422.txt,CubiCasa5K/labels/train/10422.txt,raw_cubicasa\train\10422.txt,train,21acc7a3ad4b3ffa6340ac8a240c4ac56501db4bf6c9a8bc4bcb7cd2bca645bf,92873b540ed60033383fdae4f48556da78c4607b9bf5266030bc1c26262ba032,True,False
cubicasa5k/labels/train/10423.txt,CubiCasa5K/labels/train/10423.txt,raw_cubicasa\train\10423.txt,train,6b45e0670828743f97381ab267166a4428787bcb893c2e854bd51ee141e8cace,fb027ef4992139f59fe9599e8cff7e40794f48c8308d916e93379bfdc0f32c69,True,False
cubicasa5k/labels/train/10424.txt,CubiCasa5K/labels/train/10424.txt,raw_cubicasa\train\10424.txt,train,8cfb271957a2fd8041125b21161e66387f4e3493045c3c7806070a912aca7bef,569065a9d6d6624e3aab62da6719b044a66b62456628a767d1cf1a2837a4ec58,True,False
cubicasa5k/labels/train/10427.txt,CubiCasa5K/labels/train/10427.txt,raw_cubicasa\train\10427.txt,train,b48279c7b425b5ca9773b635ebafcf9616de220039f9a9ce9e10d9f710819d2c,8eb3d667a687bb77d50e1856d77731bc1447f9a72f81e19dd85f9adcb7da3233,True,False
cubicasa5k/labels/train/10428.txt,CubiCasa5K/labels/train/10428.txt,raw_cubicasa\train\10428.txt,train,fe1f4e683dbfa4d2256d9c9c7a2b2ed21566ac31eacf57a75eb3fa3fb3af8ed3,1f42421fb1ae96ee74dfe927a86e0e8432506e53e21e3c297101640bad55b790,True,False
cubicasa5k/labels/train/10429.txt,CubiCasa5K/labels/train/10429.txt,raw_cubicasa\train\10429.txt,train,202eedd3ddcac9f22efef4da37685202f416d4a4a25bdc0b46bcfce6921e5ddf,ba8de1981c77da3b46ef22885e05ba7e72116124748fd15b6ed59ffdcc24efdd,True,False
cubicasa5k/labels/train/10432.txt,CubiCasa5K/labels/train/10432.txt,raw_cubicasa\train\10432.txt,train,42b645ce01e2ba5d2282bd5f6ec8d010d81bdb20040d46a0c46f713d3dac8aa6,36dfb796161bf684e80d0c85167c7675f7de35c08ab98ae1b1d66ab9c04fed6b,True,False
cubicasa5k/labels/train/10434.txt,CubiCasa5K/labels/train/10434.txt,raw_cubicasa\train\10434.txt,train,acdb854a1dc0eaff852c3fec04c36201525340f5f814d3f7eca2a97e8a168bf9,7888db96f8aae0f8f315c5e7c90b9024f3c4bb3cea5f8b18fb3f03121070104e,True,False
cubicasa5k/labels/train/10435.txt,CubiCasa5K/labels/train/10435.txt,raw_cubicasa\train\10435.txt,train,e0a1664f922a2bf874a66b049e44d5d6dc2b826d49f233173e396425805ff90d,291f01938f43d69946cbf172a459ed95a33f3eb2029ee94e86eba38aa2332a39,True,False
cubicasa5k/labels/train/10436.txt,CubiCasa5K/labels/train/10436.txt,raw_cubicasa\train\10436.txt,train,becb18b1c29e36ea595cd92eb4088925e5400ec7e2acdcc428636c485fcc49e4,aa56601b7cb801d80f96d1f90cfa9dd87cdd6d034a7ca194964f649f4c655377,True,False
cubicasa5k/labels/train/10438.txt,CubiCasa5K/labels/train/10438.txt,raw_cubicasa\train\10438.txt,train,0161e34a485d2f957ae06681df164f81a9d5f09634a0fc4e27263a3bfd97811a,ac8e712fde90a891000ca42aa3a3e0c3bb17e039a6165696e348dd5eccf78287,True,False
cubicasa5k/labels/train/10440.txt,CubiCasa5K/labels/train/10440.txt,raw_cubicasa\train\10440.txt,train,838436cbb3e7c14ebba07d0796383467b412378d4b17cbd82efd400970342f85,9d847ebac156e401284cf9c6e3a5936b17a34cf28023a950beeb45c298a820f1,True,False
cubicasa5k/labels/train/10441.txt,CubiCasa5K/labels/train/10441.txt,raw_cubicasa\train\10441.txt,train,251a5c4968436335df9fcef867f847d804dd3a1a7c943ac5e6a720e529146828,5c9617c266783c0cb76c273815dd2a55f427a824547c2f205e2654a5f70b0f75,True,False
cubicasa5k/labels/train/10443.txt,CubiCasa5K/labels/train/10443.txt,raw_cubicasa\train\10443.txt,train,c18fdf5dfce0488b42dac0bf9bf2e3cf70a9fc736cc49df017273af69c7b69fb,841af241db60777652b0177de95610b2dc948842fb0f6d2ad9853d9e5cd357cf,True,False
cubicasa5k/labels/train/10457.txt,CubiCasa5K/labels/train/10457.txt,raw_cubicasa\train\10457.txt,train,5d011139c1eb9ab822cbd6daf1bf46a5ae4a603d07ff1af0a095eee407c4698f,a26aa179fe98d7ea33703c53739eff752fd4a73d9dd2bc3817f2242941653349,True,False
cubicasa5k/labels/train/10458.txt,CubiCasa5K/labels/train/10458.txt,raw_cubicasa\train\10458.txt,train,676018cf1c09041754f5ebafda5a85213a709f1f3cb5c54c698048eb03c28282,c90bb61214026680c9db3b518527ea24ae6471129a33dae56a1610a626498ed0,True,False
cubicasa5k/labels/train/1046.txt,CubiCasa5K/labels/train/1046.txt,raw_cubicasa\train\1046.txt,train,628378bbebea07469f50e64c2c7bd751aff4b77831e4b3d5265691e5d305df58,38ad593397f8218c7d46637ae6b433a15f7771c2c18419dd9e3a96a1097b7929,True,False
cubicasa5k/labels/train/10465.txt,CubiCasa5K/labels/train/10465.txt,raw_cubicasa\train\10465.txt,train,ff0c86bfa067e4e9eee4193b32541e5a7a198783d3033f4a9a962e2f3a12444a,cc40e1218e2f073c00a1b993bb07f4c6459334da80e3311c34a9ed8f285a35ff,True,False
cubicasa5k/labels/train/10468.txt,CubiCasa5K/labels/train/10468.txt,raw_cubicasa\train\10468.txt,train,a0257811f997a5590082d53f3ea71751efc3b1f2348bedab3fa9a212d836a973,23e5ddee362271bf847add30013745c3edd5e4108317aec77b73deff99d2ff59,True,False
cubicasa5k/labels/train/10469.txt,CubiCasa5K/labels/train/10469.txt,raw_cubicasa\train\10469.txt,train,391237b9c3e0c6acd740c9a11bf5b055db5706606d6cfe5828755f6407a89d5c,7a5c1a188c1903b1bc095592211b37f4725c19f8907896a28da37fe9bdf34310,True,False
cubicasa5k/labels/train/1047.txt,CubiCasa5K/labels/train/1047.txt,raw_cubicasa\train\1047.txt,train,fc0d1382fd7543bdeed708bc8d0d53609b94136dccee5c8117f381efe18938cd,bebd7df8484a53ea2da007d2ecb09db0c553e4c837ad46163bf7b45a79e5e7d3,True,False
cubicasa5k/labels/train/10470.txt,CubiCasa5K/labels/train/10470.txt,raw_cubicasa\train\10470.txt,train,f98e8a34dfe6cf04ccc79738af3ce86bb10f6c7bee98e9a63c3207cc22d98804,894a5dc4e66f5108ffa6b0490af18693ef647362fcd6bd1de7b569e9e79c2a89,True,False
cubicasa5k/labels/train/10479.txt,CubiCasa5K/labels/train/10479.txt,raw_cubicasa\train\10479.txt,train,f0d1f70e0e6217db2e78f5bb93f957a372800b860b6a829c8700ce76267f4202,88229bd9372a9a97cffbda6a12fbb78c92992621d2ae4ce50b274f625fc7ba6d,True,False
cubicasa5k/labels/train/10481.txt,CubiCasa5K/labels/train/10481.txt,raw_cubicasa\train\10481.txt,train,c64972fa950b522bd20519bc7e4ce680db61b966ede01f79d52b5dea8ccc865b,4c11e93c3b7180d10cb30f55583431b02b793ebda9a72c03e53a332f6f514883,True,False
cubicasa5k/labels/train/10487.txt,CubiCasa5K/labels/train/10487.txt,raw_cubicasa\train\10487.txt,train,7f923adde7b7b78bc90666825a8b737600203ae45663fbc7eeb125bad94b88d9,57f07c9f1e74eb66f2f5d53219c6ae4d461f38958b700a72b9f1da766f9bc9f5,True,False
cubicasa5k/labels/train/10489.txt,CubiCasa5K/labels/train/10489.txt,raw_cubicasa\train\10489.txt,train,14aaafbaa95f776e1547dd000f89462cd40105b1bef9477dc53d95d5444bf747,37e20df76e86fc922a6cc638dd26803c596444a253599ebc0f4d98a2d824fe77,True,False
cubicasa5k/labels/train/10490.txt,CubiCasa5K/labels/train/10490.txt,raw_cubicasa\train\10490.txt,train,553af0bfc89fd7425587275ab0232b77c0bff8e21ae6f90296323a7f12cbb5be,b04ce75cdb41973c0c1e96c4a198f56adb0d5508ce012847d33fa878cf7b3f5a,True,False
cubicasa5k/labels/train/10491.txt,CubiCasa5K/labels/train/10491.txt,raw_cubicasa\train\10491.txt,train,87a19a8481843037339750b5e1cd44d429fa0b569b0c2e607f77425baedb2831,9b69cd478134343f768be19fc6b77b904f9c08dbfa3a39f884f61a9b533ea884,True,False
cubicasa5k/labels/train/10497.txt,CubiCasa5K/labels/train/10497.txt,raw_cubicasa\train\10497.txt,train,949874b3fef7393a27e1022d2fc3b541899778e8861020f1d8167a5c4617ee8c,bde79c522eeec3041e62aba531259da0c1aba3ece95d13b1ce9db90bc8ffbe65,True,False
cubicasa5k/labels/train/10498.txt,CubiCasa5K/labels/train/10498.txt,raw_cubicasa\train\10498.txt,train,abd3567457f5b61b8c7698c0fa5cf390631e0585131d7ccb5e918ee2d33cdf40,ec5f42baecf7d62ab664b265d06776e3fa9c3e2356c83ddd461ce296ca7b3433,True,False
cubicasa5k/labels/train/10499.txt,CubiCasa5K/labels/train/10499.txt,raw_cubicasa\train\10499.txt,train,a333eb423620acd44a285e1bd7d7eed3cdbdaf76ced5b69f56d80999ec6c2275,eccb4c3b457af3c3cfdfba3367ba0ff94279244d0298fabc6d20c6209c85977d,True,False
cubicasa5k/labels/train/10500.txt,CubiCasa5K/labels/train/10500.txt,raw_cubicasa\train\10500.txt,train,6548278d11a21a17de45464d6a40d5afb733e4f610c88d5cd8d7532ba8bae514,63b91777764f581baf1cdb518d6b1569cfe21d07d61d8200a30ac582eee7361c,True,False
cubicasa5k/labels/train/10507.txt,CubiCasa5K/labels/train/10507.txt,raw_cubicasa\train\10507.txt,train,ca1790915a31d75b1b70b9f17103467fb8cdf816180a1e1e0025e2fb96524836,7206bd576d0d8d239d7785c55440bc8e3605a29a5bfc766aaaa19309740a2315,True,False
cubicasa5k/labels/train/1051.txt,CubiCasa5K/labels/train/1051.txt,raw_cubicasa\train\1051.txt,train,a94e99588723242a79399248030e6cefc37fa2c6654ccfe5b76399a2fc7cc956,64d4c4694275fa8eebf88537e3c078c2ceb1280375ef9568c899b027cc0230e4,True,False
cubicasa5k/labels/train/10510.txt,CubiCasa5K/labels/train/10510.txt,raw_cubicasa\train\10510.txt,train,4c95f7f99ce80a316f5ecbf52b12a12460cf9407bf9f68a57340f9a131c9eec1,90f6c26f714f77b026693f2eb282037da96ea541774a0edd07e7a09350e9f97b,True,False
cubicasa5k/labels/train/10512.txt,CubiCasa5K/labels/train/10512.txt,raw_cubicasa\train\10512.txt,train,6509a06fbfe7b1433a28bda6edbc5fd153949af2e2a14adfa52c39af32f0e701,cd9f4481ae4d1875d29765bf8ae87e521357c218956813e13caecfe752557a41,True,False
cubicasa5k/labels/train/10515.txt,CubiCasa5K/labels/train/10515.txt,raw_cubicasa\train\10515.txt,train,d00b33d1e9c6c65944b9bd6277f65fd36396ab12cd75d4c65306979bc9a7b9bf,88e627916e4b86d9d0c01a228a48264c144387d38d6f70ded340f617e2aa1f0d,True,False
cubicasa5k/labels/train/10516.txt,CubiCasa5K/labels/train/10516.txt,raw_cubicasa\train\10516.txt,train,5dfbc453a8579b1d99b59cb6528b9b621b6e293038c67fea05443433b6bb11f2,ed1cd709c411411dff60e267c319ae526719c1965e9ca23a03034d1a36b6999d,True,False
cubicasa5k/labels/train/10519.txt,CubiCasa5K/labels/train/10519.txt,raw_cubicasa\train\10519.txt,train,f9231019008676245a8cdb453dc1560ee9799d8f03c0925a82f6e276d37a75a1,f86cda1a916f5ac4d9fdc286b7478f056e8a90cc3e757537b2a7ec037f17baed,True,False
cubicasa5k/labels/train/1052.txt,CubiCasa5K/labels/train/1052.txt,raw_cubicasa\train\1052.txt,train,ed1c073e459c2d158fe28adbccd9800c5f6ee722ee1fc55a4265dd1728b6bb09,f2bbe16f359d3836b1b27401bf9b82ddb70fad76e0c55d61d529156c92563ba6,True,False
cubicasa5k/labels/train/10525.txt,CubiCasa5K/labels/train/10525.txt,raw_cubicasa\train\10525.txt,train,5879319d16caec2292d02b11a49a1be9c8eb5b365d8b3f1133ba1fe49fde6e36,b7acb0e9ac6fd4c55599570366213ca07f32c1dde7582dd131e4da223199ec8a,True,False
cubicasa5k/labels/train/10526.txt,CubiCasa5K/labels/train/10526.txt,raw_cubicasa\train\10526.txt,train,1f48761e31d12269c0ef9872fb0fb32d46a3e75681d00cc6a7150870718e06f4,b74087373ab06a22774e87f898dda8e7ddbe5a71a8f3e9edaf18f40e269106d5,True,False
cubicasa5k/labels/train/10533.txt,CubiCasa5K/labels/train/10533.txt,raw_cubicasa\train\10533.txt,train,6ba966cb0e29d9a241aed4137d47d71134764304f2cbebce1b46c80edf8f5d65,c1cce08b7ed081067c80508c12656dc27ecc79455191852ec25d966fbb7404f4,True,False
cubicasa5k/labels/train/10538.txt,CubiCasa5K/labels/train/10538.txt,raw_cubicasa\train\10538.txt,train,60c097cc5fec40add331751a5514e00afca9a12a734356012a5070479e54cbe8,b6ada8dea06eb08e11f47692a173a367628359886fa6797ddf921478168278a0,True,False
cubicasa5k/labels/train/10539.txt,CubiCasa5K/labels/train/10539.txt,raw_cubicasa\train\10539.txt,train,4a580ddee1ab8d31a637c01ff085e7b604e8888234fea639788560e9f51651f5,43ea4d353c8c62884e4a2dee01a0dcab3911aa15635cef15e592048c2faad41c,True,False
cubicasa5k/labels/train/10540.txt,CubiCasa5K/labels/train/10540.txt,raw_cubicasa\train\10540.txt,train,71b556d6ffa31c08b08242d856a4ee1c047c374f30d1def2fb279e2305bcece0,5226c055ee3be433502c8bda0b33603956775ebd37c4cdd78b45d06d8289365c,True,False
cubicasa5k/labels/train/10541.txt,CubiCasa5K/labels/train/10541.txt,raw_cubicasa\train\10541.txt,train,ddf49a858e83198c86557614917113af6f0b5bab5016b2462abe9ec74debf06f,70f312e0e963496374188ce247e27383aa0908ceee20b01bb11eb0a368f7e3f2,True,False
cubicasa5k/labels/train/10542.txt,CubiCasa5K/labels/train/10542.txt,raw_cubicasa\train\10542.txt,train,928fd32499b5d1d0486bdb1174547be37fee084a0e02db269364a52d2ef7714b,2d9a9b928eb323315cc35db382582fcef8076058bead4f49e4212d5e7b63b6d6,True,False
cubicasa5k/labels/train/10545.txt,CubiCasa5K/labels/train/10545.txt,raw_cubicasa\train\10545.txt,train,24b95eb432922c996784dadf3a6a8fb5662b53bcf9b9a05101f96eaa34489bbf,36b4c60a5fee8216d958b81caf4a7c481ac5c4a7edd833da954aed8171e093be,True,False
cubicasa5k/labels/train/10547.txt,CubiCasa5K/labels/train/10547.txt,raw_cubicasa\train\10547.txt,train,1801e88e9a75fe6a3d6d79efb76898079a587b57010f02d03a8bfffaf4e1f4aa,356a0cd1dcf56102286c342a6f60ca2c2c9f9034828a79d7d885c2d198839062,True,False
cubicasa5k/labels/train/10549.txt,CubiCasa5K/labels/train/10549.txt,raw_cubicasa\train\10549.txt,train,c4f7ebc6c61e1f01ed77a7de12c62d4db8bc96665cbf70affd7fa9a09c66ce59,a0bc32d8ba4ec4c02e7efa46f6095b488b57f3d0422842f6e6b86d65a22a70e0,True,False
cubicasa5k/labels/train/10552.txt,CubiCasa5K/labels/train/10552.txt,raw_cubicasa\train\10552.txt,train,2a734c0db59e1d8f39ac3adf23c9c02dd465afd337302b13b1d1c24f322360aa,71703472e0b487c850b037a502cfc0cfb0c7a0b9e3d6682a3e49aff6e3ffd519,True,False
cubicasa5k/labels/train/10553.txt,CubiCasa5K/labels/train/10553.txt,raw_cubicasa\train\10553.txt,train,f1fd88fc5165200e66d39c13867fa3b5f8caa1bcfb0f6147c6599193e0a3089e,8cf6f9f30c8ba5ed165b9085d1c5076ca60ad403389b1530e5fb12a6e65b212c,True,False
cubicasa5k/labels/train/10557.txt,CubiCasa5K/labels/train/10557.txt,raw_cubicasa\train\10557.txt,train,ee4bc76b2850fa1bc258a583344829009bf4f1af09a3b1d8d8924ff79b07be03,0a33b3b678f1b87d7bbbd8932e42663aa2c0fd9240b82451af474c504b93ac10,True,False
cubicasa5k/labels/train/10565.txt,CubiCasa5K/labels/train/10565.txt,raw_cubicasa\train\10565.txt,train,9426de632a2b0824bfdb4d86d36ae1c4376ba5f173e982f24fe9c304080c3ad2,8796b2e058780cb7ad9087a867dbbd149dca8179a7dc17a2bbb5b36c1a4ec544,True,False
cubicasa5k/labels/train/10567.txt,CubiCasa5K/labels/train/10567.txt,raw_cubicasa\train\10567.txt,train,bfffc3b85276b7b04470c93b785a3781e154372f6acd7d282957384c5dacc38b,1260810776c75d58705a0275679350b2219048689c1ee571c3caedb8b5b4af09,True,False
cubicasa5k/labels/train/10568.txt,CubiCasa5K/labels/train/10568.txt,raw_cubicasa\train\10568.txt,train,07ac506204b26c1a118f3afc5e3f06f3f6a7043c74701856c1c028cf0fe67f40,2b4b956875334ba78f621b8951c66fed24ee0873b1ff8be7293db383a766b9b1,True,False
cubicasa5k/labels/train/10569.txt,CubiCasa5K/labels/train/10569.txt,raw_cubicasa\train\10569.txt,train,907fa2ac6f750de66a9b57684c18f95d76179ca9b2f1898500429a5de10c045b,c365f955d8354d4f13c77fa4d1d91ad83ea5fd5dd7dd86edcb4a8ae6c9b66895,True,False
cubicasa5k/labels/train/10570.txt,CubiCasa5K/labels/train/10570.txt,raw_cubicasa\train\10570.txt,train,a4ee6746ec3318c0e3af62514f435bd49d873b93c2dd1169577caebcfb779d74,96a846ca3e1b2124821ff1950eddde7a805b83b4415eeae0ab6640d2c8c4d600,True,False
cubicasa5k/labels/train/10571.txt,CubiCasa5K/labels/train/10571.txt,raw_cubicasa\train\10571.txt,train,ef577dd3b5be01913b60064c21da172c4ea9d6bf1e292b24ff1d4b37e025cef5,10db3b1859be034d2b5c9c6a3d88c36bdda6190ce3fc1be8d716b20200a059e6,True,False
cubicasa5k/labels/train/10572.txt,CubiCasa5K/labels/train/10572.txt,raw_cubicasa\train\10572.txt,train,4ba76679a02c61733626971e8096b8f436d3dde7a7acd5bbe961221a3c257928,4c4aeb079acae54ca1474cdaa52f5000a29b626c9d6a579e6ef79af383d90e57,True,False
cubicasa5k/labels/train/10575.txt,CubiCasa5K/labels/train/10575.txt,raw_cubicasa\train\10575.txt,train,abe31be505afad2268a6f3a7dc3e1271790a852e18cddc99a29c71c46400ca82,35bc05fa1f201c46ba020960cfe7fc67827d1d4fa31ee922e991e40c614b54d8,True,False
cubicasa5k/labels/train/10576.txt,CubiCasa5K/labels/train/10576.txt,raw_cubicasa\train\10576.txt,train,b931d99a8a976e0e201be468284ae6c62226ae33bde556445159aabd693ad40b,4f9e56a99ff82ab5d09ff1dd6e7c2d560b4f146d75cb782fdd4c0e342d067536,True,False
cubicasa5k/labels/train/10578.txt,CubiCasa5K/labels/train/10578.txt,raw_cubicasa\train\10578.txt,train,2c18c29d05bbfa179c61f32d102c05c31a03b53049e47e19f37df57f9b9bbe85,2d67e4cfc7cac280352886ef906bad8938e25005a495b337e2ef4c48f878c02b,True,False
cubicasa5k/labels/train/10580.txt,CubiCasa5K/labels/train/10580.txt,raw_cubicasa\train\10580.txt,train,463c6ea4c7f763849f6f2c5ad9a7d0598ea879803623f63cf31502a1ff651839,539cf746d98e63aa1692eac0593f5ecc5a56fe9b853a3264430b00c21e7c312f,True,False
cubicasa5k/labels/train/10581.txt,CubiCasa5K/labels/train/10581.txt,raw_cubicasa\train\10581.txt,train,cf506a02279c67e08bca5b07ad1e87518403e6ac956826a45bd1c9123615a4e5,541705047c86cf26e9f258e7a5b9f3feb70ee04c9b44507ba8d283a081eba725,True,False
cubicasa5k/labels/train/10584.txt,CubiCasa5K/labels/train/10584.txt,raw_cubicasa\train\10584.txt,train,55d32cdead130941c4a090267378ab6cc84e3523fa5e11263ff629f2c840c3d9,69a934a634eff8e5b86875c0558631c9c9b2fef475957a02a84b4799e73fd940,True,False
cubicasa5k/labels/train/10586.txt,CubiCasa5K/labels/train/10586.txt,raw_cubicasa\train\10586.txt,train,810f511476edee4191e3148f577296ff1f43ab38204d7adf03684fea1a5255b9,4b50f79147e94fd97092ace9f17ddc7749dbacbcc8eaa1ac315283a65d45e2be,True,False
cubicasa5k/labels/train/10587.txt,CubiCasa5K/labels/train/10587.txt,raw_cubicasa\train\10587.txt,train,50e884589094c715f282fca6ae597cdb5fba846c234063c3262a12d3df7ae170,a58f31d9852b7b51f2a811f06f063dcc4ed5869dcd4f2bc12248a7200bc14d9a,True,False
cubicasa5k/labels/train/1059.txt,CubiCasa5K/labels/train/1059.txt,raw_cubicasa\train\1059.txt,train,2dad0d2c9bfa901c5587fd00cddeca9ee31d930526e55389adcd075c7ac51c7b,f95711b29b6adbf99ac41257c3d5c4b17982af781b25c008169f1c35edeb571b,True,False
cubicasa5k/labels/train/10599.txt,CubiCasa5K/labels/train/10599.txt,raw_cubicasa\train\10599.txt,train,793c70c6bee5481cdc2713e964bc94e3f0d0206d912f1bc31fe9f74a11522c26,1810af5885585106973bb8addc10b8e5d8a22c29f609db6bf5fdb58a34b57dfa,True,False
cubicasa5k/labels/train/10605.txt,CubiCasa5K/labels/train/10605.txt,raw_cubicasa\train\10605.txt,train,f4b4eab2b00db7ec0babe159afe50fca06874f434ae63c2ab035e0d24294a91a,bb2ba048117a063e64c02113d538146b221570b3ce78dc9d98e56cadda2e0f74,True,False
cubicasa5k/labels/train/1061.txt,CubiCasa5K/labels/train/1061.txt,raw_cubicasa\train\1061.txt,train,3dd1f7d0af45dfcc5ef8f3da6a36f11af1bcd8681c62411e5b8406d61ead47a0,9c7bba76b7fc3628d706d22c5223fc8c141161d01505a3a24e9aec6014580ffb,True,False
cubicasa5k/labels/train/10611.txt,CubiCasa5K/labels/train/10611.txt,raw_cubicasa\train\10611.txt,train,cbc7eaae4929f5de3f3e8f038284c75189432cbe893ade8b4597052fc35febe2,6b059a29493087cb0024fc4dfe7f51d03dc906bdf8d26af1d9b90f401c51f275,True,False
cubicasa5k/labels/train/10615.txt,CubiCasa5K/labels/train/10615.txt,raw_cubicasa\train\10615.txt,train,77e4a4bc174b4c66d661168342b8686b0a6e048f5d5c4a9d229747488dd0d715,818b24693c757cf6eb091cc8b7208cc93bd6d9282c3cc1d0aee5798383ee6db4,True,False
cubicasa5k/labels/train/10616.txt,CubiCasa5K/labels/train/10616.txt,raw_cubicasa\train\10616.txt,train,e7d7c27cd0dae171a3e863a43e50a2d1809baae2a602fcc6139aa62be6c81db3,d0db4485ad8b8d77807fc47cee2cedbd5016c19bb66af30956339bd8ab226f78,True,False
cubicasa5k/labels/train/10618.txt,CubiCasa5K/labels/train/10618.txt,raw_cubicasa\train\10618.txt,train,619f72d8b111de8da72354547ecd2670cff8b060d276b777115d45834d9ff7aa,16b959317a7ceda63544ba20692af562fd15bebdd6bc6b540749b775f0f59978,True,False
cubicasa5k/labels/train/10619.txt,CubiCasa5K/labels/train/10619.txt,raw_cubicasa\train\10619.txt,train,76794018ba766df9d94a94a80cff11a8539529003d7d199ff6276909ce5d4751,c2a3ca5a647f56664adfbc10feaefc1020335c4d95bf5195a0e8388d3207163b,True,False
cubicasa5k/labels/train/10620.txt,CubiCasa5K/labels/train/10620.txt,raw_cubicasa\train\10620.txt,train,969db22a8d6f155a9233239a19bb553ea43147332a6c4f35a36108bba8076898,0fad7f818c1e32a0648c6a315392ebf137c3ad9342ed0793dc4088c320ccd715,True,False
cubicasa5k/labels/train/10624.txt,CubiCasa5K/labels/train/10624.txt,raw_cubicasa\train\10624.txt,train,72b2230740606da39cfc281497575202bb2727c5e0f328c86eb85ee85cebf452,06d432203a0f84e10879a1a81cd86e2aa921994ad8652d876e8f487913be6eb7,True,False
cubicasa5k/labels/train/10626.txt,CubiCasa5K/labels/train/10626.txt,raw_cubicasa\train\10626.txt,train,602b5ace7e4cb7ec79e78e7686f14f86f724cad30ac5449d07a34212036cfd3c,ff1206733e50c18d07bbdfd7e00a177203f35555ac6d1ebe13b32c450f79deef,True,False
cubicasa5k/labels/train/10628.txt,CubiCasa5K/labels/train/10628.txt,raw_cubicasa\train\10628.txt,train,456070604ddfc125350b2eb52303b65e78e6d3db261c0f73f18c3b105f13eae8,eda46bfa61164f1430c6af5a5c6fc7836b4fff02b69443f4743284000c20a19c,True,False
cubicasa5k/labels/train/10635.txt,CubiCasa5K/labels/train/10635.txt,raw_cubicasa\train\10635.txt,train,c0c7a2a41859851c5fbe25457e5a2d8130851256e55778f8825df3d1191bf38f,c10545d499cee366929146e555546c812acfa8bd77b1498ce6dfc9f611c95d00,True,False
cubicasa5k/labels/train/10636.txt,CubiCasa5K/labels/train/10636.txt,raw_cubicasa\train\10636.txt,train,baff389fde58b3f682002c3523586a3683a0053ba88cfafafdb97edc6e403c6b,8c83903399390f99c61639b01ac09c01c2b1e3d49145839e0504816f85654a14,True,False
cubicasa5k/labels/train/10638.txt,CubiCasa5K/labels/train/10638.txt,raw_cubicasa\train\10638.txt,train,e1921805854bccec70e782938db24cceabcecdb0ea9b96ce11362ca388d28ef4,8a2ac008fb08ac46b02c7e7756d195ebafaacbee02481e738df9fc572631574d,True,False
cubicasa5k/labels/train/10640.txt,CubiCasa5K/labels/train/10640.txt,raw_cubicasa\train\10640.txt,train,5e600f9a235916325ffa150308e1bb5c598997859b26b6a317004b6d74e91c03,edc5975cf4451e6bd31d3895c21a27748a6066c16f55ab988df2f24f1a47c8a1,True,False
cubicasa5k/labels/train/10643.txt,CubiCasa5K/labels/train/10643.txt,raw_cubicasa\train\10643.txt,train,5b8293d4c330a8001d1f0e6913c2ea31f21d55396fc4ef83321045569ef04a45,70e179d4c0868509d7f117e7b241f6c64c83ac7ae0eff1fb2467ea77eb7683c8,True,False
cubicasa5k/labels/train/10644.txt,CubiCasa5K/labels/train/10644.txt,raw_cubicasa\train\10644.txt,train,d9ad41df155181e6a2d8148954d0b4fa79283899dc86fc3d26e1b88947109318,5c59efc1342366fc96c044d5222e96e1ed21a6f9a7f9a8459175f9d828d744a7,True,False
cubicasa5k/labels/train/10646.txt,CubiCasa5K/labels/train/10646.txt,raw_cubicasa\train\10646.txt,train,17e34760922e790010b8a001f5f0f41c842b1157692ea904ece5fac1adde00a5,7165b361a053d989c9ec0d70e0673f058dfa331916710d0259e8634e34d1a943,True,False
cubicasa5k/labels/train/10647.txt,CubiCasa5K/labels/train/10647.txt,raw_cubicasa\train\10647.txt,train,474c5fa1b8a1d81475b8802584ab6179e7630f45d2c9bfbe78a835bf5dd59c37,00c9d58fd0c89b25e7e64aff50ee9a9a77584ec200a957d095c2787f376622d2,True,False
cubicasa5k/labels/train/10649.txt,CubiCasa5K/labels/train/10649.txt,raw_cubicasa\train\10649.txt,train,57ab4eccd69ca23f76329c4db558f91951649b6032339885d3aadc364510e0f0,30e96a6fba37f7434dc5ae464aa2a2e139a243ffed545081b45f1b39c32c6e2d,True,False
cubicasa5k/labels/train/10659.txt,CubiCasa5K/labels/train/10659.txt,raw_cubicasa\train\10659.txt,train,3f4e78af2ee30c7db8e7798deec6eaad80b4e7ff61e0ba33168686b32a6886f8,2121ded8a62f19389a857f098b09f97c23e6a842f6e89ee7ed83624891064aec,True,False
cubicasa5k/labels/train/10662.txt,CubiCasa5K/labels/train/10662.txt,raw_cubicasa\train\10662.txt,train,0fba99aeb854b05cf5eb2f0566eb7af5df5898bcef49edbee2c1f5cc8cab40e7,03d614e799437b129865d07ef49365eda74bab3fdff2d8ad005551943a5431b2,True,False
cubicasa5k/labels/train/10666.txt,CubiCasa5K/labels/train/10666.txt,raw_cubicasa\train\10666.txt,train,fd5437b32034e49db4ccf42ea8bb87154dd1698897b43710c6400bc6d09db727,8d02ddb42f1de159d511838f4e6477b281a85d8dda38a90de4add5fa3815d04b,True,False
cubicasa5k/labels/train/10668.txt,CubiCasa5K/labels/train/10668.txt,raw_cubicasa\train\10668.txt,train,d403b4587ef5f71f013c9aef16d98c319fdfa4c8be26a26f9c4f1074fd157538,77cf52c4631f1530274f71071e3bbe0ef0009d0814d95a5cc3db0398ee2305c6,True,False
cubicasa5k/labels/train/10669.txt,CubiCasa5K/labels/train/10669.txt,raw_cubicasa\train\10669.txt,train,0ab5a9a6d226d0c50dcacc12b75bf0423f3f65c28f6a48cb55fa53f2ba0c3eb2,12e03ca6ea15c5f4ec19224526c399e4eb8caba6fad63857b4b7540e88c52d06,True,False
cubicasa5k/labels/train/1067.txt,CubiCasa5K/labels/train/1067.txt,raw_cubicasa\train\1067.txt,train,1bee2bd1a05f204d63eb8d7c2bee3f2876ae9b3ad949e1c6d5199de8235de1ec,afeb40c180a3190923e63f22df4ca39dbc038336bef475add2ff7a3091f49f30,True,False
cubicasa5k/labels/train/10670.txt,CubiCasa5K/labels/train/10670.txt,raw_cubicasa\train\10670.txt,train,d53675a69485bdfeb306b888ee01cbbe26f727f79085a0cfc479d22d49af8dac,b272b0b7bb3b299eb2b2e400128f0365273aa7818b227e1bccb8c861e485c650,True,False
cubicasa5k/labels/train/10672.txt,CubiCasa5K/labels/train/10672.txt,raw_cubicasa\train\10672.txt,train,7d90b0c9ff536e1bb30c7a46acb2f79581a7b01293bc6d3b4ad04eb90e1f71ca,2ca5258f447825c1a8c9182651c68b12558bcaea246d407203b69d4bc43901f9,True,False
cubicasa5k/labels/train/10674.txt,CubiCasa5K/labels/train/10674.txt,raw_cubicasa\train\10674.txt,train,06eafab5675ffe7ecefea4887684e990f7182a492cd3c03918d8f6bbdf4c9d2d,8e3ec56620a9a935e7b364443a3135ae40c5b2e48900ad847385b6de236aae56,True,False
cubicasa5k/labels/train/10676.txt,CubiCasa5K/labels/train/10676.txt,raw_cubicasa\train\10676.txt,train,6b324c45e971291a23d5c593b6e0a197df19d10a3be7ac48fdda0f6ed218fb39,f4741c677b0dd2b40f4ceb754b3badb98345917a93e96f6da8caf71c357805ca,True,False
cubicasa5k/labels/train/10678.txt,CubiCasa5K/labels/train/10678.txt,raw_cubicasa\train\10678.txt,train,cf66d15e81cdd0ec7e5e8268c5a63a802b7ae230e212abc16e200a19f5dd3408,262c1c4adefe79702c117eebd341f7f21693ac0e88bc2d7ee651894076b9d324,True,False
cubicasa5k/labels/train/10685.txt,CubiCasa5K/labels/train/10685.txt,raw_cubicasa\train\10685.txt,train,a89ea2df8b392ea8194fb609a7fff2afa02c15b008c0e46d7681f42799a8f418,38a39966970352360fc79eca7bf5e8cb9e9273b4307ce3bd74718062ed2b84f0,True,False
cubicasa5k/labels/train/10689.txt,CubiCasa5K/labels/train/10689.txt,raw_cubicasa\train\10689.txt,train,1933d57bdd25a6122075df0ce97e24644dd998389cae84f87e6daeacde052579,1119dcd94af65aa4cf18f1f5a75ac933cba58232b9380c4327e44fe37e83548b,True,False
cubicasa5k/labels/train/10690.txt,CubiCasa5K/labels/train/10690.txt,raw_cubicasa\train\10690.txt,train,eacd9bedb80bea3d412c5b3ca37b3a83414cb3eca8ad3a1542b4a10c7022a2f3,5780294b69f4bc24306109da1dc776f46b9d1f1fcb7a905286c033261936be16,True,False
cubicasa5k/labels/train/10692.txt,CubiCasa5K/labels/train/10692.txt,raw_cubicasa\train\10692.txt,train,4f388ef68ded717806065dfa28de564b396319fa28ec9a1430ff9acc7a1541c0,09a74d1f20172896e54f536ca9e043d9ea88518c499014ae948189d3d48d7927,True,False
cubicasa5k/labels/train/10695.txt,CubiCasa5K/labels/train/10695.txt,raw_cubicasa\train\10695.txt,train,3d3a046c4e075817a05381f0d8cd17863a8d8f92e5fb7760098a63a2d0f014e8,e45601a2bdda1aaa928519b353f86d6f111a5b85373885ffbd644647c8f26bea,True,False
cubicasa5k/labels/train/10697.txt,CubiCasa5K/labels/train/10697.txt,raw_cubicasa\train\10697.txt,train,4a8cd82fc667507c4d442ce4dcc6d7bd07569780a9e06567dd188db68cd88a44,6294036dde0c75230778182f95eb46a87d9c4245a277fe206b10548b3e784487,True,False
cubicasa5k/labels/train/10699.txt,CubiCasa5K/labels/train/10699.txt,raw_cubicasa\train\10699.txt,train,a05d3d7b9a992d50705bcd2ca5a212aa67e6e5e28309a008486a828c49314a62,a33834ab5051787307637e56f21aefcf42b990555d3183f8c133a480903bec0f,True,False
cubicasa5k/labels/train/107.txt,CubiCasa5K/labels/train/107.txt,raw_cubicasa\train\107.txt,train,f92ef7a2b546a45fac02a147e31650a5ecfa35828ca7197599f5668c923f935a,d2317eaed4565341020ee837da66a783354c89155fb2f04e6673e1640d98dc4c,True,False
cubicasa5k/labels/train/1070.txt,CubiCasa5K/labels/train/1070.txt,raw_cubicasa\train\1070.txt,train,ce4bd9ea1a91e5ac64f7c3ab3a878b50bbb244eaaa6c745e02e851bdc2c69c32,da30364973cd1d416d82b14715ebeca57a0d8d82179abafe93b1b9ee16812c9e,True,False
cubicasa5k/labels/train/10700.txt,CubiCasa5K/labels/train/10700.txt,raw_cubicasa\train\10700.txt,train,d0d4318cb8d96f12d41aae44830d89274bd85a32a027462347062af78a1689b2,ec22765f806a2b7cd8abbfe2567e28ddb836b98bb40aceb1bb9ae9f1de9c3191,True,False
cubicasa5k/labels/train/10702.txt,CubiCasa5K/labels/train/10702.txt,raw_cubicasa\train\10702.txt,train,9a4e3324b459baee713a4074331011c8ea6e2d98b4a4544fbac01e623ec7bf02,6b17c78bcb405a8269e08d27605f5879ed311bf52bf012fecaf927400506f5fb,True,False
cubicasa5k/labels/train/10705.txt,CubiCasa5K/labels/train/10705.txt,raw_cubicasa\train\10705.txt,train,792baf92bebb97f12dabc535eddce9da5f4862976d319c3c54141a8f2aafcb90,80ed30ad922ab33b131053d6246876a44e75a04689506d6a551e3fc24f655fb1,True,False
cubicasa5k/labels/train/10706.txt,CubiCasa5K/labels/train/10706.txt,raw_cubicasa\train\10706.txt,train,c65c21a3ae6052d5c18d31fdb4df79f10e02b6b32c850f71d5d06cf3e3ef0c9f,961033e979df669ae3f79dc7e553336c6da4a98c85a41e9cb32109b6cf1ce9a2,True,False
cubicasa5k/labels/train/10709.txt,CubiCasa5K/labels/train/10709.txt,raw_cubicasa\train\10709.txt,train,999f4f6eba69a5e4ebc4396d6f683623ecfce9287165ecceab89109767790263,cc43ef139dda045b59b10ee7957d84cb9e7a2883f65418f5f8a9793f7cc87764,True,False
cubicasa5k/labels/train/1071.txt,CubiCasa5K/labels/train/1071.txt,raw_cubicasa\train\1071.txt,train,98c36632d77cc8a9b338a15798ca0b2dcbfd6b5dbcb9ad1d5c441359b909a408,66ad23ea6e6d2bf29c29d06e69c118a0d208f1e33bdca7cedd3a9eae78da77f8,True,False
cubicasa5k/labels/train/10711.txt,CubiCasa5K/labels/train/10711.txt,raw_cubicasa\train\10711.txt,train,f7ff1f1ed137955e0c51dbe2a93320810e5eee2ad967d5066ed31f94f0d1afe0,445a798986f2197fc2afc72e2b9e36dec725a8229adbea41229c006408b53f1d,True,False
cubicasa5k/labels/train/10714.txt,CubiCasa5K/labels/train/10714.txt,raw_cubicasa\train\10714.txt,train,dc4572898a6978187e598a626e409234c4d858ffc2a5d26b5d0ef8e0a3d72595,40e7c9e401736a16a6334d176d2bf50f22dbb642d926c9249edb914e77d8f64a,True,False
cubicasa5k/labels/train/10715.txt,CubiCasa5K/labels/train/10715.txt,raw_cubicasa\train\10715.txt,train,d9ae9ee965fc2bc63ced5fd949493af35da49ae2da20cf09172b434e77b1752e,d0eb17010f14001e79c046522e0c9bec3ba07827b6b0fbc9fd8feea21cfd0f84,True,False
cubicasa5k/labels/train/10717.txt,CubiCasa5K/labels/train/10717.txt,raw_cubicasa\train\10717.txt,train,57d0774b067bf6e003a88660edf888fc175fcd2e90df4818e0cfdcbe380377b2,a8b399de3fbe82f5bddaad83a5e6434c2186604fafd22932a787a2bf1b710935,True,False
cubicasa5k/labels/train/10719.txt,CubiCasa5K/labels/train/10719.txt,raw_cubicasa\train\10719.txt,train,4eb0a468c727437b649cb45389268ac3b20011e7e80898cf3cb8737281923196,b166431025b30c9ec4aa63f46595adb80f9194780c57c1243880db8143725f77,True,False
cubicasa5k/labels/train/1072.txt,CubiCasa5K/labels/train/1072.txt,raw_cubicasa\train\1072.txt,train,66398cc7a8303b6f32a5cbb8d397c32930449d5546d4a77b8ce873c1c05001c7,e45ba9bcb62a910c5ab08b4a32af706de84c267da8aebe3292b01b90110c110a,True,False
cubicasa5k/labels/train/10722.txt,CubiCasa5K/labels/train/10722.txt,raw_cubicasa\train\10722.txt,train,032f01b1b0e7b1512523ce45fe74623187b4ad3303b16800443a32e1f0474c26,02c6b85f4324de466c47eff0fdcf1b03afc3bfb8962092ac307a6a59d581ed27,True,False
cubicasa5k/labels/train/10726.txt,CubiCasa5K/labels/train/10726.txt,raw_cubicasa\train\10726.txt,train,a46a4e7b9c6e865f130125f6e23f340c5ce9e7b438d7ec8c157b7a03f0510175,7416988505422622b87281fb9880fe70a8395f9f12fea13e2469fdcd65b02dcb,True,False
cubicasa5k/labels/train/10727.txt,CubiCasa5K/labels/train/10727.txt,raw_cubicasa\train\10727.txt,train,4c6bd2c6df09fe519b395740aa0b6d0cc35e55573b86b8fe9bc8f8aeb89611e6,8234c22597b95b3a57451713a2d05459c83d61898429cb2479ed85e3a7bb3c5b,True,False
cubicasa5k/labels/train/10730.txt,CubiCasa5K/labels/train/10730.txt,raw_cubicasa\train\10730.txt,train,8cda2387622c2480dd10d3609bd16fc087742e8c57710c39156f5e2d104c6cbd,a09ca66e8be4336631ba0cc7f144ce3030e5b725521b7e10d083a281d0761b89,True,False
cubicasa5k/labels/train/10732.txt,CubiCasa5K/labels/train/10732.txt,raw_cubicasa\train\10732.txt,train,6b81bbfd98084d4d3e6cd51d6c429569e10210ca747839cce164a8dd56c09415,b063fffc972abed0426029c774168049d77055a0c16dc139eb36a0008fea4276,True,False
cubicasa5k/labels/train/10733.txt,CubiCasa5K/labels/train/10733.txt,raw_cubicasa\train\10733.txt,train,489848563a69c3164937ff504f9dd1499a8077af647a0c3a2b41ee6546c54760,96e6f509b57db0ac8288d78b72c61a8a6c3034da82a376a697fab13c783c75fb,True,False
cubicasa5k/labels/train/10735.txt,CubiCasa5K/labels/train/10735.txt,raw_cubicasa\train\10735.txt,train,9bd40d5d43569ee706bab6619f662e02aad4a3a5335d285370e96438e7255925,fe612d47ca6c896a5c0c83837599eb37f97630e617994faa6b953dfc2bf62023,True,False
cubicasa5k/labels/train/10736.txt,CubiCasa5K/labels/train/10736.txt,raw_cubicasa\train\10736.txt,train,d69482ca0d64cadecbe2d6707f3e2482e1d250962c2cee6ea2736f51ed6b2962,1abfc2da5ebe8a574d51f42caec462808c8e4d2856481afe4854f81e884529e1,True,False
cubicasa5k/labels/train/10737.txt,CubiCasa5K/labels/train/10737.txt,raw_cubicasa\train\10737.txt,train,37d366c1d38c6fe4c6df42d929dad98c214c99088fc1242ed073c150e222c6e9,044cd81e8a85552222d4b41b9309326d0919cd2c20fc061865a29c6582ca338d,True,False
cubicasa5k/labels/train/10738.txt,CubiCasa5K/labels/train/10738.txt,raw_cubicasa\train\10738.txt,train,94bea97fdfd8a5873be7d2d18be464f1c3e25e845cbdc2fa123bb6ba1ac0cd6a,bac366447a2f03816dc83e0f0d63201df57603a0b76fe40578ce7c2c005ede8b,True,False
cubicasa5k/labels/train/10739.txt,CubiCasa5K/labels/train/10739.txt,raw_cubicasa\train\10739.txt,train,7058c8b7ffe0235af9342ff8fcf54240ecf347c1a219677f027c2f97364b6ba9,a6ca056d4a7a1c8e9a8e6f7b6ad2f03713cc4cffca92c7df9cba267d40dab065,True,False
cubicasa5k/labels/train/10740.txt,CubiCasa5K/labels/train/10740.txt,raw_cubicasa\train\10740.txt,train,0a1bd1dd833756e8f85c603bab420e2510cd4486eb20466996e85d6088ebb9e7,1545346c19c0f05be0944defb6a947cd50641b5bcaa7dcad67bc9778f2a51bda,True,False
cubicasa5k/labels/train/10741.txt,CubiCasa5K/labels/train/10741.txt,raw_cubicasa\train\10741.txt,train,dc525472ad8cd1809efcea387db6ebbc76b60e0b79e743c61055c70804822d83,cbf3a24057f4e7dff49e007a388c7cdf8c5bc535a66ef228eda8e79bd979c044,True,False
cubicasa5k/labels/train/10745.txt,CubiCasa5K/labels/train/10745.txt,raw_cubicasa\train\10745.txt,train,c1c423b7e3cf7253e45ca8db7d31a26e405e702fdd7ce3fc1a1022e6ed6a953d,6be30ff708fce22d2e0e0ff24aa82fe357cadf09ba18e12c6e379df50d56cea4,True,False
cubicasa5k/labels/train/10746.txt,CubiCasa5K/labels/train/10746.txt,raw_cubicasa\train\10746.txt,train,2d8843262dfb5f837cb0c8eb97cb9795d2b44fd951e62aa8befdbc7317344075,ba6d66721b63c4cb90e20f86c4815b14dd8ec469595d5be573acc9f6e5022719,True,False
cubicasa5k/labels/val/10.txt,CubiCasa5K/labels/val/10.txt,raw_cubicasa\val\10.txt,val,a0bf712bbd636c64ae72fd8ecb8e613fbfb705ff8262407bc5349fcff1f32c35,defcfe15b13667074b6170ffd05ac3dc901430bcefdbc335e9a6f13f3b226629,True,False
cubicasa5k/labels/val/10026.txt,CubiCasa5K/labels/val/10026.txt,raw_cubicasa\val\10026.txt,val,61bb6f0ff94749e69f03bcaf25caa4d1980ad6393a1c8bef923ad171f0e18940,bce66d39c5626e9f8663bb1a6368278242e542929ec3cdea591667e434945054,True,False
cubicasa5k/labels/val/1012.txt,CubiCasa5K/labels/val/1012.txt,raw_cubicasa\val\1012.txt,val,681fe41938339eb34374175fd554e8e3b958256a921b1badc143bf4a219a3b94,28a562e9a06612446f8f4089012ac807bcacc62a32bc970b2ab2ee4d10600def,True,False
cubicasa5k/labels/val/10132.txt,CubiCasa5K/labels/val/10132.txt,raw_cubicasa\val\10132.txt,val,10cc79a2c32070842e6c54700019a65ba8e05d3df04bc5104664fb0c3f869229,130e870fbee6e95cf046fd650144b281c1d506b7e3bd571928b28b4ad6c166ec,True,False
cubicasa5k/labels/val/10143.txt,CubiCasa5K/labels/val/10143.txt,raw_cubicasa\val\10143.txt,val,570afcdaa73530134fa72459b2f90b8dda845f14d736642c732d5b9e90e36d60,19653774adac03b58c4912820528aec38c0b5f5983a0eaec75b8d1549b44e548,True,False
cubicasa5k/labels/val/10211.txt,CubiCasa5K/labels/val/10211.txt,raw_cubicasa\val\10211.txt,val,8750a4f59928bbeb27b425e88c45691606134b2dbf052298c209e74a45f5c217,3ea6b1301cc2fe9b5ee47ec1705d457fe9a87f92286c02342ebd9094226dc09c,True,False
cubicasa5k/labels/val/10221.txt,CubiCasa5K/labels/val/10221.txt,raw_cubicasa\val\10221.txt,val,fdc08ee561ac8c12af8a2a76f98e2410f18b4815e9456eb456ef224f3219cfa2,b3a43bfe84f3736a3729da7a955e187e81b00e2feb18ce67fab7da2afc706247,True,False
cubicasa5k/labels/val/10275.txt,CubiCasa5K/labels/val/10275.txt,raw_cubicasa\val\10275.txt,val,c8a9ac5f2be537e93f11582711cd8317ea7ea7a2f31ef20a066f85e913cc0c86,711eb2535bc5a3a766c5d8fcf4d026d4a50c8459f488dd5ca9190c6996fccf23,True,False
cubicasa5k/labels/val/10295.txt,CubiCasa5K/labels/val/10295.txt,raw_cubicasa\val\10295.txt,val,647beb89c24e60932b32f7ba09f88b5d372ff1b7927809e154bd964b35693da4,40c098e77b073855fc6f26956445fd25f73c77605a61e0cf5637426d336550ca,True,False
cubicasa5k/labels/val/10298.txt,CubiCasa5K/labels/val/10298.txt,raw_cubicasa\val\10298.txt,val,d2f6c5dad47104414370c56d0d43153222d837e541bd284e2253bffe6a2d6a51,54543d4130b48030f7b5debeb9d633074b18be4ab9b9677c2bbb6b317466ff68,True,False
cubicasa5k/labels/val/10319.txt,CubiCasa5K/labels/val/10319.txt,raw_cubicasa\val\10319.txt,val,e57063ce64f4b1b0d3bc8e0ea3349d42e2ff4e50ecc76b4df467c9ce23b333ef,e8c35f5fc40963498b9a27b5767cace23dbf7fd00438b4d3c2371f49535f3395,True,False
cubicasa5k/labels/val/1041.txt,CubiCasa5K/labels/val/1041.txt,raw_cubicasa\val\1041.txt,val,43b6206b4d17a6555bdc94ebef3074f457a86218c36fe76d322e60248a1189c5,d7d4076b5cfafcf369d70d41aeb940f90771263aacce5bf5338b8d11ef673f0f,True,False
cubicasa5k/labels/val/10495.txt,CubiCasa5K/labels/val/10495.txt,raw_cubicasa\val\10495.txt,val,93671a41687cdeac2cb1c5774f912264f096d965ec67ca6aba8e6d6a4f86cb7d,5bc38ccb60abf0ef642a7417096a36f2637e04cc9c8d39ae156d194b6842750c,True,False
cubicasa5k/labels/val/10514.txt,CubiCasa5K/labels/val/10514.txt,raw_cubicasa\val\10514.txt,val,1834071fc370b8eae1a5a9b1df0fdc56c5f9c1b7de6904028b3926fca237556d,2824f69db9bbfb402d9c271d20f8491474efd0db2a3773610febb0a481ee5394,True,False
cubicasa5k/labels/val/10543.txt,CubiCasa5K/labels/val/10543.txt,raw_cubicasa\val\10543.txt,val,48065eb6e86cb4081106bd5ad6a7cf652a5af585b522b2ee8423fb3a9ad2366d,de0a4ce2c28d036024a766bad4601243233fdb5f9fb0f5270fd0d04126ccdda1,True,False
cubicasa5k/labels/val/10546.txt,CubiCasa5K/labels/val/10546.txt,raw_cubicasa\val\10546.txt,val,77b393d2f6735306a85523eb048c97de710eb910485c68d82d5c87f86cf208dd,0dc989d79fef86cab0f45e0f12b68f690be395dcda581db1cd94e871d7be44dc,True,False
cubicasa5k/labels/val/10548.txt,CubiCasa5K/labels/val/10548.txt,raw_cubicasa\val\10548.txt,val,1b772e6d5867392db4dbe33928c1f7f0a14c9a3721df22f40007527bbfb328d1,9705b2d32c1191962b319dd5e2a0dbb6b709da8c23876a64bb4857b89a547bc3,True,False
cubicasa5k/labels/val/10550.txt,CubiCasa5K/labels/val/10550.txt,raw_cubicasa\val\10550.txt,val,4a80828daaa424809345ca18a9827fd76ebfde88117a7259bab0f7db6104a37c,d212cce7a3735ec79e504c87a17c50a1b8d26b416f498f817f73eb4ce36f4a38,True,False
cubicasa5k/labels/val/10579.txt,CubiCasa5K/labels/val/10579.txt,raw_cubicasa\val\10579.txt,val,c8a9bd7919c18fcb24d2e3885126e7e4b12249504793f5dce8428a49662cb8d4,16c08468f80fc850c33c649876adc1c4b90bb2deaaf4e0244c9034ae9786d9c7,True,False
cubicasa5k/labels/val/10632.txt,CubiCasa5K/labels/val/10632.txt,raw_cubicasa\val\10632.txt,val,af3e658cac1ba8433f2062d524367fbe018e1102b5b15de5c176ee37f4ef8873,572f529fd6fbe2eb6c0d6b07b6c8b4bce365da98258267dd4423c5ff8d19e6e9,True,False
cubicasa5k/labels/val/10634.txt,CubiCasa5K/labels/val/10634.txt,raw_cubicasa\val\10634.txt,val,9155ca5e68e1efd3fb080766cd5cbb0ac5a99b85b7d027641b2970dc62493cac,199f29f9ec3ffb5f472e9d57a3602472f2443d5e7fd4b89a4122acdbe6f058ca,True,False
cubicasa5k/labels/val/10639.txt,CubiCasa5K/labels/val/10639.txt,raw_cubicasa\val\10639.txt,val,6c56553ea948476d819fbee4ee9b14542925d9ee7c31ae61d4cc6bb92bc69921,735a912ca0d32c3f98fcbefd4edc3cdeb5be48953541f1c3feea774d4b406ac7,True,False
cubicasa5k/labels/val/10650.txt,CubiCasa5K/labels/val/10650.txt,raw_cubicasa\val\10650.txt,val,66e96fe7928b8594ea64677f8df13522de2313274dc858909e0bb25474d40509,2bf349fbc02e673e7cd35d4623664137a0286775a98d79663ece9157d67f010b,True,False
cubicasa5k/labels/val/1066.txt,CubiCasa5K/labels/val/1066.txt,raw_cubicasa\val\1066.txt,val,ad6e23d39114a2a7c1e9b7f13c6d070ba12c90bf6ebdcaa1bc6fb55278ca08fb,500b1e989cf98859ee0f7e47abe9e831b8d48991963806ced6e09b9737165c1b,True,False
cubicasa5k/labels/val/10731.txt,CubiCasa5K/labels/val/10731.txt,raw_cubicasa\val\10731.txt,val,19bcbc7c63df40655642c2f6383c8a597c140529789125002c401d49c13b57d2,57f7d1b8b4327c554e6d687f6da14418220d8660af4187e35014f70fefcf56a7,True,False
cubicasa5k/labels/val/10742.txt,CubiCasa5K/labels/val/10742.txt,raw_cubicasa\val\10742.txt,val,65c851cd91f6ce7d6cd7ae2ec6d45ea0c2bfa3c4984685f1722982786c2404ff,e7d141d1f99ee5075940e194c7473cdd034690c50ac57b364c034c7929afd8c6,True,False
cubicasa5k/labels/val/11014.txt,CubiCasa5K/labels/val/11014.txt,raw_cubicasa\val\11014.txt,val,27f96337a4287b958307c825f4fac9956b8d3ce5911f6cc732bcbbd390b28d2d,eecfad7806b89411329d3df48e90d14bc7339e1901e7b69219d59794bae2124b,True,False
cubicasa5k/labels/val/11142.txt,CubiCasa5K/labels/val/11142.txt,raw_cubicasa\val\11142.txt,val,e6353c41381d6c34f14f15eb6c75c330353bed722f11abb107a8a40b94f6bb97,bcb1b4ea93c70f6a78b3b60c87b7d43b2d32caef4956ba33bc9c3e875c60bdca,True,False
cubicasa5k/labels/val/1115.txt,CubiCasa5K/labels/val/1115.txt,raw_cubicasa\val\1115.txt,val,f5793069fd8af90b4f5f678307263b388babbb3164a8e84380a915bead4e43d3,2be922b7e050be2369a5f7c01f19c6a424fefcd928b65be3ff8acbaca86c9e37,True,False
cubicasa5k/labels/val/11159.txt,CubiCasa5K/labels/val/11159.txt,raw_cubicasa\val\11159.txt,val,b71543091e1ac0dfe4656b0a4374d45a496437baaba9b153ffa0bdbcb474af17,07466b80c28122072a9b9d025507a796487c8aee657c17fe758258a958120667,True,False
cubicasa5k/labels/val/11220.txt,CubiCasa5K/labels/val/11220.txt,raw_cubicasa\val\11220.txt,val,2aa7aed5d8c57345334ab6330a25078aa64e3c80fbb79b524ae434cc1f41645c,2b5465b32d0281cb20e2d46a3ef94adb9521a0a05695718d0ade3e064aa15887,True,False
cubicasa5k/labels/val/11311.txt,CubiCasa5K/labels/val/11311.txt,raw_cubicasa\val\11311.txt,val,bb3ffb2de1ed5d6da98f9621eb9ddeb1fd747c28040c2f0049e5d469ba75660c,91ef013b3ffb369963556246c11d6475c3e2dd40b7a728ffb0d686d9ace998cb,True,False
cubicasa5k/labels/val/11401.txt,CubiCasa5K/labels/val/11401.txt,raw_cubicasa\val\11401.txt,val,57129817eec8092099e6106ddb28a216832b6c5d348b0dcdd6c7b6e0ab975d2c,8b2fd5716eee97d29101122f00562dcdd8ce94600660a6fa8e1d703f3a03897b,True,False
cubicasa5k/labels/val/11404.txt,CubiCasa5K/labels/val/11404.txt,raw_cubicasa\val\11404.txt,val,b4e35de51e1e3ab5be36626a38877f5ffa791ed1b00e8b9dabada2a29bb4f80a,6279c1d68ffb29baa10cc5fd2182de52af27ce0afbf75cca37919d80f2657996,True,False
cubicasa5k/labels/val/1144.txt,CubiCasa5K/labels/val/1144.txt,raw_cubicasa\val\1144.txt,val,e4668e3848ab205bfb1712649efa58ca705bc706622439c899b90d422d0ba6c5,8654e68f4d7fda7baa114a4d97d3a3d921351227b8322fe53aa758c91099e09e,True,False
cubicasa5k/labels/val/11453.txt,CubiCasa5K/labels/val/11453.txt,raw_cubicasa\val\11453.txt,val,32dfab251447a12d36c633950344bb75627108a1e3b96b0dc906f6e812d72364,67271aa47faef7c72d37df67738bcc55415cd7ab1469de2a2d07b1bc32b1b027,True,False
cubicasa5k/labels/val/11494.txt,CubiCasa5K/labels/val/11494.txt,raw_cubicasa\val\11494.txt,val,5b7a1ab948a91ddab232a10382d437fea8aa3eed382987478fe2054c4282792c,6a1b6a8b8606d18d1f5d1eaa11f1575cda8dbefd9b110136a15edaf50ac3a97b,True,False
cubicasa5k/labels/val/11567.txt,CubiCasa5K/labels/val/11567.txt,raw_cubicasa\val\11567.txt,val,d5b5f2c794fc2f3b38aae33618d548b8fe33e2f8a7d00d6ceaf2f5f283cae8cb,7252fd15b1c4984d304711cc7556d6d66840f85416f83773f6da5c0c32979d9b,True,False
cubicasa5k/labels/val/11624.txt,CubiCasa5K/labels/val/11624.txt,raw_cubicasa\val\11624.txt,val,308c8cbea666a82b80c03328655cfdf542ab915ceaf8eaa814a55079d2684197,cdef6876bbeaaf7bb66d95761b185d6442b19862c8477fb470f963003b17a5c0,True,False
cubicasa5k/labels/val/11691.txt,CubiCasa5K/labels/val/11691.txt,raw_cubicasa\val\11691.txt,val,109809d41442e774b7ec45ec6cb1758ef1f248872661337352863e4a8dc87462,fafe0bd97d92cc7cc733c84348cb10d1816ee8bcca55dedbf5e63e4e21b0d589,True,False
cubicasa5k/labels/val/11693.txt,CubiCasa5K/labels/val/11693.txt,raw_cubicasa\val\11693.txt,val,f09de7c59b2a2a81634677f651b538c5091fa40c3c86c1066b276fb0c1fed4c6,7b0030bbd5341adaeeb8acd2b280e5c730dd83882daf1b5b268915828bec1dd3,True,False
cubicasa5k/labels/val/11714.txt,CubiCasa5K/labels/val/11714.txt,raw_cubicasa\val\11714.txt,val,1a272916cd048f695815a0debbb9ff777d2918254644e5f245f6f4d3c3855907,3a55d93a4a54c8b03b8025e753be3c861713329638d385e148623efb974140ac,True,False
cubicasa5k/labels/val/11727.txt,CubiCasa5K/labels/val/11727.txt,raw_cubicasa\val\11727.txt,val,1618192f7d586a978aa57061a20453a0faf0747b1eb60b0394273ba10335981b,18e8351746dd92fc3b75a850132a65e17d294fdfbc1e9d17cddd1ffdb3fe07fd,True,False
cubicasa5k/labels/val/11816.txt,CubiCasa5K/labels/val/11816.txt,raw_cubicasa\val\11816.txt,val,353d76e7964cf746b72c0b1a3a4ae5bb11106cffdaaeeec9aee5627bc55b4756,7dce1963a053cbc1425e8623be170b40142fa194bede891f815bfecb7d735176,True,False
cubicasa5k/labels/val/11818.txt,CubiCasa5K/labels/val/11818.txt,raw_cubicasa\val\11818.txt,val,b5b7997c37909a37fa65646e0589fab992f8f18b6f965e9a805ac57724ff4431,33664e315ac224b8f7ae8b790f06c7f37a7d2e55387716cc0a92e76d2a11382c,True,False
cubicasa5k/labels/val/11832.txt,CubiCasa5K/labels/val/11832.txt,raw_cubicasa\val\11832.txt,val,10ca86cb2c198a25c3cb639fb82daa99e371058bfa7b10a961465488943abe25,5da01ce1e12f472b69175dfff80b3f4a5623994c72de6a2652894a15a58bcf1e,True,False
cubicasa5k/labels/val/11877.txt,CubiCasa5K/labels/val/11877.txt,raw_cubicasa\val\11877.txt,val,2e4059795696dd6fbbf6ff9722d85156f8960ebe6ff72b9ca7831e7b2cecc67e,0ace151b8139d45cccd180f1a18b02e1df1abf1b249e5be5e0d1c8ee6bd125e4,True,False
cubicasa5k/labels/val/12003.txt,CubiCasa5K/labels/val/12003.txt,raw_cubicasa\val\12003.txt,val,a85d2a953f48a1bacb41587d68bede59d31df986f27c9828caae4aa46b9e5b54,44ef057851b5c6ddaaf550ff3a4202b31b89eac19b40e18d81b3456d1e091e5e,True,False
cubicasa5k/labels/val/12007.txt,CubiCasa5K/labels/val/12007.txt,raw_cubicasa\val\12007.txt,val,4982c5dbb9e0b1ac242fea5dbd13674665a773a1a971cd7b2331adefa4a584cd,2131c25af44323de4e6ee5f22f8f33e42eb945a50dfa9a4294169d3bd85438c9,True,False
cubicasa5k/labels/val/12020.txt,CubiCasa5K/labels/val/12020.txt,raw_cubicasa\val\12020.txt,val,d01f6268c128eacd854d632ce94e59d78e74a3520309b3d2875d05d03934193d,5fe1bf3f00f7856e0c815aa079f95d518a0106faca7e8a0c11314b64b8844116,True,False
cubicasa5k/labels/val/12063.txt,CubiCasa5K/labels/val/12063.txt,raw_cubicasa\val\12063.txt,val,359a103e685ed1e7b686a09a9fe7849b46198394af78cab6a46835f7fbdbf3c0,ad7ca290613ad5cff43e0315721800b4527286b68175fb5515bb2ef4ecba776f,True,False
cubicasa5k/labels/val/1216.txt,CubiCasa5K/labels/val/1216.txt,raw_cubicasa\val\1216.txt,val,a84b05238de6dcac7979569dc1cc8928d32f53a277e2871b8e6129f3147fb894,677bc40cb34c3111f4b9ec3b79a8a586a888e79063c736daf1146a3e89b517ae,True,False
cubicasa5k/labels/val/12210.txt,CubiCasa5K/labels/val/12210.txt,raw_cubicasa\val\12210.txt,val,10db8a6fc49ff18eaa9c74bce60b7f7b77b55b0fa1920a2e55535d37b399861d,9f1db6bb38b65c621a6169686f0bb39d0209e264bfc83a58a2307ed5f4861d31,True,False
cubicasa5k/labels/val/12239.txt,CubiCasa5K/labels/val/12239.txt,raw_cubicasa\val\12239.txt,val,03f6775937744822a27c4477e3dc07567858b06014bfc44cf5dc3ac0b1eb5c74,266011738f890bd9127c6e91d6033479d29df60192f80c368e04570464701132,True,False
cubicasa5k/labels/val/12288.txt,CubiCasa5K/labels/val/12288.txt,raw_cubicasa\val\12288.txt,val,815c9501d0165291f9939d3e4c9a664d01080f10b75f00204d170be72b503f22,021544ac68be555336f24219428f330eb43e016100521b5e66a5b90681032651,True,False
cubicasa5k/labels/val/12294.txt,CubiCasa5K/labels/val/12294.txt,raw_cubicasa\val\12294.txt,val,7a918b2528f29a36421f4824712f675f70f63ce1c35f21b25b42ff6698f248d7,746a4458902100e09ef60775cf75c1a6d4153ca1cd016b61de3cf0a97640bb76,True,False
cubicasa5k/labels/val/12501.txt,CubiCasa5K/labels/val/12501.txt,raw_cubicasa\val\12501.txt,val,9e77d9e33fa3996b15d7a7a8ef17c69e430998b2d0b98af3f778205d7852e91a,be36d69fad18cb19668f88966c399e2d0d39141c3d0b9b7be9f4a4c0aea2fbe7,True,False
cubicasa5k/labels/val/12541.txt,CubiCasa5K/labels/val/12541.txt,raw_cubicasa\val\12541.txt,val,5b64157fb132d290ef0aa4b67e8e7a8b4031be74de903b5583015e9840cc91f2,f02f89141da4779e7fb6463578afe959045e9eb57a83919f214dec1f82f291a4,True,False
cubicasa5k/labels/val/12665.txt,CubiCasa5K/labels/val/12665.txt,raw_cubicasa\val\12665.txt,val,893ef173fd54b142bc2d0ae351808591034e997a98415d4873d92e20375a62c1,d9b39293d10a8797e7d278764de84dcfe3eabb040c4c6ad15da6aa4a9bdf56df,True,False
cubicasa5k/labels/val/12676.txt,CubiCasa5K/labels/val/12676.txt,raw_cubicasa\val\12676.txt,val,0c727a46be22ed14196b054c0e91cf7b4f368148993a751a49c8ca58352afc74,f1226e8a259cfc1f1304fbeabead1b77491df280d41552d7fc450a9dbbf9c9f3,True,False
cubicasa5k/labels/val/12687.txt,CubiCasa5K/labels/val/12687.txt,raw_cubicasa\val\12687.txt,val,bcd74c9a65f84718a64dd489fb2137741fab5cdca63b270db97a8b3fe553bb98,0c562711abe371cfe9d4e31b4a71657f38b8d97e795746c58a3f31d9d19d8dec,True,False
cubicasa5k/labels/val/12708.txt,CubiCasa5K/labels/val/12708.txt,raw_cubicasa\val\12708.txt,val,758a6f826f14a5f243559cf5fd3492df4287677d9f2f2d1055bdaeb47cd752d6,a5816388d410a443908f36693ecfcaa1f5edbc10d1269b2e468a908dd70ca0c4,True,False
cubicasa5k/labels/val/12710.txt,CubiCasa5K/labels/val/12710.txt,raw_cubicasa\val\12710.txt,val,f97df63fd7097ce1fdeca4545b4cdb1bef3ef95f70efaf316200fedaf382074f,7633341ed0c5688d6db1b8327d3c80e564ea158bbdc2244d04bd78c42b46dfc9,True,False
cubicasa5k/labels/val/12711.txt,CubiCasa5K/labels/val/12711.txt,raw_cubicasa\val\12711.txt,val,1c59c60fa208034189bc3911b3d4f5df991ec9a9821140fbb74b8a583b15331c,5ca8af17475a6acd9f9afe37c142675daf9fb3ff2753eb9b4dbc145587d826d7,True,False
cubicasa5k/labels/val/12786.txt,CubiCasa5K/labels/val/12786.txt,raw_cubicasa\val\12786.txt,val,947e6b5edf826cb80d6126cf1d97cbeeee3a3cce8613b2458f0f82cda45a5436,147cc37b1fe3e8d6ba6ee400d6fa2fa793b0edeb5e3d4bb142aaaba8ed2b5af7,True,False
cubicasa5k/labels/val/1280.txt,CubiCasa5K/labels/val/1280.txt,raw_cubicasa\val\1280.txt,val,cb04583481406ffbcd693db17dcb2581d2b688a932bcf0299768ca97f322b84b,380b2784cc8cf58a308c638800f8adc9521fd1f3d0ad7c0230744f4527790149,True,False
cubicasa5k/labels/val/12803.txt,CubiCasa5K/labels/val/12803.txt,raw_cubicasa\val\12803.txt,val,4c1377bb9420209e250fce8f38695920ee3c3329a1408ed1fd395a229a7f2fbd,89a7484a76f13079dd2b6f93928641994129498f1d79c08ae0d68ff94e78c946,True,False
cubicasa5k/labels/val/12886.txt,CubiCasa5K/labels/val/12886.txt,raw_cubicasa\val\12886.txt,val,3da87f4342c7ce0614e6e27456a8a3290d851faf2c1fa01945de5a678872a317,7787048e08f85a52966862eef5b5896527570ae208296d9c9fd6140e995265ed,True,False
cubicasa5k/labels/val/12951.txt,CubiCasa5K/labels/val/12951.txt,raw_cubicasa\val\12951.txt,val,0d05c0be270bd271c99a99c00491528e84143f572865fb111703e1caeb202686,9eb5a8cc31b88b2b9914243f773c56f5a0a8fb92933ca886e8c49b072a231193,True,False
cubicasa5k/labels/val/12956.txt,CubiCasa5K/labels/val/12956.txt,raw_cubicasa\val\12956.txt,val,6de5f5a9253941cb38f1e1a4457215aa2c320f9941063a365d9a798ad763137a,b5420081a57209362f72d69fd6e46d1027ae20613415e53c4e2ada9ad568655b,True,False
cubicasa5k/labels/val/13013.txt,CubiCasa5K/labels/val/13013.txt,raw_cubicasa\val\13013.txt,val,7beaa72fbad90eb9381cbbab5e6f16bd5b0c9c97fd83204a95870e56698e47a1,9748bb9482299906027c3cb4ce1e1751653c0e52f48d4ed3a02d5064cb09e93c,True,False
cubicasa5k/labels/val/13213.txt,CubiCasa5K/labels/val/13213.txt,raw_cubicasa\val\13213.txt,val,232b19ebd5734e9dcca25ea2d08b9a0410bd575c8824c8946d6c26dcf0c8fd61,665e877a0c7f22d40dab4507b4a8991e6a9fd3af7a4feb5ceb931eb3f58521db,True,False
cubicasa5k/labels/val/13239.txt,CubiCasa5K/labels/val/13239.txt,raw_cubicasa\val\13239.txt,val,cd543120d3ee61a8ce5a1ea310779ec5ca3d2bc9117f998a732063aac488651d,b0d87158fcfd5c39f143e71cfcb249e3930c8f801a8778d0d11af9b0b6700314,True,False
cubicasa5k/labels/val/13283.txt,CubiCasa5K/labels/val/13283.txt,raw_cubicasa\val\13283.txt,val,890ec6928bf2da08bb50c57d8036dd8342480e023f46e22fd8c01055eff8a034,36a6ea676f5ff2629709b9949e866c995a96c220e84bd2939127474315a69351,True,False
cubicasa5k/labels/val/13285.txt,CubiCasa5K/labels/val/13285.txt,raw_cubicasa\val\13285.txt,val,456c97ab5b56aa479c42d72d90297e766cebee695b7c4e7a2e58853d67a12ec2,ce1db15f926d5518b99dc7b96edb9aa595f13458c5373134fc158e0afc1032da,True,False
cubicasa5k/labels/test/1.txt,CubiCasa5K/labels/test/1.txt,raw_cubicasa\test\1.txt,test,65d3e2a62a99b0c6f17d3b0dc3d2eed4ba0c26e2d59657e930c512d5f2ddadaf,119bb4ca0f505e350b47a2af8906235c246a2b3c82e376bd72aefdd6686f6d72,True,False
cubicasa5k/labels/test/10008.txt,CubiCasa5K/labels/test/10008.txt,raw_cubicasa\test\10008.txt,test,4f5b77dd0877c4b3a469a2acd90b1ba4cae3c96e602534ea0d466db5c8befafe,0cbc72d5cf8b7b6ad20b994be3b177e38afd814152d34f045c1804cc4de5d2f8,True,False
cubicasa5k/labels/test/10016.txt,CubiCasa5K/labels/test/10016.txt,raw_cubicasa\test\10016.txt,test,b0ae131e114f88d1e8c615839e1fb2659db35e2067ec0f24e3d23bb83170f00f,822b103180ba01453ad5ecc2694e278f579ebe3a4cba1cec294fc94348a50d46,True,False
cubicasa5k/labels/test/1004.txt,CubiCasa5K/labels/test/1004.txt,raw_cubicasa\test\1004.txt,test,2dadf46e468369ddd4580c0cf61f080709a954ffd5b270ab4c16fdecfb30daaf,dac7a0b3b2d143f276ca42461932186aa2a15f0699fb6950df80649d5fb9d499,True,False
cubicasa5k/labels/test/10180.txt,CubiCasa5K/labels/test/10180.txt,raw_cubicasa\test\10180.txt,test,e1f0fedbcb74960e7b84b60d8de0a2917b4460f493122d278ded8f010086fa85,b8b2a539aac6b09c3adfc996585e6863fceba80d7756b5415bb99e207698f4e9,True,False
cubicasa5k/labels/test/10195.txt,CubiCasa5K/labels/test/10195.txt,raw_cubicasa\test\10195.txt,test,d58664ee22c65f327eadcc6f4428f473ed49694e935a388eec3ec520be2c7532,f2de49080ee9091ddec862fdf455a6f8208acb19419328157c571befde2244eb,True,False
cubicasa5k/labels/test/1021.txt,CubiCasa5K/labels/test/1021.txt,raw_cubicasa\test\1021.txt,test,a2092994e59faff0c00aa0f1b067bd324dc3becae71c78ef8b623a35786ea50a,54412b1ba5bf54b7ef9149555b5198de5f07073489c9aa84f0dc2f5e45fa425a,True,False
cubicasa5k/labels/test/10216.txt,CubiCasa5K/labels/test/10216.txt,raw_cubicasa\test\10216.txt,test,34966d353b591dcacc527564ff15983d3976fe6c4accba72b131888a24e134fd,3fd0a279d08df03ca819959534317c58b52797877d3d88d2e0147ca38023e208,True,False
cubicasa5k/labels/test/10234.txt,CubiCasa5K/labels/test/10234.txt,raw_cubicasa\test\10234.txt,test,a9ec537654fc322214d5e97f29a5ac2035b2d4b5264ea48eb5066855c77b0a50,a31a6003c463d196080ed82c1215a8d781d0bb7460603c1428b7258473ead9a1,True,False
cubicasa5k/labels/test/10316.txt,CubiCasa5K/labels/test/10316.txt,raw_cubicasa\test\10316.txt,test,66588c20ec597dca98a9631d0d98d22b087bd4216a10f290833b91e9ba2cee03,1fd8460c47b0d2ef0fe09c71211c6eaf772494899f67b11fc287c4d647cf4a00,True,False
cubicasa5k/labels/test/10345.txt,CubiCasa5K/labels/test/10345.txt,raw_cubicasa\test\10345.txt,test,1b96b8a0c5f59d29b8074452904d7009a5cd985d7bf4987b76364a56d008451f,aa157c5489cc28365347f75faec5ad4c4d93e2bd9a3fc3484554f92c888b7052,True,False
cubicasa5k/labels/test/10393.txt,CubiCasa5K/labels/test/10393.txt,raw_cubicasa\test\10393.txt,test,a1c68188d873b7c7b7a5365c1eb735b2213f2f290154eccfc0b1379f87174ff8,2c1018c5e99355f18cdc5711de27f6f7ac523aa019e27161bf6dce1443a44620,True,False
cubicasa5k/labels/test/10478.txt,CubiCasa5K/labels/test/10478.txt,raw_cubicasa\test\10478.txt,test,c5d265d0549df0c60d9606e0dcd46fe09d5a6dbc3663b3fbcca7176ddb02fd7e,884697c6179120c3650c6f0222f44443f1b1939b30a569875de5f89f4b10881d,True,False
cubicasa5k/labels/test/10504.txt,CubiCasa5K/labels/test/10504.txt,raw_cubicasa\test\10504.txt,test,82149f809396971cda12248593f854e4b8befde550a2e6c980d610edae3b9b53,067bbc55be0bae17904f32966e101792f4fdf3e7f9da7322bd6b2d5effa35e6d,True,False
cubicasa5k/labels/test/10560.txt,CubiCasa5K/labels/test/10560.txt,raw_cubicasa\test\10560.txt,test,e04d7065c7513f38fd97dbbf326e23e7aad6f00eb02262575179db649061f889,b4f718e80e2246315dbf77849ada718a3a80e47aca0dd539011f74cc87e523b0,True,False
cubicasa5k/labels/test/10595.txt,CubiCasa5K/labels/test/10595.txt,raw_cubicasa\test\10595.txt,test,b1421e2827d0f931d88c7ca6cf19acaa8b5773ca135061ee21016d5dda000ee3,7b3fadbc007e52b8376c6c27244b517ddddce31146a1e815edce852a3ea7c91c,True,False
cubicasa5k/labels/test/10602.txt,CubiCasa5K/labels/test/10602.txt,raw_cubicasa\test\10602.txt,test,c93ad67d775a8436becf944aa9dc0a35806489af798b5f14f8c23823a96294c0,741016b01474ae333e85cd7e9dd5f462e277e9a2936b59fc63b55e83c243299f,True,False
cubicasa5k/labels/test/10614.txt,CubiCasa5K/labels/test/10614.txt,raw_cubicasa\test\10614.txt,test,b049389c68f31bc7ab1248debd40e76216901eb9d9d5675ac52c0d2b8147b182,5b4e7c9ddeefa8bed1c897aeae7f44378d99b749c362a9326495c757da62ba73,True,False
cubicasa5k/labels/test/10630.txt,CubiCasa5K/labels/test/10630.txt,raw_cubicasa\test\10630.txt,test,2d4e129a1cf31284978b4b3da3c43b8bb115d28335e1979e860c90ca719a3318,c8ada924e643cff31027879c0f62741f7d4f7e29b30e38390bc6a8f09801b520,True,False
cubicasa5k/labels/test/10707.txt,CubiCasa5K/labels/test/10707.txt,raw_cubicasa\test\10707.txt,test,e21103e2c8839048e68dcfe770adc1c74cce103efa6e2203320a237fcc56848e,fa42fa0a25485fecb55d8d7f47fd88fc3a2891eacbc3476cfbb82cc62f317619,True,False
cubicasa5k/labels/test/10712.txt,CubiCasa5K/labels/test/10712.txt,raw_cubicasa\test\10712.txt,test,afcd188ca924441a070e60f3643091095524543385986a31fd98419057f4973a,536b0f4255b73e6db01f2eeaf108e00d7e0eeacaf4b7ada56812b9e3fd71f367,True,False
cubicasa5k/labels/test/10728.txt,CubiCasa5K/labels/test/10728.txt,raw_cubicasa\test\10728.txt,test,a5fadb0ef9ee028655a428f40c6401055230839f15ad5d6daa83a4a0f4c78ddd,66c0a2ae4037cf010cdead18f916217c4614911ec8a02c2bc5921bfacb5e4162,True,False
cubicasa5k/labels/test/10762.txt,CubiCasa5K/labels/test/10762.txt,raw_cubicasa\test\10762.txt,test,c85cee21978e3eb70c4c7fcefbbdbf462e69225f3d4def3aceb96627c9d21278,263bf8d8537939f918c17799016bbdcd601628dc0f5d0d3303bca4687fea7f4d,True,False
cubicasa5k/labels/test/11035.txt,CubiCasa5K/labels/test/11035.txt,raw_cubicasa\test\11035.txt,test,71d03ea40222651233cd2263b11b493042ce35340e796144c8a09309a5222c59,fa1de1f9238d7a9d32786cd1581c03ceefa8025df25276742d14394258afc956,True,False
cubicasa5k/labels/test/11079.txt,CubiCasa5K/labels/test/11079.txt,raw_cubicasa\test\11079.txt,test,af61417c5a8471e8e26faddfac997fb2355cdcdd35ece681c20d703ef1c70b78,da5b73341bca62ba733512bbc876ba1cbf290d0f407f3ad2b68203a3e50b9ae4,True,False
cubicasa5k/labels/test/1109.txt,CubiCasa5K/labels/test/1109.txt,raw_cubicasa\test\1109.txt,test,fe4ae41067318158da657701f3c3abf831a5fe5a748ac2e109bcae38d4f594ee,53db1dc8aead9bbe044a01d729ed5ea8e20f64435320dce8f03da9d0c632666c,True,False
cubicasa5k/labels/test/11091.txt,CubiCasa5K/labels/test/11091.txt,raw_cubicasa\test\11091.txt,test,7557028307e4b28053cddd8322746aef3dab2741f2c96456e507b0004263fe8a,13812ac132c044681c8a1e38f17307a18f33635f350f65bb9112db09e46b507a,True,False
cubicasa5k/labels/test/11101.txt,CubiCasa5K/labels/test/11101.txt,raw_cubicasa\test\11101.txt,test,c45187e90ad6dd34145d1ff589d4d69eb46078795b95a082d0118624abbdf01d,4b86266da548f37ccb9478bc679e5f92d88dbef0f33d8e4079740774a2e2fd8c,True,False
cubicasa5k/labels/test/11118.txt,CubiCasa5K/labels/test/11118.txt,raw_cubicasa\test\11118.txt,test,a5dabc12675669a463d92b6317cafe67be9716b27d25072bbe42e8962a057371,efaad1f169d9c92807ee50111ae4d6344868d6f1f744296ac9817b016fa47574,True,False
cubicasa5k/labels/test/11193.txt,CubiCasa5K/labels/test/11193.txt,raw_cubicasa\test\11193.txt,test,ff9e26a1fb170345c25141866880879101ce94a80c9d2bca2150a67f3281f9ca,311376405a85f27592fc44196933aecb876dee96c0346a9bdea9e0eee60b4137,True,False
cubicasa5k/labels/test/11206.txt,CubiCasa5K/labels/test/11206.txt,raw_cubicasa\test\11206.txt,test,86680dd97e392bc8e2a540be5d4617c513edeb27f17556d5bcf443d5b46015c9,590c3ddf4f5e2e36efd3472a588421454cbba6971c52dce8d471006c8fd94522,True,False
cubicasa5k/labels/test/11243.txt,CubiCasa5K/labels/test/11243.txt,raw_cubicasa\test\11243.txt,test,d0ae4c97aaa1253f0e862744c10332693f5d0fcf5b31db2612a7c1740704a513,f86cd5823a4cfbbb38262b7e98a0d3b721315343c6f9eeedd0d82ac0af204be5,True,False
cubicasa5k/labels/test/11268.txt,CubiCasa5K/labels/test/11268.txt,raw_cubicasa\test\11268.txt,test,bcbe60845c0f9da4b5133f54c0604839163d4746888e130ae92319ede89e0e96,d98edf232c0fe229dae165fd534c683103ba6efecb458887a61873a32e313da8,True,False
cubicasa5k/labels/test/11272.txt,CubiCasa5K/labels/test/11272.txt,raw_cubicasa\test\11272.txt,test,ca2d17f0411af6c6d415482a7c331bca5964f5dd247794814462a64cd7fe5dd9,2a4a2da5ff3cc55da6671cf6ba6a0d613d3557b8f1bf11c85b8ae24c99170b48,True,False
cubicasa5k/labels/test/11368.txt,CubiCasa5K/labels/test/11368.txt,raw_cubicasa\test\11368.txt,test,46fd217fe24f3d6e94bb5b1f55f9af8465dd47280818afed94478fdae1ebbd6a,d5521a58b89d4535440de2cd748d7149ad45ccb6b9029d656c017fe15c088864,True,False
cubicasa5k/labels/test/11384.txt,CubiCasa5K/labels/test/11384.txt,raw_cubicasa\test\11384.txt,test,fffecaec5778fd490a02f2e83af3563a64428d20523b5f56026ada90a278b5e0,969b497a9da480191dbf9dc60c6de2420a85e634eebaae77ddabfcd438b55409,True,False
cubicasa5k/labels/test/11390.txt,CubiCasa5K/labels/test/11390.txt,raw_cubicasa\test\11390.txt,test,155bf926e4af443ebc84b7ad64f12a1672423cb4b6405f235ee7884478ffea54,4ff03c6716608454db46eefb6d52662959706e52443ad35c35bd9aef5be7a117,True,False
cubicasa5k/labels/test/11397.txt,CubiCasa5K/labels/test/11397.txt,raw_cubicasa\test\11397.txt,test,95fa5f05f4329e8d655dccd79a487e9a9c94ba356ec5234e0ec02828d6495942,e4e1daa1e8f1dc771da2f913b057e5772ed84d9117f9ea8d88e23f71f397dfd4,True,False
cubicasa5k/labels/test/11410.txt,CubiCasa5K/labels/test/11410.txt,raw_cubicasa\test\11410.txt,test,bde2620a4f53ba121aee9de95c50dfca7a8c0df4be921d814334691007078d0c,4dfb5b3227e3c8ec02efbdb5d3f92c7d059c14b5c6f060377070a9c22746d296,True,False
cubicasa5k/labels/test/11437.txt,CubiCasa5K/labels/test/11437.txt,raw_cubicasa\test\11437.txt,test,68e57fe427a851f43871188182a39c06c39711782eb761472d1227933d05f86f,deff9d6b701b4b22c23e5ff1f2d7ba7283d3b85182aa29b7f16369a16c92237d,True,False
cubicasa5k/labels/test/11556.txt,CubiCasa5K/labels/test/11556.txt,raw_cubicasa\test\11556.txt,test,26a29b83930b49e3dc21ea37951b44b34f53ec72c78ec14dd2cd19214afcae07,0096df708ae1a31abb4701f198ce0f74d1fd8c7991f8f49e55824a8963bbc093,True,False
cubicasa5k/labels/test/11580.txt,CubiCasa5K/labels/test/11580.txt,raw_cubicasa\test\11580.txt,test,f5369ce5aab8b39ae0e063cc3d20d70a0adbe0025a976e6db94ba6ceeecacb8c,7d335b5cb325f426d1a1013c041d67c5bed4ff01351beec3fd8e2aa41f9324ca,True,False
cubicasa5k/labels/test/11588.txt,CubiCasa5K/labels/test/11588.txt,raw_cubicasa\test\11588.txt,test,b86685154c73946086f6be8384f24982b355b275443f6c85ee82873727f7908c,ca8aedece69880320187fe079e2486bd6b3543f58b6642204efa38beb5653bb7,True,False
cubicasa5k/labels/test/11589.txt,CubiCasa5K/labels/test/11589.txt,raw_cubicasa\test\11589.txt,test,2074e87605063114b9a6329cc271a345e3989f4fdd5eb31f23fe801f88769d31,0b662b650f61d7daf13b41281a59fb20431617f2bb546a74cc03ede14e4d3376,True,False
cubicasa5k/labels/test/1162.txt,CubiCasa5K/labels/test/1162.txt,raw_cubicasa\test\1162.txt,test,d6d2a6068cb2f80b3d2b06181a12410aa1ff7da5e4c7e75b5983478858e53cf0,b94d4402df5caff593e306c0490f4949774b3fc4a89f2a35b23e7b04ebeb460b,True,False
cubicasa5k/labels/test/11648.txt,CubiCasa5K/labels/test/11648.txt,raw_cubicasa\test\11648.txt,test,478833e9c5907db8bb67e2d91ae1236bf6fdf8d3e72d783fae811d37229f5960,4f706188ecaca346cbbaec8739c6e62eb2597c8068a700b56466cdffd5565103,True,False
cubicasa5k/labels/test/11702.txt,CubiCasa5K/labels/test/11702.txt,raw_cubicasa\test\11702.txt,test,afce48826b6b0ba12777fb0118ce8f565cbc6046c72363fcbc7f398e432b49b0,61424bc422ab0667ad6ec47aebb9d95cd496734c2d9ce820dd78b93961c0035d,True,False
cubicasa5k/labels/test/11743.txt,CubiCasa5K/labels/test/11743.txt,raw_cubicasa\test\11743.txt,test,91e30a6d021ca546165c642a50301764b66bc84194387de7315a64efceb99ca5,31065ca92cf2714ae78880e9dea61eab6fdd9d03d0ea095b49df91f20869af4d,True,False
cubicasa5k/labels/test/11749.txt,CubiCasa5K/labels/test/11749.txt,raw_cubicasa\test\11749.txt,test,6b18797ec5a7e8166d286755b0e51327cada78f439dff4b4381fca6eb323039b,2a744780291bf20135c09f17b75bc227c1c27fca79480ed76b29897f5397a23e,True,False
cubicasa5k/labels/test/11756.txt,CubiCasa5K/labels/test/11756.txt,raw_cubicasa\test\11756.txt,test,f03a4f3e46cd762bc3c6e0810f7677110fab54d7a73a23f17b9a242effc08f54,38337eb3ee0a9024e3685cca6b6213d26e23ec3476f1c57a03167d6888da1ebb,True,False
cubicasa5k/labels/test/11883.txt,CubiCasa5K/labels/test/11883.txt,raw_cubicasa\test\11883.txt,test,c61c19e22a938ef698b1b779fee6e9952ec07073acad82cbe7b04fc5d1412736,e4c57fe1749992e6c695eb7af82f3ecb60ddf710998af10c17cc805e07ef3d5d,True,False
cubicasa5k/labels/test/12012.txt,CubiCasa5K/labels/test/12012.txt,raw_cubicasa\test\12012.txt,test,6581846a6a5b5152f272a992fe491f9ca3f8da14f36a58a651427a504df7b6af,d37aa1e10feb56900599269d3f6c86593f0b342be965fed68b821483e88ab63b,True,False
cubicasa5k/labels/test/12023.txt,CubiCasa5K/labels/test/12023.txt,raw_cubicasa\test\12023.txt,test,4e60e762dca7f2308c0d14a50e93019b77a3a79c52368dd086e1f78372642f80,a145614f8939c28a77fbe5ae00c46b37651e48b5d31f1cf1b59cc725f811967b,True,False
cubicasa5k/labels/test/12040.txt,CubiCasa5K/labels/test/12040.txt,raw_cubicasa\test\12040.txt,test,3f7513ab4776d83c96ddbce0327695dff6f2b179c0d889feb6dc8294f955a489,173ae85b0b981533cba36523c431d535aec3c3aa0dc3e511a7570761ff6d47fe,True,False
cubicasa5k/labels/test/12042.txt,CubiCasa5K/labels/test/12042.txt,raw_cubicasa\test\12042.txt,test,b2003e8b8af8bec79fe5f4f1028c3edb26b4fb4c7a87170288230da727f5fd11,81558ae038023ee57986889d4b8ccc85b68a503062108f502423682321391185,True,False
cubicasa5k/labels/test/12075.txt,CubiCasa5K/labels/test/12075.txt,raw_cubicasa\test\12075.txt,test,a120148242fc92c28821facc4d8c3fac0792d1c8048190769ef001a440125ae7,4281a48045468bc02f7867cf07d8f712b7003c26a6797dc53c969d58f5634f9a,True,False
cubicasa5k/labels/test/12152.txt,CubiCasa5K/labels/test/12152.txt,raw_cubicasa\test\12152.txt,test,e6b5ad5b25c30f3305948807747bd27a74d51ae027a5e7ac22bbd1cb23334091,970b0051165026b2c5980bdcde308f4c5a0335482d0cfbd229509e6a80621bcb,True,False
cubicasa5k/labels/test/12163.txt,CubiCasa5K/labels/test/12163.txt,raw_cubicasa\test\12163.txt,test,64a1842c570fe3c8d78d85cf7a9a4caf4d5e29daff1c85a9a4ace7b64826230a,39aea499ba292ca70397134b5ec69766e0a7d92b64acacb4bf1eb22f5fa0e659,True,False
cubicasa5k/labels/test/12167.txt,CubiCasa5K/labels/test/12167.txt,raw_cubicasa\test\12167.txt,test,ef36107a459689ab73eca660edb40ef60b4471ed5d8adcab3e78b3fe53dd0263,b4b79aaf4f625ec05fd7a9c667d440926e811783f3c50a12608aa03d6c409af1,True,False
cubicasa5k/labels/test/12245.txt,CubiCasa5K/labels/test/12245.txt,raw_cubicasa\test\12245.txt,test,f594733aaf066e04805440e7f374d05a4945e36c32eba8090fef5c59ca31020c,b892974b885cce994bca65b67da9c2c034bddf228faab948185c0493587b20e8,True,False
cubicasa5k/labels/test/12249.txt,CubiCasa5K/labels/test/12249.txt,raw_cubicasa\test\12249.txt,test,9340695443c86a40eb17203d00497a6570e48f4a4d7070c9d42a14a54397966c,5f69dfa30b54d1b86ad6754c22df98984d4e1b843c0ec872fcaa9860bc3bc4e8,True,False
cubicasa5k/labels/test/12284.txt,CubiCasa5K/labels/test/12284.txt,raw_cubicasa\test\12284.txt,test,c84a048890cc4f10c10703f49ed6965e5dc702914fa2fa335ab23c061fe28c26,2127ef6e6cb6036bb508fd521a32edfce75d7f1346824edc4afaad3df1a07480,True,False
cubicasa5k/labels/test/12412.txt,CubiCasa5K/labels/test/12412.txt,raw_cubicasa\test\12412.txt,test,420a615b230d59b598d41815c2eafb781dca068df3cbf4654bcbf0962d299779,7e50883a2c66da6cb5e2b0004473ee9f169f2493bdb49fafc99d3210d486d462,True,False
cubicasa5k/labels/test/12513.txt,CubiCasa5K/labels/test/12513.txt,raw_cubicasa\test\12513.txt,test,2bf8abca203858a2a6e3e5e48be5114ed74f7638c348ce83b847b79312b16bea,92c958548f168433f466cf71e2ac9d1ff3dc83b9845b4c845a994fc67edc2234,True,False
cubicasa5k/labels/test/12527.txt,CubiCasa5K/labels/test/12527.txt,raw_cubicasa\test\12527.txt,test,0b3621799787bd886930e72ddd91c675d2315766db61e62cbdcfe9c5c67ef45c,36584eb94132c9047bcc985efdece4183d313ea25410f38affa16b7c398614c2,True,False
cubicasa5k/labels/test/12566.txt,CubiCasa5K/labels/test/12566.txt,raw_cubicasa\test\12566.txt,test,3543dd16c725d7a521c5915e8151707a4afd5304a5e32c2ad062002a1ae6cbe7,d3f1f6d70c6459a57d2165c779010dc8280fe2eade3a5bd9122c9bfe912f1920,True,False
cubicasa5k/labels/test/12625.txt,CubiCasa5K/labels/test/12625.txt,raw_cubicasa\test\12625.txt,test,bfc87a3dcce056d51b7d564f813e3eec41a3956a03169d3ee6f74f0e6f73e0b5,b9e01cac6b663d64d50bdccf1e14c857104422c23fee4040a14a2ec12265a8a4,True,False
cubicasa5k/labels/test/12638.txt,CubiCasa5K/labels/test/12638.txt,raw_cubicasa\test\12638.txt,test,8ca8c497b3f9fcdb655f90993c7ecf5fff719e127b1a09a19518277da9a5b5a2,c268a1266a8643d0ba35e22915339a1f3f2f1cb8ce4bac511c9186411956a912,True,False
cubicasa5k/labels/test/12688.txt,CubiCasa5K/labels/test/12688.txt,raw_cubicasa\test\12688.txt,test,a17cdd5242c1f6d91bd9b4d55cf5ae5aa76a77dbdfbb9d7b4b7dae8a43069d8c,bdba52a84e4d1104daef1007903e215cc708465902378a76b81bd1656c9628ff,True,False
cubicasa5k/labels/test/12757.txt,CubiCasa5K/labels/test/12757.txt,raw_cubicasa\test\12757.txt,test,59b751af24c0e7568d7ca19f817220adc67bb5540c47ef88e23babaf31e719b5,8bb7d96974e556c79016cf865b24174e7ae4977f7b16453d78504cdddfaaf5a5,True,False
cubicasa5k/labels/test/12841.txt,CubiCasa5K/labels/test/12841.txt,raw_cubicasa\test\12841.txt,test,6495e5d1aa329f7f22cfa962ea446baff00fd7a2742be1e011759e79466c3f1f,2445ef2f40e214222a05d8faea0ff11851325724c5feef8bde73bc520ccbce9e,True,False
cubicasa5k/labels/test/12852.txt,CubiCasa5K/labels/test/12852.txt,raw_cubicasa\test\12852.txt,test,d68d5ac3029f87843645b32263a9bd111acb1dcb1a948aea50bdfdb871c8d0df,54d30cb3d705b982b63266b42bbb275ae77000420d54d7f9224adf4dc6a29e4e,True,False
cubicasa5k/labels/test/12878.txt,CubiCasa5K/labels/test/12878.txt,raw_cubicasa\test\12878.txt,test,ac418027a784f8be8be7535e7fa39b3e4dc7859358fbc9934384a042eefed971,17b1cf29854901559905f93b8faf66580b1b00466c0d51333ebf83fba7091cd6,True,False
cubicasa5k/labels/test/12914.txt,CubiCasa5K/labels/test/12914.txt,raw_cubicasa\test\12914.txt,test,32f570f2a59d3da1c9371419c3c0738230fbf20ea4579876735c15e3be18bf37,834d9ab7375c51a3662e22c5420f3dd5caa21bd97613e10b1e9173e324c99eda,True,False
cubicasa5k/labels/test/13005.txt,CubiCasa5K/labels/test/13005.txt,raw_cubicasa\test\13005.txt,test,92ff6581e4fa0295b8137b03fc7c588e5eed56b49b227824560d00e5c2b4cf33,cbd52f06c9cdbd2cc4ae1bd4bbd2d8ea9c8750617e4263cdee0c3da0f39e0447,True,False
