plot_width,plot_length,plot_area_sqft,aspect_ratio,floors,bhk,family_size,parking_spaces,facing_direction,vastu_priority,layout_archetype,circulation_ratio
39.3,106.0,4165.8,2.697,2,5,7,1,West,True,CENTRAL_SPINE_SPLIT,0.157
19.2,52.5,1008.0,2.734,1,2,3,1,North,True,CENTRAL_SPINE_SPLIT,0.154
34.6,68.7,2377.0,1.986,1,2,3,2,North,True,CENTRAL_SPINE_SPLIT,0.134
20.6,40.7,838.4,1.976,1,2,3,1,North,True,CENTRAL_SPINE_SPLIT,0.171
25.0,43.5,1087.5,1.74,3,1,3,1,North,True,COMPACT_LINEAR,0.095
28.5,78.0,2223.0,2.737,3,3,5,3,North,True,VILLA_PERIMETER,0.171
40.2,51.0,2050.2,1.269,2,4,7,1,North,False,L_SHAPED_COURTYARD,0.159
74.3,140.0,10402.0,1.884,1,4,7,2,East,True,CENTRAL_SPINE_SPLIT,0.171
24.6,61.8,1520.3,2.512,1,3,5,1,North,True,CENTRAL_SPINE_SPLIT,0.155
68.6,116.0,7957.6,1.691,2,4,7,2,South,True,VILLA_PERIMETER,0.218
19.4,22.0,426.8,1.134,2,1,2,0,West,True,COMPACT_LINEAR,0.09
61.1,72.1,4405.3,1.18,2,4,7,3,East,True,L_SHAPED_COURTYARD,0.194
48.7,116.7,5683.3,2.396,2,6,8,2,East,False,WRAP_AROUND_OPEN_PLAN,0.156
41.8,48.8,2039.8,1.167,1,2,3,1,South,True,WRAP_AROUND_OPEN_PLAN,0.145
73.4,140.0,10276.0,1.907,2,4,5,1,East,True,VILLA_PERIMETER,0.148
37.7,76.6,2887.8,2.032,2,4,9,2,North,True,CENTRAL_SPINE_SPLIT,0.137
63.8,107.7,6871.3,1.688,2,6,9,1,South,True,VILLA_PERIMETER,0.207
36.6,42.5,1555.5,1.161,2,3,4,1,West,True,WRAP_AROUND_OPEN_PLAN,0.137
65.7,139.2,9145.4,2.119,2,5,10,1,North,False,CENTRAL_SPINE_SPLIT,0.165
32.9,91.9,3023.5,2.793,2,5,7,1,East,False,CENTRAL_SPINE_SPLIT,0.162
41.1,105.4,4331.9,2.564,3,6,10,2,South,False,CENTRAL_SPINE_SPLIT,0.173
34.2,45.9,1569.8,1.342,1,3,5,1,North,True,L_SHAPED_COURTYARD,0.175
59.1,79.6,4704.4,1.347,2,5,6,2,West,True,VILLA_PERIMETER,0.209
42.8,61.4,2627.9,1.435,2,4,6,2,East,False,COMPACT_LINEAR,0.206
71.6,140.0,10024.0,1.955,2,6,9,3,West,True,CENTRAL_SPINE_SPLIT,0.159
66.5,90.8,6038.2,1.365,2,4,6,2,North,True,VILLA_PERIMETER,0.205
26.0,46.5,1209.0,1.788,2,3,6,1,South,True,CENTRAL_SPINE_SPLIT,0.173
64.2,140.0,8988.0,2.181,2,6,10,2,East,False,CENTRAL_SPINE_SPLIT,0.16
37.3,55.5,2070.1,1.488,2,2,4,1,South,True,WRAP_AROUND_OPEN_PLAN,0.134
19.7,22.0,433.4,1.117,2,1,2,0,East,True,COMPACT_LINEAR,0.097
22.9,22.0,503.8,0.961,2,1,4,0,West,True,COMPACT_LINEAR,0.12
63.3,80.3,5083.0,1.269,1,5,8,2,North,True,L_SHAPED_COURTYARD,0.19
49.3,108.5,5349.0,2.201,2,5,10,2,North,True,CENTRAL_SPINE_SPLIT,0.172
18.8,22.0,413.6,1.17,1,1,3,0,South,True,COMPACT_LINEAR,0.119
45.0,47.9,2155.5,1.064,1,3,7,1,North,True,L_SHAPED_COURTYARD,0.196
46.7,116.7,5449.9,2.499,1,5,8,1,East,False,CENTRAL_SPINE_SPLIT,0.153
40.1,82.2,3296.2,2.05,2,4,6,3,West,True,CENTRAL_SPINE_SPLIT,0.167
23.7,22.0,521.4,0.928,2,1,2,0,East,True,COMPACT_LINEAR,0.104
34.1,32.3,1101.4,0.947,2,2,4,1,East,True,COMPACT_LINEAR,0.117
60.8,140.0,8512.0,2.303,2,6,10,2,West,False,CENTRAL_SPINE_SPLIT,0.153
60.8,138.9,8445.1,2.285,3,4,8,2,West,True,CENTRAL_SPINE_SPLIT,0.16
66.3,95.8,6351.5,1.445,2,6,7,1,North,True,VILLA_PERIMETER,0.16
30.1,80.9,2435.1,2.688,1,4,7,2,West,True,CENTRAL_SPINE_SPLIT,0.18
67.4,140.0,9436.0,2.077,2,5,9,1,South,True,CENTRAL_SPINE_SPLIT,0.157
67.2,140.0,9408.0,2.083,3,4,4,2,South,True,CENTRAL_SPINE_SPLIT,0.173
32.2,44.9,1445.8,1.394,1,3,7,1,East,False,WRAP_AROUND_OPEN_PLAN,0.117
60.4,128.7,7773.5,2.131,2,4,5,2,South,False,CENTRAL_SPINE_SPLIT,0.159
49.7,68.5,3404.5,1.378,3,3,5,2,North,True,WRAP_AROUND_OPEN_PLAN,0.143
34.8,97.1,3379.1,2.79,2,4,7,3,North,True,CENTRAL_SPINE_SPLIT,0.163
37.1,39.2,1454.3,1.057,1,3,4,1,South,True,WRAP_AROUND_OPEN_PLAN,0.129
19.8,25.5,504.9,1.288,2,1,2,0,North,False,COMPACT_LINEAR,0.105
51.1,134.4,6867.8,2.63,3,4,5,2,East,True,CENTRAL_SPINE_SPLIT,0.162
39.5,89.8,3547.1,2.273,3,4,5,1,North,True,CENTRAL_SPINE_SPLIT,0.161
57.4,104.6,6004.0,1.822,3,5,9,2,South,True,CENTRAL_SPINE_SPLIT,0.167
32.3,41.2,1330.8,1.276,2,3,1,1,East,True,WRAP_AROUND_OPEN_PLAN,0.137
73.2,64.8,4743.4,0.885,2,5,4,2,East,False,L_SHAPED_COURTYARD,0.172
53.2,140.0,7448.0,2.632,2,5,6,2,South,True,CENTRAL_SPINE_SPLIT,0.161
35.0,63.0,2205.0,1.8,2,3,6,2,North,True,CENTRAL_SPINE_SPLIT,0.158
37.8,43.1,1629.2,1.14,1,3,2,1,East,True,L_SHAPED_COURTYARD,0.204
28.3,61.2,1732.0,2.163,2,3,5,1,East,True,CENTRAL_SPINE_SPLIT,0.16
37.7,53.9,2032.0,1.43,2,2,1,1,West,True,WRAP_AROUND_OPEN_PLAN,0.146
36.3,32.4,1176.1,0.893,2,2,2,1,South,True,COMPACT_LINEAR,0.11
22.8,44.6,1016.9,1.956,2,3,5,1,East,True,CENTRAL_SPINE_SPLIT,0.161
21.6,22.0,475.2,1.019,2,1,3,0,North,False,COMPACT_LINEAR,0.118
40.6,37.4,1518.4,0.921,1,3,6,1,North,True,L_SHAPED_COURTYARD,0.183
37.5,63.6,2385.0,1.696,2,3,8,2,East,True,WRAP_AROUND_OPEN_PLAN,0.133
39.6,55.8,2209.7,1.409,2,4,6,2,West,True,WRAP_AROUND_OPEN_PLAN,0.12
38.8,66.9,2595.7,1.724,1,5,8,1,West,True,WRAP_AROUND_OPEN_PLAN,0.142
64.8,140.0,9072.0,2.16,2,5,7,3,East,True,CENTRAL_SPINE_SPLIT,0.166
48.2,105.3,5075.5,2.185,1,5,8,2,East,True,CENTRAL_SPINE_SPLIT,0.16
49.3,91.3,4501.1,1.852,2,4,9,2,North,False,CENTRAL_SPINE_SPLIT,0.153
41.3,109.8,4534.7,2.659,2,6,10,2,North,False,CENTRAL_SPINE_SPLIT,0.158
60.8,140.0,8512.0,2.303,1,6,10,3,North,True,CENTRAL_SPINE_SPLIT,0.145
43.8,96.3,4217.9,2.199,2,6,6,2,South,True,CENTRAL_SPINE_SPLIT,0.178
21.8,25.7,560.3,1.179,2,1,4,0,East,True,COMPACT_LINEAR,0.099
46.2,104.3,4818.7,2.258,3,5,8,2,North,True,CENTRAL_SPINE_SPLIT,0.172
46.2,105.6,4878.7,2.286,2,4,5,2,South,True,CENTRAL_SPINE_SPLIT,0.134
41.3,95.9,3960.7,2.322,2,4,8,2,East,False,CENTRAL_SPINE_SPLIT,0.166
31.0,49.3,1528.3,1.59,2,3,5,1,East,True,WRAP_AROUND_OPEN_PLAN,0.135
70.4,140.0,9856.0,1.989,2,4,5,1,North,True,CENTRAL_SPINE_SPLIT,0.176
69.9,67.0,4683.3,0.959,1,4,7,2,North,True,L_SHAPED_COURTYARD,0.175
39.6,89.6,3548.2,2.263,2,4,5,2,West,False,CENTRAL_SPINE_SPLIT,0.163
45.4,119.3,5416.2,2.628,1,5,7,2,North,True,CENTRAL_SPINE_SPLIT,0.164
62.5,80.2,5012.5,1.283,2,4,7,2,East,False,L_SHAPED_COURTYARD,0.18
28.5,37.9,1080.1,1.33,1,2,5,1,North,True,COMPACT_LINEAR,0.106
39.5,97.0,3831.5,2.456,2,5,8,2,South,True,CENTRAL_SPINE_SPLIT,0.182
23.9,33.5,800.6,1.402,2,1,3,1,South,False,COMPACT_LINEAR,0.106
65.9,140.0,9226.0,2.124,2,5,7,2,East,True,CENTRAL_SPINE_SPLIT,0.153
68.6,128.2,8794.5,1.869,3,5,8,3,West,False,CENTRAL_SPINE_SPLIT,0.161
41.2,56.9,2344.3,1.381,2,2,4,1,West,True,WRAP_AROUND_OPEN_PLAN,0.146
69.9,140.0,9786.0,2.003,3,4,6,3,North,False,CENTRAL_SPINE_SPLIT,0.159
67.1,77.9,5227.1,1.161,2,6,9,3,South,True,VILLA_PERIMETER,0.188
47.2,106.6,5031.5,2.258,2,5,8,2,North,False,CENTRAL_SPINE_SPLIT,0.146
56.9,138.1,7857.9,2.427,3,5,7,2,South,True,CENTRAL_SPINE_SPLIT,0.16
26.0,32.6,847.6,1.254,2,2,4,1,South,True,COMPACT_LINEAR,0.094
41.0,95.1,3899.1,2.32,2,5,8,1,East,True,CENTRAL_SPINE_SPLIT,0.157
59.1,117.1,6920.6,1.981,2,6,7,2,North,False,CENTRAL_SPINE_SPLIT,0.159
72.4,74.2,5372.1,1.025,2,5,6,2,East,True,L_SHAPED_COURTYARD,0.164
22.3,22.0,490.6,0.987,3,1,3,0,West,False,COMPACT_LINEAR,0.103
47.7,42.1,2008.2,0.883,2,4,8,1,East,True,L_SHAPED_COURTYARD,0.188
69.5,140.0,9730.0,2.014,1,5,7,2,West,True,CENTRAL_SPINE_SPLIT,0.161
35.8,34.1,1220.8,0.953,1,2,3,1,East,True,WRAP_AROUND_OPEN_PLAN,0.128
36.2,88.4,3200.1,2.442,2,3,4,1,East,True,CENTRAL_SPINE_SPLIT,0.156
21.7,29.6,642.3,1.364,2,1,4,0,West,True,COMPACT_LINEAR,0.092
19.4,49.0,950.6,2.526,3,1,3,1,East,False,CENTRAL_SPINE_SPLIT,0.161
61.7,95.3,5880.0,1.545,2,5,7,2,East,True,VILLA_PERIMETER,0.217
38.2,49.8,1902.4,1.304,1,3,5,1,South,True,WRAP_AROUND_OPEN_PLAN,0.143
72.1,140.0,10094.0,1.942,2,4,9,1,West,True,CENTRAL_SPINE_SPLIT,0.152
55.0,108.7,5978.5,1.976,2,5,7,1,East,True,CENTRAL_SPINE_SPLIT,0.153
47.5,92.8,4408.0,1.954,2,5,5,3,West,True,CENTRAL_SPINE_SPLIT,0.198
60.6,46.9,2842.1,0.774,3,5,5,1,South,True,VILLA_PERIMETER,0.189
20.0,27.8,556.0,1.39,2,2,2,0,North,True,L_SHAPED_COURTYARD,0.1
22.6,26.3,594.4,1.164,1,1,2,0,South,True,COMPACT_LINEAR,0.124
37.8,80.3,3035.3,2.124,2,4,6,2,West,False,CENTRAL_SPINE_SPLIT,0.164
65.7,140.0,9198.0,2.131,2,5,7,3,West,True,CENTRAL_SPINE_SPLIT,0.166
25.3,35.5,898.1,1.403,1,2,4,1,South,True,COMPACT_LINEAR,0.115
53.2,140.0,7448.0,2.632,2,5,8,2,North,False,CENTRAL_SPINE_SPLIT,0.186
72.9,103.4,7537.9,1.418,3,5,7,2,East,True,VILLA_PERIMETER,0.202
37.7,75.5,2846.4,2.003,2,3,4,2,North,True,CENTRAL_SPINE_SPLIT,0.165
45.9,106.4,4883.8,2.318,2,5,6,1,East,True,CENTRAL_SPINE_SPLIT,0.134
22.7,48.3,1096.4,2.128,1,2,4,1,South,True,CENTRAL_SPINE_SPLIT,0.159
33.6,92.9,3121.4,2.765,3,4,5,1,East,True,CENTRAL_SPINE_SPLIT,0.152
45.0,123.0,5535.0,2.733,3,4,7,3,East,True,CENTRAL_SPINE_SPLIT,0.169
19.9,52.4,1042.8,2.633,2,2,2,1,North,True,CENTRAL_SPINE_SPLIT,0.159
29.4,50.9,1496.5,1.731,2,2,5,1,North,True,L_SHAPED_COURTYARD,0.132
56.8,86.9,4935.9,1.53,2,6,10,3,West,True,VILLA_PERIMETER,0.209
26.3,24.1,633.8,0.916,1,1,1,0,North,False,COMPACT_LINEAR,0.109
22.1,40.3,890.6,1.824,1,3,4,1,North,False,CENTRAL_SPINE_SPLIT,0.173
57.5,139.4,8015.5,2.424,2,4,6,2,East,True,CENTRAL_SPINE_SPLIT,0.171
72.0,140.0,10080.0,1.944,2,5,10,2,East,False,CENTRAL_SPINE_SPLIT,0.158
20.3,22.0,446.6,1.084,2,1,4,0,South,True,COMPACT_LINEAR,0.123
44.8,101.4,4542.7,2.263,2,6,9,2,North,True,CENTRAL_SPINE_SPLIT,0.136
41.8,47.1,1968.8,1.127,1,4,6,1,East,True,L_SHAPED_COURTYARD,0.186
61.8,108.8,6723.8,1.761,2,5,7,2,East,True,CENTRAL_SPINE_SPLIT,0.161
55.3,140.0,7742.0,2.532,2,4,5,3,North,False,CENTRAL_SPINE_SPLIT,0.133
52.3,106.1,5549.0,2.029,2,4,5,2,North,True,CENTRAL_SPINE_SPLIT,0.158
51.0,106.7,5441.7,2.092,2,4,5,3,North,True,CENTRAL_SPINE_SPLIT,0.14
40.6,48.6,1973.2,1.197,2,3,3,1,South,True,WRAP_AROUND_OPEN_PLAN,0.132
43.6,84.3,3675.5,1.933,2,5,6,2,South,True,CENTRAL_SPINE_SPLIT,0.142
58.2,95.3,5546.5,1.637,2,6,8,3,North,True,CENTRAL_SPINE_SPLIT,0.201
25.0,41.2,1030.0,1.648,1,3,4,1,North,False,WRAP_AROUND_OPEN_PLAN,0.14
18.3,49.4,904.0,2.699,3,2,5,1,South,True,CENTRAL_SPINE_SPLIT,0.125
19.7,26.5,522.0,1.345,2,1,3,0,South,False,COMPACT_LINEAR,0.102
57.5,140.0,8050.0,2.435,2,6,10,3,East,True,CENTRAL_SPINE_SPLIT,0.159
57.3,121.5,6961.9,2.12,2,4,8,1,East,False,CENTRAL_SPINE_SPLIT,0.146
67.4,140.0,9436.0,2.077,1,5,7,2,East,False,CENTRAL_SPINE_SPLIT,0.156
69.4,140.0,9716.0,2.017,3,4,4,2,North,True,CENTRAL_SPINE_SPLIT,0.149
50.1,75.1,3762.5,1.499,2,4,4,1,East,True,VILLA_PERIMETER,0.221
61.3,107.3,6577.5,1.75,3,5,8,1,South,True,CENTRAL_SPINE_SPLIT,0.146
60.6,133.5,8090.1,2.203,3,5,9,1,West,True,CENTRAL_SPINE_SPLIT,0.158
29.2,49.8,1454.2,1.705,1,3,5,1,East,False,WRAP_AROUND_OPEN_PLAN,0.168
51.1,45.4,2319.9,0.888,1,3,4,3,East,True,L_SHAPED_COURTYARD,0.181
63.2,68.8,4348.2,1.089,2,6,9,1,North,True,L_SHAPED_COURTYARD,0.153
51.8,122.6,6350.7,2.367,1,5,8,2,East,True,CENTRAL_SPINE_SPLIT,0.157
59.7,140.0,8358.0,2.345,3,5,7,2,North,True,CENTRAL_SPINE_SPLIT,0.165
45.0,82.1,3694.5,1.824,1,3,4,2,North,True,CENTRAL_SPINE_SPLIT,0.152
74.3,73.3,5446.2,0.987,2,5,10,2,West,True,VILLA_PERIMETER,0.193
59.3,113.5,6730.5,1.914,1,4,6,1,South,True,CENTRAL_SPINE_SPLIT,0.148
21.9,52.1,1141.0,2.379,2,2,4,1,South,True,CENTRAL_SPINE_SPLIT,0.17
56.2,140.0,7868.0,2.491,2,5,7,1,East,False,CENTRAL_SPINE_SPLIT,0.181
57.3,64.3,3684.4,1.122,1,4,8,2,East,False,L_SHAPED_COURTYARD,0.176
31.4,48.3,1516.6,1.538,3,3,5,1,East,True,WRAP_AROUND_OPEN_PLAN,0.149
23.1,52.8,1219.7,2.286,2,1,3,1,North,True,CENTRAL_SPINE_SPLIT,0.171
38.5,34.0,1309.0,0.883,2,4,5,1,South,True,WRAP_AROUND_OPEN_PLAN,0.121
70.4,122.8,8645.1,1.744,3,6,9,2,West,False,VILLA_PERIMETER,0.199
63.0,84.4,5317.2,1.34,2,4,7,2,West,True,VILLA_PERIMETER,0.189
25.6,64.3,1646.1,2.512,2,4,8,1,North,True,CENTRAL_SPINE_SPLIT,0.167
26.3,38.7,1017.8,1.471,1,1,3,1,South,True,COMPACT_LINEAR,0.111
43.1,39.7,1711.1,0.921,1,3,7,1,North,True,L_SHAPED_COURTYARD,0.195
44.2,36.3,1604.5,0.821,1,4,6,1,North,True,L_SHAPED_COURTYARD,0.175
57.5,47.8,2748.5,0.831,3,4,7,2,East,True,L_SHAPED_COURTYARD,0.194
25.5,65.3,1665.1,2.561,1,3,3,1,East,True,CENTRAL_SPINE_SPLIT,0.138
18.6,29.3,545.0,1.575,1,1,3,0,North,True,COMPACT_LINEAR,0.1
18.7,22.6,422.6,1.209,3,2,4,0,North,True,COMPACT_LINEAR,0.117
66.1,59.9,3959.4,0.906,1,5,9,2,South,True,WRAP_AROUND_OPEN_PLAN,0.13
62.7,140.0,8778.0,2.233,2,6,10,2,North,False,COMPACT_LINEAR,0.147
62.5,140.0,8750.0,2.24,2,5,6,3,South,False,CENTRAL_SPINE_SPLIT,0.157
74.3,121.2,9005.2,1.631,1,4,7,3,North,True,WRAP_AROUND_OPEN_PLAN,0.155
40.1,67.0,2686.7,1.671,3,5,6,2,East,True,VILLA_PERIMETER,0.179
22.7,40.4,917.1,1.78,2,3,4,1,North,False,CENTRAL_SPINE_SPLIT,0.149
69.1,95.1,6571.4,1.376,2,4,6,3,South,True,VILLA_PERIMETER,0.188
20.5,22.0,451.0,1.073,1,1,3,0,South,True,COMPACT_LINEAR,0.09
70.9,140.0,9926.0,1.975,1,5,8,1,South,True,CENTRAL_SPINE_SPLIT,0.156
73.8,140.0,10332.0,1.897,1,5,7,2,North,True,CENTRAL_SPINE_SPLIT,0.156
24.2,51.8,1253.6,2.14,3,1,1,1,North,True,CENTRAL_SPINE_SPLIT,0.16
60.4,119.9,7242.0,1.985,1,4,6,3,South,True,CENTRAL_SPINE_SPLIT,0.15
64.3,140.0,9002.0,2.177,2,6,9,2,North,True,CENTRAL_SPINE_SPLIT,0.158
53.1,113.9,6048.1,2.145,2,4,8,3,East,True,CENTRAL_SPINE_SPLIT,0.161
61.2,130.0,7956.0,2.124,3,5,8,1,South,True,CENTRAL_SPINE_SPLIT,0.12
30.4,30.1,915.0,0.99,1,2,3,1,South,True,COMPACT_LINEAR,0.105
47.1,104.5,4921.9,2.219,2,4,6,2,East,True,WRAP_AROUND_OPEN_PLAN,0.161
46.4,40.0,1856.0,0.862,1,2,4,1,East,True,L_SHAPED_COURTYARD,0.191
26.4,36.7,968.9,1.39,1,2,4,1,East,False,COMPACT_LINEAR,0.094
54.6,86.5,4722.9,1.584,2,5,7,3,South,True,VILLA_PERIMETER,0.188
28.5,41.6,1185.6,1.46,1,2,4,1,North,False,COMPACT_LINEAR,0.09
42.5,107.6,4573.0,2.532,1,6,9,2,North,True,CENTRAL_SPINE_SPLIT,0.177
46.3,74.9,3467.9,1.618,2,4,7,1,East,True,VILLA_PERIMETER,0.187
21.9,22.0,481.8,1.005,2,1,3,0,North,True,COMPACT_LINEAR,0.107
43.6,101.6,4429.8,2.33,2,4,3,2,West,True,CENTRAL_SPINE_SPLIT,0.171
72.9,136.8,9972.7,1.877,1,6,7,2,West,True,CENTRAL_SPINE_SPLIT,0.154
29.3,55.3,1620.3,1.887,3,3,3,1,North,True,CENTRAL_SPINE_SPLIT,0.174
32.3,80.3,2593.7,2.486,2,4,6,2,South,True,CENTRAL_SPINE_SPLIT,0.162
45.6,47.8,2179.7,1.048,3,4,6,1,South,True,WRAP_AROUND_OPEN_PLAN,0.164
21.5,38.2,821.3,1.777,2,2,3,1,North,True,CENTRAL_SPINE_SPLIT,0.15
47.6,53.8,2560.9,1.13,3,5,7,2,West,False,CENTRAL_SPINE_SPLIT,0.206
23.4,33.3,779.2,1.423,2,2,3,1,South,True,COMPACT_LINEAR,0.124
43.1,47.9,2064.5,1.111,1,3,6,1,North,True,L_SHAPED_COURTYARD,0.172
29.2,75.4,2201.7,2.582,1,3,3,2,South,False,CENTRAL_SPINE_SPLIT,0.163
46.9,91.7,4300.7,1.955,2,4,7,2,East,False,CENTRAL_SPINE_SPLIT,0.167
24.7,55.7,1375.8,2.255,3,3,4,1,East,True,CENTRAL_SPINE_SPLIT,0.16
73.8,140.0,10332.0,1.897,2,4,6,2,West,True,CENTRAL_SPINE_SPLIT,0.167
70.3,65.6,4611.7,0.933,3,5,8,2,North,False,L_SHAPED_COURTYARD,0.189
47.9,58.1,2783.0,1.213,1,3,4,3,East,True,L_SHAPED_COURTYARD,0.2
42.8,81.8,3501.0,1.911,3,4,6,1,East,True,CENTRAL_SPINE_SPLIT,0.168
18.2,38.8,706.2,2.132,2,2,3,1,West,True,CENTRAL_SPINE_SPLIT,0.153
21.9,50.4,1103.8,2.301,2,2,3,1,East,True,CENTRAL_SPINE_SPLIT,0.164
55.1,139.7,7697.5,2.535,1,4,4,1,South,True,CENTRAL_SPINE_SPLIT,0.143
63.7,108.7,6924.2,1.706,2,4,7,3,East,True,VILLA_PERIMETER,0.192
74.0,140.0,10360.0,1.892,2,5,10,2,North,True,CENTRAL_SPINE_SPLIT,0.166
33.0,26.3,867.9,0.797,2,2,4,1,East,True,COMPACT_LINEAR,0.099
68.0,94.8,6446.4,1.394,3,4,7,3,North,True,VILLA_PERIMETER,0.227
63.0,120.0,7560.0,1.905,2,5,7,2,South,True,CENTRAL_SPINE_SPLIT,0.142
21.7,58.7,1273.8,2.705,2,1,1,1,North,True,CENTRAL_SPINE_SPLIT,0.159
72.0,117.7,8474.4,1.635,2,5,7,1,East,False,VILLA_PERIMETER,0.205
33.5,56.7,1899.5,1.693,2,4,7,1,North,True,WRAP_AROUND_OPEN_PLAN,0.137
69.7,83.8,5840.9,1.202,2,5,10,2,South,True,VILLA_PERIMETER,0.194
48.6,121.2,5890.3,2.494,3,4,6,2,South,True,CENTRAL_SPINE_SPLIT,0.169
20.5,26.3,539.1,1.283,2,1,2,0,West,True,WRAP_AROUND_OPEN_PLAN,0.126
20.6,33.9,698.3,1.646,1,2,5,0,West,True,COMPACT_LINEAR,0.101
56.5,74.8,4226.2,1.324,3,5,8,1,East,False,COMPACT_LINEAR,0.185
57.1,53.7,3066.3,0.94,2,4,5,2,East,True,L_SHAPED_COURTYARD,0.176
38.2,102.3,3907.9,2.678,2,5,9,1,East,False,CENTRAL_SPINE_SPLIT,0.139
67.8,140.0,9492.0,2.065,3,4,6,1,North,True,CENTRAL_SPINE_SPLIT,0.151
45.7,87.4,3994.2,1.912,1,4,4,2,East,False,CENTRAL_SPINE_SPLIT,0.169
42.5,89.8,3816.5,2.113,2,4,6,2,East,False,CENTRAL_SPINE_SPLIT,0.177
42.6,58.3,2483.6,1.369,2,4,8,2,South,True,WRAP_AROUND_OPEN_PLAN,0.149
26.1,67.1,1751.3,2.571,1,3,5,1,East,True,CENTRAL_SPINE_SPLIT,0.158
41.3,55.9,2308.7,1.354,2,3,3,3,South,True,WRAP_AROUND_OPEN_PLAN,0.133
45.7,34.6,1581.2,0.757,3,3,4,1,North,True,WRAP_AROUND_OPEN_PLAN,0.139
19.3,44.2,853.1,2.29,2,2,3,1,West,True,CENTRAL_SPINE_SPLIT,0.163
74.1,96.7,7165.5,1.305,2,6,7,2,North,True,L_SHAPED_COURTYARD,0.166
61.4,140.0,8596.0,2.28,2,5,7,1,North,True,CENTRAL_SPINE_SPLIT,0.153
49.8,71.2,3545.8,1.43,1,4,9,2,South,False,WRAP_AROUND_OPEN_PLAN,0.129
53.5,101.4,5424.9,1.895,2,5,7,2,South,True,CENTRAL_SPINE_SPLIT,0.159
69.8,140.0,9772.0,2.006,3,5,8,1,East,True,CENTRAL_SPINE_SPLIT,0.155
71.8,72.7,5219.9,1.013,3,5,9,2,South,True,VILLA_PERIMETER,0.199
61.4,92.8,5697.9,1.511,2,5,9,3,South,False,VILLA_PERIMETER,0.203
50.7,137.3,6961.1,2.708,1,4,6,3,West,True,CENTRAL_SPINE_SPLIT,0.174
43.6,77.3,3370.3,1.773,3,4,6,2,East,True,CENTRAL_SPINE_SPLIT,0.155
35.1,51.0,1790.1,1.453,2,4,7,1,North,True,WRAP_AROUND_OPEN_PLAN,0.146
65.5,140.0,9170.0,2.137,2,4,7,2,East,True,CENTRAL_SPINE_SPLIT,0.174
45.8,39.5,1809.1,0.862,1,3,5,1,North,False,L_SHAPED_COURTYARD,0.173
22.1,59.8,1321.6,2.706,1,3,5,1,East,True,L_SHAPED_COURTYARD,0.15
58.5,122.9,7189.7,2.101,3,4,4,1,North,True,CENTRAL_SPINE_SPLIT,0.151
66.0,122.3,8071.8,1.853,1,4,6,2,North,True,CENTRAL_SPINE_SPLIT,0.143
43.9,106.5,4675.3,2.426,2,5,4,1,North,True,CENTRAL_SPINE_SPLIT,0.182
24.8,65.1,1614.5,2.625,1,3,6,1,North,True,CENTRAL_SPINE_SPLIT,0.17
28.8,67.5,1944.0,2.344,2,3,5,1,South,True,CENTRAL_SPINE_SPLIT,0.171
22.7,60.3,1368.8,2.656,1,4,7,1,East,False,CENTRAL_SPINE_SPLIT,0.162
42.1,62.8,2643.9,1.492,2,5,8,3,East,True,VILLA_PERIMETER,0.201
67.9,73.6,4997.4,1.084,1,4,7,1,South,True,WRAP_AROUND_OPEN_PLAN,0.142
24.0,41.9,1005.6,1.746,2,2,2,1,East,False,CENTRAL_SPINE_SPLIT,0.109
28.6,53.2,1521.5,1.86,2,3,6,1,East,True,CENTRAL_SPINE_SPLIT,0.156
61.0,47.3,2885.3,0.775,3,4,7,3,North,True,VILLA_PERIMETER,0.193
51.0,44.8,2284.8,0.878,2,2,4,2,North,True,L_SHAPED_COURTYARD,0.187
69.9,140.0,9786.0,2.003,3,5,8,1,East,False,L_SHAPED_COURTYARD,0.157
56.6,76.7,4341.2,1.355,2,5,8,1,North,False,VILLA_PERIMETER,0.2
24.9,31.3,779.4,1.257,2,1,2,1,North,True,WRAP_AROUND_OPEN_PLAN,0.129
55.8,103.3,5764.1,1.851,2,6,10,2,North,True,CENTRAL_SPINE_SPLIT,0.162
69.3,140.0,9702.0,2.02,2,6,8,2,East,False,CENTRAL_SPINE_SPLIT,0.159
48.3,99.8,4820.3,2.066,2,5,7,2,East,False,CENTRAL_SPINE_SPLIT,0.168
36.0,46.1,1659.6,1.281,2,4,8,1,West,True,WRAP_AROUND_OPEN_PLAN,0.146
48.7,40.3,1962.6,0.828,2,3,5,1,North,True,L_SHAPED_COURTYARD,0.189
35.2,80.9,2847.7,2.298,3,4,6,3,East,True,CENTRAL_SPINE_SPLIT,0.165
44.1,82.8,3651.5,1.878,2,5,8,1,West,True,CENTRAL_SPINE_SPLIT,0.168
55.6,51.6,2869.0,0.928,2,4,7,2,North,True,L_SHAPED_COURTYARD,0.179
28.0,32.2,901.6,1.15,1,1,3,1,South,True,COMPACT_LINEAR,0.119
72.3,140.0,10122.0,1.936,3,4,5,1,South,False,CENTRAL_SPINE_SPLIT,0.173
61.5,140.0,8610.0,2.276,3,5,7,2,East,True,CENTRAL_SPINE_SPLIT,0.175
28.1,50.0,1405.0,1.779,2,4,6,1,West,True,CENTRAL_SPINE_SPLIT,0.143
26.8,74.5,1996.6,2.78,2,4,3,1,East,True,WRAP_AROUND_OPEN_PLAN,0.184
72.2,138.0,9963.6,1.911,2,4,7,2,East,True,CENTRAL_SPINE_SPLIT,0.141
70.3,64.2,4513.3,0.913,2,5,8,1,West,True,VILLA_PERIMETER,0.198
51.1,91.2,4660.3,1.785,2,5,8,3,West,True,CENTRAL_SPINE_SPLIT,0.157
45.2,78.9,3566.3,1.746,2,4,6,3,North,True,VILLA_PERIMETER,0.188
71.6,126.3,9043.1,1.764,3,5,7,2,East,True,CENTRAL_SPINE_SPLIT,0.171
67.9,124.4,8446.8,1.832,2,4,7,1,West,True,CENTRAL_SPINE_SPLIT,0.129
35.3,41.8,1475.5,1.184,2,2,5,1,East,True,WRAP_AROUND_OPEN_PLAN,0.15
36.5,80.2,2927.3,2.197,1,5,8,3,West,False,CENTRAL_SPINE_SPLIT,0.157
51.7,108.0,5583.6,2.089,2,4,5,2,East,False,CENTRAL_SPINE_SPLIT,0.166
38.6,104.0,4014.4,2.694,1,5,9,2,North,False,CENTRAL_SPINE_SPLIT,0.164
27.1,29.2,791.3,1.077,3,1,2,1,North,True,COMPACT_LINEAR,0.121
30.2,63.3,1911.7,2.096,1,3,6,1,South,True,CENTRAL_SPINE_SPLIT,0.174
45.5,80.3,3653.7,1.765,3,4,7,2,East,True,CENTRAL_SPINE_SPLIT,0.156
46.6,101.7,4739.2,2.182,2,5,5,2,North,False,CENTRAL_SPINE_SPLIT,0.152
72.3,85.0,6145.5,1.176,3,6,10,2,East,True,L_SHAPED_COURTYARD,0.198
35.8,95.4,3415.3,2.665,3,5,6,1,North,True,CENTRAL_SPINE_SPLIT,0.168
28.9,45.2,1306.3,1.564,2,4,7,1,North,True,WRAP_AROUND_OPEN_PLAN,0.151
37.0,78.5,2904.5,2.122,1,3,5,2,East,True,CENTRAL_SPINE_SPLIT,0.16
62.8,123.2,7737.0,1.962,2,6,9,3,North,True,CENTRAL_SPINE_SPLIT,0.157
49.7,54.6,2713.6,1.099,2,4,5,2,South,True,VILLA_PERIMETER,0.2
49.3,105.9,5220.9,2.148,2,4,6,2,South,True,CENTRAL_SPINE_SPLIT,0.151
54.6,118.9,6491.9,2.178,2,4,9,2,South,True,COMPACT_LINEAR,0.153
72.0,66.4,4780.8,0.922,3,4,7,1,East,True,L_SHAPED_COURTYARD,0.184
41.3,30.2,1247.3,0.731,1,2,4,1,South,False,WRAP_AROUND_OPEN_PLAN,0.139
56.3,140.0,7882.0,2.487,1,4,5,2,West,True,CENTRAL_SPINE_SPLIT,0.158
42.8,95.0,4066.0,2.22,2,4,8,1,East,True,CENTRAL_SPINE_SPLIT,0.175
68.0,140.0,9520.0,2.059,2,4,5,1,North,True,CENTRAL_SPINE_SPLIT,0.15
52.6,111.1,5843.9,2.112,3,4,7,3,West,True,CENTRAL_SPINE_SPLIT,0.165
53.2,120.2,6394.6,2.259,2,5,7,3,East,True,CENTRAL_SPINE_SPLIT,0.153
39.0,100.6,3923.4,2.579,2,5,10,1,East,True,CENTRAL_SPINE_SPLIT,0.151
55.0,140.0,7700.0,2.545,3,4,6,1,North,True,COMPACT_LINEAR,0.139
30.0,38.7,1161.0,1.29,1,2,4,1,North,True,COMPACT_LINEAR,0.108
71.7,140.0,10038.0,1.953,3,5,9,1,West,True,CENTRAL_SPINE_SPLIT,0.157
32.5,73.4,2385.5,2.258,2,2,3,3,East,True,CENTRAL_SPINE_SPLIT,0.167
33.5,39.8,1333.3,1.188,3,3,5,1,East,False,WRAP_AROUND_OPEN_PLAN,0.114
44.3,69.6,3083.3,1.571,1,3,2,2,South,True,WRAP_AROUND_OPEN_PLAN,0.127
60.2,140.0,8428.0,2.326,2,5,8,2,South,True,CENTRAL_SPINE_SPLIT,0.138
24.9,50.6,1259.9,2.032,1,2,3,1,North,True,CENTRAL_SPINE_SPLIT,0.148
37.1,84.4,3131.2,2.275,3,4,8,3,East,True,CENTRAL_SPINE_SPLIT,0.154
29.6,41.1,1216.6,1.389,2,2,4,1,West,True,WRAP_AROUND_OPEN_PLAN,0.163
47.2,44.4,2095.7,0.941,2,3,6,1,West,True,WRAP_AROUND_OPEN_PLAN,0.156
68.5,79.9,5473.2,1.166,3,5,9,2,South,False,VILLA_PERIMETER,0.213
25.3,32.9,832.4,1.3,2,2,3,1,South,True,COMPACT_LINEAR,0.125
54.9,40.2,2207.0,0.732,1,3,5,1,East,False,WRAP_AROUND_OPEN_PLAN,0.133
74.0,121.8,9013.2,1.646,3,5,7,1,East,True,VILLA_PERIMETER,0.193
39.3,58.0,2279.4,1.476,1,2,3,3,East,True,WRAP_AROUND_OPEN_PLAN,0.148
23.4,22.0,514.8,0.94,2,1,4,0,South,True,COMPACT_LINEAR,0.09
61.2,44.7,2735.6,0.73,2,4,8,2,South,True,VILLA_PERIMETER,0.187
52.5,84.5,4436.2,1.61,3,5,9,2,South,True,VILLA_PERIMETER,0.203
51.5,56.1,2889.2,1.089,3,4,7,2,East,True,L_SHAPED_COURTYARD,0.188
43.3,71.3,3087.3,1.647,2,5,9,2,East,True,VILLA_PERIMETER,0.229
65.1,108.9,7089.4,1.673,2,4,7,2,West,False,VILLA_PERIMETER,0.206
60.6,61.6,3733.0,1.017,2,4,6,3,East,True,L_SHAPED_COURTYARD,0.161
62.7,100.4,6295.1,1.601,2,4,6,2,North,True,VILLA_PERIMETER,0.22
58.3,140.0,8162.0,2.401,3,6,10,2,North,False,CENTRAL_SPINE_SPLIT,0.146
66.4,103.1,6845.8,1.553,1,4,5,1,South,True,WRAP_AROUND_OPEN_PLAN,0.153
41.6,64.3,2674.9,1.546,1,4,8,2,North,True,WRAP_AROUND_OPEN_PLAN,0.15
67.5,101.0,6817.5,1.496,2,4,6,2,South,False,VILLA_PERIMETER,0.227
71.6,125.9,9014.4,1.758,3,6,10,1,West,True,WRAP_AROUND_OPEN_PLAN,0.156
57.7,119.0,6866.3,2.062,1,4,8,1,East,True,CENTRAL_SPINE_SPLIT,0.18
65.7,69.4,4559.6,1.056,2,4,8,3,East,False,L_SHAPED_COURTYARD,0.19
45.8,70.7,3238.1,1.544,2,3,5,2,East,True,VILLA_PERIMETER,0.138
42.1,36.9,1553.5,0.876,2,3,5,1,North,False,L_SHAPED_COURTYARD,0.19
29.2,65.7,1918.4,2.25,2,3,5,1,West,True,CENTRAL_SPINE_SPLIT,0.17
21.6,30.3,654.5,1.403,3,1,3,0,West,True,COMPACT_LINEAR,0.114
22.0,25.1,552.2,1.141,2,1,2,0,North,True,COMPACT_LINEAR,0.107
61.3,140.0,8582.0,2.284,2,5,7,1,North,True,CENTRAL_SPINE_SPLIT,0.173
38.3,81.0,3102.3,2.115,1,3,4,2,West,True,CENTRAL_SPINE_SPLIT,0.164
45.6,60.9,2777.0,1.336,3,4,6,2,North,True,L_SHAPED_COURTYARD,0.167
45.8,40.0,1832.0,0.873,1,3,3,1,East,True,L_SHAPED_COURTYARD,0.152
62.3,140.0,8722.0,2.247,2,4,6,1,South,True,CENTRAL_SPINE_SPLIT,0.17
45.5,111.9,5091.4,2.459,3,4,4,2,East,True,CENTRAL_SPINE_SPLIT,0.149
72.2,77.1,5566.6,1.068,2,5,10,1,East,True,L_SHAPED_COURTYARD,0.178
26.0,49.4,1284.4,1.9,1,2,3,1,East,True,CENTRAL_SPINE_SPLIT,0.154
73.3,139.2,10203.4,1.899,2,4,6,1,East,False,CENTRAL_SPINE_SPLIT,0.174
28.0,59.2,1657.6,2.114,1,3,4,1,North,True,CENTRAL_SPINE_SPLIT,0.166
63.2,127.5,8058.0,2.017,1,5,5,1,South,False,WRAP_AROUND_OPEN_PLAN,0.153
31.6,82.4,2603.8,2.608,2,4,5,2,South,True,CENTRAL_SPINE_SPLIT,0.165
61.9,95.0,5880.5,1.535,1,6,9,2,West,True,WRAP_AROUND_OPEN_PLAN,0.114
20.9,22.0,459.8,1.053,2,1,2,0,North,True,COMPACT_LINEAR,0.113
20.8,46.2,961.0,2.221,2,1,1,1,South,False,CENTRAL_SPINE_SPLIT,0.153
60.8,58.6,3562.9,0.964,2,4,7,3,South,True,WRAP_AROUND_OPEN_PLAN,0.222
47.9,111.5,5340.8,2.328,2,4,7,1,East,True,CENTRAL_SPINE_SPLIT,0.162
66.3,140.0,9282.0,2.112,2,6,8,3,North,True,CENTRAL_SPINE_SPLIT,0.148
53.5,140.0,7490.0,2.617,2,4,6,1,North,False,CENTRAL_SPINE_SPLIT,0.15
28.6,42.4,1212.6,1.483,1,3,4,1,West,True,WRAP_AROUND_OPEN_PLAN,0.144
32.1,54.2,1739.8,1.688,2,3,5,1,West,False,WRAP_AROUND_OPEN_PLAN,0.158
21.2,22.0,466.4,1.038,2,1,1,0,West,False,COMPACT_LINEAR,0.091
35.9,77.2,2771.5,2.15,1,4,6,2,East,True,CENTRAL_SPINE_SPLIT,0.147
48.3,63.0,3042.9,1.304,2,4,5,1,North,True,L_SHAPED_COURTYARD,0.204
37.6,84.2,3165.9,2.239,3,4,7,2,West,True,CENTRAL_SPINE_SPLIT,0.175
18.6,45.3,842.6,2.435,1,2,2,1,North,False,CENTRAL_SPINE_SPLIT,0.189
21.8,42.5,926.5,1.95,1,2,4,1,North,True,CENTRAL_SPINE_SPLIT,0.185
34.9,93.2,3252.7,2.67,3,5,5,1,North,True,CENTRAL_SPINE_SPLIT,0.15
30.9,61.5,1900.3,1.99,2,3,6,1,East,True,CENTRAL_SPINE_SPLIT,0.154
38.7,92.6,3583.6,2.393,2,4,6,2,East,True,CENTRAL_SPINE_SPLIT,0.15
64.1,140.0,8974.0,2.184,2,4,7,1,West,True,CENTRAL_SPINE_SPLIT,0.158
19.9,33.8,672.6,1.698,1,1,2,0,East,True,COMPACT_LINEAR,0.111
41.8,39.5,1651.1,0.945,3,3,4,1,South,True,WRAP_AROUND_OPEN_PLAN,0.143
65.5,140.0,9170.0,2.137,2,5,7,2,South,True,CENTRAL_SPINE_SPLIT,0.157
22.0,33.7,741.4,1.532,1,2,2,1,West,True,COMPACT_LINEAR,0.106
46.6,104.2,4855.7,2.236,2,6,9,2,South,False,CENTRAL_SPINE_SPLIT,0.168
56.6,90.5,5122.3,1.599,3,5,8,2,East,True,VILLA_PERIMETER,0.197
70.2,86.2,6051.2,1.228,2,6,6,2,North,True,L_SHAPED_COURTYARD,0.182
18.4,50.7,932.9,2.755,2,3,4,1,East,False,CENTRAL_SPINE_SPLIT,0.175
40.8,95.7,3904.6,2.346,3,4,6,2,East,True,CENTRAL_SPINE_SPLIT,0.156
28.3,56.8,1607.4,2.007,1,3,2,1,North,True,CENTRAL_SPINE_SPLIT,0.175
61.2,140.0,8568.0,2.288,2,4,7,1,North,True,CENTRAL_SPINE_SPLIT,0.18
73.6,72.5,5336.0,0.985,3,4,6,1,North,True,L_SHAPED_COURTYARD,0.189
19.6,37.7,738.9,1.923,2,1,2,1,East,True,CENTRAL_SPINE_SPLIT,0.16
49.0,62.6,3067.4,1.278,2,4,6,2,North,True,L_SHAPED_COURTYARD,0.189
63.9,74.8,4779.7,1.171,3,4,4,3,North,True,L_SHAPED_COURTYARD,0.173
20.9,36.2,756.6,1.732,2,2,4,1,North,True,COMPACT_LINEAR,0.09
61.3,62.7,3843.5,1.023,2,4,5,2,North,True,L_SHAPED_COURTYARD,0.159
57.7,63.8,3681.3,1.106,2,4,5,2,North,True,L_SHAPED_COURTYARD,0.171
56.4,137.1,7732.4,2.431,1,4,5,2,North,True,CENTRAL_SPINE_SPLIT,0.176
26.9,74.7,2009.4,2.777,2,4,7,1,West,True,CENTRAL_SPINE_SPLIT,0.182
53.3,83.3,4439.9,1.563,2,5,9,1,West,True,VILLA_PERIMETER,0.203
49.7,116.1,5770.2,2.336,3,4,7,1,West,True,CENTRAL_SPINE_SPLIT,0.151
73.8,140.0,10332.0,1.897,2,6,10,2,East,True,CENTRAL_SPINE_SPLIT,0.18
33.7,78.0,2628.6,2.315,2,4,7,2,North,True,CENTRAL_SPINE_SPLIT,0.144
52.5,130.4,6846.0,2.484,2,4,6,3,North,True,CENTRAL_SPINE_SPLIT,0.135
32.7,24.8,811.0,0.758,2,2,2,1,North,True,COMPACT_LINEAR,0.112
20.9,53.7,1122.3,2.569,2,2,3,1,North,True,CENTRAL_SPINE_SPLIT,0.16
70.3,109.2,7676.8,1.553,2,4,6,2,West,False,VILLA_PERIMETER,0.178
56.7,140.0,7938.0,2.469,1,4,5,2,East,True,COMPACT_LINEAR,0.151
36.4,76.3,2777.3,2.096,2,4,5,2,East,False,CENTRAL_SPINE_SPLIT,0.163
18.0,39.5,711.0,2.194,2,2,4,1,West,False,CENTRAL_SPINE_SPLIT,0.156
47.3,41.6,1967.7,0.879,1,3,3,1,North,True,L_SHAPED_COURTYARD,0.198
23.5,25.2,592.2,1.072,2,2,5,0,West,True,COMPACT_LINEAR,0.111
36.6,49.1,1797.1,1.342,2,3,4,1,North,True,L_SHAPED_COURTYARD,0.194
51.0,110.0,5610.0,2.157,2,5,7,2,East,True,COMPACT_LINEAR,0.173
43.3,86.4,3741.1,1.995,1,5,7,2,South,True,WRAP_AROUND_OPEN_PLAN,0.148
51.4,94.7,4867.6,1.842,2,4,9,1,North,True,CENTRAL_SPINE_SPLIT,0.16
64.2,123.6,7935.1,1.925,2,5,7,1,East,True,CENTRAL_SPINE_SPLIT,0.186
69.9,52.0,3634.8,0.744,1,4,7,2,East,True,WRAP_AROUND_OPEN_PLAN,0.152
43.9,68.7,3015.9,1.565,2,5,8,3,South,True,VILLA_PERIMETER,0.188
46.8,48.7,2279.2,1.041,3,3,2,2,North,False,L_SHAPED_COURTYARD,0.172
40.1,83.6,3352.4,2.085,2,4,6,3,North,True,CENTRAL_SPINE_SPLIT,0.166
51.2,79.0,4044.8,1.543,1,4,5,2,North,True,WRAP_AROUND_OPEN_PLAN,0.136
51.9,131.4,6819.7,2.532,2,5,8,1,East,False,CENTRAL_SPINE_SPLIT,0.177
34.9,34.9,1218.0,1.0,1,2,3,1,West,False,WRAP_AROUND_OPEN_PLAN,0.142
65.2,56.6,3690.3,0.868,2,4,7,1,West,True,VILLA_PERIMETER,0.207
73.3,78.6,5761.4,1.072,1,5,8,2,West,True,WRAP_AROUND_OPEN_PLAN,0.11
64.2,140.0,8988.0,2.181,3,4,5,2,East,True,WRAP_AROUND_OPEN_PLAN,0.155
28.8,47.9,1379.5,1.663,3,3,4,1,South,True,WRAP_AROUND_OPEN_PLAN,0.146
46.7,39.4,1840.0,0.844,3,3,2,1,North,True,L_SHAPED_COURTYARD,0.162
27.4,43.1,1180.9,1.573,1,1,3,1,North,False,COMPACT_LINEAR,0.117
39.3,79.1,3108.6,2.013,1,3,4,2,South,False,CENTRAL_SPINE_SPLIT,0.17
68.4,86.8,5937.1,1.269,2,4,7,3,North,True,L_SHAPED_COURTYARD,0.213
70.3,140.0,9842.0,1.991,3,6,6,2,East,True,CENTRAL_SPINE_SPLIT,0.176
71.4,140.0,9996.0,1.961,2,5,6,1,East,True,VILLA_PERIMETER,0.166
23.2,30.2,700.6,1.302,1,2,3,1,East,True,COMPACT_LINEAR,0.105
51.0,38.1,1943.1,0.747,1,4,6,1,West,True,WRAP_AROUND_OPEN_PLAN,0.146
27.7,22.4,620.5,0.809,2,1,1,0,North,False,COMPACT_LINEAR,0.113
53.8,110.8,5961.0,2.059,2,6,9,2,South,True,CENTRAL_SPINE_SPLIT,0.161
52.9,38.9,2057.8,0.735,2,3,6,1,South,True,WRAP_AROUND_OPEN_PLAN,0.129
28.3,76.7,2170.6,2.71,2,4,9,1,East,True,COMPACT_LINEAR,0.155
56.5,86.5,4887.2,1.531,1,4,6,2,South,True,WRAP_AROUND_OPEN_PLAN,0.126
51.8,98.9,5123.0,1.909,2,4,9,1,East,True,CENTRAL_SPINE_SPLIT,0.179
62.5,117.8,7362.5,1.885,2,4,8,2,East,True,CENTRAL_SPINE_SPLIT,0.164
32.9,52.0,1710.8,1.581,2,3,3,1,East,True,WRAP_AROUND_OPEN_PLAN,0.14
71.7,76.5,5485.1,1.067,1,5,9,2,South,False,WRAP_AROUND_OPEN_PLAN,0.165
19.3,48.4,934.1,2.508,3,2,5,1,South,True,CENTRAL_SPINE_SPLIT,0.165
50.6,54.6,2762.8,1.079,1,4,5,2,East,True,L_SHAPED_COURTYARD,0.167
22.6,22.0,497.2,0.973,2,1,1,0,South,False,CENTRAL_SPINE_SPLIT,0.099
35.6,46.9,1669.6,1.317,1,3,7,1,East,False,L_SHAPED_COURTYARD,0.186
64.5,47.7,3076.7,0.74,2,4,7,2,North,True,VILLA_PERIMETER,0.189
25.9,64.9,1680.9,2.506,2,3,6,1,East,True,CENTRAL_SPINE_SPLIT,0.151
30.0,82.5,2475.0,2.75,3,4,7,2,East,False,CENTRAL_SPINE_SPLIT,0.152
25.5,53.8,1371.9,2.11,2,3,5,1,North,True,CENTRAL_SPINE_SPLIT,0.142
60.5,71.9,4350.0,1.188,2,5,8,3,South,False,VILLA_PERIMETER,0.192
66.2,71.8,4753.2,1.085,2,6,8,2,North,True,L_SHAPED_COURTYARD,0.178
64.1,140.0,8974.0,2.184,3,4,7,1,East,False,CENTRAL_SPINE_SPLIT,0.167
36.9,64.6,2383.7,1.751,2,3,4,3,West,True,CENTRAL_SPINE_SPLIT,0.151
36.7,76.7,2814.9,2.09,3,4,6,3,North,True,CENTRAL_SPINE_SPLIT,0.164
56.6,69.6,3939.4,1.23,1,6,9,2,East,True,L_SHAPED_COURTYARD,0.178
65.7,121.7,7995.7,1.852,2,4,9,2,East,False,CENTRAL_SPINE_SPLIT,0.163
24.0,59.1,1418.4,2.462,2,3,6,1,East,True,CENTRAL_SPINE_SPLIT,0.156
68.5,54.7,3747.0,0.799,2,5,6,1,West,True,VILLA_PERIMETER,0.21
40.4,40.1,1620.0,0.993,2,2,4,1,South,True,WRAP_AROUND_OPEN_PLAN,0.143
43.1,109.8,4732.4,2.548,2,5,7,2,East,True,CENTRAL_SPINE_SPLIT,0.159
62.7,69.7,4370.2,1.112,2,6,7,1,East,True,L_SHAPED_COURTYARD,0.152
52.0,140.0,7280.0,2.692,3,5,7,1,South,True,COMPACT_LINEAR,0.158
47.2,60.9,2874.5,1.29,2,5,8,2,North,True,L_SHAPED_COURTYARD,0.184
31.8,27.1,861.8,0.852,2,2,5,1,West,True,COMPACT_LINEAR,0.1
60.8,77.6,4718.1,1.276,1,5,9,2,East,False,L_SHAPED_COURTYARD,0.176
56.3,43.2,2432.2,0.767,1,4,5,2,North,False,WRAP_AROUND_OPEN_PLAN,0.152
40.7,102.2,4159.5,2.511,2,4,6,3,North,True,CENTRAL_SPINE_SPLIT,0.17
21.9,60.9,1333.7,2.781,1,4,5,1,South,True,CENTRAL_SPINE_SPLIT,0.162
38.7,62.7,2426.5,1.62,3,5,8,3,North,True,WRAP_AROUND_OPEN_PLAN,0.16
35.9,75.9,2724.8,2.114,3,5,6,2,North,False,VILLA_PERIMETER,0.172
49.0,42.3,2072.7,0.863,2,4,6,1,West,True,WRAP_AROUND_OPEN_PLAN,0.143
61.9,140.0,8666.0,2.262,3,6,9,1,North,True,CENTRAL_SPINE_SPLIT,0.163
49.0,50.8,2489.2,1.037,1,4,6,2,East,True,L_SHAPED_COURTYARD,0.156
49.2,43.5,2140.2,0.884,1,3,4,1,North,True,L_SHAPED_COURTYARD,0.179
26.0,59.9,1557.4,2.304,3,2,5,1,North,True,CENTRAL_SPINE_SPLIT,0.153
26.3,70.2,1846.3,2.669,3,4,8,1,North,True,CENTRAL_SPINE_SPLIT,0.166
54.2,78.5,4254.7,1.448,2,4,6,1,North,True,VILLA_PERIMETER,0.214
54.6,107.1,5847.7,1.962,2,5,7,2,East,True,CENTRAL_SPINE_SPLIT,0.166
68.4,97.1,6641.6,1.42,1,5,6,1,East,True,WRAP_AROUND_OPEN_PLAN,0.154
22.6,22.8,515.3,1.009,1,1,1,0,North,False,COMPACT_LINEAR,0.109
73.1,82.8,6052.7,1.133,2,5,8,2,North,True,L_SHAPED_COURTYARD,0.192
36.7,54.4,1996.5,1.482,1,3,6,1,North,True,WRAP_AROUND_OPEN_PLAN,0.143
30.9,69.9,2159.9,2.262,2,4,7,1,South,True,CENTRAL_SPINE_SPLIT,0.159
69.8,132.3,9234.5,1.895,3,5,7,3,South,False,CENTRAL_SPINE_SPLIT,0.137
53.5,120.8,6462.8,2.258,3,6,8,2,East,True,CENTRAL_SPINE_SPLIT,0.158
38.3,77.9,2983.6,2.034,2,3,3,1,East,True,CENTRAL_SPINE_SPLIT,0.163
73.1,140.0,10234.0,1.915,2,6,10,2,East,True,CENTRAL_SPINE_SPLIT,0.159
25.0,28.3,707.5,1.132,1,1,3,1,East,True,COMPACT_LINEAR,0.116
52.2,116.7,6091.7,2.236,3,5,5,2,North,False,CENTRAL_SPINE_SPLIT,0.17
36.7,88.6,3251.6,2.414,2,4,8,2,West,True,CENTRAL_SPINE_SPLIT,0.159
66.3,71.7,4753.7,1.081,1,5,8,2,North,True,VILLA_PERIMETER,0.202
65.7,140.0,9198.0,2.131,2,6,7,2,North,True,CENTRAL_SPINE_SPLIT,0.149
64.8,59.2,3836.2,0.914,3,5,7,1,East,True,L_SHAPED_COURTYARD,0.18
51.2,49.2,2519.0,0.961,2,3,4,2,North,True,L_SHAPED_COURTYARD,0.168
33.9,33.4,1132.3,0.985,2,2,5,1,South,True,COMPACT_LINEAR,0.101
60.7,140.0,8498.0,2.306,1,4,6,1,East,False,CENTRAL_SPINE_SPLIT,0.17
36.0,89.6,3225.6,2.489,1,3,4,2,East,True,CENTRAL_SPINE_SPLIT,0.162
34.0,56.5,1921.0,1.662,2,3,5,1,East,True,WRAP_AROUND_OPEN_PLAN,0.159
65.2,97.4,6350.5,1.494,2,6,8,2,South,True,VILLA_PERIMETER,0.216
71.8,88.1,6325.6,1.227,2,4,7,2,East,True,L_SHAPED_COURTYARD,0.184
68.4,81.1,5547.2,1.186,3,5,8,2,North,True,L_SHAPED_COURTYARD,0.193
57.1,74.7,4265.4,1.308,2,4,5,1,South,True,VILLA_PERIMETER,0.198
36.1,42.0,1516.2,1.163,1,3,5,1,East,True,L_SHAPED_COURTYARD,0.183
57.6,41.6,2396.2,0.722,2,3,5,2,East,True,WRAP_AROUND_OPEN_PLAN,0.139
28.9,63.9,1846.7,2.211,1,3,5,1,East,True,CENTRAL_SPINE_SPLIT,0.175
53.7,55.1,2958.9,1.026,2,4,7,3,South,True,VILLA_PERIMETER,0.202
66.3,75.1,4979.1,1.133,2,6,8,1,South,True,CENTRAL_SPINE_SPLIT,0.212
48.7,127.5,6209.2,2.618,3,4,5,3,North,True,CENTRAL_SPINE_SPLIT,0.177
61.6,140.0,8624.0,2.273,2,4,6,2,North,True,CENTRAL_SPINE_SPLIT,0.161
54.6,120.5,6579.3,2.207,2,6,8,3,North,False,CENTRAL_SPINE_SPLIT,0.176
36.6,83.7,3063.4,2.287,2,4,8,1,North,True,CENTRAL_SPINE_SPLIT,0.156
27.6,39.9,1101.2,1.446,1,2,5,1,North,True,COMPACT_LINEAR,0.112
41.9,91.0,3812.9,2.172,2,5,7,2,West,True,CENTRAL_SPINE_SPLIT,0.161
69.9,140.0,9786.0,2.003,2,5,7,2,South,False,CENTRAL_SPINE_SPLIT,0.173
22.7,57.0,1293.9,2.511,1,2,1,1,West,True,CENTRAL_SPINE_SPLIT,0.176
49.8,40.6,2021.9,0.815,2,4,6,1,West,True,WRAP_AROUND_OPEN_PLAN,0.118
25.4,33.7,856.0,1.327,2,2,3,1,North,False,COMPACT_LINEAR,0.104
74.3,127.7,9488.1,1.719,3,4,8,3,North,True,VILLA_PERIMETER,0.196
34.1,37.1,1265.1,1.088,1,1,2,1,South,True,WRAP_AROUND_OPEN_PLAN,0.144
19.5,45.7,891.2,2.344,2,1,2,1,South,True,CENTRAL_SPINE_SPLIT,0.171
68.6,140.0,9604.0,2.041,2,4,3,1,West,True,CENTRAL_SPINE_SPLIT,0.167
34.1,43.8,1493.6,1.284,3,3,5,1,North,True,WRAP_AROUND_OPEN_PLAN,0.132
47.1,58.6,2760.1,1.244,1,4,6,2,West,True,WRAP_AROUND_OPEN_PLAN,0.145
72.1,64.3,4636.0,0.892,3,4,6,1,South,True,VILLA_PERIMETER,0.2
74.7,97.4,7275.8,1.304,2,5,6,3,West,True,VILLA_PERIMETER,0.196
31.0,57.1,1770.1,1.842,2,3,6,1,North,True,CENTRAL_SPINE_SPLIT,0.153
42.6,99.8,4251.5,2.343,2,5,5,3,North,True,CENTRAL_SPINE_SPLIT,0.171
32.9,23.7,779.7,0.72,2,2,4,1,East,False,COMPACT_LINEAR,0.109
50.4,127.1,6405.8,2.522,2,5,7,2,South,False,CENTRAL_SPINE_SPLIT,0.157
73.1,140.0,10234.0,1.915,2,4,4,2,East,True,CENTRAL_SPINE_SPLIT,0.153
20.9,22.0,459.8,1.053,2,1,2,0,North,True,COMPACT_LINEAR,0.09
73.6,115.1,8471.4,1.564,2,5,9,2,North,True,VILLA_PERIMETER,0.212
52.0,117.2,6094.4,2.254,3,4,4,1,West,True,CENTRAL_SPINE_SPLIT,0.157
37.8,75.7,2861.5,2.003,1,4,5,1,South,True,CENTRAL_SPINE_SPLIT,0.15
38.9,59.2,2302.9,1.522,3,4,5,1,North,True,WRAP_AROUND_OPEN_PLAN,0.149
62.3,140.0,8722.0,2.247,2,6,7,1,East,True,CENTRAL_SPINE_SPLIT,0.174
36.8,79.3,2918.2,2.155,2,4,5,2,East,True,CENTRAL_SPINE_SPLIT,0.171
30.8,64.4,1983.5,2.091,3,3,5,1,East,True,CENTRAL_SPINE_SPLIT,0.152
37.0,70.9,2623.3,1.916,2,5,8,1,North,True,CENTRAL_SPINE_SPLIT,0.187
28.4,49.9,1417.2,1.757,1,3,4,1,West,False,CENTRAL_SPINE_SPLIT,0.159
24.1,56.1,1352.0,2.328,2,4,7,1,East,True,CENTRAL_SPINE_SPLIT,0.15
44.1,79.8,3519.2,1.81,2,3,5,1,South,True,CENTRAL_SPINE_SPLIT,0.15
63.3,66.0,4177.8,1.043,1,4,6,2,North,True,L_SHAPED_COURTYARD,0.193
65.2,131.4,8567.3,2.015,1,4,6,2,West,True,CENTRAL_SPINE_SPLIT,0.153
58.5,54.8,3205.8,0.937,2,4,5,3,North,True,L_SHAPED_COURTYARD,0.195
19.4,42.0,814.8,2.165,3,2,5,1,North,True,CENTRAL_SPINE_SPLIT,0.176
70.0,113.6,7952.0,1.623,2,4,7,2,North,True,VILLA_PERIMETER,0.211
70.9,140.0,9926.0,1.975,2,4,6,2,East,True,CENTRAL_SPINE_SPLIT,0.133
33.3,45.4,1511.8,1.363,2,2,4,1,West,False,WRAP_AROUND_OPEN_PLAN,0.134
44.2,38.1,1684.0,0.862,2,3,4,1,East,False,L_SHAPED_COURTYARD,0.162
49.4,54.5,2692.3,1.103,3,3,6,1,East,True,L_SHAPED_COURTYARD,0.188
49.1,43.8,2150.6,0.892,2,3,4,1,North,True,L_SHAPED_COURTYARD,0.174
65.9,48.6,3202.7,0.737,2,3,4,2,East,True,WRAP_AROUND_OPEN_PLAN,0.152
32.8,80.7,2647.0,2.46,2,4,7,1,East,True,CENTRAL_SPINE_SPLIT,0.168
53.3,46.0,2451.8,0.863,2,4,7,2,East,True,L_SHAPED_COURTYARD,0.16
64.1,135.4,8679.1,2.112,3,5,7,3,North,False,CENTRAL_SPINE_SPLIT,0.159
30.4,60.9,1851.4,2.003,1,2,4,1,North,False,CENTRAL_SPINE_SPLIT,0.151
38.0,93.0,3534.0,2.447,3,4,6,1,West,True,CENTRAL_SPINE_SPLIT,0.175
29.7,59.1,1755.3,1.99,2,3,4,1,South,True,CENTRAL_SPINE_SPLIT,0.167
64.6,90.8,5865.7,1.406,2,5,6,2,South,True,VILLA_PERIMETER,0.2
49.1,43.3,2126.0,0.882,1,3,5,1,North,True,VILLA_PERIMETER,0.169
20.2,33.5,676.7,1.658,2,2,4,0,East,False,COMPACT_LINEAR,0.099
57.1,69.2,3951.3,1.212,1,5,8,2,East,True,L_SHAPED_COURTYARD,0.181
35.7,82.1,2931.0,2.3,3,5,8,2,North,True,CENTRAL_SPINE_SPLIT,0.159
70.0,140.0,9800.0,2.0,2,5,9,1,East,True,CENTRAL_SPINE_SPLIT,0.143
41.1,80.2,3296.2,1.951,1,3,5,3,West,True,CENTRAL_SPINE_SPLIT,0.165
55.8,140.0,7812.0,2.509,2,6,8,3,West,True,CENTRAL_SPINE_SPLIT,0.164
23.7,30.1,713.4,1.27,2,2,3,1,West,True,COMPACT_LINEAR,0.102
27.5,76.2,2095.5,2.771,2,4,6,1,West,True,CENTRAL_SPINE_SPLIT,0.148
43.4,95.0,4123.0,2.189,1,5,9,1,South,True,CENTRAL_SPINE_SPLIT,0.143
45.0,108.6,4887.0,2.413,2,5,9,2,East,True,CENTRAL_SPINE_SPLIT,0.163
26.2,23.5,615.7,0.897,3,1,1,0,East,True,COMPACT_LINEAR,0.102
27.3,74.1,2022.9,2.714,3,4,8,1,North,True,L_SHAPED_COURTYARD,0.154
42.8,77.2,3304.2,1.804,2,3,4,3,North,False,CENTRAL_SPINE_SPLIT,0.165
28.1,40.4,1135.2,1.438,1,2,6,1,East,True,COMPACT_LINEAR,0.128
21.0,45.6,957.6,2.171,3,1,2,1,South,True,CENTRAL_SPINE_SPLIT,0.183
67.5,140.0,9450.0,2.074,2,4,7,1,North,True,CENTRAL_SPINE_SPLIT,0.178
44.4,76.5,3396.6,1.723,2,5,7,1,West,True,VILLA_PERIMETER,0.211
35.2,28.4,999.7,0.807,3,2,3,1,North,False,COMPACT_LINEAR,0.099
54.0,118.9,6420.6,2.202,2,5,7,3,North,True,CENTRAL_SPINE_SPLIT,0.138
47.0,35.3,1659.1,0.751,1,3,5,1,East,False,WRAP_AROUND_OPEN_PLAN,0.14
20.4,23.1,471.2,1.132,2,2,4,0,North,True,COMPACT_LINEAR,0.103
66.9,104.1,6964.3,1.556,2,6,9,3,East,True,VILLA_PERIMETER,0.189
66.1,65.6,4336.2,0.992,1,5,8,2,North,True,L_SHAPED_COURTYARD,0.173
30.4,55.9,1699.4,1.839,1,4,4,1,West,True,CENTRAL_SPINE_SPLIT,0.173
74.0,135.2,10004.8,1.827,2,5,8,2,West,False,CENTRAL_SPINE_SPLIT,0.153
64.6,135.8,8772.7,2.102,2,4,5,3,South,False,CENTRAL_SPINE_SPLIT,0.147
52.6,46.1,2424.9,0.876,2,4,4,1,North,True,L_SHAPED_COURTYARD,0.187
29.8,66.9,1993.6,2.245,2,4,7,1,North,True,CENTRAL_SPINE_SPLIT,0.167
23.7,22.0,521.4,0.928,3,1,3,0,North,True,COMPACT_LINEAR,0.102
63.0,75.0,4725.0,1.19,2,5,8,1,West,True,VILLA_PERIMETER,0.205
42.4,44.0,1865.6,1.038,2,3,5,1,East,False,L_SHAPED_COURTYARD,0.168
72.2,131.8,9516.0,1.825,3,4,2,2,East,False,CENTRAL_SPINE_SPLIT,0.15
37.0,64.1,2371.7,1.732,1,3,5,2,North,True,WRAP_AROUND_OPEN_PLAN,0.157
35.4,37.3,1320.4,1.054,1,3,5,1,South,True,WRAP_AROUND_OPEN_PLAN,0.138
43.5,118.7,5163.4,2.729,2,4,6,2,North,True,WRAP_AROUND_OPEN_PLAN,0.141
45.9,59.7,2740.2,1.301,3,4,6,2,East,True,L_SHAPED_COURTYARD,0.189
64.8,103.7,6719.8,1.6,2,4,6,1,North,True,VILLA_PERIMETER,0.179
59.9,82.4,4935.8,1.376,1,4,6,2,North,True,WRAP_AROUND_OPEN_PLAN,0.15
29.5,27.5,811.2,0.932,3,2,4,1,East,True,COMPACT_LINEAR,0.122
56.0,62.8,3516.8,1.121,1,5,9,2,East,True,L_SHAPED_COURTYARD,0.162
48.4,81.8,3959.1,1.69,2,6,9,1,North,True,VILLA_PERIMETER,0.194
28.0,59.2,1657.6,2.114,2,3,7,1,North,True,CENTRAL_SPINE_SPLIT,0.161
55.9,97.1,5427.9,1.737,1,6,9,1,South,True,WRAP_AROUND_OPEN_PLAN,0.144
55.0,73.5,4042.5,1.336,2,5,6,3,North,False,L_SHAPED_COURTYARD,0.175
36.9,81.9,3022.1,2.22,2,4,6,1,North,True,CENTRAL_SPINE_SPLIT,0.149
32.6,29.2,951.9,0.896,1,1,1,1,West,True,COMPACT_LINEAR,0.114
52.8,37.1,1958.9,0.703,2,4,7,1,West,True,WRAP_AROUND_OPEN_PLAN,0.131
63.0,134.3,8460.9,2.132,2,6,8,2,East,True,CENTRAL_SPINE_SPLIT,0.154
38.6,60.0,2316.0,1.554,2,4,6,2,North,True,WRAP_AROUND_OPEN_PLAN,0.113
73.4,75.9,5571.1,1.034,2,4,8,1,North,True,L_SHAPED_COURTYARD,0.167
41.7,44.0,1834.8,1.055,1,3,5,1,West,True,WRAP_AROUND_OPEN_PLAN,0.13
24.6,37.3,917.6,1.516,3,1,2,1,South,True,COMPACT_LINEAR,0.122
69.5,56.1,3899.0,0.807,2,6,10,2,East,False,L_SHAPED_COURTYARD,0.195
53.5,105.6,5649.6,1.974,2,6,9,1,South,True,CENTRAL_SPINE_SPLIT,0.177
23.8,43.4,1032.9,1.824,1,1,1,1,East,True,CENTRAL_SPINE_SPLIT,0.172
19.0,41.4,786.6,2.179,2,1,3,1,South,True,CENTRAL_SPINE_SPLIT,0.146
52.3,129.8,6788.5,2.482,2,6,8,2,North,True,CENTRAL_SPINE_SPLIT,0.174
22.8,48.8,1112.6,2.14,1,2,3,1,South,True,CENTRAL_SPINE_SPLIT,0.151
56.9,140.0,7966.0,2.46,3,4,4,2,North,True,CENTRAL_SPINE_SPLIT,0.151
61.5,140.0,8610.0,2.276,1,5,9,3,East,False,CENTRAL_SPINE_SPLIT,0.177
57.8,73.0,4219.4,1.263,1,6,8,2,West,False,WRAP_AROUND_OPEN_PLAN,0.158
29.9,74.2,2218.6,2.482,2,4,5,3,East,True,CENTRAL_SPINE_SPLIT,0.169
70.2,139.9,9821.0,1.993,2,4,7,2,East,False,VILLA_PERIMETER,0.184
27.9,60.0,1674.0,2.151,2,3,5,1,West,True,CENTRAL_SPINE_SPLIT,0.181
42.3,87.2,3688.6,2.061,2,4,6,2,East,True,CENTRAL_SPINE_SPLIT,0.147
43.1,79.8,3439.4,1.852,2,4,6,2,North,True,CENTRAL_SPINE_SPLIT,0.164
60.6,68.9,4175.3,1.137,1,4,6,3,East,True,L_SHAPED_COURTYARD,0.171
33.4,85.6,2859.0,2.563,1,3,4,2,South,False,CENTRAL_SPINE_SPLIT,0.162
28.3,63.5,1797.0,2.244,1,3,5,1,East,True,CENTRAL_SPINE_SPLIT,0.152
67.8,140.0,9492.0,2.065,2,5,6,1,West,True,CENTRAL_SPINE_SPLIT,0.167
34.4,67.7,2328.9,1.968,1,2,4,2,North,True,CENTRAL_SPINE_SPLIT,0.154
57.1,140.0,7994.0,2.452,3,5,7,2,West,True,CENTRAL_SPINE_SPLIT,0.168
72.0,140.0,10080.0,1.944,2,4,6,2,East,True,CENTRAL_SPINE_SPLIT,0.177
60.7,135.2,8206.6,2.227,2,5,8,1,North,True,CENTRAL_SPINE_SPLIT,0.159
27.3,35.0,955.5,1.282,2,1,2,1,South,False,COMPACT_LINEAR,0.093
26.3,47.4,1246.6,1.802,2,3,5,1,North,True,CENTRAL_SPINE_SPLIT,0.157
37.9,100.0,3790.0,2.639,3,4,7,2,North,True,CENTRAL_SPINE_SPLIT,0.172
53.8,91.0,4895.8,1.691,2,6,9,2,North,True,VILLA_PERIMETER,0.205
31.3,29.5,923.4,0.942,2,2,3,1,East,True,COMPACT_LINEAR,0.11
49.9,70.2,3503.0,1.407,3,4,7,1,East,False,VILLA_PERIMETER,0.215
45.6,60.1,2740.6,1.318,1,4,7,1,North,False,L_SHAPED_COURTYARD,0.159
52.6,81.4,4281.6,1.548,1,5,7,2,North,True,WRAP_AROUND_OPEN_PLAN,0.141
43.8,46.2,2023.6,1.055,3,3,6,1,South,True,WRAP_AROUND_OPEN_PLAN,0.138
67.8,118.9,8061.4,1.754,2,5,6,1,South,True,CENTRAL_SPINE_SPLIT,0.172
53.1,91.0,4832.1,1.714,3,4,6,2,West,True,VILLA_PERIMETER,0.211
45.1,56.0,2525.6,1.242,3,5,7,1,East,True,L_SHAPED_COURTYARD,0.187
48.2,100.8,4858.6,2.091,2,5,7,2,East,False,CENTRAL_SPINE_SPLIT,0.148
73.4,95.4,7002.4,1.3,2,4,6,3,South,False,VILLA_PERIMETER,0.219
22.0,36.5,803.0,1.659,2,2,6,1,North,True,COMPACT_LINEAR,0.099
23.2,40.5,939.6,1.746,2,2,2,1,South,True,COMPACT_LINEAR,0.106
51.4,92.2,4739.1,1.794,1,4,7,2,East,True,CENTRAL_SPINE_SPLIT,0.18
35.4,30.2,1069.1,0.853,1,3,4,1,East,False,COMPACT_LINEAR,0.151
25.5,63.8,1626.9,2.502,1,3,6,1,East,True,CENTRAL_SPINE_SPLIT,0.191
35.6,76.8,2734.1,2.157,1,3,6,1,East,True,CENTRAL_SPINE_SPLIT,0.135
63.8,119.9,7649.6,1.879,2,5,9,1,East,True,CENTRAL_SPINE_SPLIT,0.154
35.3,58.8,2075.6,1.666,3,4,9,1,West,True,WRAP_AROUND_OPEN_PLAN,0.147
58.4,140.0,8176.0,2.397,2,6,9,1,North,False,CENTRAL_SPINE_SPLIT,0.15
65.2,104.2,6793.8,1.598,1,5,7,3,East,True,WRAP_AROUND_OPEN_PLAN,0.137
71.2,101.4,7219.7,1.424,2,4,8,2,West,True,VILLA_PERIMETER,0.203
74.6,116.1,8661.1,1.556,2,4,6,1,South,False,VILLA_PERIMETER,0.197
75.0,97.7,7327.5,1.303,1,4,6,2,West,False,WRAP_AROUND_OPEN_PLAN,0.13
68.2,94.8,6465.4,1.39,3,4,5,2,North,True,VILLA_PERIMETER,0.205
74.4,60.6,4508.6,0.815,2,4,4,2,West,False,VILLA_PERIMETER,0.2
66.5,123.4,8206.1,1.856,2,6,7,2,North,False,CENTRAL_SPINE_SPLIT,0.149
23.6,42.6,1005.4,1.805,1,1,2,1,South,False,CENTRAL_SPINE_SPLIT,0.142
42.3,59.3,2508.4,1.402,2,4,6,1,North,False,VILLA_PERIMETER,0.217
58.5,100.2,5861.7,1.713,3,5,7,1,East,True,VILLA_PERIMETER,0.206
23.1,41.0,947.1,1.775,3,3,4,1,East,True,CENTRAL_SPINE_SPLIT,0.148
70.1,73.6,5159.4,1.05,1,4,5,2,North,True,L_SHAPED_COURTYARD,0.154
69.8,140.0,9772.0,2.006,2,4,5,3,East,True,CENTRAL_SPINE_SPLIT,0.17
72.6,62.7,4552.0,0.864,2,5,6,2,West,True,VILLA_PERIMETER,0.195
53.3,75.4,4018.8,1.415,2,6,8,2,North,False,VILLA_PERIMETER,0.194
36.3,60.9,2210.7,1.678,3,4,6,1,South,True,WRAP_AROUND_OPEN_PLAN,0.126
71.0,106.9,7589.9,1.506,3,5,7,1,North,True,VILLA_PERIMETER,0.179
33.0,26.7,881.1,0.809,3,2,4,1,South,False,COMPACT_LINEAR,0.124
30.3,39.8,1205.9,1.314,1,2,4,1,South,False,VILLA_PERIMETER,0.149
66.5,140.0,9310.0,2.105,2,5,6,2,West,True,CENTRAL_SPINE_SPLIT,0.15
27.1,22.0,596.2,0.812,1,1,1,0,East,True,COMPACT_LINEAR,0.124
48.6,34.5,1676.7,0.71,1,2,3,1,West,True,WRAP_AROUND_OPEN_PLAN,0.149
68.6,140.0,9604.0,2.041,2,5,8,2,West,False,CENTRAL_SPINE_SPLIT,0.132
42.0,90.4,3796.8,2.152,3,5,6,1,East,True,CENTRAL_SPINE_SPLIT,0.158
34.7,36.5,1266.6,1.052,1,2,4,1,South,True,WRAP_AROUND_OPEN_PLAN,0.13
36.6,61.9,2265.5,1.691,1,4,6,3,East,True,WRAP_AROUND_OPEN_PLAN,0.154
27.1,70.0,1897.0,2.583,1,3,6,1,North,True,CENTRAL_SPINE_SPLIT,0.167
39.0,83.8,3268.2,2.149,2,4,5,1,North,True,CENTRAL_SPINE_SPLIT,0.17
19.2,22.0,422.4,1.146,1,2,3,0,East,True,COMPACT_LINEAR,0.114
57.9,89.4,5176.3,1.544,2,4,7,2,West,False,VILLA_PERIMETER,0.184
26.8,67.3,1803.6,2.511,2,3,4,1,West,True,CENTRAL_SPINE_SPLIT,0.16
62.7,140.0,8778.0,2.233,2,4,6,2,North,True,CENTRAL_SPINE_SPLIT,0.171
43.9,82.0,3599.8,1.868,2,4,9,2,North,True,CENTRAL_SPINE_SPLIT,0.149
70.7,127.0,8978.9,1.796,1,4,6,1,South,True,CENTRAL_SPINE_SPLIT,0.16
19.9,38.6,768.1,1.94,2,2,6,1,South,True,CENTRAL_SPINE_SPLIT,0.159
36.2,89.1,3225.4,2.461,2,4,5,2,East,True,CENTRAL_SPINE_SPLIT,0.148
59.3,67.9,4026.5,1.145,2,4,7,2,North,True,L_SHAPED_COURTYARD,0.174
24.5,56.9,1394.0,2.322,2,3,4,1,East,True,CENTRAL_SPINE_SPLIT,0.162
27.8,63.4,1762.5,2.281,2,4,8,1,North,False,CENTRAL_SPINE_SPLIT,0.162
74.1,140.0,10374.0,1.889,2,5,10,1,East,True,CENTRAL_SPINE_SPLIT,0.148
46.8,40.3,1886.0,0.861,2,3,4,1,East,True,L_SHAPED_COURTYARD,0.169
36.2,80.9,2928.6,2.235,2,4,3,2,East,True,CENTRAL_SPINE_SPLIT,0.16
33.7,87.6,2952.1,2.599,2,5,7,1,West,True,CENTRAL_SPINE_SPLIT,0.174
40.7,56.2,2287.3,1.381,1,4,6,2,South,True,WRAP_AROUND_OPEN_PLAN,0.116
32.5,85.2,2769.0,2.622,2,3,6,3,North,True,CENTRAL_SPINE_SPLIT,0.167
33.1,74.2,2456.0,2.242,3,4,6,2,East,True,CENTRAL_SPINE_SPLIT,0.137
69.4,140.0,9716.0,2.017,3,4,6,1,North,True,CENTRAL_SPINE_SPLIT,0.162
73.5,119.2,8761.2,1.622,3,5,8,2,East,True,VILLA_PERIMETER,0.195
22.2,51.2,1136.6,2.306,2,2,2,1,East,True,CENTRAL_SPINE_SPLIT,0.156
73.2,140.0,10248.0,1.913,2,4,7,1,South,True,CENTRAL_SPINE_SPLIT,0.166
36.4,59.1,2151.2,1.624,3,4,5,1,North,False,WRAP_AROUND_OPEN_PLAN,0.16
70.7,140.0,9898.0,1.98,3,4,4,2,North,True,CENTRAL_SPINE_SPLIT,0.149
43.4,112.0,4860.8,2.581,1,4,6,2,East,False,CENTRAL_SPINE_SPLIT,0.153
20.9,22.0,459.8,1.053,2,2,4,0,West,False,COMPACT_LINEAR,0.113
37.4,101.7,3803.6,2.719,1,5,9,3,East,True,CENTRAL_SPINE_SPLIT,0.181
63.7,128.9,8210.9,2.024,2,4,6,1,East,True,CENTRAL_SPINE_SPLIT,0.163
26.6,43.3,1151.8,1.628,1,2,4,1,North,True,COMPACT_LINEAR,0.114
31.3,61.9,1937.5,1.978,1,3,6,1,East,True,CENTRAL_SPINE_SPLIT,0.169
50.8,94.6,4805.7,1.862,1,4,6,3,North,True,CENTRAL_SPINE_SPLIT,0.146
25.0,50.0,1250.0,2.0,2,2,6,1,North,True,CENTRAL_SPINE_SPLIT,0.169
22.3,47.4,1057.0,2.126,2,2,2,1,North,True,CENTRAL_SPINE_SPLIT,0.169
29.1,65.1,1894.4,2.237,2,3,4,1,East,True,CENTRAL_SPINE_SPLIT,0.16
42.1,55.8,2349.2,1.325,1,3,3,2,East,True,L_SHAPED_COURTYARD,0.171
66.0,126.6,8355.6,1.918,2,5,9,1,North,True,CENTRAL_SPINE_SPLIT,0.149
60.1,140.0,8414.0,2.329,1,4,5,2,North,True,CENTRAL_SPINE_SPLIT,0.173
51.3,91.2,4678.6,1.778,2,5,5,2,North,True,CENTRAL_SPINE_SPLIT,0.149
35.0,38.7,1354.5,1.106,2,2,2,1,East,True,WRAP_AROUND_OPEN_PLAN,0.137
48.0,107.6,5164.8,2.242,3,4,5,1,South,False,CENTRAL_SPINE_SPLIT,0.168
47.7,119.6,5704.9,2.507,1,4,6,2,East,False,CENTRAL_SPINE_SPLIT,0.162
66.0,140.0,9240.0,2.121,3,4,6,2,East,True,CENTRAL_SPINE_SPLIT,0.159
34.6,95.7,3311.2,2.766,2,5,7,3,East,False,CENTRAL_SPINE_SPLIT,0.161
65.5,140.0,9170.0,2.137,2,4,8,3,North,True,WRAP_AROUND_OPEN_PLAN,0.168
37.5,37.1,1391.2,0.989,1,3,7,1,South,False,WRAP_AROUND_OPEN_PLAN,0.129
64.0,59.5,3808.0,0.93,2,4,8,1,North,False,L_SHAPED_COURTYARD,0.183
56.1,103.2,5789.5,1.84,1,6,9,3,South,True,CENTRAL_SPINE_SPLIT,0.147
71.0,140.0,9940.0,1.972,1,6,9,3,North,True,CENTRAL_SPINE_SPLIT,0.149
21.2,31.3,663.6,1.476,2,1,1,0,East,True,COMPACT_LINEAR,0.126
54.5,67.8,3695.1,1.244,1,3,5,3,East,False,L_SHAPED_COURTYARD,0.161
41.1,62.7,2577.0,1.526,1,3,5,1,North,False,WRAP_AROUND_OPEN_PLAN,0.14
65.3,140.0,9142.0,2.144,2,6,8,2,South,True,CENTRAL_SPINE_SPLIT,0.185
48.1,115.5,5555.6,2.401,2,5,8,2,West,False,COMPACT_LINEAR,0.153
20.1,29.6,595.0,1.473,1,1,3,0,East,False,COMPACT_LINEAR,0.096
56.3,86.0,4841.8,1.528,1,4,9,2,East,True,WRAP_AROUND_OPEN_PLAN,0.145
28.9,71.2,2057.7,2.464,2,3,4,1,East,False,CENTRAL_SPINE_SPLIT,0.166
56.2,61.5,3456.3,1.094,2,4,5,1,West,True,VILLA_PERIMETER,0.188
43.6,59.9,2611.6,1.374,3,4,8,2,North,True,VILLA_PERIMETER,0.198
55.1,140.0,7714.0,2.541,3,5,7,2,North,False,CENTRAL_SPINE_SPLIT,0.18
20.5,28.4,582.2,1.385,1,1,2,0,North,True,COMPACT_LINEAR,0.105
27.4,58.8,1611.1,2.146,1,3,6,1,North,True,CENTRAL_SPINE_SPLIT,0.14
64.3,140.0,9002.0,2.177,2,5,7,2,North,True,CENTRAL_SPINE_SPLIT,0.185
46.5,67.5,3138.8,1.452,2,4,7,2,East,True,VILLA_PERIMETER,0.205
48.1,86.0,4136.6,1.788,2,5,10,2,North,False,CENTRAL_SPINE_SPLIT,0.167
35.8,48.1,1722.0,1.344,1,4,6,1,East,False,L_SHAPED_COURTYARD,0.186
41.6,89.4,3719.0,2.149,2,4,5,1,North,True,CENTRAL_SPINE_SPLIT,0.176
48.6,119.8,5822.3,2.465,2,4,6,1,West,True,CENTRAL_SPINE_SPLIT,0.141
42.3,117.2,4957.6,2.771,3,5,7,3,South,True,CENTRAL_SPINE_SPLIT,0.15
18.0,43.2,777.6,2.4,2,1,2,1,East,True,CENTRAL_SPINE_SPLIT,0.163
35.2,58.9,2073.3,1.673,1,3,4,1,East,True,WRAP_AROUND_OPEN_PLAN,0.153
25.3,40.3,1019.6,1.593,2,2,4,1,West,True,COMPACT_LINEAR,0.106
23.0,35.0,805.0,1.522,2,2,2,1,South,True,COMPACT_LINEAR,0.12
46.7,102.2,4772.7,2.188,2,4,8,3,South,True,CENTRAL_SPINE_SPLIT,0.153
54.4,70.8,3851.5,1.301,2,4,6,2,South,True,VILLA_PERIMETER,0.214
52.4,139.5,7309.8,2.662,1,4,7,1,North,False,CENTRAL_SPINE_SPLIT,0.17
56.2,76.9,4321.8,1.368,3,4,6,3,North,True,VILLA_PERIMETER,0.18
45.4,75.6,3432.2,1.665,2,4,8,1,East,False,VILLA_PERIMETER,0.215
58.8,109.9,6462.1,1.869,3,6,8,2,South,True,CENTRAL_SPINE_SPLIT,0.144
20.0,36.2,724.0,1.81,2,2,1,1,North,True,CENTRAL_SPINE_SPLIT,0.15
56.8,140.0,7952.0,2.465,3,4,7,1,East,True,CENTRAL_SPINE_SPLIT,0.15
50.5,78.6,3969.3,1.556,3,5,6,1,East,True,VILLA_PERIMETER,0.192
28.4,45.5,1292.2,1.602,1,3,7,1,East,True,WRAP_AROUND_OPEN_PLAN,0.146
67.7,49.6,3357.9,0.733,2,4,5,2,North,True,VILLA_PERIMETER,0.178
46.2,103.3,4772.5,2.236,3,4,9,3,North,True,CENTRAL_SPINE_SPLIT,0.152
45.5,117.5,5346.2,2.582,2,6,7,2,East,False,CENTRAL_SPINE_SPLIT,0.141
20.5,27.7,567.9,1.351,3,1,4,0,South,True,COMPACT_LINEAR,0.121
61.8,101.2,6254.2,1.638,2,5,7,3,North,True,VILLA_PERIMETER,0.189
54.1,49.9,2699.6,0.922,1,4,7,2,West,True,WRAP_AROUND_OPEN_PLAN,0.134
24.4,35.1,856.4,1.439,3,3,5,1,East,True,COMPACT_LINEAR,0.103
69.5,140.0,9730.0,2.014,2,6,7,1,North,True,CENTRAL_SPINE_SPLIT,0.176
65.1,140.0,9114.0,2.151,3,6,10,2,North,False,CENTRAL_SPINE_SPLIT,0.151
25.3,22.0,556.6,0.87,2,1,2,0,North,True,COMPACT_LINEAR,0.106
38.1,59.5,2267.0,1.562,1,2,4,2,South,True,WRAP_AROUND_OPEN_PLAN,0.155
36.4,89.6,3261.4,2.462,2,4,7,3,East,True,CENTRAL_SPINE_SPLIT,0.15
53.8,67.0,3604.6,1.245,2,4,5,2,West,True,VILLA_PERIMETER,0.213
21.6,52.4,1131.8,2.426,2,1,2,1,East,True,CENTRAL_SPINE_SPLIT,0.155
40.9,54.4,2225.0,1.33,2,4,5,1,North,True,L_SHAPED_COURTYARD,0.188
60.5,69.5,4204.8,1.149,2,4,4,2,West,False,VILLA_PERIMETER,0.217
33.3,80.1,2667.3,2.405,1,4,7,3,North,True,CENTRAL_SPINE_SPLIT,0.159
33.5,56.6,1896.1,1.69,1,3,5,1,West,True,WRAP_AROUND_OPEN_PLAN,0.132
38.4,41.7,1601.3,1.086,1,3,3,1,West,True,CENTRAL_SPINE_SPLIT,0.125
64.8,73.8,4782.2,1.139,1,4,6,2,North,True,L_SHAPED_COURTYARD,0.182
48.4,128.5,6219.4,2.655,2,6,10,3,South,True,CENTRAL_SPINE_SPLIT,0.17
66.5,78.6,5226.9,1.182,2,4,7,1,North,False,L_SHAPED_COURTYARD,0.162
60.6,56.9,3448.1,0.939,3,4,5,3,West,False,VILLA_PERIMETER,0.216
29.3,59.1,1731.6,2.017,1,3,2,1,East,True,CENTRAL_SPINE_SPLIT,0.157
51.9,122.9,6378.5,2.368,2,6,8,1,East,True,CENTRAL_SPINE_SPLIT,0.156
50.3,94.5,4753.3,1.879,2,5,7,2,East,True,CENTRAL_SPINE_SPLIT,0.151
41.7,64.5,2689.7,1.547,2,3,4,2,East,True,WRAP_AROUND_OPEN_PLAN,0.144
56.3,62.7,3530.0,1.114,1,5,7,3,North,True,L_SHAPED_COURTYARD,0.203
45.4,78.6,3568.4,1.731,3,4,6,3,East,True,VILLA_PERIMETER,0.201
31.7,66.1,2095.4,2.085,3,4,6,1,North,False,CENTRAL_SPINE_SPLIT,0.156
18.1,22.0,398.2,1.215,3,1,1,0,North,True,CENTRAL_SPINE_SPLIT,0.111
57.6,54.9,3162.2,0.953,2,4,7,2,East,True,CENTRAL_SPINE_SPLIT,0.198
71.4,106.5,7604.1,1.492,2,5,6,1,East,True,VILLA_PERIMETER,0.194
39.6,69.8,2764.1,1.763,2,4,7,3,North,True,CENTRAL_SPINE_SPLIT,0.149
37.9,70.4,2668.2,1.858,1,4,7,1,South,False,CENTRAL_SPINE_SPLIT,0.19
23.5,43.5,1022.2,1.851,2,2,2,1,East,True,VILLA_PERIMETER,0.165
43.8,93.6,4099.7,2.137,2,4,6,2,East,True,CENTRAL_SPINE_SPLIT,0.154
32.1,89.6,2876.2,2.791,1,3,4,1,South,True,CENTRAL_SPINE_SPLIT,0.15
20.0,27.4,548.0,1.37,2,1,4,0,North,False,COMPACT_LINEAR,0.109
25.6,65.5,1676.8,2.559,1,3,3,1,North,True,CENTRAL_SPINE_SPLIT,0.165
64.2,140.0,8988.0,2.181,3,4,7,2,South,False,CENTRAL_SPINE_SPLIT,0.164
47.7,117.2,5590.4,2.457,3,6,8,1,South,True,CENTRAL_SPINE_SPLIT,0.168
25.1,48.5,1217.4,1.932,3,2,4,1,East,False,CENTRAL_SPINE_SPLIT,0.168
67.0,140.0,9380.0,2.09,2,6,8,2,East,True,CENTRAL_SPINE_SPLIT,0.147
58.1,108.8,6321.3,1.873,1,6,8,1,East,True,CENTRAL_SPINE_SPLIT,0.145
27.7,38.9,1077.5,1.404,2,2,4,1,North,True,COMPACT_LINEAR,0.115
65.5,113.2,7414.6,1.728,3,5,8,2,South,False,VILLA_PERIMETER,0.196
38.6,27.9,1076.9,0.723,2,2,4,1,West,True,COMPACT_LINEAR,0.111
45.1,96.8,4365.7,2.146,2,5,5,1,South,True,CENTRAL_SPINE_SPLIT,0.157
36.5,70.6,2576.9,1.934,2,3,7,2,North,True,CENTRAL_SPINE_SPLIT,0.168
61.7,140.0,8638.0,2.269,1,5,8,2,North,False,CENTRAL_SPINE_SPLIT,0.152
36.1,89.7,3238.2,2.485,2,5,8,2,North,True,CENTRAL_SPINE_SPLIT,0.163
37.6,105.1,3951.8,2.795,2,5,6,2,South,True,CENTRAL_SPINE_SPLIT,0.154
69.7,110.1,7674.0,1.58,2,5,7,2,North,True,VILLA_PERIMETER,0.179
56.1,47.7,2676.0,0.85,1,4,4,2,North,False,L_SHAPED_COURTYARD,0.184
31.8,40.9,1300.6,1.286,2,4,7,1,West,True,WRAP_AROUND_OPEN_PLAN,0.142
66.1,74.6,4931.1,1.129,2,5,8,2,West,True,VILLA_PERIMETER,0.219
52.8,140.0,7392.0,2.652,1,4,7,2,South,False,CENTRAL_SPINE_SPLIT,0.166
40.3,69.7,2808.9,1.73,1,3,5,1,East,True,WRAP_AROUND_OPEN_PLAN,0.14
22.9,54.5,1248.0,2.38,3,3,4,1,North,True,CENTRAL_SPINE_SPLIT,0.168
19.3,48.7,939.9,2.523,2,2,4,1,East,False,CENTRAL_SPINE_SPLIT,0.167
38.5,105.2,4050.2,2.732,3,6,10,1,North,True,CENTRAL_SPINE_SPLIT,0.158
33.0,47.8,1577.4,1.448,1,3,6,1,North,True,WRAP_AROUND_OPEN_PLAN,0.153
48.2,73.4,3537.9,1.523,3,4,6,2,East,True,VILLA_PERIMETER,0.19
34.3,92.9,3186.5,2.708,2,4,6,3,East,True,CENTRAL_SPINE_SPLIT,0.162
63.7,140.0,8918.0,2.198,3,4,6,1,North,False,CENTRAL_SPINE_SPLIT,0.164
38.3,50.0,1915.0,1.305,2,3,5,1,East,False,L_SHAPED_COURTYARD,0.179
22.5,38.8,873.0,1.724,2,2,4,1,North,True,COMPACT_LINEAR,0.117
75.0,94.7,7102.5,1.263,2,4,5,1,North,True,CENTRAL_SPINE_SPLIT,0.172
44.8,113.5,5084.8,2.533,2,5,9,1,South,False,CENTRAL_SPINE_SPLIT,0.165
48.9,88.6,4332.5,1.812,2,4,5,2,West,True,CENTRAL_SPINE_SPLIT,0.182
41.3,88.5,3655.0,2.143,2,4,6,3,West,True,CENTRAL_SPINE_SPLIT,0.172
72.2,140.0,10108.0,1.939,1,4,6,3,North,True,CENTRAL_SPINE_SPLIT,0.144
67.2,87.0,5846.4,1.295,2,5,6,3,East,True,L_SHAPED_COURTYARD,0.172
52.4,127.7,6691.5,2.437,2,5,8,2,South,True,CENTRAL_SPINE_SPLIT,0.14
30.2,33.6,1014.7,1.113,1,2,1,1,South,True,COMPACT_LINEAR,0.124
26.9,68.6,1845.3,2.55,1,3,5,1,East,True,CENTRAL_SPINE_SPLIT,0.153
28.1,34.6,972.3,1.231,3,2,4,1,North,True,COMPACT_LINEAR,0.096
26.2,57.4,1503.9,2.191,1,3,5,1,North,True,CENTRAL_SPINE_SPLIT,0.146
23.0,26.9,618.7,1.17,2,1,1,0,North,True,COMPACT_LINEAR,0.12
72.9,140.0,10206.0,1.92,2,5,6,1,South,True,CENTRAL_SPINE_SPLIT,0.151
21.9,48.6,1064.3,2.219,1,2,3,1,West,False,CENTRAL_SPINE_SPLIT,0.182
57.4,140.0,8036.0,2.439,2,5,7,2,West,True,CENTRAL_SPINE_SPLIT,0.169
30.2,43.7,1319.7,1.447,1,3,4,1,South,True,WRAP_AROUND_OPEN_PLAN,0.15
40.3,35.0,1410.5,0.868,2,2,2,1,South,True,WRAP_AROUND_OPEN_PLAN,0.162
46.8,47.5,2223.0,1.015,1,2,4,1,North,True,L_SHAPED_COURTYARD,0.17
66.7,79.0,5269.3,1.184,2,4,6,2,South,False,VILLA_PERIMETER,0.2
63.8,140.0,8932.0,2.194,2,4,6,1,East,True,CENTRAL_SPINE_SPLIT,0.151
25.2,69.2,1743.8,2.746,2,3,4,1,West,True,CENTRAL_SPINE_SPLIT,0.155
50.3,85.0,4275.5,1.69,2,5,8,3,North,True,VILLA_PERIMETER,0.192
42.9,66.4,2848.6,1.548,2,3,5,2,North,True,WRAP_AROUND_OPEN_PLAN,0.127
57.1,140.0,7994.0,2.452,2,5,7,3,North,True,CENTRAL_SPINE_SPLIT,0.144
51.4,74.5,3829.3,1.449,2,5,7,2,North,True,VILLA_PERIMETER,0.208
37.6,58.7,2207.1,1.561,2,3,8,3,North,True,WRAP_AROUND_OPEN_PLAN,0.141
31.8,80.8,2569.4,2.541,2,3,5,2,North,False,CENTRAL_SPINE_SPLIT,0.166
19.7,42.3,833.3,2.147,1,2,6,1,South,False,CENTRAL_SPINE_SPLIT,0.174
53.1,38.6,2049.7,0.727,1,3,7,1,South,False,WRAP_AROUND_OPEN_PLAN,0.15
56.3,39.9,2246.4,0.709,1,4,6,2,North,True,WRAP_AROUND_OPEN_PLAN,0.132
19.9,27.3,543.3,1.372,2,1,3,0,North,True,COMPACT_LINEAR,0.123
65.4,140.0,9156.0,2.141,1,5,7,2,North,False,CENTRAL_SPINE_SPLIT,0.15
70.0,140.0,9800.0,2.0,2,5,9,2,East,False,CENTRAL_SPINE_SPLIT,0.176
62.3,140.0,8722.0,2.247,1,4,9,3,South,True,CENTRAL_SPINE_SPLIT,0.127
20.2,40.2,812.0,1.99,1,2,6,1,North,True,CENTRAL_SPINE_SPLIT,0.18
40.4,47.6,1923.0,1.178,2,3,7,1,North,False,L_SHAPED_COURTYARD,0.195
35.9,60.0,2154.0,1.671,2,3,5,1,West,False,WRAP_AROUND_OPEN_PLAN,0.145
32.0,61.2,1958.4,1.913,2,3,5,1,North,True,CENTRAL_SPINE_SPLIT,0.159
66.5,131.6,8751.4,1.979,2,6,5,1,East,True,CENTRAL_SPINE_SPLIT,0.173
60.0,114.0,6840.0,1.9,1,4,4,1,South,True,CENTRAL_SPINE_SPLIT,0.168
59.1,121.3,7168.8,2.052,2,4,8,2,North,True,CENTRAL_SPINE_SPLIT,0.177
71.7,140.0,10038.0,1.953,2,5,7,2,North,True,CENTRAL_SPINE_SPLIT,0.147
73.7,68.3,5033.7,0.927,3,6,10,2,East,True,L_SHAPED_COURTYARD,0.182
51.0,89.0,4539.0,1.745,2,5,7,1,North,True,VILLA_PERIMETER,0.197
64.3,50.3,3234.3,0.782,2,4,6,2,South,True,VILLA_PERIMETER,0.213
24.5,68.4,1675.8,2.792,1,3,4,1,East,True,CENTRAL_SPINE_SPLIT,0.177
24.1,59.7,1438.8,2.477,1,3,4,1,West,True,CENTRAL_SPINE_SPLIT,0.15
19.7,30.2,594.9,1.533,3,1,4,0,South,True,COMPACT_LINEAR,0.111
50.8,137.0,6959.6,2.697,2,6,8,3,West,False,CENTRAL_SPINE_SPLIT,0.153
46.7,78.2,3651.9,1.675,2,4,7,2,South,True,VILLA_PERIMETER,0.206
62.7,140.0,8778.0,2.233,2,5,7,2,East,True,CENTRAL_SPINE_SPLIT,0.135
40.7,112.2,4566.5,2.757,2,4,5,2,East,True,CENTRAL_SPINE_SPLIT,0.159
34.5,30.4,1048.8,0.881,1,3,7,1,North,True,WRAP_AROUND_OPEN_PLAN,0.144
34.6,34.7,1200.6,1.003,1,2,4,1,South,True,WRAP_AROUND_OPEN_PLAN,0.141
36.6,62.2,2276.5,1.699,3,3,5,2,West,True,WRAP_AROUND_OPEN_PLAN,0.152
41.7,81.8,3411.1,1.962,3,4,7,2,North,False,CENTRAL_SPINE_SPLIT,0.15
55.7,76.8,4277.8,1.379,2,5,6,3,South,True,VILLA_PERIMETER,0.195
38.2,59.4,2269.1,1.555,2,3,5,1,South,True,WRAP_AROUND_OPEN_PLAN,0.177
71.2,140.0,9968.0,1.966,2,5,8,2,South,False,CENTRAL_SPINE_SPLIT,0.169
66.7,70.8,4722.4,1.061,2,4,7,1,North,True,L_SHAPED_COURTYARD,0.175
31.2,74.1,2311.9,2.375,1,3,3,1,East,True,CENTRAL_SPINE_SPLIT,0.142
59.5,41.7,2481.2,0.701,3,5,8,3,South,True,WRAP_AROUND_OPEN_PLAN,0.162
71.2,61.2,4357.4,0.86,2,5,8,3,West,True,VILLA_PERIMETER,0.216
19.3,26.9,519.2,1.394,3,1,3,0,South,True,COMPACT_LINEAR,0.1
70.9,109.6,7770.6,1.546,2,6,9,1,West,True,VILLA_PERIMETER,0.221
38.9,28.8,1120.3,0.74,1,1,1,1,East,True,COMPACT_LINEAR,0.125
46.1,120.8,5568.9,2.62,2,5,7,1,East,True,CENTRAL_SPINE_SPLIT,0.148
61.9,85.9,5317.2,1.388,1,4,6,2,South,True,WRAP_AROUND_OPEN_PLAN,0.144
64.2,51.0,3274.2,0.794,2,4,6,2,South,True,VILLA_PERIMETER,0.191
59.0,83.0,4897.0,1.407,2,4,7,2,North,False,VILLA_PERIMETER,0.199
52.8,127.9,6753.1,2.422,2,5,10,2,East,False,CENTRAL_SPINE_SPLIT,0.169
67.9,140.0,9506.0,2.062,1,6,9,3,South,True,CENTRAL_SPINE_SPLIT,0.139
32.4,72.5,2349.0,2.238,1,3,4,2,South,True,CENTRAL_SPINE_SPLIT,0.145
63.9,94.4,6032.2,1.477,2,5,8,2,South,True,VILLA_PERIMETER,0.197
61.0,69.3,4227.3,1.136,3,4,7,2,East,True,L_SHAPED_COURTYARD,0.189
54.1,140.0,7574.0,2.588,2,4,7,3,East,True,CENTRAL_SPINE_SPLIT,0.184
60.9,140.0,8526.0,2.299,3,5,7,3,North,True,CENTRAL_SPINE_SPLIT,0.15
65.6,68.3,4480.5,1.041,2,6,10,2,North,True,L_SHAPED_COURTYARD,0.181
48.3,115.5,5578.6,2.391,2,5,7,1,West,True,CENTRAL_SPINE_SPLIT,0.167
57.6,89.8,5172.5,1.559,2,6,7,2,West,False,VILLA_PERIMETER,0.214
44.3,82.1,3637.0,1.853,3,5,8,2,North,True,CENTRAL_SPINE_SPLIT,0.149
45.8,34.2,1566.4,0.747,1,3,3,1,North,True,WRAP_AROUND_OPEN_PLAN,0.146
48.5,54.2,2628.7,1.118,1,4,8,1,South,True,WRAP_AROUND_OPEN_PLAN,0.149
33.1,59.8,1979.4,1.807,3,3,8,1,South,False,CENTRAL_SPINE_SPLIT,0.176
34.3,84.8,2908.6,2.472,3,4,6,2,North,True,CENTRAL_SPINE_SPLIT,0.166
59.4,70.2,4169.9,1.182,2,4,5,2,North,False,L_SHAPED_COURTYARD,0.164
36.4,49.8,1812.7,1.368,2,3,5,1,West,True,WRAP_AROUND_OPEN_PLAN,0.136
67.7,140.0,9478.0,2.068,2,4,8,3,West,False,CENTRAL_SPINE_SPLIT,0.159
38.5,64.5,2483.2,1.675,3,4,6,1,North,True,WRAP_AROUND_OPEN_PLAN,0.147
63.8,140.0,8932.0,2.194,1,5,8,1,North,True,CENTRAL_SPINE_SPLIT,0.133
44.5,77.4,3444.3,1.739,3,4,6,2,East,False,VILLA_PERIMETER,0.182
44.4,39.3,1744.9,0.885,1,3,5,1,South,True,WRAP_AROUND_OPEN_PLAN,0.125
53.6,58.8,3151.7,1.097,2,4,3,2,East,False,L_SHAPED_COURTYARD,0.188
22.3,37.2,829.6,1.668,1,3,6,1,South,True,COMPACT_LINEAR,0.105
62.1,47.9,2974.6,0.771,1,4,5,2,North,True,WRAP_AROUND_OPEN_PLAN,0.124
19.9,33.6,668.6,1.688,1,2,5,0,East,True,COMPACT_LINEAR,0.126
57.7,111.5,6433.6,1.932,1,6,9,2,North,True,CENTRAL_SPINE_SPLIT,0.183
46.3,112.6,5213.4,2.432,1,5,6,2,East,True,CENTRAL_SPINE_SPLIT,0.146
33.6,62.2,2089.9,1.851,1,2,3,1,South,False,CENTRAL_SPINE_SPLIT,0.145
25.3,57.0,1442.1,2.253,1,3,5,1,North,True,CENTRAL_SPINE_SPLIT,0.132
19.1,44.4,848.0,2.325,1,2,5,1,East,True,CENTRAL_SPINE_SPLIT,0.168
60.0,130.2,7812.0,2.17,3,4,7,3,East,True,CENTRAL_SPINE_SPLIT,0.17
22.1,33.6,742.6,1.52,2,2,5,1,West,True,COMPACT_LINEAR,0.09
27.0,58.3,1574.1,2.159,2,2,3,1,West,True,CENTRAL_SPINE_SPLIT,0.152
19.2,32.9,631.7,1.714,2,1,2,0,East,False,COMPACT_LINEAR,0.099
51.6,57.9,2987.6,1.122,1,4,5,2,East,False,L_SHAPED_COURTYARD,0.171
54.6,131.9,7201.7,2.416,2,5,9,1,North,True,CENTRAL_SPINE_SPLIT,0.15
44.0,95.3,4193.2,2.166,1,4,8,3,North,True,CENTRAL_SPINE_SPLIT,0.138
47.0,35.3,1659.1,0.751,2,3,3,1,North,True,WRAP_AROUND_OPEN_PLAN,0.165
65.6,140.0,9184.0,2.134,2,5,7,2,North,True,CENTRAL_SPINE_SPLIT,0.174
64.1,140.0,8974.0,2.184,2,4,6,1,North,True,CENTRAL_SPINE_SPLIT,0.173
49.6,54.3,2693.3,1.095,2,5,7,2,North,True,L_SHAPED_COURTYARD,0.161
59.0,136.7,8065.3,2.317,2,5,7,3,East,True,CENTRAL_SPINE_SPLIT,0.165
25.2,25.0,630.0,0.992,2,1,3,0,East,True,WRAP_AROUND_OPEN_PLAN,0.12
54.4,39.1,2127.0,0.719,2,2,2,1,East,False,WRAP_AROUND_OPEN_PLAN,0.151
20.1,53.4,1073.3,2.657,1,2,5,1,North,True,CENTRAL_SPINE_SPLIT,0.159
74.5,83.0,6183.5,1.114,3,5,8,2,West,True,VILLA_PERIMETER,0.185
37.3,39.9,1488.3,1.07,2,3,8,1,West,True,WRAP_AROUND_OPEN_PLAN,0.115
38.8,59.2,2297.0,1.526,3,3,7,1,North,True,CENTRAL_SPINE_SPLIT,0.143
61.5,118.5,7287.8,1.927,2,4,7,3,North,True,CENTRAL_SPINE_SPLIT,0.165
62.2,140.0,8708.0,2.251,2,5,5,1,East,True,CENTRAL_SPINE_SPLIT,0.152
55.7,42.7,2378.4,0.767,1,2,4,1,South,True,WRAP_AROUND_OPEN_PLAN,0.146
59.1,140.0,8274.0,2.369,3,5,5,2,North,True,CENTRAL_SPINE_SPLIT,0.177
52.4,137.5,7205.0,2.624,1,4,6,1,West,False,CENTRAL_SPINE_SPLIT,0.174
64.9,138.2,8969.2,2.129,3,5,8,1,North,False,CENTRAL_SPINE_SPLIT,0.151
59.9,140.0,8386.0,2.337,3,6,6,1,South,True,CENTRAL_SPINE_SPLIT,0.157
55.9,140.0,7826.0,2.504,2,5,7,1,East,True,CENTRAL_SPINE_SPLIT,0.159
51.0,54.1,2759.1,1.061,2,4,8,2,East,False,L_SHAPED_COURTYARD,0.175
73.0,84.4,6161.2,1.156,2,5,7,2,North,True,L_SHAPED_COURTYARD,0.173
63.7,140.0,8918.0,2.198,3,5,6,3,East,True,CENTRAL_SPINE_SPLIT,0.164
41.4,109.8,4545.7,2.652,3,4,6,2,South,True,CENTRAL_SPINE_SPLIT,0.169
61.0,103.1,6289.1,1.69,2,4,6,3,North,True,CENTRAL_SPINE_SPLIT,0.206
53.0,96.3,5103.9,1.817,2,4,6,1,North,True,CENTRAL_SPINE_SPLIT,0.156
56.6,140.0,7924.0,2.473,3,5,6,1,North,True,CENTRAL_SPINE_SPLIT,0.172
43.1,76.5,3297.2,1.775,2,4,5,2,East,False,CENTRAL_SPINE_SPLIT,0.154
31.3,60.6,1896.8,1.936,1,3,4,1,East,True,CENTRAL_SPINE_SPLIT,0.196
60.7,59.8,3629.9,0.985,3,3,3,2,East,False,L_SHAPED_COURTYARD,0.177
38.2,75.1,2868.8,1.966,3,4,6,2,North,True,CENTRAL_SPINE_SPLIT,0.173
43.7,60.4,2639.5,1.382,3,4,5,2,North,True,VILLA_PERIMETER,0.194
45.2,113.8,5143.8,2.518,2,4,7,3,East,False,CENTRAL_SPINE_SPLIT,0.169
46.7,34.1,1592.5,0.73,1,2,3,1,North,True,WRAP_AROUND_OPEN_PLAN,0.135
18.5,41.5,767.8,2.243,3,2,4,1,East,True,CENTRAL_SPINE_SPLIT,0.169
68.0,140.0,9520.0,2.059,2,5,7,2,North,False,CENTRAL_SPINE_SPLIT,0.167
30.8,57.7,1777.2,1.873,2,3,5,1,West,True,CENTRAL_SPINE_SPLIT,0.176
45.2,74.1,3349.3,1.639,2,4,5,1,East,True,VILLA_PERIMETER,0.19
55.3,117.8,6514.3,2.13,2,5,8,2,West,True,CENTRAL_SPINE_SPLIT,0.174
43.2,35.4,1529.3,0.819,2,4,9,1,South,True,WRAP_AROUND_OPEN_PLAN,0.149
58.8,92.6,5444.9,1.575,2,5,7,2,East,False,VILLA_PERIMETER,0.194
51.6,114.2,5892.7,2.213,1,4,6,3,North,True,CENTRAL_SPINE_SPLIT,0.164
32.9,58.4,1921.4,1.775,1,3,5,1,North,True,CENTRAL_SPINE_SPLIT,0.183
52.9,47.5,2512.8,0.898,1,4,7,2,North,False,L_SHAPED_COURTYARD,0.176
66.3,130.1,8625.6,1.962,3,5,8,2,North,True,CENTRAL_SPINE_SPLIT,0.144
55.0,104.0,5720.0,1.891,1,5,8,2,East,False,CENTRAL_SPINE_SPLIT,0.159
47.6,119.1,5669.2,2.502,3,4,5,1,East,True,CENTRAL_SPINE_SPLIT,0.149
31.2,80.9,2524.1,2.593,2,5,7,2,West,True,CENTRAL_SPINE_SPLIT,0.188
37.6,65.7,2470.3,1.747,2,4,6,1,North,True,WRAP_AROUND_OPEN_PLAN,0.126
42.4,85.5,3625.2,2.017,2,4,3,2,East,True,CENTRAL_SPINE_SPLIT,0.153
67.9,71.9,4882.0,1.059,2,4,6,3,East,False,L_SHAPED_COURTYARD,0.184
31.3,56.2,1759.1,1.796,1,3,4,1,North,False,CENTRAL_SPINE_SPLIT,0.154
19.6,39.6,776.2,2.02,2,3,5,1,West,False,CENTRAL_SPINE_SPLIT,0.148
36.0,66.2,2383.2,1.839,2,2,6,2,North,True,CENTRAL_SPINE_SPLIT,0.165
36.8,92.3,3396.6,2.508,2,4,8,2,East,True,CENTRAL_SPINE_SPLIT,0.165
30.2,51.3,1549.3,1.699,1,3,6,1,North,True,WRAP_AROUND_OPEN_PLAN,0.138
67.8,59.4,4027.3,0.876,2,5,8,3,North,True,L_SHAPED_COURTYARD,0.182
35.7,58.8,2099.2,1.647,1,3,5,1,East,False,WRAP_AROUND_OPEN_PLAN,0.15
42.5,66.3,2817.8,1.56,3,4,6,1,East,True,VILLA_PERIMETER,0.189
18.4,25.1,461.8,1.364,2,1,2,0,East,False,COMPACT_LINEAR,0.108
25.3,70.7,1788.7,2.794,2,3,5,1,West,True,CENTRAL_SPINE_SPLIT,0.163
34.0,91.9,3124.6,2.703,2,3,3,1,East,True,CENTRAL_SPINE_SPLIT,0.192
32.4,87.7,2841.5,2.707,1,3,4,1,South,False,CENTRAL_SPINE_SPLIT,0.142
51.1,45.3,2314.8,0.886,1,3,4,2,South,False,WRAP_AROUND_OPEN_PLAN,0.149
50.2,50.1,2515.0,0.998,3,4,6,3,South,True,VILLA_PERIMETER,0.166
57.3,53.0,3036.9,0.925,2,5,7,2,West,False,VILLA_PERIMETER,0.197
67.5,47.6,3213.0,0.705,3,4,8,2,South,False,VILLA_PERIMETER,0.18
44.5,124.4,5535.8,2.796,1,5,9,2,East,True,CENTRAL_SPINE_SPLIT,0.161
67.1,140.0,9394.0,2.086,1,4,9,2,North,True,CENTRAL_SPINE_SPLIT,0.167
54.9,96.4,5292.4,1.756,1,5,7,1,West,True,CENTRAL_SPINE_SPLIT,0.154
51.7,102.4,5294.1,1.981,2,4,5,1,West,False,CENTRAL_SPINE_SPLIT,0.169
22.7,35.8,812.7,1.577,1,2,6,1,North,False,COMPACT_LINEAR,0.097
36.4,89.6,3261.4,2.462,2,3,4,3,South,True,CENTRAL_SPINE_SPLIT,0.186
44.0,62.6,2754.4,1.423,2,4,7,2,East,True,VILLA_PERIMETER,0.188
59.5,140.0,8330.0,2.353,3,6,9,1,South,True,CENTRAL_SPINE_SPLIT,0.176
46.8,84.4,3949.9,1.803,3,6,8,2,South,False,CENTRAL_SPINE_SPLIT,0.147
50.6,126.1,6380.7,2.492,1,6,8,1,North,True,CENTRAL_SPINE_SPLIT,0.181
32.3,69.7,2251.3,2.158,1,3,3,1,North,True,CENTRAL_SPINE_SPLIT,0.173
52.9,55.5,2935.9,1.049,2,4,5,2,South,True,VILLA_PERIMETER,0.214
58.6,74.7,4377.4,1.275,2,4,5,2,South,True,VILLA_PERIMETER,0.177
60.2,131.4,7910.3,2.183,2,5,7,2,East,True,CENTRAL_SPINE_SPLIT,0.172
68.9,52.7,3631.0,0.765,2,4,4,2,North,True,VILLA_PERIMETER,0.223
24.0,47.7,1144.8,1.988,2,2,3,1,West,False,CENTRAL_SPINE_SPLIT,0.17
27.1,43.7,1184.3,1.613,2,2,5,1,South,True,COMPACT_LINEAR,0.116
35.7,97.8,3491.5,2.739,3,3,5,1,East,False,CENTRAL_SPINE_SPLIT,0.157
70.9,137.5,9748.8,1.939,3,5,6,3,West,False,CENTRAL_SPINE_SPLIT,0.144
25.3,61.5,1556.0,2.431,3,3,8,1,South,True,CENTRAL_SPINE_SPLIT,0.144
69.1,140.0,9674.0,2.026,2,4,5,1,West,True,CENTRAL_SPINE_SPLIT,0.181
52.7,47.0,2476.9,0.892,1,4,7,3,South,True,WRAP_AROUND_OPEN_PLAN,0.127
67.7,140.0,9478.0,2.068,2,6,8,2,South,True,CENTRAL_SPINE_SPLIT,0.165
67.8,66.6,4515.5,0.982,2,4,7,3,West,True,VILLA_PERIMETER,0.182
47.9,54.5,2610.5,1.138,2,4,5,2,South,False,VILLA_PERIMETER,0.209
61.0,138.9,8472.9,2.277,2,4,6,3,North,True,CENTRAL_SPINE_SPLIT,0.172
66.3,140.0,9282.0,2.112,3,5,8,2,South,False,CENTRAL_SPINE_SPLIT,0.164
48.7,79.7,3881.4,1.637,2,5,10,1,North,True,VILLA_PERIMETER,0.184
23.7,61.8,1464.7,2.608,1,3,5,1,East,True,CENTRAL_SPINE_SPLIT,0.164
45.1,122.0,5502.2,2.705,2,4,4,2,North,False,CENTRAL_SPINE_SPLIT,0.154
59.3,50.0,2965.0,0.843,1,5,8,3,South,True,WRAP_AROUND_OPEN_PLAN,0.142
28.5,46.5,1325.2,1.632,3,3,5,1,East,True,WRAP_AROUND_OPEN_PLAN,0.13
24.6,45.9,1129.1,1.866,3,2,5,1,North,True,CENTRAL_SPINE_SPLIT,0.147
57.5,87.9,5054.2,1.529,2,4,7,2,West,False,VILLA_PERIMETER,0.187
38.8,44.3,1718.8,1.142,1,3,4,1,North,False,L_SHAPED_COURTYARD,0.173
48.0,79.1,3796.8,1.648,3,4,6,1,South,True,VILLA_PERIMETER,0.213
55.1,56.4,3107.6,1.024,1,4,5,2,North,True,L_SHAPED_COURTYARD,0.195
30.9,73.2,2261.9,2.369,2,3,5,2,South,True,CENTRAL_SPINE_SPLIT,0.134
29.5,33.9,1000.0,1.149,1,1,3,1,North,False,COMPACT_LINEAR,0.118
70.3,140.0,9842.0,1.991,1,5,6,2,North,False,CENTRAL_SPINE_SPLIT,0.175
27.9,39.5,1102.0,1.416,1,2,3,1,South,False,COMPACT_LINEAR,0.113
71.7,140.0,10038.0,1.953,2,4,8,2,East,False,CENTRAL_SPINE_SPLIT,0.153
65.5,140.0,9170.0,2.137,3,5,6,2,South,True,CENTRAL_SPINE_SPLIT,0.168
25.3,54.8,1386.4,2.166,1,3,3,1,North,True,CENTRAL_SPINE_SPLIT,0.162
46.9,128.0,6003.2,2.729,3,5,7,3,South,False,CENTRAL_SPINE_SPLIT,0.186
25.3,63.2,1599.0,2.498,2,3,2,1,East,False,CENTRAL_SPINE_SPLIT,0.16
49.7,108.8,5407.4,2.189,3,4,7,2,North,True,CENTRAL_SPINE_SPLIT,0.162
73.3,57.3,4200.1,0.782,2,5,7,2,East,True,VILLA_PERIMETER,0.198
35.3,58.0,2047.4,1.643,1,3,5,1,North,True,WRAP_AROUND_OPEN_PLAN,0.147
47.3,102.1,4829.3,2.159,2,4,6,2,North,True,CENTRAL_SPINE_SPLIT,0.173
25.3,34.3,867.8,1.356,2,2,4,1,East,True,COMPACT_LINEAR,0.124
41.6,102.7,4272.3,2.469,1,4,5,3,West,True,CENTRAL_SPINE_SPLIT,0.167
46.2,91.4,4222.7,1.978,2,4,4,1,East,True,CENTRAL_SPINE_SPLIT,0.171
42.0,80.3,3372.6,1.912,3,5,6,2,South,True,CENTRAL_SPINE_SPLIT,0.153
29.3,22.1,647.5,0.754,2,1,1,0,North,True,COMPACT_LINEAR,0.123
21.3,56.5,1203.5,2.653,3,2,4,1,North,True,CENTRAL_SPINE_SPLIT,0.153
66.9,103.5,6924.2,1.547,2,5,7,2,South,True,VILLA_PERIMETER,0.21
27.5,27.9,767.2,1.015,2,2,3,1,West,True,COMPACT_LINEAR,0.095
60.2,98.8,5947.8,1.641,2,6,10,2,East,False,VILLA_PERIMETER,0.183
35.1,40.3,1414.5,1.148,1,2,4,1,East,True,WRAP_AROUND_OPEN_PLAN,0.15
45.4,114.8,5211.9,2.529,3,4,5,2,South,True,CENTRAL_SPINE_SPLIT,0.17
35.9,29.1,1044.7,0.811,2,3,5,1,South,True,WRAP_AROUND_OPEN_PLAN,0.149
72.7,89.6,6513.9,1.232,3,6,9,2,West,True,COMPACT_LINEAR,0.202
22.1,48.2,1065.2,2.181,2,1,1,1,East,True,CENTRAL_SPINE_SPLIT,0.159
18.9,29.8,563.2,1.577,1,1,3,0,South,True,COMPACT_LINEAR,0.093
68.6,85.4,5858.4,1.245,3,4,4,2,East,True,L_SHAPED_COURTYARD,0.175
60.7,111.2,6749.8,1.832,1,6,7,2,North,True,CENTRAL_SPINE_SPLIT,0.186
32.3,41.1,1327.5,1.272,1,3,3,1,North,True,WRAP_AROUND_OPEN_PLAN,0.148
49.5,71.8,3554.1,1.451,3,5,9,1,South,True,VILLA_PERIMETER,0.197
21.5,22.1,475.2,1.028,2,1,1,0,South,False,COMPACT_LINEAR,0.09
61.8,132.6,8194.7,2.146,2,5,6,2,West,True,WRAP_AROUND_OPEN_PLAN,0.158
74.4,94.7,7045.7,1.273,2,6,10,1,East,True,L_SHAPED_COURTYARD,0.17
55.4,113.4,6282.4,2.047,1,4,8,3,West,True,CENTRAL_SPINE_SPLIT,0.139
43.0,97.5,4192.5,2.267,2,4,7,2,South,False,CENTRAL_SPINE_SPLIT,0.166
34.4,47.5,1634.0,1.381,2,3,4,1,West,True,WRAP_AROUND_OPEN_PLAN,0.129
61.7,140.0,8638.0,2.269,2,4,4,3,West,True,CENTRAL_SPINE_SPLIT,0.155
39.0,61.3,2390.7,1.572,2,4,8,1,North,False,WRAP_AROUND_OPEN_PLAN,0.154
36.8,67.0,2465.6,1.821,1,3,4,3,East,False,CENTRAL_SPINE_SPLIT,0.16
71.6,133.5,9558.6,1.865,3,5,7,2,West,False,CENTRAL_SPINE_SPLIT,0.161
56.3,140.0,7882.0,2.487,2,4,7,2,North,True,CENTRAL_SPINE_SPLIT,0.144
25.3,31.8,804.5,1.257,2,2,4,1,North,True,COMPACT_LINEAR,0.11
61.1,140.0,8554.0,2.291,2,6,8,2,East,True,CENTRAL_SPINE_SPLIT,0.156
32.2,51.8,1668.0,1.609,1,3,4,1,South,False,WRAP_AROUND_OPEN_PLAN,0.139
41.6,66.1,2749.8,1.589,3,4,6,2,East,True,VILLA_PERIMETER,0.18
28.6,50.7,1450.0,1.773,2,3,3,1,North,False,CENTRAL_SPINE_SPLIT,0.156
42.3,46.2,1954.3,1.092,1,3,3,1,West,True,WRAP_AROUND_OPEN_PLAN,0.123
69.1,140.0,9674.0,2.026,3,4,6,3,North,True,CENTRAL_SPINE_SPLIT,0.157
52.9,85.7,4533.5,1.62,3,5,6,3,North,True,VILLA_PERIMETER,0.207
50.1,47.0,2354.7,0.938,1,2,4,3,East,True,L_SHAPED_COURTYARD,0.162
73.1,52.4,3830.4,0.717,1,6,9,2,East,True,WRAP_AROUND_OPEN_PLAN,0.145
49.6,110.8,5495.7,2.234,1,4,5,2,North,True,CENTRAL_SPINE_SPLIT,0.159
49.3,46.5,2292.4,0.943,1,2,3,1,South,True,WRAP_AROUND_OPEN_PLAN,0.142
71.9,140.0,10066.0,1.947,2,5,8,2,East,True,CENTRAL_SPINE_SPLIT,0.158
58.3,118.6,6914.4,2.034,2,4,7,3,North,True,CENTRAL_SPINE_SPLIT,0.147
27.0,52.4,1414.8,1.941,3,3,5,1,East,False,CENTRAL_SPINE_SPLIT,0.174
24.6,39.8,979.1,1.618,2,2,3,1,West,True,COMPACT_LINEAR,0.117
19.1,22.0,420.2,1.152,3,1,2,0,South,True,COMPACT_LINEAR,0.109
60.9,140.0,8526.0,2.299,2,4,5,1,East,True,CENTRAL_SPINE_SPLIT,0.155
25.7,32.7,840.4,1.272,3,2,4,1,South,True,COMPACT_LINEAR,0.115
19.1,42.4,809.8,2.22,2,2,2,1,West,True,CENTRAL_SPINE_SPLIT,0.184
35.8,99.5,3562.1,2.779,2,4,7,1,South,False,CENTRAL_SPINE_SPLIT,0.153
42.2,103.5,4367.7,2.453,3,4,6,3,East,True,CENTRAL_SPINE_SPLIT,0.188
23.7,57.5,1362.8,2.426,1,3,6,1,East,True,CENTRAL_SPINE_SPLIT,0.181
61.5,76.2,4686.3,1.239,2,5,8,2,East,True,L_SHAPED_COURTYARD,0.171
36.8,88.2,3245.8,2.397,3,3,6,2,North,False,CENTRAL_SPINE_SPLIT,0.164
24.7,32.8,810.2,1.328,2,3,7,1,South,False,COMPACT_LINEAR,0.116
65.1,82.1,5344.7,1.261,2,4,8,2,North,True,L_SHAPED_COURTYARD,0.169
26.1,48.8,1273.7,1.87,1,2,4,1,East,True,CENTRAL_SPINE_SPLIT,0.158
66.4,102.5,6806.0,1.544,1,6,9,1,South,False,WRAP_AROUND_OPEN_PLAN,0.156
50.8,47.8,2428.2,0.941,2,4,6,3,East,True,L_SHAPED_COURTYARD,0.171
71.8,140.0,10052.0,1.95,3,5,7,2,West,True,CENTRAL_SPINE_SPLIT,0.164
44.1,95.4,4207.1,2.163,2,6,10,2,North,False,CENTRAL_SPINE_SPLIT,0.16
46.7,93.6,4371.1,2.004,3,4,5,1,South,False,CENTRAL_SPINE_SPLIT,0.14
71.3,110.3,7864.4,1.547,2,5,8,2,North,True,VILLA_PERIMETER,0.211
72.9,81.7,5955.9,1.121,1,4,5,1,South,True,WRAP_AROUND_OPEN_PLAN,0.154
60.4,85.3,5152.1,1.412,1,5,7,2,East,True,WRAP_AROUND_OPEN_PLAN,0.131
67.3,127.1,8553.8,1.889,3,5,9,2,North,True,CENTRAL_SPINE_SPLIT,0.157
36.1,50.7,1830.3,1.404,1,3,5,1,East,True,WRAP_AROUND_OPEN_PLAN,0.131
64.1,114.9,7365.1,1.793,2,5,5,2,South,True,CENTRAL_SPINE_SPLIT,0.168
60.2,106.6,6417.3,1.771,2,4,6,2,West,True,CENTRAL_SPINE_SPLIT,0.173
64.3,140.0,9002.0,2.177,1,4,5,3,North,True,WRAP_AROUND_OPEN_PLAN,0.17
39.5,93.1,3677.4,2.357,1,4,6,3,North,True,CENTRAL_SPINE_SPLIT,0.155
19.4,45.6,884.6,2.351,1,2,2,1,North,True,CENTRAL_SPINE_SPLIT,0.165
22.1,50.8,1122.7,2.299,1,2,4,1,West,True,CENTRAL_SPINE_SPLIT,0.158
36.2,54.3,1965.7,1.5,2,3,2,1,West,False,WRAP_AROUND_OPEN_PLAN,0.135
59.5,75.3,4480.3,1.266,2,4,6,3,South,True,VILLA_PERIMETER,0.199
28.0,71.9,2013.2,2.568,3,3,6,1,West,True,CENTRAL_SPINE_SPLIT,0.155
62.6,90.5,5665.3,1.446,3,5,6,1,West,True,VILLA_PERIMETER,0.195
35.6,71.0,2527.6,1.994,2,4,6,2,North,False,CENTRAL_SPINE_SPLIT,0.152
21.4,47.8,1022.9,2.234,2,2,4,1,East,False,CENTRAL_SPINE_SPLIT,0.14
37.1,62.1,2303.9,1.674,3,4,5,2,North,True,WRAP_AROUND_OPEN_PLAN,0.14
74.8,111.3,8325.2,1.488,3,5,8,2,North,True,VILLA_PERIMETER,0.191
57.6,70.9,4083.8,1.231,1,4,6,2,East,True,L_SHAPED_COURTYARD,0.193
60.5,58.5,3539.2,0.967,2,3,4,2,South,True,WRAP_AROUND_OPEN_PLAN,0.128
54.7,120.3,6580.4,2.199,2,4,4,3,East,True,L_SHAPED_COURTYARD,0.153
21.5,55.1,1184.7,2.563,1,2,5,1,East,False,CENTRAL_SPINE_SPLIT,0.155
37.0,32.5,1202.5,0.878,2,3,5,1,South,True,WRAP_AROUND_OPEN_PLAN,0.151
68.9,140.0,9646.0,2.032,2,5,7,1,North,False,CENTRAL_SPINE_SPLIT,0.147
58.6,52.7,3088.2,0.899,2,4,5,2,East,True,L_SHAPED_COURTYARD,0.188
51.5,84.7,4362.1,1.645,1,5,7,1,East,False,WRAP_AROUND_OPEN_PLAN,0.151
48.1,49.9,2400.2,1.037,2,4,6,2,East,True,L_SHAPED_COURTYARD,0.199
62.1,117.9,7321.6,1.899,2,4,7,1,East,True,CENTRAL_SPINE_SPLIT,0.162
31.9,81.1,2587.1,2.542,2,3,5,3,East,False,CENTRAL_SPINE_SPLIT,0.168
23.6,47.0,1109.2,1.992,1,2,1,1,East,True,CENTRAL_SPINE_SPLIT,0.165
70.7,140.0,9898.0,1.98,2,4,6,2,East,True,CENTRAL_SPINE_SPLIT,0.176
65.2,140.0,9128.0,2.147,2,5,8,2,East,True,CENTRAL_SPINE_SPLIT,0.161
43.9,74.4,3266.2,1.695,1,4,5,3,North,True,WRAP_AROUND_OPEN_PLAN,0.134
57.9,41.3,2391.3,0.713,1,3,5,2,East,True,WRAP_AROUND_OPEN_PLAN,0.147
21.7,51.5,1117.5,2.373,1,2,7,1,East,True,CENTRAL_SPINE_SPLIT,0.15
48.0,43.3,2078.4,0.902,3,3,5,1,South,False,WRAP_AROUND_OPEN_PLAN,0.137
68.4,136.3,9322.9,1.993,1,4,6,1,East,True,CENTRAL_SPINE_SPLIT,0.153
28.1,25.7,722.2,0.915,2,2,5,1,East,True,COMPACT_LINEAR,0.105
64.5,138.1,8907.4,2.141,2,5,8,2,West,False,CENTRAL_SPINE_SPLIT,0.179
28.7,35.8,1027.5,1.247,1,2,3,1,North,True,WRAP_AROUND_OPEN_PLAN,0.105
66.1,140.0,9254.0,2.118,1,4,5,1,North,True,CENTRAL_SPINE_SPLIT,0.177
69.2,140.0,9688.0,2.023,2,5,6,1,East,False,CENTRAL_SPINE_SPLIT,0.185
66.0,105.9,6989.4,1.605,1,5,9,2,North,True,WRAP_AROUND_OPEN_PLAN,0.147
40.9,65.5,2678.9,1.601,2,5,7,1,East,False,VILLA_PERIMETER,0.199
41.1,31.5,1294.7,0.766,3,3,4,1,South,False,WRAP_AROUND_OPEN_PLAN,0.141
59.0,51.8,3056.2,0.878,1,3,5,2,North,False,L_SHAPED_COURTYARD,0.191
30.8,78.1,2405.5,2.536,2,4,7,3,North,True,CENTRAL_SPINE_SPLIT,0.157
64.0,84.7,5420.8,1.323,2,5,7,2,North,False,COMPACT_LINEAR,0.177
49.0,124.5,6100.5,2.541,2,5,8,1,East,True,CENTRAL_SPINE_SPLIT,0.174
43.8,97.5,4270.5,2.226,2,4,6,2,East,False,CENTRAL_SPINE_SPLIT,0.151
47.1,113.2,5331.7,2.403,1,5,8,2,East,True,CENTRAL_SPINE_SPLIT,0.161
42.4,59.2,2510.1,1.396,3,5,7,2,North,False,VILLA_PERIMETER,0.176
67.9,74.5,5058.6,1.097,1,5,8,2,North,True,L_SHAPED_COURTYARD,0.198
34.5,69.6,2401.2,2.017,2,4,4,1,North,False,CENTRAL_SPINE_SPLIT,0.164
28.6,30.7,878.0,1.073,2,3,4,1,North,False,COMPACT_LINEAR,0.131
35.2,87.3,3073.0,2.48,2,4,5,1,East,True,CENTRAL_SPINE_SPLIT,0.156
74.7,64.3,4803.2,0.861,3,5,8,2,South,True,VILLA_PERIMETER,0.209
36.7,96.8,3552.6,2.638,3,4,6,2,North,True,CENTRAL_SPINE_SPLIT,0.184
24.5,35.0,857.5,1.429,2,2,4,1,East,True,COMPACT_LINEAR,0.111
55.0,41.8,2299.0,0.76,1,2,3,2,North,True,WRAP_AROUND_OPEN_PLAN,0.121
34.8,25.4,883.9,0.73,2,1,2,1,East,True,COMPACT_LINEAR,0.097
37.6,74.8,2812.5,1.989,2,5,5,2,West,True,CENTRAL_SPINE_SPLIT,0.17
55.9,119.1,6657.7,2.131,2,4,5,1,West,True,CENTRAL_SPINE_SPLIT,0.16
22.1,48.6,1074.1,2.199,2,2,1,1,East,True,CENTRAL_SPINE_SPLIT,0.165
51.6,69.8,3601.7,1.353,3,4,6,2,North,False,VILLA_PERIMETER,0.19
61.5,51.9,3191.8,0.844,2,3,3,1,East,True,L_SHAPED_COURTYARD,0.192
74.0,140.0,10360.0,1.892,2,5,7,2,North,True,CENTRAL_SPINE_SPLIT,0.164
45.7,107.3,4903.6,2.348,2,5,8,1,East,False,CENTRAL_SPINE_SPLIT,0.15
30.1,51.0,1535.1,1.694,2,4,6,1,West,True,CENTRAL_SPINE_SPLIT,0.148
25.6,65.2,1669.1,2.547,1,3,6,1,North,True,CENTRAL_SPINE_SPLIT,0.174
52.0,70.7,3676.4,1.36,2,4,8,1,East,True,L_SHAPED_COURTYARD,0.194
63.1,130.1,8209.3,2.062,1,5,8,2,West,True,CENTRAL_SPINE_SPLIT,0.161
59.5,122.3,7276.8,2.055,2,6,10,2,South,False,CENTRAL_SPINE_SPLIT,0.166
53.6,137.6,7375.4,2.567,3,4,6,2,West,True,CENTRAL_SPINE_SPLIT,0.183
35.5,46.4,1647.2,1.307,3,3,5,1,South,True,L_SHAPED_COURTYARD,0.149
68.1,140.0,9534.0,2.056,2,4,6,2,West,False,CENTRAL_SPINE_SPLIT,0.158
68.5,49.1,3363.3,0.717,1,4,7,2,East,True,WRAP_AROUND_OPEN_PLAN,0.121
25.3,22.6,571.8,0.893,2,1,2,0,East,True,COMPACT_LINEAR,0.124
37.9,93.9,3558.8,2.478,3,5,8,1,North,True,CENTRAL_SPINE_SPLIT,0.153
69.8,82.0,5723.6,1.175,3,5,5,2,East,True,L_SHAPED_COURTYARD,0.179
42.6,52.4,2232.2,1.23,1,3,3,3,South,False,WRAP_AROUND_OPEN_PLAN,0.14
66.4,140.0,9296.0,2.108,1,5,8,2,North,True,CENTRAL_SPINE_SPLIT,0.169
32.8,60.9,1997.5,1.857,1,3,5,1,East,True,CENTRAL_SPINE_SPLIT,0.161
24.8,55.8,1383.8,2.25,1,2,5,1,North,True,CENTRAL_SPINE_SPLIT,0.167
48.4,98.7,4777.1,2.039,2,4,6,2,East,True,CENTRAL_SPINE_SPLIT,0.154
50.2,63.6,3192.7,1.267,2,4,7,2,South,True,VILLA_PERIMETER,0.209
55.9,70.2,3924.2,1.256,2,5,9,3,East,True,L_SHAPED_COURTYARD,0.213
42.2,30.9,1304.0,0.732,1,3,5,1,North,True,WRAP_AROUND_OPEN_PLAN,0.139
47.1,48.2,2270.2,1.023,1,3,6,1,South,True,WRAP_AROUND_OPEN_PLAN,0.143
44.7,84.6,3781.6,1.893,2,4,5,2,West,False,CENTRAL_SPINE_SPLIT,0.157
63.5,130.3,8274.1,2.052,2,5,5,2,East,True,CENTRAL_SPINE_SPLIT,0.173
29.5,73.9,2180.1,2.505,2,3,3,1,North,True,CENTRAL_SPINE_SPLIT,0.137
40.1,60.4,2422.0,1.506,1,3,5,2,East,True,WRAP_AROUND_OPEN_PLAN,0.135
47.4,102.8,4872.7,2.169,2,4,6,2,East,True,CENTRAL_SPINE_SPLIT,0.166
35.7,47.9,1710.0,1.342,2,3,3,1,North,True,L_SHAPED_COURTYARD,0.177
33.4,44.2,1476.3,1.323,3,3,5,1,West,True,WRAP_AROUND_OPEN_PLAN,0.151
69.1,87.9,6073.9,1.272,3,6,8,3,North,True,L_SHAPED_COURTYARD,0.166
40.6,44.9,1822.9,1.106,2,3,6,1,East,True,L_SHAPED_COURTYARD,0.199
63.6,85.4,5431.4,1.343,1,5,7,2,North,False,L_SHAPED_COURTYARD,0.199
54.2,104.1,5642.2,1.921,2,5,7,2,East,False,CENTRAL_SPINE_SPLIT,0.177
69.3,90.0,6237.0,1.299,1,6,10,2,North,True,L_SHAPED_COURTYARD,0.204
39.1,35.5,1388.0,0.908,1,3,6,1,West,True,WRAP_AROUND_OPEN_PLAN,0.136
57.0,103.8,5916.6,1.821,2,5,5,1,East,True,CENTRAL_SPINE_SPLIT,0.157
45.0,104.8,4716.0,2.329,2,6,10,2,North,True,CENTRAL_SPINE_SPLIT,0.147
52.1,138.9,7236.7,2.666,1,5,9,3,South,False,CENTRAL_SPINE_SPLIT,0.172
67.8,140.0,9492.0,2.065,2,5,7,1,North,True,CENTRAL_SPINE_SPLIT,0.18
22.5,29.3,659.2,1.302,2,1,2,0,North,True,COMPACT_LINEAR,0.107
34.2,75.3,2575.3,2.202,3,4,5,1,North,True,CENTRAL_SPINE_SPLIT,0.154
31.9,79.6,2539.2,2.495,1,4,4,2,East,False,CENTRAL_SPINE_SPLIT,0.16
48.5,128.9,6251.7,2.658,3,4,6,1,East,True,CENTRAL_SPINE_SPLIT,0.145
67.2,140.0,9408.0,2.083,1,5,7,2,West,True,CENTRAL_SPINE_SPLIT,0.156
66.2,132.2,8751.6,1.997,2,5,6,3,East,True,CENTRAL_SPINE_SPLIT,0.169
32.3,32.1,1036.8,0.994,1,2,3,1,East,True,COMPACT_LINEAR,0.114
63.1,140.0,8834.0,2.219,1,5,6,2,East,True,CENTRAL_SPINE_SPLIT,0.18
70.2,140.0,9828.0,1.994,2,4,5,1,North,True,CENTRAL_SPINE_SPLIT,0.165
24.9,29.0,722.1,1.165,2,2,5,1,East,False,COMPACT_LINEAR,0.09
50.5,113.2,5716.6,2.242,1,6,10,2,South,True,CENTRAL_SPINE_SPLIT,0.164
36.3,26.9,976.5,0.741,3,1,3,1,East,False,COMPACT_LINEAR,0.116
56.2,118.1,6637.2,2.101,2,5,6,2,South,True,CENTRAL_SPINE_SPLIT,0.173
32.7,44.1,1442.1,1.349,2,3,7,1,East,True,WRAP_AROUND_OPEN_PLAN,0.156
29.3,65.6,1922.1,2.239,1,3,5,1,East,True,CENTRAL_SPINE_SPLIT,0.157
57.4,103.0,5912.2,1.794,1,6,9,1,East,True,CENTRAL_SPINE_SPLIT,0.19
39.4,47.8,1883.3,1.213,1,3,6,1,North,True,L_SHAPED_COURTYARD,0.189
24.2,41.0,992.2,1.694,2,2,3,1,South,False,COMPACT_LINEAR,0.1
74.0,110.3,8162.2,1.491,2,4,5,1,West,False,VILLA_PERIMETER,0.206
26.5,62.7,1661.6,2.366,1,3,4,1,East,True,CENTRAL_SPINE_SPLIT,0.183
72.7,120.9,8789.4,1.663,2,5,8,3,North,True,VILLA_PERIMETER,0.218
46.0,109.7,5046.2,2.385,1,5,6,2,North,True,CENTRAL_SPINE_SPLIT,0.145
66.5,140.0,9310.0,2.105,2,6,10,2,East,True,CENTRAL_SPINE_SPLIT,0.152
49.7,52.7,2619.2,1.06,2,5,9,2,North,True,L_SHAPED_COURTYARD,0.181
67.4,140.0,9436.0,2.077,1,6,8,2,North,True,CENTRAL_SPINE_SPLIT,0.158
41.5,91.4,3793.1,2.202,2,4,7,2,North,True,CENTRAL_SPINE_SPLIT,0.158
67.1,67.6,4536.0,1.007,2,6,9,2,East,True,L_SHAPED_COURTYARD,0.182
34.7,53.6,1859.9,1.545,1,3,4,1,South,False,WRAP_AROUND_OPEN_PLAN,0.153
54.8,120.3,6592.4,2.195,2,6,7,1,North,True,CENTRAL_SPINE_SPLIT,0.18
68.2,140.0,9548.0,2.053,1,5,6,2,North,True,CENTRAL_SPINE_SPLIT,0.143
58.2,138.2,8043.2,2.375,2,5,8,1,East,True,CENTRAL_SPINE_SPLIT,0.181
35.8,58.4,2090.7,1.631,1,2,4,1,South,True,WRAP_AROUND_OPEN_PLAN,0.16
20.8,22.4,465.9,1.077,1,1,4,0,West,False,COMPACT_LINEAR,0.133
24.5,61.8,1514.1,2.522,2,2,3,1,East,True,CENTRAL_SPINE_SPLIT,0.166
70.5,74.8,5273.4,1.061,2,4,7,1,North,False,L_SHAPED_COURTYARD,0.177
65.4,61.1,3995.9,0.934,3,6,9,2,East,False,L_SHAPED_COURTYARD,0.183
29.1,34.8,1012.7,1.196,2,3,4,1,East,True,CENTRAL_SPINE_SPLIT,0.148
54.4,134.8,7333.1,2.478,2,5,8,3,West,True,CENTRAL_SPINE_SPLIT,0.164
18.2,22.0,400.4,1.209,1,1,1,0,South,True,COMPACT_LINEAR,0.097
20.4,43.2,881.3,2.118,2,2,5,1,South,True,CENTRAL_SPINE_SPLIT,0.165
65.9,105.1,6926.1,1.595,1,5,8,2,West,True,WRAP_AROUND_OPEN_PLAN,0.141
51.0,40.2,2050.2,0.788,1,3,6,1,North,True,WRAP_AROUND_OPEN_PLAN,0.132
38.6,75.8,2925.9,1.964,2,4,7,2,West,True,CENTRAL_SPINE_SPLIT,0.167
72.2,140.0,10108.0,1.939,2,6,8,2,East,True,WRAP_AROUND_OPEN_PLAN,0.154
23.6,54.1,1276.8,2.292,1,2,4,1,North,False,CENTRAL_SPINE_SPLIT,0.164
73.7,59.7,4399.9,0.81,2,4,7,2,East,False,WRAP_AROUND_OPEN_PLAN,0.188
73.3,78.0,5717.4,1.064,2,4,6,2,South,True,VILLA_PERIMETER,0.19
72.7,82.3,5983.2,1.132,1,5,8,1,North,True,L_SHAPED_COURTYARD,0.171
58.1,65.4,3799.7,1.126,1,4,5,2,West,False,WRAP_AROUND_OPEN_PLAN,0.161
21.8,58.9,1284.0,2.702,1,2,4,1,East,True,CENTRAL_SPINE_SPLIT,0.161
33.0,26.2,864.6,0.794,2,1,2,1,West,True,COMPACT_LINEAR,0.108
51.8,95.4,4941.7,1.842,2,4,6,1,East,True,CENTRAL_SPINE_SPLIT,0.153
42.8,64.8,2773.4,1.514,2,5,9,2,North,True,VILLA_PERIMETER,0.21
20.6,22.0,453.2,1.068,2,1,2,0,West,False,COMPACT_LINEAR,0.117
65.7,96.2,6320.3,1.464,2,4,8,3,South,True,VILLA_PERIMETER,0.202
18.3,32.4,592.9,1.77,3,1,3,0,East,False,CENTRAL_SPINE_SPLIT,0.16
66.8,140.0,9352.0,2.096,1,4,4,2,East,True,CENTRAL_SPINE_SPLIT,0.155
74.0,140.0,10360.0,1.892,2,6,8,2,North,True,L_SHAPED_COURTYARD,0.143
26.3,58.5,1538.5,2.224,1,3,3,1,South,True,CENTRAL_SPINE_SPLIT,0.17
48.2,34.7,1672.5,0.72,1,3,4,1,East,True,WRAP_AROUND_OPEN_PLAN,0.117
46.9,63.9,2996.9,1.362,2,5,7,1,North,True,VILLA_PERIMETER,0.194
57.0,62.3,3551.1,1.093,3,4,9,3,North,True,L_SHAPED_COURTYARD,0.169
71.1,139.5,9918.4,1.962,3,4,6,2,South,False,CENTRAL_SPINE_SPLIT,0.147
59.0,44.0,2596.0,0.746,2,4,7,3,East,True,VILLA_PERIMETER,0.199
70.0,104.8,7336.0,1.497,2,6,10,2,West,True,VILLA_PERIMETER,0.211
58.1,62.3,3619.6,1.072,1,4,7,2,North,True,L_SHAPED_COURTYARD,0.17
42.7,41.2,1759.2,0.965,2,3,4,1,East,False,L_SHAPED_COURTYARD,0.191
36.8,69.9,2572.3,1.899,2,4,6,2,East,True,CENTRAL_SPINE_SPLIT,0.175
68.9,140.0,9646.0,2.032,3,5,6,2,North,False,CENTRAL_SPINE_SPLIT,0.15
65.0,121.3,7884.5,1.866,1,4,8,2,West,False,CENTRAL_SPINE_SPLIT,0.146
25.5,54.1,1379.5,2.122,2,3,3,1,South,True,CENTRAL_SPINE_SPLIT,0.166
19.8,51.1,1011.8,2.581,2,2,5,1,East,True,CENTRAL_SPINE_SPLIT,0.188
31.3,74.9,2344.4,2.393,2,3,5,2,East,True,CENTRAL_SPINE_SPLIT,0.166
38.6,97.7,3771.2,2.531,2,5,9,2,South,True,CENTRAL_SPINE_SPLIT,0.17
59.3,110.1,6528.9,1.857,2,5,7,1,East,True,CENTRAL_SPINE_SPLIT,0.179
50.2,108.3,5436.7,2.157,3,5,8,2,East,True,CENTRAL_SPINE_SPLIT,0.158
22.1,49.2,1087.3,2.226,2,2,1,1,North,True,CENTRAL_SPINE_SPLIT,0.157
58.7,88.4,5189.1,1.506,1,5,8,2,North,False,WRAP_AROUND_OPEN_PLAN,0.128
42.0,47.2,1982.4,1.124,1,3,6,1,South,True,WRAP_AROUND_OPEN_PLAN,0.131
39.5,28.3,1117.9,0.716,2,2,3,1,East,True,COMPACT_LINEAR,0.126
68.9,73.1,5036.6,1.061,3,5,9,2,East,True,L_SHAPED_COURTYARD,0.171
31.4,51.2,1607.7,1.631,2,3,4,1,South,True,WRAP_AROUND_OPEN_PLAN,0.126
57.1,91.4,5218.9,1.601,2,6,9,3,South,True,VILLA_PERIMETER,0.198
42.9,107.2,4598.9,2.499,2,4,8,2,West,True,CENTRAL_SPINE_SPLIT,0.155
58.4,68.6,4006.2,1.175,1,5,8,2,North,True,L_SHAPED_COURTYARD,0.189
71.9,140.0,10066.0,1.947,1,5,6,3,North,True,CENTRAL_SPINE_SPLIT,0.189
31.9,31.0,988.9,0.972,2,3,5,1,North,True,WRAP_AROUND_OPEN_PLAN,0.142
70.2,108.7,7630.7,1.548,2,4,4,2,East,False,VILLA_PERIMETER,0.197
44.7,113.3,5064.5,2.535,3,4,7,2,East,False,CENTRAL_SPINE_SPLIT,0.147
37.8,69.2,2615.8,1.831,2,5,7,1,East,True,CENTRAL_SPINE_SPLIT,0.175
21.6,31.3,676.1,1.449,2,1,1,0,North,True,COMPACT_LINEAR,0.09
66.5,66.8,4442.2,1.005,3,4,9,2,North,True,L_SHAPED_COURTYARD,0.201
56.3,57.6,3242.9,1.023,1,3,4,1,West,True,COMPACT_LINEAR,0.152
64.8,140.0,9072.0,2.16,1,4,7,2,South,True,CENTRAL_SPINE_SPLIT,0.152
50.5,47.3,2388.6,0.937,1,4,7,2,North,True,L_SHAPED_COURTYARD,0.184
35.0,79.3,2775.5,2.266,3,5,9,3,South,True,CENTRAL_SPINE_SPLIT,0.162
26.0,64.8,1684.8,2.492,2,3,6,1,East,True,CENTRAL_SPINE_SPLIT,0.173
41.8,78.4,3277.1,1.876,3,3,5,2,East,True,CENTRAL_SPINE_SPLIT,0.171
56.4,51.8,2921.5,0.918,2,4,5,2,North,True,L_SHAPED_COURTYARD,0.175
73.2,73.4,5372.9,1.003,2,6,10,2,East,True,L_SHAPED_COURTYARD,0.207
66.6,77.4,5154.8,1.162,1,4,6,2,North,True,L_SHAPED_COURTYARD,0.162
61.2,140.0,8568.0,2.288,3,6,9,1,East,True,CENTRAL_SPINE_SPLIT,0.175
45.5,98.5,4481.8,2.165,2,4,5,2,North,True,CENTRAL_SPINE_SPLIT,0.148
67.2,110.3,7412.2,1.641,3,4,5,2,East,True,VILLA_PERIMETER,0.231
61.1,52.1,3183.3,0.853,2,5,9,1,West,False,VILLA_PERIMETER,0.206
71.4,50.1,3577.1,0.702,2,5,6,2,North,False,VILLA_PERIMETER,0.191
23.8,23.8,566.4,1.0,2,2,4,0,South,True,COMPACT_LINEAR,0.095
54.0,49.1,2651.4,0.909,2,5,7,1,South,True,VILLA_PERIMETER,0.192
26.5,55.1,1460.2,2.079,2,3,5,1,East,True,CENTRAL_SPINE_SPLIT,0.162
67.0,65.3,4375.1,0.975,2,4,8,2,North,False,L_SHAPED_COURTYARD,0.189
23.5,40.9,961.1,1.74,2,2,2,1,West,True,COMPACT_LINEAR,0.1
28.9,54.7,1580.8,1.893,2,4,7,1,West,True,CENTRAL_SPINE_SPLIT,0.163
63.1,136.5,8613.1,2.163,1,6,7,1,North,True,CENTRAL_SPINE_SPLIT,0.149
60.3,130.0,7839.0,2.156,2,4,8,3,West,False,CENTRAL_SPINE_SPLIT,0.168
69.8,140.0,9772.0,2.006,1,6,9,2,North,True,CENTRAL_SPINE_SPLIT,0.166
34.6,33.2,1148.7,0.96,1,2,2,1,East,True,COMPACT_LINEAR,0.104
45.8,94.8,4341.8,2.07,1,4,8,1,South,True,COMPACT_LINEAR,0.141
40.7,40.2,1636.1,0.988,3,3,7,1,West,False,WRAP_AROUND_OPEN_PLAN,0.124
60.0,58.1,3486.0,0.968,2,4,6,1,East,True,L_SHAPED_COURTYARD,0.166
26.3,26.1,686.4,0.992,3,1,2,0,West,True,COMPACT_LINEAR,0.104
47.9,74.6,3573.3,1.557,2,4,7,2,East,False,VILLA_PERIMETER,0.196
53.2,88.6,4713.5,1.665,2,5,9,2,North,True,VILLA_PERIMETER,0.204
56.3,140.0,7882.0,2.487,2,5,7,1,West,True,L_SHAPED_COURTYARD,0.163
19.0,30.9,587.1,1.626,2,1,3,0,East,True,COMPACT_LINEAR,0.114
33.6,50.8,1706.9,1.512,1,3,7,1,East,True,WRAP_AROUND_OPEN_PLAN,0.142
47.4,102.0,4834.8,2.152,2,4,5,1,North,True,CENTRAL_SPINE_SPLIT,0.164
37.1,55.5,2059.1,1.496,2,4,6,1,East,True,WRAP_AROUND_OPEN_PLAN,0.131
73.0,140.0,10220.0,1.918,2,4,6,1,East,True,CENTRAL_SPINE_SPLIT,0.159
37.2,74.5,2771.4,2.003,3,4,5,3,South,True,CENTRAL_SPINE_SPLIT,0.169
19.3,52.4,1011.3,2.715,1,2,4,1,North,True,CENTRAL_SPINE_SPLIT,0.17
22.3,58.6,1306.8,2.628,1,3,5,1,South,False,CENTRAL_SPINE_SPLIT,0.133
51.3,84.0,4309.2,1.637,2,4,8,1,West,True,VILLA_PERIMETER,0.214
61.3,126.7,7766.7,2.067,2,4,6,1,East,True,CENTRAL_SPINE_SPLIT,0.15
56.9,140.0,7966.0,2.46,2,4,6,1,North,True,CENTRAL_SPINE_SPLIT,0.161
19.6,36.5,715.4,1.862,2,2,4,1,North,True,CENTRAL_SPINE_SPLIT,0.171
22.2,22.0,488.4,0.991,2,2,4,0,East,True,COMPACT_LINEAR,0.113
50.7,96.8,4907.8,1.909,2,6,10,1,East,True,CENTRAL_SPINE_SPLIT,0.181
47.3,49.4,2336.6,1.044,2,3,2,1,North,True,L_SHAPED_COURTYARD,0.149
51.9,130.4,6767.8,2.513,1,4,4,2,East,False,CENTRAL_SPINE_SPLIT,0.141
71.2,66.3,4720.6,0.931,2,5,6,2,South,True,VILLA_PERIMETER,0.211
64.9,100.8,6541.9,1.553,2,6,9,2,East,False,VILLA_PERIMETER,0.206
36.5,86.8,3168.2,2.378,2,4,6,3,North,True,CENTRAL_SPINE_SPLIT,0.147
24.9,34.5,859.0,1.386,1,2,3,1,South,True,COMPACT_LINEAR,0.103
19.1,35.1,670.4,1.838,2,2,4,0,East,True,CENTRAL_SPINE_SPLIT,0.159
73.6,140.0,10304.0,1.902,2,6,8,2,East,True,CENTRAL_SPINE_SPLIT,0.172
32.2,77.8,2505.2,2.416,2,3,3,2,North,True,CENTRAL_SPINE_SPLIT,0.165
21.6,59.8,1291.7,2.769,2,1,4,1,South,True,CENTRAL_SPINE_SPLIT,0.145
57.4,53.9,3093.9,0.939,2,4,6,2,South,True,VILLA_PERIMETER,0.195
36.0,29.8,1072.8,0.828,2,2,5,1,South,True,COMPACT_LINEAR,0.098
54.3,113.3,6152.2,2.087,1,4,7,3,South,True,CENTRAL_SPINE_SPLIT,0.148
65.5,140.0,9170.0,2.137,3,5,8,1,South,True,CENTRAL_SPINE_SPLIT,0.154
67.6,71.5,4833.4,1.058,2,4,6,2,North,True,L_SHAPED_COURTYARD,0.189
36.0,91.4,3290.4,2.539,2,4,4,3,North,True,CENTRAL_SPINE_SPLIT,0.132
21.5,37.1,797.6,1.726,1,2,5,1,East,True,COMPACT_LINEAR,0.121
61.7,140.0,8638.0,2.269,2,6,10,3,North,True,CENTRAL_SPINE_SPLIT,0.158
33.8,85.7,2896.7,2.536,1,4,6,2,West,True,CENTRAL_SPINE_SPLIT,0.14
47.7,87.4,4169.0,1.832,1,5,8,1,West,False,CENTRAL_SPINE_SPLIT,0.153
71.5,90.9,6499.4,1.271,1,5,8,3,South,False,WRAP_AROUND_OPEN_PLAN,0.142
20.3,46.3,939.9,2.281,3,2,5,1,East,False,CENTRAL_SPINE_SPLIT,0.159
72.1,73.4,5292.1,1.018,2,4,6,3,East,True,L_SHAPED_COURTYARD,0.195
21.5,55.6,1195.4,2.586,2,2,2,1,South,True,CENTRAL_SPINE_SPLIT,0.157
28.7,49.6,1423.5,1.728,2,3,5,1,East,True,WRAP_AROUND_OPEN_PLAN,0.15
57.3,48.5,2779.0,0.846,2,5,8,1,North,True,L_SHAPED_COURTYARD,0.171
61.1,140.0,8554.0,2.291,2,4,5,2,North,True,CENTRAL_SPINE_SPLIT,0.166
55.3,55.6,3074.7,1.005,1,3,4,2,East,True,L_SHAPED_COURTYARD,0.171
59.0,57.0,3363.0,0.966,2,3,5,2,West,False,WRAP_AROUND_OPEN_PLAN,0.138
39.2,51.9,2034.5,1.324,1,3,4,1,West,True,WRAP_AROUND_OPEN_PLAN,0.127
39.2,65.1,2551.9,1.661,1,4,6,1,South,True,WRAP_AROUND_OPEN_PLAN,0.126
33.5,48.2,1614.7,1.439,1,2,5,1,North,True,WRAP_AROUND_OPEN_PLAN,0.145
61.9,140.0,8666.0,2.262,3,5,9,2,West,False,CENTRAL_SPINE_SPLIT,0.17
56.4,75.6,4263.8,1.34,3,4,4,1,East,False,L_SHAPED_COURTYARD,0.189
54.8,80.5,4411.4,1.469,1,4,6,2,West,True,WRAP_AROUND_OPEN_PLAN,0.168
21.0,22.0,462.0,1.048,1,1,2,0,North,True,COMPACT_LINEAR,0.128
63.9,103.5,6613.6,1.62,2,5,6,2,East,True,VILLA_PERIMETER,0.206
73.2,81.6,5973.1,1.115,2,6,8,2,East,True,COMPACT_LINEAR,0.184
28.5,49.4,1407.9,1.733,1,3,6,1,North,True,WRAP_AROUND_OPEN_PLAN,0.122
38.3,58.3,2232.9,1.522,3,4,7,2,North,False,WRAP_AROUND_OPEN_PLAN,0.134
74.7,78.7,5878.9,1.054,2,4,5,3,South,True,VILLA_PERIMETER,0.205
54.2,42.8,2319.8,0.79,2,4,7,3,North,False,WRAP_AROUND_OPEN_PLAN,0.152
20.8,38.3,796.6,1.841,2,2,3,1,West,True,CENTRAL_SPINE_SPLIT,0.147
20.7,43.7,904.6,2.111,3,3,4,1,North,True,CENTRAL_SPINE_SPLIT,0.164
31.4,38.1,1196.3,1.213,1,2,4,1,East,False,COMPACT_LINEAR,0.112
36.9,27.0,996.3,0.732,2,1,3,1,West,True,COMPACT_LINEAR,0.113
36.4,89.9,3272.4,2.47,1,3,6,1,North,False,CENTRAL_SPINE_SPLIT,0.156
18.7,41.7,779.8,2.23,2,2,1,1,South,True,CENTRAL_SPINE_SPLIT,0.147
58.0,128.1,7429.8,2.209,1,5,9,2,East,True,CENTRAL_SPINE_SPLIT,0.168
37.1,97.6,3621.0,2.631,2,4,8,2,South,True,CENTRAL_SPINE_SPLIT,0.159
27.9,52.6,1467.5,1.885,3,4,4,1,East,True,CENTRAL_SPINE_SPLIT,0.184
44.1,109.5,4828.9,2.483,2,5,6,2,East,True,CENTRAL_SPINE_SPLIT,0.154
40.0,92.3,3692.0,2.308,2,5,7,1,North,True,CENTRAL_SPINE_SPLIT,0.137
28.2,31.7,893.9,1.124,2,1,2,1,West,True,COMPACT_LINEAR,0.103
51.8,137.6,7127.7,2.656,2,6,7,1,South,True,CENTRAL_SPINE_SPLIT,0.168
35.2,88.2,3104.6,2.506,1,3,5,1,West,True,CENTRAL_SPINE_SPLIT,0.127
18.5,31.8,588.3,1.719,2,1,2,0,East,True,COMPACT_LINEAR,0.118
43.3,59.9,2593.7,1.383,2,3,5,2,North,True,WRAP_AROUND_OPEN_PLAN,0.135
36.0,64.0,2304.0,1.778,2,3,4,2,North,True,CENTRAL_SPINE_SPLIT,0.15
68.3,140.0,9562.0,2.05,2,5,6,1,West,True,CENTRAL_SPINE_SPLIT,0.182
69.2,140.0,9688.0,2.023,1,4,3,2,North,False,CENTRAL_SPINE_SPLIT,0.191
45.9,71.2,3268.1,1.551,1,3,5,1,East,True,WRAP_AROUND_OPEN_PLAN,0.137
20.9,39.0,815.1,1.866,1,2,3,1,East,True,CENTRAL_SPINE_SPLIT,0.159
71.2,95.6,6806.7,1.343,2,4,6,3,East,True,L_SHAPED_COURTYARD,0.167
34.2,32.8,1121.8,0.959,1,3,7,1,South,True,WRAP_AROUND_OPEN_PLAN,0.159
40.1,49.6,1989.0,1.237,2,3,5,1,East,True,L_SHAPED_COURTYARD,0.184
74.3,120.4,8945.7,1.62,3,4,6,3,North,True,VILLA_PERIMETER,0.216
33.6,72.8,2446.1,2.167,1,3,8,1,West,True,CENTRAL_SPINE_SPLIT,0.178
35.8,85.2,3050.2,2.38,1,4,6,2,East,False,CENTRAL_SPINE_SPLIT,0.149
66.7,140.0,9338.0,2.099,3,6,9,2,South,False,CENTRAL_SPINE_SPLIT,0.174
27.1,27.0,731.7,0.996,2,2,1,1,East,True,COMPACT_LINEAR,0.11
40.7,112.1,4562.5,2.754,2,5,7,1,South,False,CENTRAL_SPINE_SPLIT,0.182
56.7,140.0,7938.0,2.469,2,6,9,3,West,True,CENTRAL_SPINE_SPLIT,0.161
25.6,38.6,988.2,1.508,3,3,8,1,North,True,WRAP_AROUND_OPEN_PLAN,0.16
40.9,44.8,1832.3,1.095,1,3,5,1,West,True,WRAP_AROUND_OPEN_PLAN,0.144
53.2,124.3,6612.8,2.336,2,5,8,1,North,True,CENTRAL_SPINE_SPLIT,0.155
25.3,22.0,556.6,0.87,2,2,3,0,East,True,COMPACT_LINEAR,0.117
65.0,140.0,9100.0,2.154,3,5,7,2,West,True,CENTRAL_SPINE_SPLIT,0.142
43.7,92.1,4024.8,2.108,2,4,6,3,East,True,CENTRAL_SPINE_SPLIT,0.182
55.9,115.1,6434.1,2.059,2,4,7,2,North,True,CENTRAL_SPINE_SPLIT,0.164
58.7,127.8,7501.9,2.177,3,4,9,1,South,False,CENTRAL_SPINE_SPLIT,0.16
40.3,55.1,2220.5,1.367,1,3,4,2,North,True,WRAP_AROUND_OPEN_PLAN,0.153
24.5,62.6,1533.7,2.555,2,3,5,1,East,True,CENTRAL_SPINE_SPLIT,0.16
34.0,29.1,989.4,0.856,2,3,4,1,North,True,WRAP_AROUND_OPEN_PLAN,0.132
45.5,117.4,5341.7,2.58,2,4,8,3,South,True,CENTRAL_SPINE_SPLIT,0.139
28.8,59.6,1716.5,2.069,1,2,2,1,East,True,CENTRAL_SPINE_SPLIT,0.164
34.6,91.3,3159.0,2.639,2,4,7,2,South,True,CENTRAL_SPINE_SPLIT,0.146
50.8,42.6,2164.1,0.839,2,3,4,1,South,True,WRAP_AROUND_OPEN_PLAN,0.13
40.0,105.8,4232.0,2.645,3,5,8,2,North,True,CENTRAL_SPINE_SPLIT,0.171
72.6,140.0,10164.0,1.928,3,6,10,2,South,True,CENTRAL_SPINE_SPLIT,0.162
56.4,89.5,5047.8,1.587,2,6,9,2,North,True,VILLA_PERIMETER,0.196
71.5,140.0,10010.0,1.958,2,4,7,3,North,False,CENTRAL_SPINE_SPLIT,0.17
59.5,85.0,5057.5,1.429,2,6,8,1,North,True,VILLA_PERIMETER,0.212
47.1,87.0,4097.7,1.847,1,6,10,2,East,True,CENTRAL_SPINE_SPLIT,0.156
29.3,54.2,1588.1,1.85,2,4,5,1,West,True,CENTRAL_SPINE_SPLIT,0.156
43.2,97.6,4216.3,2.259,2,5,8,2,East,False,CENTRAL_SPINE_SPLIT,0.161
21.6,22.0,475.2,1.019,3,1,3,0,East,True,COMPACT_LINEAR,0.113
70.7,64.9,4588.4,0.918,2,5,9,1,West,True,VILLA_PERIMETER,0.184
59.5,127.0,7556.5,2.134,2,6,10,1,North,True,CENTRAL_SPINE_SPLIT,0.147
44.7,93.5,4179.4,2.092,2,5,8,1,East,True,WRAP_AROUND_OPEN_PLAN,0.186
67.3,68.4,4603.3,1.016,1,4,8,1,East,False,L_SHAPED_COURTYARD,0.158
45.8,67.2,3077.8,1.467,2,4,6,2,North,True,VILLA_PERIMETER,0.194
69.4,73.2,5080.1,1.055,2,6,9,3,North,True,L_SHAPED_COURTYARD,0.193
43.5,82.5,3588.8,1.897,2,4,6,2,North,False,CENTRAL_SPINE_SPLIT,0.153
66.8,140.0,9352.0,2.096,3,4,5,3,North,True,CENTRAL_SPINE_SPLIT,0.156
45.1,84.4,3806.4,1.871,1,5,4,1,West,True,CENTRAL_SPINE_SPLIT,0.143
24.3,33.3,809.2,1.37,2,2,3,1,South,True,COMPACT_LINEAR,0.098
72.2,81.9,5913.2,1.134,2,5,9,3,South,True,VILLA_PERIMETER,0.2
41.0,56.0,2296.0,1.366,2,4,5,1,North,True,WRAP_AROUND_OPEN_PLAN,0.149
52.0,107.1,5569.2,2.06,2,4,3,2,South,False,CENTRAL_SPINE_SPLIT,0.155
36.0,80.7,2905.2,2.242,1,4,8,2,West,True,CENTRAL_SPINE_SPLIT,0.158
74.9,128.3,9609.7,1.713,3,6,10,2,East,True,VILLA_PERIMETER,0.191
47.7,61.2,2919.2,1.283,1,4,7,2,North,True,L_SHAPED_COURTYARD,0.173
36.4,88.4,3217.8,2.429,3,4,4,2,North,True,WRAP_AROUND_OPEN_PLAN,0.17
28.9,49.9,1442.1,1.727,2,3,4,1,North,False,WRAP_AROUND_OPEN_PLAN,0.145
66.9,55.0,3679.5,0.822,2,4,6,3,West,False,VILLA_PERIMETER,0.183
18.3,22.0,402.6,1.202,2,1,3,0,West,True,COMPACT_LINEAR,0.096
44.1,65.7,2897.4,1.49,2,4,4,3,North,True,VILLA_PERIMETER,0.231
32.9,78.2,2572.8,2.377,1,4,5,2,East,False,CENTRAL_SPINE_SPLIT,0.161
28.3,67.4,1907.4,2.382,2,3,5,1,South,True,CENTRAL_SPINE_SPLIT,0.175
28.4,56.7,1610.3,1.996,1,3,6,1,South,True,CENTRAL_SPINE_SPLIT,0.151
55.1,79.8,4397.0,1.448,3,6,10,2,East,False,VILLA_PERIMETER,0.172
74.9,107.2,8029.3,1.431,2,6,7,2,West,True,VILLA_PERIMETER,0.214
40.4,112.2,4532.9,2.777,2,5,9,1,East,False,CENTRAL_SPINE_SPLIT,0.146
21.9,61.0,1335.9,2.785,1,3,6,1,East,False,CENTRAL_SPINE_SPLIT,0.151
20.9,53.8,1124.4,2.574,2,2,2,1,West,True,CENTRAL_SPINE_SPLIT,0.165
28.9,75.6,2184.8,2.616,1,3,3,1,North,True,COMPACT_LINEAR,0.149
18.2,40.3,733.5,2.214,2,2,2,1,East,True,CENTRAL_SPINE_SPLIT,0.164
54.7,140.0,7658.0,2.559,2,4,7,2,North,False,CENTRAL_SPINE_SPLIT,0.162
50.6,140.0,7084.0,2.767,2,6,8,2,North,True,CENTRAL_SPINE_SPLIT,0.168
34.0,83.6,2842.4,2.459,2,4,7,1,East,True,CENTRAL_SPINE_SPLIT,0.158
58.7,113.1,6639.0,1.927,3,6,10,2,North,True,CENTRAL_SPINE_SPLIT,0.143
34.3,40.8,1399.4,1.19,2,3,3,1,North,True,WRAP_AROUND_OPEN_PLAN,0.139
55.2,65.6,3621.1,1.188,3,4,6,2,North,True,L_SHAPED_COURTYARD,0.164
19.2,22.0,422.4,1.146,1,1,1,0,North,False,COMPACT_LINEAR,0.107
43.4,38.7,1679.6,0.892,1,3,5,1,West,True,VILLA_PERIMETER,0.133
59.3,97.0,5752.1,1.636,2,4,6,2,South,True,VILLA_PERIMETER,0.185
35.8,58.0,2076.4,1.62,2,3,3,1,South,False,L_SHAPED_COURTYARD,0.14
70.4,140.0,9856.0,1.989,2,5,9,3,East,True,CENTRAL_SPINE_SPLIT,0.141
55.2,99.7,5503.4,1.806,3,4,5,2,South,True,CENTRAL_SPINE_SPLIT,0.141
23.4,25.8,603.7,1.103,1,1,3,0,West,True,COMPACT_LINEAR,0.09
38.4,87.5,3360.0,2.279,2,4,5,2,South,False,CENTRAL_SPINE_SPLIT,0.149
22.2,43.0,954.6,1.937,2,3,3,1,East,False,CENTRAL_SPINE_SPLIT,0.168
24.0,34.8,835.2,1.45,1,2,4,1,North,False,COMPACT_LINEAR,0.133
74.5,140.0,10430.0,1.879,1,5,8,1,South,True,CENTRAL_SPINE_SPLIT,0.161
66.7,140.0,9338.0,2.099,2,5,7,1,South,False,CENTRAL_SPINE_SPLIT,0.153
34.4,74.5,2562.8,2.166,2,4,5,3,East,False,CENTRAL_SPINE_SPLIT,0.178
27.6,42.2,1164.7,1.529,3,2,5,1,South,True,COMPACT_LINEAR,0.105
63.5,71.5,4540.2,1.126,2,4,5,1,West,True,VILLA_PERIMETER,0.203
22.1,57.0,1259.7,2.579,2,2,3,1,South,True,CENTRAL_SPINE_SPLIT,0.16
40.7,82.7,3365.9,2.032,3,5,4,1,North,True,CENTRAL_SPINE_SPLIT,0.163
39.7,28.1,1115.6,0.708,1,2,3,1,East,True,COMPACT_LINEAR,0.102
63.8,59.7,3808.9,0.936,1,4,8,1,East,True,L_SHAPED_COURTYARD,0.184
58.9,122.6,7221.1,2.081,3,5,8,2,South,True,CENTRAL_SPINE_SPLIT,0.165
33.6,88.9,2987.0,2.646,3,4,8,2,East,True,CENTRAL_SPINE_SPLIT,0.158
68.2,63.9,4358.0,0.937,1,5,7,2,North,True,L_SHAPED_COURTYARD,0.187
27.5,57.5,1581.2,2.091,1,3,8,1,East,True,CENTRAL_SPINE_SPLIT,0.175
40.9,31.8,1300.6,0.778,2,3,4,1,North,False,WRAP_AROUND_OPEN_PLAN,0.133
38.6,66.1,2551.5,1.712,2,4,6,3,South,True,VILLA_PERIMETER,0.221
44.3,118.1,5231.8,2.666,2,4,7,2,West,True,CENTRAL_SPINE_SPLIT,0.186
67.3,47.6,3203.5,0.707,2,4,9,1,North,True,VILLA_PERIMETER,0.19
62.7,79.3,4972.1,1.265,2,5,10,1,South,True,VILLA_PERIMETER,0.217
57.8,49.3,2849.5,0.853,2,5,8,1,North,False,L_SHAPED_COURTYARD,0.179
47.3,36.5,1726.4,0.772,1,3,5,1,East,True,WRAP_AROUND_OPEN_PLAN,0.146
48.7,121.7,5926.8,2.499,2,4,5,2,North,True,CENTRAL_SPINE_SPLIT,0.161
45.1,88.4,3986.8,1.96,1,5,6,2,East,True,CENTRAL_SPINE_SPLIT,0.154
26.3,64.6,1699.0,2.456,1,3,5,1,East,True,CENTRAL_SPINE_SPLIT,0.15
26.7,74.0,1975.8,2.772,1,3,5,1,North,False,CENTRAL_SPINE_SPLIT,0.168
57.8,140.0,8092.0,2.422,2,5,7,1,East,True,CENTRAL_SPINE_SPLIT,0.18
69.9,99.9,6983.0,1.429,2,4,7,2,North,True,VILLA_PERIMETER,0.201
40.4,89.5,3615.8,2.215,2,4,5,3,South,True,CENTRAL_SPINE_SPLIT,0.15
57.4,66.8,3834.3,1.164,3,5,6,2,East,False,L_SHAPED_COURTYARD,0.19
57.9,43.9,2541.8,0.758,3,4,6,2,East,True,VILLA_PERIMETER,0.189
69.3,140.0,9702.0,2.02,2,5,7,1,South,True,CENTRAL_SPINE_SPLIT,0.165
25.5,61.4,1565.7,2.408,2,4,5,1,North,False,CENTRAL_SPINE_SPLIT,0.167
32.0,68.7,2198.4,2.147,2,4,6,1,East,True,CENTRAL_SPINE_SPLIT,0.134
44.4,87.4,3880.6,1.968,2,4,6,2,South,True,CENTRAL_SPINE_SPLIT,0.139
40.8,40.4,1648.3,0.99,1,2,3,1,South,False,WRAP_AROUND_OPEN_PLAN,0.148
28.4,78.0,2215.2,2.746,1,3,5,1,East,True,CENTRAL_SPINE_SPLIT,0.173
56.9,82.1,4671.5,1.443,3,5,7,1,North,True,VILLA_PERIMETER,0.215
41.7,40.8,1701.4,0.978,1,3,7,1,South,True,WRAP_AROUND_OPEN_PLAN,0.156
42.4,40.8,1729.9,0.962,1,3,7,1,South,True,L_SHAPED_COURTYARD,0.123
32.1,38.9,1248.7,1.212,1,3,5,1,East,True,VILLA_PERIMETER,0.138
53.3,106.7,5687.1,2.002,2,4,8,1,North,False,CENTRAL_SPINE_SPLIT,0.134
39.0,30.5,1189.5,0.782,2,2,4,1,North,True,COMPACT_LINEAR,0.106
32.4,82.4,2669.8,2.543,2,4,5,1,South,True,CENTRAL_SPINE_SPLIT,0.163
46.0,106.8,4912.8,2.322,1,6,7,1,East,False,CENTRAL_SPINE_SPLIT,0.146
48.7,40.2,1957.7,0.825,2,3,3,1,East,True,L_SHAPED_COURTYARD,0.186
45.8,68.7,3146.5,1.5,3,4,8,3,South,False,VILLA_PERIMETER,0.201
27.1,56.4,1528.4,2.081,3,4,7,1,North,False,CENTRAL_SPINE_SPLIT,0.186
60.4,109.8,6631.9,1.818,2,5,8,3,North,True,CENTRAL_SPINE_SPLIT,0.166
60.5,140.0,8470.0,2.314,1,4,6,3,North,True,CENTRAL_SPINE_SPLIT,0.16
47.8,71.6,3422.5,1.498,1,3,5,3,East,False,WRAP_AROUND_OPEN_PLAN,0.123
45.9,99.3,4557.9,2.163,2,4,6,2,East,True,CENTRAL_SPINE_SPLIT,0.177
44.2,50.4,2227.7,1.14,2,4,7,2,East,True,L_SHAPED_COURTYARD,0.199
24.2,62.4,1510.1,2.579,2,2,5,1,West,True,CENTRAL_SPINE_SPLIT,0.144
61.6,140.0,8624.0,2.273,2,5,8,2,South,False,CENTRAL_SPINE_SPLIT,0.166
19.4,28.4,551.0,1.464,1,1,2,0,East,True,COMPACT_LINEAR,0.109
23.3,22.0,512.6,0.944,2,1,2,0,North,True,COMPACT_LINEAR,0.112
22.0,41.1,904.2,1.868,2,2,4,1,West,True,CENTRAL_SPINE_SPLIT,0.174
34.0,66.3,2254.2,1.95,1,3,2,2,West,True,CENTRAL_SPINE_SPLIT,0.158
27.6,57.8,1595.3,2.094,2,3,6,1,East,True,CENTRAL_SPINE_SPLIT,0.171
55.4,93.1,5157.7,1.681,2,5,7,2,West,False,WRAP_AROUND_OPEN_PLAN,0.202
39.5,69.7,2753.2,1.765,3,4,7,2,East,False,CENTRAL_SPINE_SPLIT,0.157
21.2,24.0,508.8,1.132,2,1,3,0,North,True,COMPACT_LINEAR,0.112
69.0,140.0,9660.0,2.029,1,5,8,2,West,False,CENTRAL_SPINE_SPLIT,0.172
50.2,66.5,3338.3,1.325,2,4,6,1,North,True,L_SHAPED_COURTYARD,0.178
52.7,79.8,4205.5,1.514,3,5,8,2,East,True,VILLA_PERIMETER,0.2
66.5,140.0,9310.0,2.105,2,6,7,2,North,False,CENTRAL_SPINE_SPLIT,0.186
43.6,56.2,2450.3,1.289,2,3,6,2,East,True,VILLA_PERIMETER,0.177
74.4,140.0,10416.0,1.882,2,6,7,2,East,False,CENTRAL_SPINE_SPLIT,0.162
24.9,46.7,1162.8,1.876,2,2,3,1,South,True,CENTRAL_SPINE_SPLIT,0.151
31.9,82.0,2615.8,2.571,1,3,4,2,West,True,CENTRAL_SPINE_SPLIT,0.163
50.8,54.7,2778.8,1.077,2,4,7,2,West,True,VILLA_PERIMETER,0.199
65.1,85.4,5559.5,1.312,2,4,7,3,West,True,VILLA_PERIMETER,0.204
62.7,140.0,8778.0,2.233,1,4,6,2,South,True,CENTRAL_SPINE_SPLIT,0.17
38.6,83.2,3211.5,2.155,1,3,6,2,East,True,CENTRAL_SPINE_SPLIT,0.15
52.4,82.2,4307.3,1.569,2,4,6,2,West,True,VILLA_PERIMETER,0.212
22.7,40.8,926.2,1.797,2,3,6,1,East,True,CENTRAL_SPINE_SPLIT,0.163
54.1,129.2,6989.7,2.388,2,6,8,3,East,False,CENTRAL_SPINE_SPLIT,0.165
69.5,62.8,4364.6,0.904,2,4,5,2,South,True,VILLA_PERIMETER,0.213
68.3,79.8,5450.3,1.168,2,4,8,3,East,True,L_SHAPED_COURTYARD,0.177
55.1,75.8,4176.6,1.376,2,4,6,1,West,True,VILLA_PERIMETER,0.207
43.5,109.4,4758.9,2.515,1,5,8,3,North,True,CENTRAL_SPINE_SPLIT,0.139
68.7,140.0,9618.0,2.038,1,4,4,3,South,True,CENTRAL_SPINE_SPLIT,0.15
18.8,29.6,556.5,1.574,2,1,2,0,North,False,COMPACT_LINEAR,0.121
33.4,30.2,1008.7,0.904,2,2,3,1,East,False,COMPACT_LINEAR,0.106
67.7,103.4,7000.2,1.527,1,4,5,3,North,True,WRAP_AROUND_OPEN_PLAN,0.122
45.5,82.4,3749.2,1.811,1,5,8,2,West,True,COMPACT_LINEAR,0.189
38.2,78.0,2979.6,2.042,1,4,6,1,North,False,CENTRAL_SPINE_SPLIT,0.175
69.8,109.0,7608.2,1.562,2,4,7,2,South,True,VILLA_PERIMETER,0.195
26.6,32.4,861.8,1.218,2,2,4,1,East,False,COMPACT_LINEAR,0.09
41.1,93.4,3838.7,2.273,2,6,8,3,North,True,CENTRAL_SPINE_SPLIT,0.158
66.2,102.9,6812.0,1.554,3,5,10,2,West,True,VILLA_PERIMETER,0.186
30.5,41.2,1256.6,1.351,1,1,2,1,North,True,WRAP_AROUND_OPEN_PLAN,0.15
27.3,39.0,1064.7,1.429,1,2,4,1,East,True,COMPACT_LINEAR,0.14
54.7,69.4,3796.2,1.269,1,3,5,2,North,False,L_SHAPED_COURTYARD,0.197
51.1,92.1,4706.3,1.802,2,6,8,2,North,True,CENTRAL_SPINE_SPLIT,0.158
51.0,131.2,6691.2,2.573,3,5,9,2,North,True,CENTRAL_SPINE_SPLIT,0.15
26.6,46.8,1244.9,1.759,1,2,4,1,North,True,CENTRAL_SPINE_SPLIT,0.162
55.1,116.5,6419.2,2.114,2,4,6,3,South,True,CENTRAL_SPINE_SPLIT,0.133
49.1,129.7,6368.3,2.642,1,5,10,1,South,True,CENTRAL_SPINE_SPLIT,0.178
32.8,63.0,2066.4,1.921,1,3,4,1,South,False,CENTRAL_SPINE_SPLIT,0.149
49.5,132.5,6558.8,2.677,3,6,9,3,East,True,L_SHAPED_COURTYARD,0.151
53.0,127.7,6768.1,2.409,2,4,7,2,South,False,VILLA_PERIMETER,0.179
36.5,65.7,2398.1,1.8,1,2,4,2,North,True,COMPACT_LINEAR,0.163
53.8,37.7,2028.3,0.701,2,3,6,1,West,True,WRAP_AROUND_OPEN_PLAN,0.14
74.8,99.3,7427.6,1.328,1,4,7,1,West,True,WRAP_AROUND_OPEN_PLAN,0.145
20.7,36.4,753.5,1.758,2,2,5,1,South,False,CENTRAL_SPINE_SPLIT,0.166
33.4,26.4,881.8,0.79,2,2,4,1,South,True,WRAP_AROUND_OPEN_PLAN,0.123
74.3,140.0,10402.0,1.884,1,4,6,1,East,True,CENTRAL_SPINE_SPLIT,0.143
44.9,115.2,5172.5,2.566,2,5,6,2,North,True,CENTRAL_SPINE_SPLIT,0.166
56.4,69.7,3931.1,1.236,2,5,7,2,North,True,L_SHAPED_COURTYARD,0.168
34.7,57.1,1981.4,1.646,1,3,7,1,North,False,WRAP_AROUND_OPEN_PLAN,0.135
58.8,140.0,8232.0,2.381,2,4,8,3,North,True,CENTRAL_SPINE_SPLIT,0.18
68.8,140.0,9632.0,2.035,2,5,9,1,East,True,CENTRAL_SPINE_SPLIT,0.177
19.7,45.4,894.4,2.305,2,2,4,1,East,True,CENTRAL_SPINE_SPLIT,0.18
44.7,95.1,4251.0,2.128,2,5,8,3,South,False,CENTRAL_SPINE_SPLIT,0.178
27.8,67.9,1887.6,2.442,3,3,4,1,South,True,CENTRAL_SPINE_SPLIT,0.163
59.6,87.9,5238.8,1.475,2,5,7,2,North,True,CENTRAL_SPINE_SPLIT,0.194
34.5,39.1,1349.0,1.133,2,3,5,1,East,True,WRAP_AROUND_OPEN_PLAN,0.125
46.6,51.8,2413.9,1.112,3,4,5,3,South,True,WRAP_AROUND_OPEN_PLAN,0.154
57.4,140.0,8036.0,2.439,2,4,7,1,East,True,CENTRAL_SPINE_SPLIT,0.162
46.8,69.8,3266.6,1.491,3,4,6,1,North,False,VILLA_PERIMETER,0.177
63.2,101.2,6395.8,1.601,1,6,9,1,West,False,WRAP_AROUND_OPEN_PLAN,0.155
32.2,47.7,1535.9,1.481,1,3,4,1,West,True,WRAP_AROUND_OPEN_PLAN,0.133
45.2,102.7,4642.0,2.272,2,5,9,2,East,True,CENTRAL_SPINE_SPLIT,0.151
39.0,44.1,1719.9,1.131,1,3,5,1,South,True,WRAP_AROUND_OPEN_PLAN,0.139
28.2,41.3,1164.7,1.465,2,2,4,1,West,True,COMPACT_LINEAR,0.095
22.3,36.6,816.2,1.641,2,1,1,1,North,True,COMPACT_LINEAR,0.098
51.3,43.1,2211.0,0.84,1,3,6,2,North,True,L_SHAPED_COURTYARD,0.182
47.5,116.2,5519.5,2.446,2,5,6,2,South,True,CENTRAL_SPINE_SPLIT,0.181
23.7,55.8,1322.5,2.354,3,3,4,1,North,False,CENTRAL_SPINE_SPLIT,0.158
69.7,90.0,6273.0,1.291,2,6,8,2,North,True,L_SHAPED_COURTYARD,0.185
60.2,45.3,2727.1,0.752,1,5,7,2,North,False,WRAP_AROUND_OPEN_PLAN,0.138
72.1,94.4,6806.2,1.309,2,5,7,3,North,True,L_SHAPED_COURTYARD,0.194
23.8,36.0,856.8,1.513,3,3,6,1,South,True,VILLA_PERIMETER,0.107
56.0,118.0,6608.0,2.107,1,6,9,2,North,True,CENTRAL_SPINE_SPLIT,0.174
32.5,57.2,1859.0,1.76,2,4,7,1,South,False,CENTRAL_SPINE_SPLIT,0.188
32.5,38.5,1251.2,1.185,2,2,5,1,North,True,WRAP_AROUND_OPEN_PLAN,0.155
67.2,87.3,5866.6,1.299,2,4,8,3,South,True,VILLA_PERIMETER,0.187
20.2,54.6,1102.9,2.703,3,2,1,1,North,False,CENTRAL_SPINE_SPLIT,0.152
55.7,58.0,3230.6,1.041,2,4,7,1,North,True,L_SHAPED_COURTYARD,0.178
53.4,72.7,3882.2,1.361,1,4,6,1,North,False,WRAP_AROUND_OPEN_PLAN,0.125
59.6,46.2,2753.5,0.775,2,4,6,3,West,True,VILLA_PERIMETER,0.198
72.6,63.5,4610.1,0.875,3,5,7,1,North,False,L_SHAPED_COURTYARD,0.185
52.6,121.5,6390.9,2.31,2,5,8,2,North,True,CENTRAL_SPINE_SPLIT,0.171
34.8,83.0,2888.4,2.385,3,4,7,1,West,True,CENTRAL_SPINE_SPLIT,0.148
63.1,91.2,5754.7,1.445,3,6,8,3,West,True,VILLA_PERIMETER,0.188
49.3,44.1,2174.1,0.895,1,3,7,1,East,True,L_SHAPED_COURTYARD,0.186
56.7,140.0,7938.0,2.469,3,5,7,2,West,True,CENTRAL_SPINE_SPLIT,0.173
63.4,125.5,7956.7,1.979,2,4,7,2,North,True,CENTRAL_SPINE_SPLIT,0.154
19.2,45.3,869.8,2.359,3,2,4,1,North,True,CENTRAL_SPINE_SPLIT,0.173
37.3,92.5,3450.2,2.48,3,4,6,2,South,True,CENTRAL_SPINE_SPLIT,0.164
22.8,43.4,989.5,1.904,3,2,2,1,East,True,CENTRAL_SPINE_SPLIT,0.161
19.8,35.2,697.0,1.778,2,1,2,0,North,True,CENTRAL_SPINE_SPLIT,0.164
69.0,53.1,3663.9,0.77,2,5,8,2,West,True,VILLA_PERIMETER,0.201
53.1,73.0,3876.3,1.375,2,5,7,2,West,True,VILLA_PERIMETER,0.188
23.9,62.1,1484.2,2.598,2,3,4,1,South,False,CENTRAL_SPINE_SPLIT,0.17
56.9,140.0,7966.0,2.46,3,4,6,1,North,True,CENTRAL_SPINE_SPLIT,0.161
66.4,134.7,8944.1,2.029,1,4,7,3,East,False,CENTRAL_SPINE_SPLIT,0.171
53.9,86.1,4640.8,1.597,2,6,8,1,South,True,VILLA_PERIMETER,0.198
48.1,50.8,2443.5,1.056,2,5,6,2,South,False,WRAP_AROUND_OPEN_PLAN,0.143
30.7,61.2,1878.8,1.993,3,3,5,1,East,False,CENTRAL_SPINE_SPLIT,0.167
57.9,140.0,8106.0,2.418,2,5,8,2,North,True,CENTRAL_SPINE_SPLIT,0.171
46.8,77.5,3627.0,1.656,2,5,7,3,East,True,VILLA_PERIMETER,0.213
49.3,100.2,4939.9,2.032,3,5,7,2,North,True,CENTRAL_SPINE_SPLIT,0.169
18.2,40.3,733.5,2.214,2,2,4,1,West,True,CENTRAL_SPINE_SPLIT,0.166
35.4,41.3,1462.0,1.167,1,3,4,1,East,True,WRAP_AROUND_OPEN_PLAN,0.134
26.5,41.1,1089.2,1.551,2,1,2,1,East,True,COMPACT_LINEAR,0.108
39.7,36.0,1429.2,0.907,2,3,7,1,East,False,WRAP_AROUND_OPEN_PLAN,0.137
53.5,46.5,2487.8,0.869,2,4,4,1,South,False,WRAP_AROUND_OPEN_PLAN,0.155
73.4,72.4,5314.2,0.986,2,5,6,2,East,True,L_SHAPED_COURTYARD,0.181
61.9,129.6,8022.2,2.094,2,4,6,2,North,True,CENTRAL_SPINE_SPLIT,0.15
18.6,43.5,809.1,2.339,3,2,4,1,South,True,CENTRAL_SPINE_SPLIT,0.145
62.6,46.9,2935.9,0.749,3,5,8,2,East,True,VILLA_PERIMETER,0.209
28.1,36.9,1036.9,1.313,1,2,3,1,West,True,COMPACT_LINEAR,0.09
32.1,50.0,1605.0,1.558,2,3,5,1,South,True,WRAP_AROUND_OPEN_PLAN,0.135
63.2,87.3,5517.4,1.381,2,5,8,2,South,False,VILLA_PERIMETER,0.189
68.3,128.3,8762.9,1.878,3,5,8,2,South,True,CENTRAL_SPINE_SPLIT,0.175
23.1,56.4,1302.8,2.442,1,2,4,1,East,False,CENTRAL_SPINE_SPLIT,0.14
47.0,104.5,4911.5,2.223,2,5,7,2,North,True,CENTRAL_SPINE_SPLIT,0.17
33.4,78.5,2621.9,2.35,2,4,5,3,North,False,CENTRAL_SPINE_SPLIT,0.165
32.0,23.6,755.2,0.738,2,2,2,1,East,True,COMPACT_LINEAR,0.118
43.0,81.4,3500.2,1.893,2,4,6,2,South,True,CENTRAL_SPINE_SPLIT,0.144
64.7,130.8,8462.8,2.022,1,5,7,2,North,True,VILLA_PERIMETER,0.18
74.6,140.0,10444.0,1.877,2,4,5,3,South,True,CENTRAL_SPINE_SPLIT,0.171
31.8,70.4,2238.7,2.214,1,3,2,2,East,True,CENTRAL_SPINE_SPLIT,0.16
31.4,71.7,2251.4,2.283,3,4,6,3,South,True,CENTRAL_SPINE_SPLIT,0.176
73.9,140.0,10346.0,1.894,1,5,8,2,North,True,CENTRAL_SPINE_SPLIT,0.169
44.9,54.4,2442.6,1.212,1,4,6,2,South,True,WRAP_AROUND_OPEN_PLAN,0.15
28.2,37.2,1049.0,1.319,1,3,5,1,West,True,WRAP_AROUND_OPEN_PLAN,0.138
32.5,77.8,2528.5,2.394,2,4,6,2,East,True,CENTRAL_SPINE_SPLIT,0.167
36.2,84.7,3066.1,2.34,2,4,5,1,South,True,CENTRAL_SPINE_SPLIT,0.158
48.9,130.4,6376.6,2.667,3,4,7,2,South,True,CENTRAL_SPINE_SPLIT,0.144
58.6,87.5,5127.5,1.493,2,6,8,3,South,True,VILLA_PERIMETER,0.192
35.7,69.2,2470.4,1.938,2,4,7,2,North,False,CENTRAL_SPINE_SPLIT,0.164
42.4,101.7,4312.1,2.399,2,4,8,2,East,True,CENTRAL_SPINE_SPLIT,0.154
68.2,140.0,9548.0,2.053,1,6,10,2,South,True,CENTRAL_SPINE_SPLIT,0.181
69.4,140.0,9716.0,2.017,2,4,4,2,North,True,CENTRAL_SPINE_SPLIT,0.18
57.9,46.4,2686.6,0.801,2,4,5,2,West,False,VILLA_PERIMETER,0.207
58.6,70.0,4102.0,1.195,2,5,7,2,West,True,VILLA_PERIMETER,0.169
52.3,51.0,2667.3,0.975,1,4,9,1,North,True,L_SHAPED_COURTYARD,0.178
56.5,102.3,5779.9,1.811,2,4,8,2,West,False,CENTRAL_SPINE_SPLIT,0.19
26.6,67.7,1800.8,2.545,2,2,4,1,West,True,CENTRAL_SPINE_SPLIT,0.163
25.1,22.0,552.2,0.876,1,1,1,0,East,False,COMPACT_LINEAR,0.115
53.1,133.9,7110.1,2.522,3,4,7,2,East,False,COMPACT_LINEAR,0.155
24.6,60.5,1488.3,2.459,1,3,4,1,South,True,CENTRAL_SPINE_SPLIT,0.164
22.3,37.9,845.2,1.7,2,2,3,1,East,True,COMPACT_LINEAR,0.105
39.1,62.1,2428.1,1.588,3,4,7,3,South,True,WRAP_AROUND_OPEN_PLAN,0.142
49.7,101.0,5019.7,2.032,2,6,5,2,South,True,L_SHAPED_COURTYARD,0.157
20.8,52.0,1081.6,2.5,2,2,3,1,South,True,COMPACT_LINEAR,0.152
59.0,84.4,4979.6,1.431,2,6,9,3,North,True,VILLA_PERIMETER,0.182
70.4,61.3,4315.5,0.871,2,6,9,3,East,True,L_SHAPED_COURTYARD,0.179
48.2,85.8,4135.6,1.78,1,5,9,1,East,True,CENTRAL_SPINE_SPLIT,0.172
22.9,46.2,1058.0,2.017,2,2,4,1,North,True,CENTRAL_SPINE_SPLIT,0.172
26.9,67.0,1802.3,2.491,2,3,4,1,West,True,CENTRAL_SPINE_SPLIT,0.148
52.2,50.2,2620.4,0.962,2,4,7,1,South,False,VILLA_PERIMETER,0.205
73.4,140.0,10276.0,1.907,3,4,7,2,North,True,CENTRAL_SPINE_SPLIT,0.165
36.6,44.3,1621.4,1.21,3,3,4,1,East,True,L_SHAPED_COURTYARD,0.173
27.4,27.5,753.5,1.004,2,2,7,1,North,True,COMPACT_LINEAR,0.104
42.7,90.8,3877.2,2.126,2,5,7,1,East,False,CENTRAL_SPINE_SPLIT,0.14
20.6,57.1,1176.3,2.772,1,2,5,1,North,True,CENTRAL_SPINE_SPLIT,0.151
24.7,34.4,849.7,1.393,2,2,5,1,North,True,COMPACT_LINEAR,0.116
35.7,26.5,946.1,0.742,2,2,4,1,East,True,COMPACT_LINEAR,0.121
73.4,140.0,10276.0,1.907,1,6,10,1,East,True,VILLA_PERIMETER,0.151
65.0,140.0,9100.0,2.154,1,6,9,3,North,False,CENTRAL_SPINE_SPLIT,0.142
28.0,29.4,823.2,1.05,3,2,4,1,North,True,COMPACT_LINEAR,0.091
46.0,95.5,4393.0,2.076,1,5,8,3,West,False,CENTRAL_SPINE_SPLIT,0.149
41.3,57.6,2378.9,1.395,1,2,5,1,South,True,WRAP_AROUND_OPEN_PLAN,0.146
33.6,79.7,2677.9,2.372,3,3,5,2,East,True,WRAP_AROUND_OPEN_PLAN,0.166
31.3,25.4,795.0,0.812,2,2,4,1,North,False,COMPACT_LINEAR,0.115
74.5,91.7,6831.7,1.231,2,5,9,2,West,True,VILLA_PERIMETER,0.195
23.1,64.5,1490.0,2.792,2,3,6,1,West,True,CENTRAL_SPINE_SPLIT,0.133
26.7,63.1,1684.8,2.363,1,2,4,1,South,True,CENTRAL_SPINE_SPLIT,0.137
72.3,93.0,6723.9,1.286,2,5,7,2,South,True,VILLA_PERIMETER,0.19
45.4,94.2,4276.7,2.075,2,4,7,2,East,True,CENTRAL_SPINE_SPLIT,0.136
71.7,140.0,10038.0,1.953,2,4,3,1,South,False,L_SHAPED_COURTYARD,0.164
37.2,57.1,2124.1,1.535,3,4,6,1,North,True,WRAP_AROUND_OPEN_PLAN,0.144
57.5,91.7,5272.8,1.595,3,5,8,1,North,True,VILLA_PERIMETER,0.206
21.5,37.1,797.6,1.726,3,1,3,1,North,True,COMPACT_LINEAR,0.09
61.7,135.2,8341.8,2.191,1,5,6,1,East,False,CENTRAL_SPINE_SPLIT,0.167
63.9,140.0,8946.0,2.191,3,4,8,2,East,True,CENTRAL_SPINE_SPLIT,0.165
70.7,66.6,4708.6,0.942,1,4,5,1,South,True,WRAP_AROUND_OPEN_PLAN,0.131
32.9,88.9,2924.8,2.702,1,3,4,2,North,True,CENTRAL_SPINE_SPLIT,0.177
28.3,22.5,636.8,0.795,2,1,2,0,North,True,VILLA_PERIMETER,0.097
58.4,44.9,2622.2,0.769,3,4,6,2,East,False,VILLA_PERIMETER,0.196
57.4,139.2,7990.1,2.425,2,5,10,3,North,True,CENTRAL_SPINE_SPLIT,0.157
51.0,54.9,2799.9,1.076,3,4,7,1,West,True,VILLA_PERIMETER,0.209
36.8,30.6,1126.1,0.832,1,2,4,1,South,False,COMPACT_LINEAR,0.114
58.5,103.3,6043.1,1.766,2,5,8,3,South,True,CENTRAL_SPINE_SPLIT,0.153
55.7,103.0,5737.1,1.849,2,6,10,1,North,False,CENTRAL_SPINE_SPLIT,0.165
64.2,140.0,8988.0,2.181,1,5,8,2,South,True,CENTRAL_SPINE_SPLIT,0.164
68.8,140.0,9632.0,2.035,2,6,8,2,East,False,CENTRAL_SPINE_SPLIT,0.168
71.5,140.0,10010.0,1.958,1,6,9,2,North,True,CENTRAL_SPINE_SPLIT,0.173
44.7,95.3,4259.9,2.132,3,6,6,1,South,True,CENTRAL_SPINE_SPLIT,0.149
50.7,49.1,2489.4,0.968,2,4,6,3,North,True,L_SHAPED_COURTYARD,0.18
51.1,50.6,2585.7,0.99,1,3,4,2,South,True,WRAP_AROUND_OPEN_PLAN,0.143
22.9,22.0,503.8,0.961,2,1,2,0,West,True,COMPACT_LINEAR,0.1
67.7,140.0,9478.0,2.068,2,5,6,2,West,True,CENTRAL_SPINE_SPLIT,0.154
46.2,74.2,3428.0,1.606,2,4,8,3,West,True,VILLA_PERIMETER,0.191
37.5,50.6,1897.5,1.349,1,3,5,1,East,True,L_SHAPED_COURTYARD,0.174
55.6,124.6,6927.8,2.241,2,6,8,2,East,True,CENTRAL_SPINE_SPLIT,0.149
62.5,131.8,8237.5,2.109,3,5,8,2,West,True,CENTRAL_SPINE_SPLIT,0.173
34.7,74.8,2595.6,2.156,1,5,7,2,East,True,CENTRAL_SPINE_SPLIT,0.165
24.1,22.0,530.2,0.913,2,1,2,0,West,True,COMPACT_LINEAR,0.116
30.8,37.1,1142.7,1.205,2,2,5,1,East,True,COMPACT_LINEAR,0.119
53.5,140.0,7490.0,2.617,1,6,10,2,East,False,CENTRAL_SPINE_SPLIT,0.138
28.5,23.2,661.2,0.814,2,1,4,0,North,True,COMPACT_LINEAR,0.091
39.0,82.3,3209.7,2.11,3,5,7,2,East,False,CENTRAL_SPINE_SPLIT,0.144
29.0,56.2,1629.8,1.938,1,3,5,1,North,True,CENTRAL_SPINE_SPLIT,0.153
35.9,69.8,2505.8,1.944,1,4,6,2,North,True,CENTRAL_SPINE_SPLIT,0.153
30.1,32.0,963.2,1.063,2,1,4,1,North,True,COMPACT_LINEAR,0.108
61.7,82.8,5108.8,1.342,2,5,9,2,South,True,VILLA_PERIMETER,0.203
26.9,42.2,1135.2,1.569,2,2,5,1,North,True,L_SHAPED_COURTYARD,0.125
72.3,90.7,6557.6,1.254,2,4,6,1,West,False,VILLA_PERIMETER,0.214
70.5,116.1,8185.0,1.647,2,4,7,1,West,True,VILLA_PERIMETER,0.212
54.3,59.4,3225.4,1.094,2,3,7,2,East,True,L_SHAPED_COURTYARD,0.169
38.7,96.9,3750.0,2.504,2,4,5,1,East,False,CENTRAL_SPINE_SPLIT,0.166
32.6,43.8,1427.9,1.344,1,3,5,1,East,True,WRAP_AROUND_OPEN_PLAN,0.132
42.6,64.6,2752.0,1.516,2,5,7,2,East,True,VILLA_PERIMETER,0.185
61.8,108.8,6723.8,1.761,2,6,8,3,East,False,CENTRAL_SPINE_SPLIT,0.149
53.8,54.0,2905.2,1.004,1,4,4,1,North,True,L_SHAPED_COURTYARD,0.196
36.2,50.7,1835.3,1.401,2,4,7,1,West,True,WRAP_AROUND_OPEN_PLAN,0.157
65.4,126.7,8286.2,1.937,2,5,8,2,East,True,VILLA_PERIMETER,0.167
46.5,63.0,2929.5,1.355,2,5,7,1,North,True,VILLA_PERIMETER,0.203
50.4,74.9,3775.0,1.486,1,4,9,2,South,True,WRAP_AROUND_OPEN_PLAN,0.15
51.8,45.4,2351.7,0.876,2,4,7,2,East,False,L_SHAPED_COURTYARD,0.171
69.6,140.0,9744.0,2.011,1,5,6,2,North,True,CENTRAL_SPINE_SPLIT,0.175
23.7,34.7,822.4,1.464,2,1,2,1,East,True,COMPACT_LINEAR,0.119
70.2,96.9,6802.4,1.38,2,6,10,1,North,True,VILLA_PERIMETER,0.196
60.8,52.7,3204.2,0.867,2,5,7,2,West,True,VILLA_PERIMETER,0.204
33.1,45.1,1492.8,1.363,3,4,5,1,East,False,WRAP_AROUND_OPEN_PLAN,0.135
54.2,124.8,6764.2,2.303,3,4,8,2,South,True,CENTRAL_SPINE_SPLIT,0.143
55.6,131.6,7317.0,2.367,3,4,5,1,East,False,CENTRAL_SPINE_SPLIT,0.155
33.0,37.2,1227.6,1.127,1,2,6,1,West,True,WRAP_AROUND_OPEN_PLAN,0.128
64.6,140.0,9044.0,2.167,2,6,9,1,East,True,CENTRAL_SPINE_SPLIT,0.159
63.6,109.8,6983.3,1.726,2,6,8,2,East,True,VILLA_PERIMETER,0.187
66.2,140.0,9268.0,2.115,3,5,7,3,North,False,CENTRAL_SPINE_SPLIT,0.147
74.2,95.8,7108.4,1.291,3,4,7,2,North,False,L_SHAPED_COURTYARD,0.161
20.7,22.0,455.4,1.063,2,1,2,0,South,False,COMPACT_LINEAR,0.113
33.1,89.7,2969.1,2.71,3,4,7,2,South,False,CENTRAL_SPINE_SPLIT,0.171
38.5,59.3,2283.0,1.54,2,4,7,2,North,True,WRAP_AROUND_OPEN_PLAN,0.151
51.5,104.2,5366.3,2.023,2,5,7,2,North,True,CENTRAL_SPINE_SPLIT,0.17
39.7,57.4,2278.8,1.446,1,2,4,2,North,True,WRAP_AROUND_OPEN_PLAN,0.16
33.9,34.0,1152.6,1.003,2,2,3,1,South,True,CENTRAL_SPINE_SPLIT,0.128
48.2,127.2,6131.0,2.639,2,4,8,2,South,False,CENTRAL_SPINE_SPLIT,0.154
30.5,60.3,1839.1,1.977,1,3,6,1,East,True,CENTRAL_SPINE_SPLIT,0.16
73.6,140.0,10304.0,1.902,2,6,10,1,East,True,CENTRAL_SPINE_SPLIT,0.172
65.1,140.0,9114.0,2.151,3,6,6,3,South,True,CENTRAL_SPINE_SPLIT,0.157
26.1,56.2,1466.8,2.153,1,3,6,1,East,False,CENTRAL_SPINE_SPLIT,0.175
72.8,80.3,5845.8,1.103,2,6,8,2,East,False,L_SHAPED_COURTYARD,0.181
73.1,104.7,7653.6,1.432,2,6,8,2,West,False,VILLA_PERIMETER,0.206
63.5,68.0,4318.0,1.071,2,5,8,1,South,True,VILLA_PERIMETER,0.193
58.3,124.6,7264.2,2.137,2,5,9,2,North,True,CENTRAL_SPINE_SPLIT,0.157
66.3,92.1,6106.2,1.389,1,5,6,3,West,True,WRAP_AROUND_OPEN_PLAN,0.126
57.9,140.0,8106.0,2.418,1,6,9,1,North,False,CENTRAL_SPINE_SPLIT,0.182
63.5,140.0,8890.0,2.205,1,6,9,2,East,False,CENTRAL_SPINE_SPLIT,0.158
70.9,124.1,8798.7,1.75,2,6,9,2,South,True,CENTRAL_SPINE_SPLIT,0.157
74.7,56.3,4205.6,0.754,1,6,8,2,North,True,WRAP_AROUND_OPEN_PLAN,0.135
25.6,59.4,1520.6,2.32,1,3,6,1,East,True,CENTRAL_SPINE_SPLIT,0.141
42.6,59.5,2534.7,1.397,2,5,6,2,East,True,VILLA_PERIMETER,0.214
60.7,115.4,7004.8,1.901,2,4,7,3,East,True,CENTRAL_SPINE_SPLIT,0.152
23.7,53.6,1270.3,2.262,2,3,5,1,East,False,CENTRAL_SPINE_SPLIT,0.163
73.2,68.9,5043.5,0.941,2,5,8,3,South,True,VILLA_PERIMETER,0.205
64.6,140.0,9044.0,2.167,1,4,7,3,North,True,CENTRAL_SPINE_SPLIT,0.174
22.9,28.6,654.9,1.249,2,1,2,0,West,True,COMPACT_LINEAR,0.09
58.2,140.0,8148.0,2.405,2,6,9,1,West,True,CENTRAL_SPINE_SPLIT,0.172
20.3,31.2,633.4,1.537,2,2,4,0,East,False,COMPACT_LINEAR,0.122
53.9,140.0,7546.0,2.597,3,5,5,2,North,False,CENTRAL_SPINE_SPLIT,0.149
42.4,54.1,2293.8,1.276,1,3,5,1,North,False,L_SHAPED_COURTYARD,0.172
42.9,32.1,1377.1,0.748,2,3,7,1,North,False,WRAP_AROUND_OPEN_PLAN,0.125
38.0,85.2,3237.6,2.242,1,5,7,2,South,True,CENTRAL_SPINE_SPLIT,0.137
54.8,104.9,5748.5,1.914,2,4,6,3,South,True,CENTRAL_SPINE_SPLIT,0.133
64.8,140.0,9072.0,2.16,2,5,10,3,East,True,CENTRAL_SPINE_SPLIT,0.144
38.2,92.0,3514.4,2.408,3,4,5,2,North,True,CENTRAL_SPINE_SPLIT,0.159
60.2,104.6,6296.9,1.738,2,4,7,2,East,True,VILLA_PERIMETER,0.198
59.1,140.0,8274.0,2.369,2,4,5,2,West,True,CENTRAL_SPINE_SPLIT,0.163
21.2,46.8,992.2,2.208,2,2,4,1,North,False,CENTRAL_SPINE_SPLIT,0.168
64.4,97.7,6291.9,1.517,2,6,9,1,South,True,WRAP_AROUND_OPEN_PLAN,0.189
70.4,106.5,7497.6,1.513,2,6,9,1,North,True,VILLA_PERIMETER,0.193
46.5,97.9,4552.4,2.105,2,4,5,1,South,True,CENTRAL_SPINE_SPLIT,0.147
73.0,70.2,5124.6,0.962,1,5,8,3,East,True,L_SHAPED_COURTYARD,0.191
40.3,75.0,3022.5,1.861,1,4,6,3,North,True,CENTRAL_SPINE_SPLIT,0.161
68.5,73.1,5007.3,1.067,2,5,8,2,North,True,L_SHAPED_COURTYARD,0.172
70.2,65.0,4563.0,0.926,3,4,6,2,North,True,L_SHAPED_COURTYARD,0.176
43.7,99.4,4343.8,2.275,2,5,6,3,East,False,CENTRAL_SPINE_SPLIT,0.153
65.6,129.6,8501.8,1.976,3,6,10,3,North,True,CENTRAL_SPINE_SPLIT,0.148
32.4,38.0,1231.2,1.173,1,1,2,1,North,False,WRAP_AROUND_OPEN_PLAN,0.166
47.4,60.3,2858.2,1.272,2,4,7,1,West,True,VILLA_PERIMETER,0.214
72.5,117.5,8518.8,1.621,2,5,5,3,South,True,VILLA_PERIMETER,0.19
31.4,33.2,1042.5,1.057,2,1,2,1,North,True,COMPACT_LINEAR,0.098
72.4,100.8,7297.9,1.392,2,5,8,2,North,False,VILLA_PERIMETER,0.199
31.2,33.5,1045.2,1.074,2,3,6,1,South,True,WRAP_AROUND_OPEN_PLAN,0.136
60.5,105.9,6407.0,1.75,1,4,7,2,East,True,CENTRAL_SPINE_SPLIT,0.166
26.6,40.3,1072.0,1.515,1,2,4,1,South,False,COMPACT_LINEAR,0.113
47.8,93.7,4478.9,1.96,2,4,7,2,North,True,CENTRAL_SPINE_SPLIT,0.161
46.1,123.1,5674.9,2.67,2,5,6,2,South,True,CENTRAL_SPINE_SPLIT,0.174
28.5,56.7,1616.0,1.989,1,2,3,1,East,True,CENTRAL_SPINE_SPLIT,0.163
25.4,31.0,787.4,1.22,2,2,4,1,North,True,COMPACT_LINEAR,0.122
44.2,94.9,4194.6,2.147,2,5,9,2,South,True,CENTRAL_SPINE_SPLIT,0.159
59.9,44.4,2659.6,0.741,2,4,9,2,East,True,VILLA_PERIMETER,0.212
39.3,38.9,1528.8,0.99,2,4,8,1,North,False,L_SHAPED_COURTYARD,0.185
62.1,46.3,2875.2,0.746,1,4,8,1,East,True,WRAP_AROUND_OPEN_PLAN,0.145
48.4,68.0,3291.2,1.405,3,4,4,1,South,False,VILLA_PERIMETER,0.187
30.6,48.0,1468.8,1.569,3,3,7,1,East,False,WRAP_AROUND_OPEN_PLAN,0.147
19.8,54.4,1077.1,2.747,1,3,6,1,East,True,CENTRAL_SPINE_SPLIT,0.169
19.5,48.4,943.8,2.482,2,3,7,1,North,True,CENTRAL_SPINE_SPLIT,0.161
26.1,25.9,676.0,0.992,2,1,2,0,North,True,COMPACT_LINEAR,0.118
49.6,105.9,5252.6,2.135,2,5,7,1,North,True,CENTRAL_SPINE_SPLIT,0.155
73.5,95.7,7033.9,1.302,3,4,4,2,South,True,VILLA_PERIMETER,0.179
68.3,71.0,4849.3,1.04,2,4,5,3,West,False,VILLA_PERIMETER,0.178
73.9,108.1,7988.6,1.463,2,4,6,2,West,True,VILLA_PERIMETER,0.203
40.8,64.0,2611.2,1.569,2,4,7,3,West,True,VILLA_PERIMETER,0.195
59.5,140.0,8330.0,2.353,2,5,8,1,South,True,CENTRAL_SPINE_SPLIT,0.174
34.1,85.9,2929.2,2.519,2,4,6,2,East,True,CENTRAL_SPINE_SPLIT,0.157
64.6,96.8,6253.3,1.498,2,4,8,3,South,True,VILLA_PERIMETER,0.181
34.3,39.5,1354.8,1.152,3,3,4,1,East,True,WRAP_AROUND_OPEN_PLAN,0.145
70.4,140.0,9856.0,1.989,1,4,7,3,North,True,CENTRAL_SPINE_SPLIT,0.14
18.9,44.5,841.0,2.354,2,2,3,1,South,True,CENTRAL_SPINE_SPLIT,0.159
39.9,45.6,1819.4,1.143,1,3,5,1,East,True,L_SHAPED_COURTYARD,0.197
20.9,56.3,1176.7,2.694,1,2,5,1,West,False,CENTRAL_SPINE_SPLIT,0.155
64.7,123.1,7964.6,1.903,1,4,5,2,North,True,CENTRAL_SPINE_SPLIT,0.18
44.3,75.5,3344.6,1.704,2,3,6,1,North,True,WRAP_AROUND_OPEN_PLAN,0.141
26.4,22.9,604.6,0.867,3,2,7,0,North,True,COMPACT_LINEAR,0.1
66.8,140.0,9352.0,2.096,2,6,6,3,West,True,CENTRAL_SPINE_SPLIT,0.137
32.7,47.9,1566.3,1.465,1,4,5,1,West,True,WRAP_AROUND_OPEN_PLAN,0.126
40.1,43.9,1760.4,1.095,2,3,5,1,South,False,WRAP_AROUND_OPEN_PLAN,0.152
20.3,29.2,592.8,1.438,2,1,2,0,North,True,COMPACT_LINEAR,0.108
46.7,116.3,5431.2,2.49,3,5,6,2,West,True,CENTRAL_SPINE_SPLIT,0.144
49.0,116.7,5718.3,2.382,3,5,7,2,East,False,CENTRAL_SPINE_SPLIT,0.172
28.9,29.7,858.3,1.028,1,2,5,1,South,True,COMPACT_LINEAR,0.117
50.5,57.5,2903.8,1.139,2,4,7,3,East,True,L_SHAPED_COURTYARD,0.167
71.1,140.0,9954.0,1.969,2,5,6,1,North,True,CENTRAL_SPINE_SPLIT,0.174
30.4,22.0,668.8,0.724,2,1,2,0,North,True,COMPACT_LINEAR,0.109
21.1,42.1,888.3,1.995,2,2,3,1,North,True,CENTRAL_SPINE_SPLIT,0.163
24.3,39.8,967.1,1.638,1,2,3,1,North,True,COMPACT_LINEAR,0.1
42.5,93.5,3973.8,2.2,2,4,7,1,South,True,CENTRAL_SPINE_SPLIT,0.171
72.3,110.7,8003.6,1.531,3,5,7,1,North,True,VILLA_PERIMETER,0.215
73.3,140.0,10262.0,1.91,2,4,7,2,North,True,CENTRAL_SPINE_SPLIT,0.146
20.9,52.3,1093.1,2.502,1,1,3,1,North,True,CENTRAL_SPINE_SPLIT,0.157
36.2,50.7,1835.3,1.401,1,3,5,1,South,True,WRAP_AROUND_OPEN_PLAN,0.151
50.6,51.9,2626.1,1.026,2,4,6,1,East,False,L_SHAPED_COURTYARD,0.205
27.2,24.9,677.3,0.915,2,1,2,0,North,True,COMPACT_LINEAR,0.113
41.9,49.0,2053.1,1.169,1,3,4,1,South,True,WRAP_AROUND_OPEN_PLAN,0.151
28.9,76.2,2202.2,2.637,2,3,2,2,South,True,CENTRAL_SPINE_SPLIT,0.144
67.6,92.3,6239.5,1.365,1,4,6,2,West,True,WRAP_AROUND_OPEN_PLAN,0.151
42.5,92.3,3922.8,2.172,2,5,6,1,East,True,CENTRAL_SPINE_SPLIT,0.151
38.7,57.4,2221.4,1.483,1,3,5,1,East,True,WRAP_AROUND_OPEN_PLAN,0.151
29.9,62.0,1853.8,2.074,1,2,3,1,North,True,CENTRAL_SPINE_SPLIT,0.157
65.6,140.0,9184.0,2.134,3,5,7,3,East,False,CENTRAL_SPINE_SPLIT,0.158
27.7,75.9,2102.4,2.74,2,4,5,1,North,True,CENTRAL_SPINE_SPLIT,0.17
56.0,102.7,5751.2,1.834,1,4,8,2,East,True,CENTRAL_SPINE_SPLIT,0.164
44.1,122.5,5402.2,2.778,2,5,7,2,South,True,CENTRAL_SPINE_SPLIT,0.122
41.4,104.1,4309.7,2.514,3,4,6,2,East,True,CENTRAL_SPINE_SPLIT,0.152
31.5,60.1,1893.2,1.908,1,3,8,1,North,True,CENTRAL_SPINE_SPLIT,0.156
22.7,41.0,930.7,1.806,1,2,3,1,East,True,CENTRAL_SPINE_SPLIT,0.157
35.7,52.6,1877.8,1.473,1,3,6,1,North,True,WRAP_AROUND_OPEN_PLAN,0.126
18.2,31.5,573.3,1.731,1,1,2,0,South,False,COMPACT_LINEAR,0.117
66.5,80.3,5339.9,1.208,2,5,8,2,East,True,L_SHAPED_COURTYARD,0.19
28.7,53.7,1541.2,1.871,2,3,7,1,North,True,CENTRAL_SPINE_SPLIT,0.157
52.0,105.5,5486.0,2.029,2,5,6,1,North,True,CENTRAL_SPINE_SPLIT,0.166
31.6,59.0,1864.4,1.867,2,3,4,1,West,True,CENTRAL_SPINE_SPLIT,0.16
42.9,52.5,2252.2,1.224,1,3,4,2,East,True,L_SHAPED_COURTYARD,0.187
69.0,140.0,9660.0,2.029,2,4,4,3,East,False,CENTRAL_SPINE_SPLIT,0.162
31.2,25.0,780.0,0.801,2,2,5,1,North,True,COMPACT_LINEAR,0.116
30.8,35.6,1096.5,1.156,1,2,3,1,East,True,WRAP_AROUND_OPEN_PLAN,0.116
48.2,61.4,2959.5,1.274,1,4,7,3,North,False,L_SHAPED_COURTYARD,0.191
59.4,86.6,5144.0,1.458,2,5,9,1,South,True,VILLA_PERIMETER,0.21
27.8,27.6,767.3,0.993,2,2,5,1,North,True,COMPACT_LINEAR,0.121
74.0,140.0,10360.0,1.892,3,5,7,1,East,True,CENTRAL_SPINE_SPLIT,0.164
70.3,95.9,6741.8,1.364,1,4,6,2,East,False,WRAP_AROUND_OPEN_PLAN,0.13
48.2,44.1,2125.6,0.915,1,3,4,1,West,False,WRAP_AROUND_OPEN_PLAN,0.132
38.2,73.2,2796.2,1.916,1,4,7,1,West,False,CENTRAL_SPINE_SPLIT,0.161
61.0,73.3,4471.3,1.202,2,5,8,3,South,True,VILLA_PERIMETER,0.188
50.8,139.9,7106.9,2.754,2,6,7,1,South,True,CENTRAL_SPINE_SPLIT,0.164
72.3,140.0,10122.0,1.936,1,5,7,2,South,True,CENTRAL_SPINE_SPLIT,0.172
69.5,72.5,5038.8,1.043,2,4,7,2,North,False,L_SHAPED_COURTYARD,0.163
67.5,140.0,9450.0,2.074,1,6,8,2,West,True,CENTRAL_SPINE_SPLIT,0.158
36.6,51.7,1892.2,1.413,2,4,5,1,West,True,WRAP_AROUND_OPEN_PLAN,0.149
23.1,40.1,926.3,1.736,3,3,5,1,South,True,COMPACT_LINEAR,0.108
28.5,40.7,1160.0,1.428,1,2,4,1,North,True,WRAP_AROUND_OPEN_PLAN,0.102
36.2,51.3,1857.1,1.417,2,4,6,1,North,True,WRAP_AROUND_OPEN_PLAN,0.144
36.6,77.3,2829.2,2.112,2,4,6,2,North,True,CENTRAL_SPINE_SPLIT,0.157
22.2,53.4,1185.5,2.405,1,2,4,1,East,True,CENTRAL_SPINE_SPLIT,0.151
66.9,90.9,6081.2,1.359,2,4,7,2,East,False,VILLA_PERIMETER,0.218
26.2,68.6,1797.3,2.618,1,3,7,1,East,False,CENTRAL_SPINE_SPLIT,0.166
34.7,70.9,2460.2,2.043,2,4,5,2,East,False,CENTRAL_SPINE_SPLIT,0.157
27.4,43.0,1178.2,1.569,1,2,4,1,North,False,COMPACT_LINEAR,0.133
47.9,54.5,2610.5,1.138,2,3,7,2,East,True,L_SHAPED_COURTYARD,0.18
50.9,80.7,4107.6,1.585,3,5,7,1,East,True,VILLA_PERIMETER,0.196
65.2,134.9,8795.5,2.069,3,5,7,2,East,True,CENTRAL_SPINE_SPLIT,0.175
44.3,38.3,1696.7,0.865,2,3,7,1,North,True,L_SHAPED_COURTYARD,0.193
34.2,71.9,2459.0,2.102,1,4,6,1,North,True,CENTRAL_SPINE_SPLIT,0.171
62.1,85.4,5303.3,1.375,1,6,10,2,East,False,WRAP_AROUND_OPEN_PLAN,0.139
46.1,117.8,5430.6,2.555,1,4,7,1,North,True,CENTRAL_SPINE_SPLIT,0.145
32.2,42.9,1381.4,1.332,3,3,6,1,South,True,WRAP_AROUND_OPEN_PLAN,0.148
64.0,106.1,6790.4,1.658,3,6,8,1,West,True,VILLA_PERIMETER,0.187
28.5,75.7,2157.5,2.656,3,3,5,1,North,True,CENTRAL_SPINE_SPLIT,0.166
58.4,45.8,2674.7,0.784,2,3,7,2,East,True,WRAP_AROUND_OPEN_PLAN,0.154
63.4,140.0,8876.0,2.208,2,4,5,3,North,False,CENTRAL_SPINE_SPLIT,0.16
52.1,57.5,2995.8,1.104,1,4,5,3,South,False,WRAP_AROUND_OPEN_PLAN,0.125
62.7,140.0,8778.0,2.233,3,4,8,2,South,True,CENTRAL_SPINE_SPLIT,0.165
48.5,134.8,6537.8,2.779,2,5,8,1,North,True,CENTRAL_SPINE_SPLIT,0.168
65.7,86.7,5696.2,1.32,2,4,4,2,North,False,L_SHAPED_COURTYARD,0.187
65.5,98.3,6438.6,1.501,2,6,10,1,West,True,VILLA_PERIMETER,0.187
65.8,140.0,9212.0,2.128,3,5,5,2,North,True,CENTRAL_SPINE_SPLIT,0.174
51.8,140.0,7252.0,2.703,2,5,6,3,North,True,CENTRAL_SPINE_SPLIT,0.145
54.5,64.1,3493.4,1.176,3,4,6,2,East,False,L_SHAPED_COURTYARD,0.186
47.5,124.2,5899.5,2.615,1,4,7,3,North,False,CENTRAL_SPINE_SPLIT,0.182
55.3,43.4,2400.0,0.785,2,4,5,2,East,True,WRAP_AROUND_OPEN_PLAN,0.133
33.9,91.3,3095.1,2.693,1,4,7,1,West,True,CENTRAL_SPINE_SPLIT,0.172
39.8,103.0,4099.4,2.588,2,4,7,2,East,True,CENTRAL_SPINE_SPLIT,0.154
61.6,89.4,5507.0,1.451,2,6,9,3,North,True,VILLA_PERIMETER,0.201
67.8,128.4,8705.5,1.894,1,4,6,1,South,True,CENTRAL_SPINE_SPLIT,0.168
71.0,140.0,9940.0,1.972,3,5,6,3,North,True,CENTRAL_SPINE_SPLIT,0.154
25.6,58.8,1505.3,2.297,2,4,6,1,East,True,CENTRAL_SPINE_SPLIT,0.149
49.7,95.5,4746.4,1.922,2,6,9,2,North,True,CENTRAL_SPINE_SPLIT,0.175
31.2,82.1,2561.5,2.631,3,4,6,1,North,False,COMPACT_LINEAR,0.155
30.8,71.3,2196.0,2.315,2,3,4,1,East,True,CENTRAL_SPINE_SPLIT,0.167
55.6,77.5,4309.0,1.394,2,5,6,2,North,True,VILLA_PERIMETER,0.216
42.2,67.9,2865.4,1.609,3,4,7,2,South,True,VILLA_PERIMETER,0.192
44.6,112.2,5004.1,2.516,2,4,5,2,South,True,CENTRAL_SPINE_SPLIT,0.141
53.2,93.7,4984.8,1.761,2,4,7,1,North,True,CENTRAL_SPINE_SPLIT,0.167
62.1,53.2,3303.7,0.857,1,5,8,3,East,True,L_SHAPED_COURTYARD,0.178
68.2,140.0,9548.0,2.053,2,4,8,1,East,True,CENTRAL_SPINE_SPLIT,0.17
29.4,23.8,699.7,0.81,3,1,4,0,North,True,COMPACT_LINEAR,0.127
23.0,57.5,1322.5,2.5,2,3,4,1,East,False,CENTRAL_SPINE_SPLIT,0.145
73.5,64.5,4740.8,0.878,2,4,6,2,North,True,L_SHAPED_COURTYARD,0.179
21.7,37.3,809.4,1.719,2,2,2,1,North,True,COMPACT_LINEAR,0.116
55.5,140.0,7770.0,2.523,2,5,5,3,West,True,CENTRAL_SPINE_SPLIT,0.15
61.9,60.5,3744.9,0.977,3,4,4,2,South,True,VILLA_PERIMETER,0.2
55.8,47.4,2644.9,0.849,1,4,7,1,West,True,WRAP_AROUND_OPEN_PLAN,0.156
62.3,140.0,8722.0,2.247,3,4,6,2,North,True,CENTRAL_SPINE_SPLIT,0.17
62.0,96.0,5952.0,1.548,1,5,8,2,East,True,WRAP_AROUND_OPEN_PLAN,0.133
37.4,54.6,2042.0,1.46,2,3,6,1,East,False,WRAP_AROUND_OPEN_PLAN,0.142
46.4,102.5,4756.0,2.209,2,6,7,2,West,True,CENTRAL_SPINE_SPLIT,0.152
67.0,119.4,7999.8,1.782,3,5,10,1,North,True,CENTRAL_SPINE_SPLIT,0.159
73.0,140.0,10220.0,1.918,2,6,10,1,North,False,CENTRAL_SPINE_SPLIT,0.15
38.8,68.0,2638.4,1.753,2,5,6,1,West,True,CENTRAL_SPINE_SPLIT,0.157
46.4,118.6,5503.0,2.556,2,5,7,3,West,False,CENTRAL_SPINE_SPLIT,0.159
64.5,137.9,8894.6,2.138,2,6,8,3,South,False,CENTRAL_SPINE_SPLIT,0.148
37.0,53.2,1968.4,1.438,1,2,4,1,North,True,WRAP_AROUND_OPEN_PLAN,0.135
47.7,75.2,3587.0,1.577,2,5,7,1,North,True,VILLA_PERIMETER,0.218
73.4,80.7,5923.4,1.099,1,4,6,3,East,True,L_SHAPED_COURTYARD,0.164
22.2,53.6,1189.9,2.414,1,2,5,1,North,True,CENTRAL_SPINE_SPLIT,0.181
32.0,38.7,1238.4,1.209,1,2,4,1,East,True,WRAP_AROUND_OPEN_PLAN,0.141
54.0,56.6,3056.4,1.048,2,4,7,1,East,False,L_SHAPED_COURTYARD,0.183
26.8,38.5,1031.8,1.437,1,2,2,1,South,False,COMPACT_LINEAR,0.113
19.9,31.8,632.8,1.598,2,1,3,0,North,True,COMPACT_LINEAR,0.111
47.4,33.3,1578.4,0.703,3,3,6,1,North,True,WRAP_AROUND_OPEN_PLAN,0.123
48.2,88.8,4280.2,1.842,2,4,4,3,North,True,CENTRAL_SPINE_SPLIT,0.165
47.8,62.7,2997.1,1.312,1,4,7,2,West,False,WRAP_AROUND_OPEN_PLAN,0.152
57.0,41.2,2348.4,0.723,3,4,6,3,North,True,WRAP_AROUND_OPEN_PLAN,0.135
38.3,30.2,1156.7,0.789,1,2,3,1,South,True,COMPACT_LINEAR,0.121
74.5,140.0,10430.0,1.879,2,5,6,1,South,False,CENTRAL_SPINE_SPLIT,0.174
48.1,34.5,1659.5,0.717,2,2,4,1,South,True,WRAP_AROUND_OPEN_PLAN,0.137
63.3,46.9,2968.8,0.741,2,4,5,2,North,True,VILLA_PERIMETER,0.194
24.3,63.6,1545.5,2.617,2,3,4,1,East,False,CENTRAL_SPINE_SPLIT,0.156
46.2,79.4,3668.3,1.719,2,4,6,1,South,True,VILLA_PERIMETER,0.199
60.5,53.1,3212.6,0.878,2,4,6,3,South,False,VILLA_PERIMETER,0.194
34.4,85.1,2927.4,2.474,1,3,3,2,East,False,CENTRAL_SPINE_SPLIT,0.173
36.5,66.5,2427.2,1.822,2,4,6,2,West,False,CENTRAL_SPINE_SPLIT,0.168
26.3,60.5,1591.2,2.3,2,4,8,1,North,False,CENTRAL_SPINE_SPLIT,0.15
71.1,114.1,8112.5,1.605,2,6,10,1,South,False,VILLA_PERIMETER,0.213
62.9,133.3,8384.6,2.119,2,4,5,3,East,True,CENTRAL_SPINE_SPLIT,0.158
57.3,91.2,5225.8,1.592,2,4,7,1,West,True,VILLA_PERIMETER,0.199
18.9,22.0,415.8,1.164,1,1,2,0,East,False,COMPACT_LINEAR,0.109
49.3,132.5,6532.2,2.688,1,4,7,3,East,True,CENTRAL_SPINE_SPLIT,0.152
28.3,47.0,1330.1,1.661,1,3,2,1,South,False,WRAP_AROUND_OPEN_PLAN,0.145
23.9,40.0,956.0,1.674,1,2,2,1,South,True,COMPACT_LINEAR,0.091
71.8,140.0,10052.0,1.95,2,5,8,3,North,True,CENTRAL_SPINE_SPLIT,0.164
72.7,137.1,9967.2,1.886,2,6,6,2,South,False,CENTRAL_SPINE_SPLIT,0.165
65.6,140.0,9184.0,2.134,1,4,5,2,North,True,CENTRAL_SPINE_SPLIT,0.17
34.1,30.2,1029.8,0.886,1,3,5,1,East,True,WRAP_AROUND_OPEN_PLAN,0.15
68.0,52.0,3536.0,0.765,2,5,6,2,East,True,VILLA_PERIMETER,0.197
21.8,29.7,647.5,1.362,1,1,3,0,North,True,COMPACT_LINEAR,0.127
47.8,85.8,4101.2,1.795,1,4,4,2,West,True,CENTRAL_SPINE_SPLIT,0.146
64.3,73.6,4732.5,1.145,1,6,10,3,North,False,L_SHAPED_COURTYARD,0.16
27.1,46.3,1254.7,1.708,1,2,3,1,East,True,WRAP_AROUND_OPEN_PLAN,0.13
56.8,140.0,7952.0,2.465,2,5,9,1,West,True,CENTRAL_SPINE_SPLIT,0.145
67.9,47.7,3238.8,0.703,2,5,6,3,West,True,CENTRAL_SPINE_SPLIT,0.195
30.4,56.9,1729.8,1.872,2,3,6,1,East,False,CENTRAL_SPINE_SPLIT,0.161
43.0,72.6,3121.8,1.688,2,4,8,2,South,True,VILLA_PERIMETER,0.222
25.6,31.5,806.4,1.23,1,1,3,1,North,True,COMPACT_LINEAR,0.095
63.1,84.6,5338.3,1.341,2,6,9,2,East,True,L_SHAPED_COURTYARD,0.193
44.8,117.1,5246.1,2.614,2,4,6,2,East,True,CENTRAL_SPINE_SPLIT,0.152
51.3,43.0,2205.9,0.838,2,2,2,2,West,True,WRAP_AROUND_OPEN_PLAN,0.141
22.2,22.0,488.4,0.991,2,1,2,0,East,True,COMPACT_LINEAR,0.121
47.3,112.3,5311.8,2.374,3,6,10,1,East,False,CENTRAL_SPINE_SPLIT,0.153
37.2,51.8,1927.0,1.392,2,3,6,1,North,False,WRAP_AROUND_OPEN_PLAN,0.135
20.2,22.0,444.4,1.089,2,1,4,0,North,True,COMPACT_LINEAR,0.105
54.0,42.8,2311.2,0.793,1,2,4,1,North,True,WRAP_AROUND_OPEN_PLAN,0.152
51.4,59.3,3048.0,1.154,2,4,5,2,North,False,L_SHAPED_COURTYARD,0.176
28.8,29.4,846.7,1.021,2,2,3,1,West,True,COMPACT_LINEAR,0.115
58.0,126.9,7360.2,2.188,3,5,8,2,South,False,CENTRAL_SPINE_SPLIT,0.157
62.0,79.1,4904.2,1.276,2,6,10,1,North,True,WRAP_AROUND_OPEN_PLAN,0.182
19.2,37.4,718.1,1.948,2,3,5,1,East,True,CENTRAL_SPINE_SPLIT,0.16
19.6,30.5,597.8,1.556,2,1,3,0,North,True,COMPACT_LINEAR,0.125
69.6,140.0,9744.0,2.011,2,4,7,1,West,True,CENTRAL_SPINE_SPLIT,0.17
24.3,50.1,1217.4,2.062,1,2,5,1,East,True,CENTRAL_SPINE_SPLIT,0.168
18.6,24.9,463.1,1.339,3,1,2,0,West,False,COMPACT_LINEAR,0.09
28.6,29.8,852.3,1.042,1,2,4,1,North,True,COMPACT_LINEAR,0.097
33.6,59.6,2002.6,1.774,1,4,7,1,West,True,CENTRAL_SPINE_SPLIT,0.158
23.0,50.5,1161.5,2.196,2,3,3,1,East,True,CENTRAL_SPINE_SPLIT,0.16
19.5,36.1,704.0,1.851,2,2,3,1,East,True,CENTRAL_SPINE_SPLIT,0.149
34.9,91.3,3186.4,2.616,2,4,6,3,North,True,CENTRAL_SPINE_SPLIT,0.155
64.0,81.8,5235.2,1.278,2,4,4,2,East,False,L_SHAPED_COURTYARD,0.162
23.8,56.6,1347.1,2.378,1,2,5,1,West,True,CENTRAL_SPINE_SPLIT,0.162
61.0,72.4,4416.4,1.187,2,4,5,2,South,False,VILLA_PERIMETER,0.195
48.3,132.1,6380.4,2.735,2,6,9,1,North,True,CENTRAL_SPINE_SPLIT,0.17
55.6,119.0,6616.4,2.14,1,4,5,2,East,True,CENTRAL_SPINE_SPLIT,0.162
54.5,133.1,7253.9,2.442,3,6,7,2,West,True,CENTRAL_SPINE_SPLIT,0.163
26.5,59.5,1576.8,2.245,1,3,5,1,North,True,CENTRAL_SPINE_SPLIT,0.172
44.0,61.9,2723.6,1.407,2,4,5,2,East,True,VILLA_PERIMETER,0.212
49.7,101.5,5044.6,2.042,2,4,7,1,East,True,CENTRAL_SPINE_SPLIT,0.163
49.5,75.0,3712.5,1.515,1,5,6,2,North,False,WRAP_AROUND_OPEN_PLAN,0.141
65.5,66.8,4375.4,1.02,1,5,8,2,East,True,L_SHAPED_COURTYARD,0.189
34.6,94.9,3283.5,2.743,2,5,7,3,North,True,CENTRAL_SPINE_SPLIT,0.167
19.0,27.7,526.3,1.458,3,1,2,0,East,True,COMPACT_LINEAR,0.098
52.6,54.5,2866.7,1.036,2,4,7,2,West,False,VILLA_PERIMETER,0.183
38.5,53.3,2052.0,1.384,2,3,4,1,North,True,WRAP_AROUND_OPEN_PLAN,0.152
58.0,103.7,6014.6,1.788,2,5,7,3,East,True,CENTRAL_SPINE_SPLIT,0.171
56.9,43.7,2486.5,0.768,2,3,6,2,East,False,WRAP_AROUND_OPEN_PLAN,0.15
32.9,86.1,2832.7,2.617,1,3,4,1,North,True,CENTRAL_SPINE_SPLIT,0.18
49.5,87.3,4321.3,1.764,2,4,5,1,East,False,CENTRAL_SPINE_SPLIT,0.157
53.2,43.1,2292.9,0.81,1,3,6,2,West,True,WRAP_AROUND_OPEN_PLAN,0.148
32.9,86.9,2859.0,2.641,3,3,4,3,North,False,CENTRAL_SPINE_SPLIT,0.155
68.4,140.0,9576.0,2.047,2,5,7,2,South,True,CENTRAL_SPINE_SPLIT,0.147
25.0,62.8,1570.0,2.512,3,2,3,1,East,True,CENTRAL_SPINE_SPLIT,0.158
66.5,53.2,3537.8,0.8,2,4,6,3,North,False,L_SHAPED_COURTYARD,0.176
20.2,33.8,682.8,1.673,2,1,4,0,North,False,COMPACT_LINEAR,0.11
58.4,140.0,8176.0,2.397,2,5,5,2,North,True,CENTRAL_SPINE_SPLIT,0.17
25.0,34.4,860.0,1.376,2,3,4,1,South,True,COMPACT_LINEAR,0.117
53.2,105.1,5591.3,1.976,2,4,6,1,East,True,CENTRAL_SPINE_SPLIT,0.163
52.7,88.9,4685.0,1.687,2,5,6,2,North,True,VILLA_PERIMETER,0.206
55.0,105.9,5824.5,1.925,2,4,6,2,East,False,CENTRAL_SPINE_SPLIT,0.153
73.9,140.0,10346.0,1.894,3,5,8,1,North,False,CENTRAL_SPINE_SPLIT,0.168
64.4,87.4,5628.6,1.357,2,4,7,2,South,True,WRAP_AROUND_OPEN_PLAN,0.205
47.7,48.7,2323.0,1.021,2,3,4,3,East,True,L_SHAPED_COURTYARD,0.176
64.2,124.6,7999.3,1.941,2,5,9,3,North,True,CENTRAL_SPINE_SPLIT,0.176
30.0,63.2,1896.0,2.107,1,4,6,1,South,True,CENTRAL_SPINE_SPLIT,0.162
52.0,84.7,4404.4,1.629,2,5,5,3,East,True,VILLA_PERIMETER,0.215
62.9,57.8,3635.6,0.919,2,4,4,3,West,False,VILLA_PERIMETER,0.205
66.0,120.4,7946.4,1.824,2,5,8,1,North,True,CENTRAL_SPINE_SPLIT,0.163
48.5,118.8,5761.8,2.449,2,4,4,2,North,True,CENTRAL_SPINE_SPLIT,0.158
59.7,64.1,3826.8,1.074,3,6,8,1,East,True,L_SHAPED_COURTYARD,0.158
19.0,22.0,418.0,1.158,1,1,2,0,West,False,COMPACT_LINEAR,0.112
45.6,75.2,3429.1,1.649,2,4,7,3,North,True,VILLA_PERIMETER,0.2
18.5,41.0,758.5,2.216,2,2,4,1,North,False,CENTRAL_SPINE_SPLIT,0.16
42.8,117.6,5033.3,2.748,2,5,7,1,East,True,CENTRAL_SPINE_SPLIT,0.162
57.4,88.2,5062.7,1.537,2,4,6,2,East,True,VILLA_PERIMETER,0.199
74.5,140.0,10430.0,1.879,2,4,6,3,North,True,CENTRAL_SPINE_SPLIT,0.154
69.3,140.0,9702.0,2.02,2,4,2,2,North,False,CENTRAL_SPINE_SPLIT,0.167
38.8,76.1,2952.7,1.961,2,4,6,2,East,True,CENTRAL_SPINE_SPLIT,0.158
48.1,76.2,3665.2,1.584,2,4,7,2,West,True,VILLA_PERIMETER,0.197
24.5,56.6,1386.7,2.31,1,3,6,1,East,True,CENTRAL_SPINE_SPLIT,0.181
65.3,140.0,9142.0,2.144,2,4,8,2,East,True,CENTRAL_SPINE_SPLIT,0.149
47.2,105.0,4956.0,2.225,1,5,8,2,South,True,CENTRAL_SPINE_SPLIT,0.166
32.8,51.6,1692.5,1.573,2,3,5,1,East,True,WRAP_AROUND_OPEN_PLAN,0.137
55.9,101.1,5651.5,1.809,2,6,9,2,East,False,CENTRAL_SPINE_SPLIT,0.153
33.9,42.2,1430.6,1.245,2,4,6,1,West,False,WRAP_AROUND_OPEN_PLAN,0.133
40.1,82.1,3292.2,2.047,1,4,7,1,West,True,CENTRAL_SPINE_SPLIT,0.163
38.8,60.5,2347.4,1.559,2,3,6,2,East,True,WRAP_AROUND_OPEN_PLAN,0.147
42.2,117.5,4958.5,2.784,2,5,7,2,North,True,CENTRAL_SPINE_SPLIT,0.154
42.3,46.2,1954.3,1.092,1,3,8,1,South,False,WRAP_AROUND_OPEN_PLAN,0.145
68.1,140.0,9534.0,2.056,3,4,2,1,South,False,CENTRAL_SPINE_SPLIT,0.166
28.2,34.1,961.6,1.209,3,2,2,1,South,True,CENTRAL_SPINE_SPLIT,0.115
59.7,140.0,8358.0,2.345,2,5,8,2,North,True,CENTRAL_SPINE_SPLIT,0.155
20.8,54.0,1123.2,2.596,1,2,4,1,North,True,CENTRAL_SPINE_SPLIT,0.164
30.0,51.8,1554.0,1.727,2,2,4,1,North,True,COMPACT_LINEAR,0.148
25.9,38.4,994.6,1.483,2,3,5,1,East,True,WRAP_AROUND_OPEN_PLAN,0.132
57.2,115.8,6623.8,2.024,1,4,9,3,South,False,CENTRAL_SPINE_SPLIT,0.167
68.7,139.4,9576.8,2.029,1,5,6,1,South,False,CENTRAL_SPINE_SPLIT,0.183
45.8,86.6,3966.3,1.891,2,4,6,2,East,False,CENTRAL_SPINE_SPLIT,0.18
61.8,79.1,4888.4,1.28,3,4,7,2,South,True,VILLA_PERIMETER,0.186
23.0,53.9,1239.7,2.343,3,2,4,1,West,True,CENTRAL_SPINE_SPLIT,0.123
36.9,28.3,1044.3,0.767,2,2,4,1,South,False,COMPACT_LINEAR,0.127
61.4,117.1,7189.9,1.907,2,5,8,2,North,False,CENTRAL_SPINE_SPLIT,0.139
66.3,112.4,7452.1,1.695,3,5,7,1,East,False,VILLA_PERIMETER,0.212
25.2,58.5,1474.2,2.321,2,4,6,1,North,False,CENTRAL_SPINE_SPLIT,0.186
37.4,41.1,1537.1,1.099,1,3,7,1,North,False,L_SHAPED_COURTYARD,0.166
38.9,37.6,1462.6,0.967,3,3,7,1,North,True,WRAP_AROUND_OPEN_PLAN,0.136
35.1,67.3,2362.2,1.917,2,4,6,1,West,True,CENTRAL_SPINE_SPLIT,0.153
19.1,30.3,578.7,1.586,2,1,2,0,East,True,COMPACT_LINEAR,0.099
70.5,140.0,9870.0,1.986,3,4,6,3,East,False,CENTRAL_SPINE_SPLIT,0.141
31.4,58.8,1846.3,1.873,1,3,4,1,West,False,CENTRAL_SPINE_SPLIT,0.15
46.4,101.9,4728.2,2.196,3,5,7,3,West,True,CENTRAL_SPINE_SPLIT,0.144
64.5,124.4,8023.8,1.929,2,5,6,1,South,True,CENTRAL_SPINE_SPLIT,0.163
25.5,68.5,1746.8,2.686,1,2,5,1,South,True,WRAP_AROUND_OPEN_PLAN,0.155
58.7,92.6,5435.6,1.578,2,4,8,1,East,True,VILLA_PERIMETER,0.209
54.9,140.0,7686.0,2.55,2,5,6,1,North,True,CENTRAL_SPINE_SPLIT,0.148
53.6,57.0,3055.2,1.063,1,3,4,2,West,True,WRAP_AROUND_OPEN_PLAN,0.128
64.0,45.3,2899.2,0.708,1,3,5,1,West,True,WRAP_AROUND_OPEN_PLAN,0.163
68.8,98.2,6756.2,1.427,2,6,9,3,North,False,VILLA_PERIMETER,0.205
28.1,24.4,685.6,0.868,2,1,1,0,South,True,COMPACT_LINEAR,0.102
67.5,133.9,9038.2,1.984,2,4,5,3,South,True,CENTRAL_SPINE_SPLIT,0.134
62.4,86.0,5366.4,1.378,2,5,8,2,North,True,VILLA_PERIMETER,0.189
43.7,105.7,4619.1,2.419,3,4,4,2,East,True,CENTRAL_SPINE_SPLIT,0.154
61.4,64.4,3954.2,1.049,2,4,5,2,South,False,VILLA_PERIMETER,0.21
37.1,96.9,3595.0,2.612,2,4,8,2,South,True,CENTRAL_SPINE_SPLIT,0.179
51.1,45.6,2330.2,0.892,1,3,4,2,West,False,WRAP_AROUND_OPEN_PLAN,0.119
48.7,117.7,5732.0,2.417,2,4,7,2,West,False,CENTRAL_SPINE_SPLIT,0.17
38.7,91.4,3537.2,2.362,2,4,6,3,East,True,CENTRAL_SPINE_SPLIT,0.16
66.8,126.4,8443.5,1.892,2,6,9,2,North,True,CENTRAL_SPINE_SPLIT,0.165
57.2,128.6,7355.9,2.248,2,4,5,3,South,True,CENTRAL_SPINE_SPLIT,0.166
23.2,46.7,1083.4,2.013,2,2,3,1,East,False,CENTRAL_SPINE_SPLIT,0.133
73.1,140.0,10234.0,1.915,2,4,8,2,North,True,CENTRAL_SPINE_SPLIT,0.157
58.9,119.7,7050.3,2.032,1,4,8,3,North,True,CENTRAL_SPINE_SPLIT,0.152
69.9,122.5,8562.8,1.753,2,4,8,1,South,True,CENTRAL_SPINE_SPLIT,0.152
51.7,75.0,3877.5,1.451,1,5,8,3,North,False,WRAP_AROUND_OPEN_PLAN,0.137
53.3,45.0,2398.5,0.844,1,3,6,2,West,True,WRAP_AROUND_OPEN_PLAN,0.169
58.7,50.3,2952.6,0.857,2,4,7,1,North,True,L_SHAPED_COURTYARD,0.178
38.7,82.4,3188.9,2.129,3,4,6,1,East,True,CENTRAL_SPINE_SPLIT,0.169
63.5,72.3,4591.1,1.139,3,5,7,1,North,True,L_SHAPED_COURTYARD,0.171
34.3,82.7,2836.6,2.411,2,5,7,2,East,False,CENTRAL_SPINE_SPLIT,0.155
22.6,58.0,1310.8,2.566,3,3,6,1,South,True,CENTRAL_SPINE_SPLIT,0.183
54.7,48.8,2669.4,0.892,1,3,7,2,North,True,L_SHAPED_COURTYARD,0.198
19.1,24.7,471.8,1.293,3,1,3,0,East,True,COMPACT_LINEAR,0.106
60.1,140.0,8414.0,2.329,1,4,5,2,South,False,CENTRAL_SPINE_SPLIT,0.172
51.6,65.9,3400.4,1.277,2,5,8,3,East,True,L_SHAPED_COURTYARD,0.185
19.3,44.7,862.7,2.316,2,3,6,1,East,False,CENTRAL_SPINE_SPLIT,0.184
64.5,87.4,5637.3,1.355,2,4,5,2,South,False,L_SHAPED_COURTYARD,0.207
74.6,140.0,10444.0,1.877,2,6,10,2,East,True,CENTRAL_SPINE_SPLIT,0.157
68.5,81.2,5562.2,1.185,2,5,8,1,North,False,L_SHAPED_COURTYARD,0.175
32.5,87.0,2827.5,2.677,3,4,5,1,North,True,CENTRAL_SPINE_SPLIT,0.178
38.3,50.5,1934.1,1.319,1,3,3,1,East,True,L_SHAPED_COURTYARD,0.184
21.9,25.0,547.5,1.142,1,1,2,0,East,False,COMPACT_LINEAR,0.099
48.3,134.4,6491.5,2.783,2,5,10,2,East,False,CENTRAL_SPINE_SPLIT,0.147
64.7,134.3,8689.2,2.076,2,4,5,3,South,True,CENTRAL_SPINE_SPLIT,0.158
72.8,140.0,10192.0,1.923,2,5,7,3,East,True,CENTRAL_SPINE_SPLIT,0.139
70.7,140.0,9898.0,1.98,2,5,9,2,East,True,CENTRAL_SPINE_SPLIT,0.152
29.8,80.2,2390.0,2.691,3,4,6,1,East,True,CENTRAL_SPINE_SPLIT,0.166
33.6,53.4,1794.2,1.589,1,3,5,1,East,True,WRAP_AROUND_OPEN_PLAN,0.132
42.6,97.6,4157.8,2.291,1,5,7,2,West,True,CENTRAL_SPINE_SPLIT,0.142
39.8,69.1,2750.2,1.736,1,3,5,2,East,True,WRAP_AROUND_OPEN_PLAN,0.12
67.6,112.6,7611.8,1.666,2,4,5,1,North,False,VILLA_PERIMETER,0.219
28.5,33.7,960.5,1.182,1,2,4,1,South,False,COMPACT_LINEAR,0.097
68.7,140.0,9618.0,2.038,3,4,7,1,South,True,CENTRAL_SPINE_SPLIT,0.147
58.9,115.4,6797.1,1.959,3,5,7,2,North,False,CENTRAL_SPINE_SPLIT,0.166
38.9,43.5,1692.1,1.118,1,3,4,1,East,False,L_SHAPED_COURTYARD,0.183
26.6,69.7,1854.0,2.62,1,3,6,1,South,True,CENTRAL_SPINE_SPLIT,0.171
61.6,78.2,4817.1,1.269,2,5,5,2,West,False,VILLA_PERIMETER,0.215
42.8,92.1,3941.9,2.152,2,6,10,2,North,True,CENTRAL_SPINE_SPLIT,0.161
63.3,50.2,3177.7,0.793,2,4,6,2,South,True,VILLA_PERIMETER,0.188
51.5,93.3,4804.9,1.812,2,4,6,2,East,True,CENTRAL_SPINE_SPLIT,0.177
21.7,58.2,1262.9,2.682,2,2,3,1,East,True,CENTRAL_SPINE_SPLIT,0.172
48.2,107.1,5162.2,2.222,1,5,10,2,North,False,CENTRAL_SPINE_SPLIT,0.172
73.2,140.0,10248.0,1.913,2,5,7,1,North,False,CENTRAL_SPINE_SPLIT,0.152
72.1,79.7,5746.4,1.105,1,6,10,2,West,True,WRAP_AROUND_OPEN_PLAN,0.141
22.3,55.5,1237.7,2.489,2,2,5,1,South,True,CENTRAL_SPINE_SPLIT,0.174
72.8,140.0,10192.0,1.923,1,4,8,2,East,False,CENTRAL_SPINE_SPLIT,0.16
31.9,83.8,2673.2,2.627,2,4,5,2,South,True,CENTRAL_SPINE_SPLIT,0.138
29.6,33.3,985.7,1.125,3,2,3,1,East,True,COMPACT_LINEAR,0.103
23.5,22.0,517.0,0.936,2,1,3,0,East,False,COMPACT_LINEAR,0.123
49.0,40.3,1974.7,0.822,1,3,6,1,South,True,WRAP_AROUND_OPEN_PLAN,0.143
69.7,72.1,5025.4,1.034,2,5,7,3,East,False,L_SHAPED_COURTYARD,0.185
60.1,140.0,8414.0,2.329,2,4,5,2,North,True,CENTRAL_SPINE_SPLIT,0.163
23.6,64.7,1526.9,2.742,2,4,7,1,North,True,CENTRAL_SPINE_SPLIT,0.154
58.7,44.8,2629.8,0.763,2,4,8,2,North,True,VILLA_PERIMETER,0.192
43.7,46.1,2014.6,1.055,1,3,5,1,East,True,L_SHAPED_COURTYARD,0.168
25.3,40.9,1034.8,1.617,2,2,5,1,East,True,COMPACT_LINEAR,0.121
59.3,140.0,8302.0,2.361,2,5,9,3,East,True,CENTRAL_SPINE_SPLIT,0.161
59.4,130.0,7722.0,2.189,1,5,6,2,North,True,CENTRAL_SPINE_SPLIT,0.172
18.5,37.6,695.6,2.032,2,1,3,0,South,False,CENTRAL_SPINE_SPLIT,0.153
22.2,34.5,765.9,1.554,2,2,6,1,East,False,COMPACT_LINEAR,0.1
42.4,94.1,3989.8,2.219,3,6,9,2,South,True,CENTRAL_SPINE_SPLIT,0.155
55.8,97.3,5429.3,1.744,1,5,9,1,East,True,WRAP_AROUND_OPEN_PLAN,0.143
36.5,70.4,2569.6,1.929,2,4,7,2,North,True,CENTRAL_SPINE_SPLIT,0.156
40.0,73.0,2920.0,1.825,2,4,6,1,North,True,CENTRAL_SPINE_SPLIT,0.138
36.3,98.7,3582.8,2.719,2,4,7,1,South,True,CENTRAL_SPINE_SPLIT,0.174
21.4,41.8,894.5,1.953,3,2,3,1,East,False,CENTRAL_SPINE_SPLIT,0.17
64.7,140.0,9058.0,2.164,1,4,5,1,South,False,CENTRAL_SPINE_SPLIT,0.169
56.3,39.8,2240.7,0.707,1,2,4,1,South,True,WRAP_AROUND_OPEN_PLAN,0.147
47.4,106.3,5038.6,2.243,2,4,6,3,West,True,CENTRAL_SPINE_SPLIT,0.169
63.1,65.3,4120.4,1.035,2,4,5,2,East,True,L_SHAPED_COURTYARD,0.176
30.6,45.8,1401.5,1.497,2,3,4,1,North,True,WRAP_AROUND_OPEN_PLAN,0.134
22.3,50.7,1130.6,2.274,2,2,5,1,South,True,CENTRAL_SPINE_SPLIT,0.166
47.2,72.8,3436.2,1.542,2,5,8,2,North,True,VILLA_PERIMETER,0.182
50.3,58.1,2922.4,1.155,2,3,3,2,North,True,L_SHAPED_COURTYARD,0.187
21.5,54.8,1178.2,2.549,2,1,1,1,East,True,CENTRAL_SPINE_SPLIT,0.141
46.8,91.0,4258.8,1.944,2,5,9,3,South,True,CENTRAL_SPINE_SPLIT,0.166
38.5,60.3,2321.5,1.566,2,4,7,1,North,True,WRAP_AROUND_OPEN_PLAN,0.139
43.9,73.1,3209.1,1.665,2,4,5,2,East,False,VILLA_PERIMETER,0.206
59.1,85.9,5076.7,1.453,2,4,9,2,East,False,VILLA_PERIMETER,0.206
28.2,31.9,899.6,1.131,2,1,2,1,East,False,COMPACT_LINEAR,0.103
32.4,31.8,1030.3,0.981,3,2,2,1,East,True,COMPACT_LINEAR,0.112
32.9,50.2,1651.6,1.526,2,3,5,1,North,True,WRAP_AROUND_OPEN_PLAN,0.153
52.6,123.1,6475.1,2.34,2,5,10,3,South,True,CENTRAL_SPINE_SPLIT,0.153
28.1,75.1,2110.3,2.673,2,3,6,1,West,True,CENTRAL_SPINE_SPLIT,0.168
27.6,55.6,1534.6,2.014,1,3,6,1,East,True,CENTRAL_SPINE_SPLIT,0.169
35.3,79.5,2806.3,2.252,2,4,5,1,North,True,CENTRAL_SPINE_SPLIT,0.157
19.2,22.0,422.4,1.146,2,1,2,0,North,True,COMPACT_LINEAR,0.101
38.1,85.0,3238.5,2.231,1,4,6,3,North,True,CENTRAL_SPINE_SPLIT,0.187
30.6,79.5,2432.7,2.598,2,4,6,2,North,True,CENTRAL_SPINE_SPLIT,0.152
54.5,93.9,5117.6,1.723,2,4,4,1,North,True,VILLA_PERIMETER,0.189
42.7,33.7,1439.0,0.789,1,2,2,1,South,True,WRAP_AROUND_OPEN_PLAN,0.144
36.3,60.3,2188.9,1.661,1,3,6,1,South,True,WRAP_AROUND_OPEN_PLAN,0.153
55.7,140.0,7798.0,2.513,2,4,6,3,North,False,CENTRAL_SPINE_SPLIT,0.167
22.2,56.5,1254.3,2.545,1,2,4,1,West,True,CENTRAL_SPINE_SPLIT,0.149
28.3,64.1,1814.0,2.265,1,2,4,1,West,True,L_SHAPED_COURTYARD,0.144
50.0,92.0,4600.0,1.84,2,6,9,1,East,False,CENTRAL_SPINE_SPLIT,0.148
31.2,33.0,1029.6,1.058,2,2,5,1,East,True,COMPACT_LINEAR,0.12
22.5,22.0,495.0,0.978,2,1,1,0,North,True,COMPACT_LINEAR,0.128
30.9,66.3,2048.7,2.146,1,3,5,1,North,True,CENTRAL_SPINE_SPLIT,0.17
30.0,67.5,2025.0,2.25,1,3,4,1,North,False,CENTRAL_SPINE_SPLIT,0.161
49.0,63.1,3091.9,1.288,1,4,7,3,North,True,L_SHAPED_COURTYARD,0.187
25.3,23.0,581.9,0.909,2,1,1,0,South,True,COMPACT_LINEAR,0.108
43.1,81.6,3517.0,1.893,2,4,5,2,North,True,CENTRAL_SPINE_SPLIT,0.167
54.6,55.9,3052.1,1.024,1,4,6,2,North,True,L_SHAPED_COURTYARD,0.164
49.8,123.0,6125.4,2.47,3,4,4,1,South,True,CENTRAL_SPINE_SPLIT,0.166
66.0,63.0,4158.0,0.955,2,5,9,3,North,True,L_SHAPED_COURTYARD,0.18
36.6,75.5,2763.3,2.063,2,5,8,3,West,True,CENTRAL_SPINE_SPLIT,0.159
55.3,59.6,3295.9,1.078,2,4,6,2,West,True,VILLA_PERIMETER,0.185
53.3,140.0,7462.0,2.627,2,5,7,2,East,False,CENTRAL_SPINE_SPLIT,0.172
60.1,48.2,2896.8,0.802,1,4,7,1,North,True,L_SHAPED_COURTYARD,0.183
55.5,140.0,7770.0,2.523,2,6,10,3,South,True,COMPACT_LINEAR,0.14
65.1,140.0,9114.0,2.151,3,6,10,2,East,True,WRAP_AROUND_OPEN_PLAN,0.192
18.2,50.1,911.8,2.753,2,2,5,1,North,False,CENTRAL_SPINE_SPLIT,0.167
32.2,25.4,817.9,0.789,2,2,4,1,South,False,COMPACT_LINEAR,0.107
43.8,89.4,3915.7,2.041,2,6,10,2,North,True,CENTRAL_SPINE_SPLIT,0.156
19.8,38.2,756.4,1.929,3,2,2,1,South,True,CENTRAL_SPINE_SPLIT,0.148
54.6,125.2,6835.9,2.293,3,6,9,1,East,True,CENTRAL_SPINE_SPLIT,0.16
45.2,106.1,4795.7,2.347,2,6,9,2,North,True,CENTRAL_SPINE_SPLIT,0.182
30.1,32.0,963.2,1.063,2,2,4,1,West,True,COMPACT_LINEAR,0.092
70.9,63.4,4495.1,0.894,2,4,4,2,East,True,L_SHAPED_COURTYARD,0.202
31.2,81.9,2555.3,2.625,1,3,5,2,West,False,CENTRAL_SPINE_SPLIT,0.17
50.7,138.5,7022.0,2.732,2,6,8,2,North,True,CENTRAL_SPINE_SPLIT,0.17
47.1,55.8,2628.2,1.185,2,4,7,2,East,False,L_SHAPED_COURTYARD,0.178
56.8,75.1,4265.7,1.322,2,4,6,3,West,True,VILLA_PERIMETER,0.205
54.7,97.8,5349.7,1.788,3,4,6,2,North,True,CENTRAL_SPINE_SPLIT,0.179
69.1,97.3,6723.4,1.408,2,5,7,2,East,True,VILLA_PERIMETER,0.198
29.8,42.6,1269.5,1.43,1,2,4,1,North,True,WRAP_AROUND_OPEN_PLAN,0.135
53.6,118.2,6335.5,2.205,1,5,9,1,South,False,CENTRAL_SPINE_SPLIT,0.177
44.3,73.9,3273.8,1.668,3,5,7,1,North,True,VILLA_PERIMETER,0.216
73.0,120.6,8803.8,1.652,2,5,7,2,West,True,VILLA_PERIMETER,0.186
48.9,59.1,2890.0,1.209,1,3,4,2,West,True,WRAP_AROUND_OPEN_PLAN,0.14
24.8,42.0,1041.6,1.694,2,2,3,1,East,True,COMPACT_LINEAR,0.094
31.2,46.6,1453.9,1.494,2,3,4,1,East,False,WRAP_AROUND_OPEN_PLAN,0.139
66.8,119.3,7969.2,1.786,1,4,6,2,East,False,CENTRAL_SPINE_SPLIT,0.186
42.3,55.1,2330.7,1.303,2,3,4,1,North,True,L_SHAPED_COURTYARD,0.172
59.8,104.4,6243.1,1.746,2,4,10,1,West,True,VILLA_PERIMETER,0.207
58.6,122.7,7190.2,2.094,2,6,9,2,East,False,CENTRAL_SPINE_SPLIT,0.159
71.2,140.0,9968.0,1.966,1,5,7,2,North,True,CENTRAL_SPINE_SPLIT,0.148
18.2,26.3,478.7,1.445,2,1,3,0,North,False,COMPACT_LINEAR,0.104
44.1,81.8,3607.4,1.855,1,4,6,2,South,True,CENTRAL_SPINE_SPLIT,0.164
39.4,103.4,4074.0,2.624,2,4,5,1,North,True,CENTRAL_SPINE_SPLIT,0.174
50.6,85.6,4331.4,1.692,2,5,7,2,West,True,VILLA_PERIMETER,0.215
31.2,36.4,1135.7,1.167,1,2,4,1,East,True,COMPACT_LINEAR,0.107
59.9,54.9,3288.5,0.917,3,4,8,3,East,True,L_SHAPED_COURTYARD,0.172
62.9,140.0,8806.0,2.226,1,5,6,2,South,False,CENTRAL_SPINE_SPLIT,0.152
61.9,140.0,8666.0,2.262,3,6,9,2,North,False,CENTRAL_SPINE_SPLIT,0.151
39.8,33.6,1337.3,0.844,2,3,4,1,East,True,WRAP_AROUND_OPEN_PLAN,0.155
35.2,29.6,1041.9,0.841,2,1,1,1,North,False,COMPACT_LINEAR,0.106
46.6,93.6,4361.8,2.009,2,4,4,3,East,True,CENTRAL_SPINE_SPLIT,0.148
33.1,38.8,1284.3,1.172,1,2,6,1,West,True,WRAP_AROUND_OPEN_PLAN,0.131
29.1,65.3,1900.2,2.244,2,3,3,1,North,True,CENTRAL_SPINE_SPLIT,0.169
28.5,51.2,1459.2,1.796,1,3,3,1,East,False,CENTRAL_SPINE_SPLIT,0.166
39.1,73.9,2889.5,1.89,1,4,8,2,South,True,CENTRAL_SPINE_SPLIT,0.164
40.0,52.8,2112.0,1.32,1,2,2,1,East,True,COMPACT_LINEAR,0.175
39.9,100.7,4017.9,2.524,3,4,5,2,South,False,CENTRAL_SPINE_SPLIT,0.156
56.1,75.6,4241.2,1.348,2,4,8,2,West,True,VILLA_PERIMETER,0.213
24.7,22.0,543.4,0.891,1,1,5,0,East,True,COMPACT_LINEAR,0.142
68.1,64.6,4399.3,0.949,2,4,6,2,North,True,L_SHAPED_COURTYARD,0.164
19.2,29.4,564.5,1.531,2,2,2,0,North,True,COMPACT_LINEAR,0.101
22.9,30.1,689.3,1.314,2,1,2,0,East,True,COMPACT_LINEAR,0.109
33.7,80.0,2696.0,2.374,2,5,8,2,East,False,CENTRAL_SPINE_SPLIT,0.179
62.9,106.8,6717.7,1.698,2,4,9,1,East,True,VILLA_PERIMETER,0.201
31.7,51.1,1619.9,1.612,2,3,3,1,North,True,WRAP_AROUND_OPEN_PLAN,0.139
74.4,135.5,10081.2,1.821,2,4,7,2,West,True,CENTRAL_SPINE_SPLIT,0.153
22.2,31.8,706.0,1.432,2,2,3,1,North,True,COMPACT_LINEAR,0.096
35.6,40.4,1438.2,1.135,1,3,5,1,South,True,WRAP_AROUND_OPEN_PLAN,0.15
57.1,96.0,5481.6,1.681,3,4,6,2,South,True,VILLA_PERIMETER,0.204
44.0,106.4,4681.6,2.418,2,4,6,1,East,True,CENTRAL_SPINE_SPLIT,0.164
39.5,60.2,2377.9,1.524,2,4,7,3,North,True,WRAP_AROUND_OPEN_PLAN,0.111
72.6,77.8,5648.3,1.072,2,4,6,1,North,True,L_SHAPED_COURTYARD,0.175
42.3,61.3,2593.0,1.449,2,5,6,1,South,True,VILLA_PERIMETER,0.182
27.2,36.8,1001.0,1.353,1,2,3,1,East,True,COMPACT_LINEAR,0.111
60.7,125.5,7617.9,2.068,1,5,7,2,West,True,CENTRAL_SPINE_SPLIT,0.165
23.1,39.3,907.8,1.701,2,1,3,1,North,False,COMPACT_LINEAR,0.1
20.0,30.6,612.0,1.53,1,2,4,0,North,True,COMPACT_LINEAR,0.105
44.2,55.6,2457.5,1.258,2,4,6,3,North,True,L_SHAPED_COURTYARD,0.199
53.4,42.6,2274.8,0.798,1,3,6,2,North,True,WRAP_AROUND_OPEN_PLAN,0.147
32.2,54.0,1738.8,1.677,2,4,5,1,East,False,WRAP_AROUND_OPEN_PLAN,0.132
35.3,72.0,2541.6,2.04,2,4,7,2,North,True,CENTRAL_SPINE_SPLIT,0.148
37.9,103.4,3918.9,2.728,2,4,6,2,East,False,CENTRAL_SPINE_SPLIT,0.153
51.8,135.5,7018.9,2.616,2,5,7,2,North,True,CENTRAL_SPINE_SPLIT,0.146
51.4,62.2,3197.1,1.21,2,3,4,2,North,False,L_SHAPED_COURTYARD,0.194
74.9,140.0,10486.0,1.869,1,5,6,3,East,False,CENTRAL_SPINE_SPLIT,0.161
47.8,85.6,4091.7,1.791,2,4,7,2,West,False,CENTRAL_SPINE_SPLIT,0.162
37.8,77.2,2918.2,2.042,1,4,6,3,East,True,CENTRAL_SPINE_SPLIT,0.157
42.5,37.9,1610.8,0.892,2,4,7,1,North,False,L_SHAPED_COURTYARD,0.205
26.5,73.2,1939.8,2.762,1,3,4,1,East,True,CENTRAL_SPINE_SPLIT,0.163
49.5,125.5,6212.2,2.535,2,5,8,2,North,False,CENTRAL_SPINE_SPLIT,0.171
62.2,140.0,8708.0,2.251,3,4,5,2,East,True,L_SHAPED_COURTYARD,0.16
40.8,42.9,1750.3,1.051,1,3,5,1,East,True,L_SHAPED_COURTYARD,0.179
41.4,49.2,2036.9,1.188,2,3,7,1,South,True,WRAP_AROUND_OPEN_PLAN,0.142
72.8,109.9,8000.7,1.51,3,6,10,1,West,True,VILLA_PERIMETER,0.215
36.8,59.0,2171.2,1.603,3,3,5,1,East,True,WRAP_AROUND_OPEN_PLAN,0.14
58.8,47.4,2787.1,0.806,1,4,8,2,North,True,L_SHAPED_COURTYARD,0.175
22.0,42.4,932.8,1.927,1,2,2,1,North,True,CENTRAL_SPINE_SPLIT,0.139
41.7,99.0,4128.3,2.374,2,4,4,2,East,True,CENTRAL_SPINE_SPLIT,0.161
63.7,140.0,8918.0,2.198,3,5,8,1,North,True,CENTRAL_SPINE_SPLIT,0.16
41.5,87.4,3627.1,2.106,2,4,5,2,East,True,CENTRAL_SPINE_SPLIT,0.142
55.6,102.7,5710.1,1.847,1,5,9,3,East,True,CENTRAL_SPINE_SPLIT,0.155
31.7,43.2,1369.4,1.363,2,3,6,1,East,True,WRAP_AROUND_OPEN_PLAN,0.159
54.1,110.2,5961.8,2.037,2,5,7,2,South,False,CENTRAL_SPINE_SPLIT,0.178
56.5,108.0,6102.0,1.912,1,4,6,1,West,True,CENTRAL_SPINE_SPLIT,0.165
51.7,94.2,4870.1,1.822,2,6,8,2,North,True,CENTRAL_SPINE_SPLIT,0.166
19.4,37.2,721.7,1.918,2,2,4,1,East,True,WRAP_AROUND_OPEN_PLAN,0.164
24.0,38.5,924.0,1.604,2,2,5,1,North,True,CENTRAL_SPINE_SPLIT,0.098
58.2,121.8,7088.8,2.093,2,4,5,3,East,True,CENTRAL_SPINE_SPLIT,0.158
64.7,140.0,9058.0,2.164,3,6,9,1,East,True,CENTRAL_SPINE_SPLIT,0.164
48.4,114.6,5546.6,2.368,2,4,7,1,West,False,CENTRAL_SPINE_SPLIT,0.161
62.9,124.0,7799.6,1.971,1,4,7,1,East,True,CENTRAL_SPINE_SPLIT,0.168
48.3,62.4,3013.9,1.292,1,3,4,2,North,True,L_SHAPED_COURTYARD,0.181
25.9,28.1,727.8,1.085,2,2,5,1,South,True,COMPACT_LINEAR,0.102
49.7,37.9,1883.6,0.763,1,3,6,1,North,True,WRAP_AROUND_OPEN_PLAN,0.157
57.9,111.5,6455.8,1.926,2,4,5,3,East,True,CENTRAL_SPINE_SPLIT,0.178
43.1,95.7,4124.7,2.22,2,6,10,1,North,True,CENTRAL_SPINE_SPLIT,0.158
71.5,83.1,5941.6,1.162,2,6,9,1,North,True,L_SHAPED_COURTYARD,0.185
61.8,72.2,4462.0,1.168,2,6,8,3,East,False,L_SHAPED_COURTYARD,0.188
25.2,22.8,574.6,0.905,3,1,1,0,East,True,COMPACT_LINEAR,0.124
45.8,52.8,2418.2,1.153,3,4,6,3,West,False,WRAP_AROUND_OPEN_PLAN,0.154
30.0,23.5,705.0,0.783,3,1,4,1,South,True,COMPACT_LINEAR,0.109
50.1,72.5,3632.2,1.447,1,3,6,2,East,True,WRAP_AROUND_OPEN_PLAN,0.157
74.2,140.0,10388.0,1.887,2,5,7,2,South,True,CENTRAL_SPINE_SPLIT,0.154
70.2,140.0,9828.0,1.994,2,5,8,3,West,False,VILLA_PERIMETER,0.155
73.8,140.0,10332.0,1.897,1,4,5,2,East,False,CENTRAL_SPINE_SPLIT,0.142
66.4,59.5,3950.8,0.896,2,4,6,3,North,True,L_SHAPED_COURTYARD,0.173
20.6,38.5,793.1,1.869,2,2,5,1,East,True,CENTRAL_SPINE_SPLIT,0.163
46.6,105.6,4921.0,2.266,1,5,7,2,West,False,CENTRAL_SPINE_SPLIT,0.193
44.0,78.4,3449.6,1.782,3,4,5,2,East,True,CENTRAL_SPINE_SPLIT,0.171
28.1,22.0,618.2,0.783,2,1,3,0,North,True,COMPACT_LINEAR,0.107
28.8,76.9,2214.7,2.67,1,2,3,1,North,True,CENTRAL_SPINE_SPLIT,0.168
44.6,109.6,4888.2,2.457,1,6,8,2,South,False,CENTRAL_SPINE_SPLIT,0.151
23.7,47.7,1130.5,2.013,1,1,2,1,East,True,CENTRAL_SPINE_SPLIT,0.155
74.4,118.0,8779.2,1.586,1,4,7,2,West,True,WRAP_AROUND_OPEN_PLAN,0.141
46.5,100.7,4682.6,2.166,3,4,6,2,East,True,CENTRAL_SPINE_SPLIT,0.155
45.6,97.7,4455.1,2.143,2,5,7,1,North,True,CENTRAL_SPINE_SPLIT,0.168
62.4,140.0,8736.0,2.244,2,4,5,2,North,True,CENTRAL_SPINE_SPLIT,0.156
64.2,63.8,4096.0,0.994,3,5,8,2,South,True,VILLA_PERIMETER,0.207
54.0,128.1,6917.4,2.372,1,5,6,2,North,True,CENTRAL_SPINE_SPLIT,0.165
48.9,35.2,1721.3,0.72,1,3,2,1,West,True,WRAP_AROUND_OPEN_PLAN,0.133
66.5,140.0,9310.0,2.105,2,4,6,1,East,True,CENTRAL_SPINE_SPLIT,0.153
47.7,130.7,6234.4,2.74,2,5,7,2,East,True,VILLA_PERIMETER,0.156
35.1,42.0,1474.2,1.197,2,4,8,1,West,True,WRAP_AROUND_OPEN_PLAN,0.128
29.4,74.3,2184.4,2.527,1,3,8,1,East,True,CENTRAL_SPINE_SPLIT,0.17
73.0,96.7,7059.1,1.325,2,4,6,1,East,True,L_SHAPED_COURTYARD,0.197
66.1,74.8,4944.3,1.132,1,6,9,2,East,True,COMPACT_LINEAR,0.186
64.8,108.7,7043.8,1.677,3,4,7,2,South,True,VILLA_PERIMETER,0.193
23.1,23.2,535.9,1.004,3,1,3,0,East,True,COMPACT_LINEAR,0.105
36.3,52.2,1894.9,1.438,1,3,3,1,South,True,WRAP_AROUND_OPEN_PLAN,0.147
51.0,60.0,3060.0,1.176,2,3,7,2,East,False,CENTRAL_SPINE_SPLIT,0.186
36.2,58.1,2103.2,1.605,3,2,3,1,South,False,WRAP_AROUND_OPEN_PLAN,0.14
58.0,57.6,3340.8,0.993,2,4,7,1,North,False,L_SHAPED_COURTYARD,0.182
18.1,26.1,472.4,1.442,1,2,7,0,North,True,COMPACT_LINEAR,0.122
24.1,41.5,1000.2,1.722,1,2,7,1,East,True,COMPACT_LINEAR,0.118
50.5,139.6,7049.8,2.764,3,4,7,1,North,True,CENTRAL_SPINE_SPLIT,0.167
73.9,68.1,5032.6,0.922,1,5,6,1,North,False,L_SHAPED_COURTYARD,0.188
31.1,22.3,693.5,0.717,2,2,5,0,North,True,COMPACT_LINEAR,0.126
40.9,77.5,3169.8,1.895,1,4,6,1,West,False,CENTRAL_SPINE_SPLIT,0.163
32.5,56.0,1820.0,1.723,2,3,5,1,South,True,WRAP_AROUND_OPEN_PLAN,0.135
60.2,100.5,6050.1,1.669,2,6,9,2,South,True,VILLA_PERIMETER,0.195
49.7,113.7,5650.9,2.288,2,4,7,2,West,True,CENTRAL_SPINE_SPLIT,0.153
24.8,25.7,637.4,1.036,3,1,3,0,North,False,COMPACT_LINEAR,0.109
70.0,57.3,4011.0,0.819,2,6,9,2,East,False,L_SHAPED_COURTYARD,0.157
59.1,52.3,3090.9,0.885,2,4,6,2,North,True,L_SHAPED_COURTYARD,0.191
35.3,43.5,1535.5,1.232,2,2,4,1,South,True,WRAP_AROUND_OPEN_PLAN,0.175
55.8,97.9,5462.8,1.754,3,4,5,3,West,True,CENTRAL_SPINE_SPLIT,0.178
70.2,77.1,5412.4,1.098,2,4,7,2,West,True,VILLA_PERIMETER,0.202
52.4,140.0,7336.0,2.672,1,5,7,2,North,False,CENTRAL_SPINE_SPLIT,0.151
56.2,47.3,2658.3,0.842,2,3,5,3,East,True,L_SHAPED_COURTYARD,0.192
55.5,90.5,5022.8,1.631,2,4,7,1,North,True,VILLA_PERIMETER,0.199
53.9,140.0,7546.0,2.597,2,5,7,2,East,False,CENTRAL_SPINE_SPLIT,0.143
48.0,35.4,1699.2,0.737,1,2,3,1,North,True,WRAP_AROUND_OPEN_PLAN,0.133
52.0,87.9,4570.8,1.69,3,4,6,1,North,True,VILLA_PERIMETER,0.176
33.4,62.8,2097.5,1.88,1,3,3,1,North,False,CENTRAL_SPINE_SPLIT,0.161
64.1,94.5,6057.4,1.474,2,6,10,3,West,True,VILLA_PERIMETER,0.183
50.1,114.6,5741.5,2.287,2,6,10,2,West,True,CENTRAL_SPINE_SPLIT,0.187
44.0,50.0,2200.0,1.136,3,3,6,1,West,True,WRAP_AROUND_OPEN_PLAN,0.144
59.7,140.0,8358.0,2.345,2,6,9,2,East,False,CENTRAL_SPINE_SPLIT,0.148
40.6,38.1,1546.9,0.938,1,3,6,1,South,True,WRAP_AROUND_OPEN_PLAN,0.136
46.1,116.8,5384.5,2.534,1,5,7,2,North,True,WRAP_AROUND_OPEN_PLAN,0.168
54.8,66.5,3644.2,1.214,1,5,7,2,East,True,L_SHAPED_COURTYARD,0.19
48.2,119.4,5755.1,2.477,1,6,10,2,West,True,CENTRAL_SPINE_SPLIT,0.146
56.1,64.9,3640.9,1.157,1,4,9,1,North,False,L_SHAPED_COURTYARD,0.174
70.8,140.0,9912.0,1.977,1,4,7,3,East,True,CENTRAL_SPINE_SPLIT,0.176
25.5,34.3,874.6,1.345,2,2,4,1,South,False,COMPACT_LINEAR,0.1
73.2,103.9,7605.5,1.419,2,4,6,1,South,False,VILLA_PERIMETER,0.187
74.6,88.1,6572.3,1.181,2,4,7,2,North,True,L_SHAPED_COURTYARD,0.188
37.9,103.9,3937.8,2.741,2,6,9,1,South,True,CENTRAL_SPINE_SPLIT,0.179
34.8,92.6,3222.5,2.661,2,4,8,2,East,True,CENTRAL_SPINE_SPLIT,0.15
40.6,44.5,1806.7,1.096,1,3,3,1,South,False,WRAP_AROUND_OPEN_PLAN,0.129
63.9,128.1,8185.6,2.005,2,4,7,1,West,False,CENTRAL_SPINE_SPLIT,0.173
21.6,33.2,717.1,1.537,2,1,4,1,North,True,COMPACT_LINEAR,0.112
38.2,102.7,3923.1,2.688,2,5,7,1,South,True,CENTRAL_SPINE_SPLIT,0.143
22.6,24.8,560.5,1.097,3,1,1,0,West,False,COMPACT_LINEAR,0.099
35.9,42.0,1507.8,1.17,2,4,6,1,East,True,L_SHAPED_COURTYARD,0.181
23.3,49.9,1162.7,2.142,1,2,4,1,East,False,CENTRAL_SPINE_SPLIT,0.158
61.1,64.7,3953.2,1.059,3,5,7,1,East,True,L_SHAPED_COURTYARD,0.168
69.6,140.0,9744.0,2.011,2,4,7,1,West,False,CENTRAL_SPINE_SPLIT,0.168
26.2,26.2,686.4,1.0,1,1,2,0,East,False,COMPACT_LINEAR,0.1
43.1,115.4,4973.7,2.677,2,5,8,2,East,True,CENTRAL_SPINE_SPLIT,0.144
35.2,79.1,2784.3,2.247,1,3,5,1,South,True,CENTRAL_SPINE_SPLIT,0.162
28.0,57.8,1618.4,2.064,1,3,4,1,North,True,CENTRAL_SPINE_SPLIT,0.181
31.1,71.2,2214.3,2.289,2,3,4,3,North,True,CENTRAL_SPINE_SPLIT,0.155
61.8,93.8,5796.8,1.518,2,6,10,1,South,False,VILLA_PERIMETER,0.208
41.6,64.5,2683.2,1.55,2,4,7,2,North,True,VILLA_PERIMETER,0.21
37.5,76.6,2872.5,2.043,2,5,8,2,South,True,WRAP_AROUND_OPEN_PLAN,0.153
55.3,42.6,2355.8,0.77,2,3,7,1,South,False,WRAP_AROUND_OPEN_PLAN,0.121
69.4,140.0,9716.0,2.017,3,6,9,2,South,True,CENTRAL_SPINE_SPLIT,0.154
43.2,98.9,4272.5,2.289,2,4,5,2,South,True,CENTRAL_SPINE_SPLIT,0.147
39.1,107.2,4191.5,2.742,3,4,5,2,North,True,CENTRAL_SPINE_SPLIT,0.18
69.1,71.9,4968.3,1.041,2,5,7,2,East,False,L_SHAPED_COURTYARD,0.165
50.1,115.2,5771.5,2.299,1,5,9,2,South,False,CENTRAL_SPINE_SPLIT,0.161
67.0,90.7,6076.9,1.354,2,4,5,3,South,True,VILLA_PERIMETER,0.208
57.5,94.9,5456.8,1.65,3,4,5,2,East,True,VILLA_PERIMETER,0.198
56.2,116.1,6524.8,2.066,3,5,8,2,East,True,L_SHAPED_COURTYARD,0.14
58.0,65.1,3775.8,1.122,3,3,3,3,South,True,WRAP_AROUND_OPEN_PLAN,0.157
40.6,101.7,4129.0,2.505,2,4,5,2,South,True,CENTRAL_SPINE_SPLIT,0.167
56.9,121.1,6890.6,2.128,2,5,10,2,East,True,CENTRAL_SPINE_SPLIT,0.164
30.0,37.4,1122.0,1.247,2,3,3,1,North,False,WRAP_AROUND_OPEN_PLAN,0.144
24.3,57.7,1402.1,2.374,1,3,6,1,East,True,CENTRAL_SPINE_SPLIT,0.177
36.2,50.4,1824.5,1.392,1,3,2,1,East,True,WRAP_AROUND_OPEN_PLAN,0.13
30.0,41.5,1245.0,1.383,1,1,2,1,East,False,WRAP_AROUND_OPEN_PLAN,0.139
64.8,61.5,3985.2,0.949,2,5,7,2,West,False,VILLA_PERIMETER,0.197
48.4,123.7,5987.1,2.556,1,5,7,1,North,True,CENTRAL_SPINE_SPLIT,0.169
32.8,73.0,2394.4,2.226,3,3,7,2,North,True,CENTRAL_SPINE_SPLIT,0.165
19.1,25.3,483.2,1.325,1,1,2,0,East,False,COMPACT_LINEAR,0.097
45.1,68.0,3066.8,1.508,1,3,5,2,East,True,WRAP_AROUND_OPEN_PLAN,0.157
43.3,68.9,2983.4,1.591,3,4,6,2,East,True,VILLA_PERIMETER,0.196
71.6,74.7,5348.5,1.043,2,6,10,1,West,True,VILLA_PERIMETER,0.197
74.7,133.5,9972.5,1.787,1,4,5,3,North,False,CENTRAL_SPINE_SPLIT,0.156
27.9,47.4,1322.5,1.699,1,3,4,1,East,True,WRAP_AROUND_OPEN_PLAN,0.14
64.5,76.4,4927.8,1.184,2,4,6,1,North,True,L_SHAPED_COURTYARD,0.185
42.2,87.6,3696.7,2.076,1,4,7,2,West,True,CENTRAL_SPINE_SPLIT,0.156
29.0,62.6,1815.4,2.159,2,3,6,1,North,False,CENTRAL_SPINE_SPLIT,0.171
40.3,73.7,2970.1,1.829,1,4,4,2,North,True,CENTRAL_SPINE_SPLIT,0.149
39.3,101.3,3981.1,2.578,2,4,7,1,North,True,CENTRAL_SPINE_SPLIT,0.152
50.5,50.1,2530.1,0.992,1,4,7,2,East,True,L_SHAPED_COURTYARD,0.176
32.7,44.0,1438.8,1.346,1,3,6,1,North,False,WRAP_AROUND_OPEN_PLAN,0.144
37.9,75.1,2846.3,1.982,1,4,7,1,East,True,CENTRAL_SPINE_SPLIT,0.161
56.4,83.3,4698.1,1.477,3,4,4,2,East,True,VILLA_PERIMETER,0.215
69.9,105.8,7395.4,1.514,2,4,6,2,West,True,VILLA_PERIMETER,0.203
41.4,86.2,3568.7,2.082,2,4,6,2,East,True,CENTRAL_SPINE_SPLIT,0.165
46.4,68.2,3164.5,1.47,2,4,8,2,North,False,VILLA_PERIMETER,0.19
46.4,83.8,3888.3,1.806,2,5,8,3,East,False,CENTRAL_SPINE_SPLIT,0.147
33.5,83.3,2790.5,2.487,2,4,7,2,North,True,CENTRAL_SPINE_SPLIT,0.153
18.7,38.1,712.5,2.037,2,2,3,1,North,True,CENTRAL_SPINE_SPLIT,0.173
70.9,70.7,5012.6,0.997,1,4,6,2,North,False,L_SHAPED_COURTYARD,0.199
71.8,62.1,4458.8,0.865,2,5,7,3,North,True,L_SHAPED_COURTYARD,0.181
48.9,112.9,5520.8,2.309,2,4,3,3,West,True,VILLA_PERIMETER,0.169
21.8,33.3,725.9,1.528,2,2,4,1,East,True,COMPACT_LINEAR,0.123
64.0,49.7,3180.8,0.777,2,3,5,1,East,True,WRAP_AROUND_OPEN_PLAN,0.161
34.7,41.9,1453.9,1.207,2,3,3,1,South,True,WRAP_AROUND_OPEN_PLAN,0.132
49.5,45.5,2252.2,0.919,3,3,3,2,North,True,L_SHAPED_COURTYARD,0.189
34.7,85.4,2963.4,2.461,1,4,6,2,East,False,CENTRAL_SPINE_SPLIT,0.175
18.5,34.3,634.5,1.854,2,1,2,0,North,False,CENTRAL_SPINE_SPLIT,0.15
22.2,54.5,1209.9,2.455,1,2,4,1,South,True,CENTRAL_SPINE_SPLIT,0.155
32.6,86.9,2832.9,2.666,3,4,7,3,West,True,CENTRAL_SPINE_SPLIT,0.165
58.6,48.6,2848.0,0.829,2,5,7,2,East,True,L_SHAPED_COURTYARD,0.167
54.1,140.0,7574.0,2.588,2,4,6,2,East,True,CENTRAL_SPINE_SPLIT,0.161
70.3,51.1,3592.3,0.727,3,4,6,2,North,True,VILLA_PERIMETER,0.21
18.9,48.3,912.9,2.556,1,2,4,1,North,False,CENTRAL_SPINE_SPLIT,0.143
72.8,140.0,10192.0,1.923,2,6,10,1,North,False,CENTRAL_SPINE_SPLIT,0.156
50.9,87.2,4438.5,1.713,2,5,8,2,North,False,VILLA_PERIMETER,0.199
58.5,112.2,6563.7,1.918,1,5,7,2,North,True,CENTRAL_SPINE_SPLIT,0.156
30.2,74.9,2262.0,2.48,3,4,6,2,East,True,CENTRAL_SPINE_SPLIT,0.17
37.5,43.5,1631.2,1.16,3,3,4,1,North,False,L_SHAPED_COURTYARD,0.185
65.0,140.0,9100.0,2.154,2,5,7,2,West,True,CENTRAL_SPINE_SPLIT,0.155
53.8,72.0,3873.6,1.338,1,6,10,3,East,True,L_SHAPED_COURTYARD,0.173
72.9,72.3,5270.7,0.992,1,4,4,1,East,True,L_SHAPED_COURTYARD,0.188
50.0,77.3,3865.0,1.546,3,4,6,2,North,False,VILLA_PERIMETER,0.208
23.1,57.6,1330.6,2.494,1,3,4,1,West,True,CENTRAL_SPINE_SPLIT,0.157
47.1,87.9,4140.1,1.866,2,4,5,2,North,True,CENTRAL_SPINE_SPLIT,0.171
24.6,49.0,1205.4,1.992,2,2,4,1,East,True,CENTRAL_SPINE_SPLIT,0.138
25.8,70.4,1816.3,2.729,2,4,6,1,North,True,CENTRAL_SPINE_SPLIT,0.17
27.2,55.8,1517.8,2.051,3,4,5,1,North,True,CENTRAL_SPINE_SPLIT,0.155
51.2,134.7,6896.6,2.631,2,5,7,1,North,True,CENTRAL_SPINE_SPLIT,0.155
30.4,68.0,2067.2,2.237,2,3,6,1,West,True,CENTRAL_SPINE_SPLIT,0.171
23.4,45.5,1064.7,1.944,1,2,4,1,East,True,CENTRAL_SPINE_SPLIT,0.148
69.0,140.0,9660.0,2.029,3,4,6,1,West,True,CENTRAL_SPINE_SPLIT,0.152
70.2,135.0,9477.0,1.923,1,5,8,2,East,False,CENTRAL_SPINE_SPLIT,0.159
36.7,49.5,1816.7,1.349,1,2,4,1,West,False,WRAP_AROUND_OPEN_PLAN,0.15
72.0,140.0,10080.0,1.944,2,6,10,2,South,True,CENTRAL_SPINE_SPLIT,0.172
26.5,44.1,1168.7,1.664,2,3,4,1,North,True,WRAP_AROUND_OPEN_PLAN,0.146
24.1,64.2,1547.2,2.664,1,3,4,1,North,True,CENTRAL_SPINE_SPLIT,0.141
63.9,140.0,8946.0,2.191,2,5,8,2,East,True,CENTRAL_SPINE_SPLIT,0.145
36.5,69.4,2533.1,1.901,2,4,6,3,South,True,CENTRAL_SPINE_SPLIT,0.163
47.5,55.2,2622.0,1.162,3,4,6,1,West,True,VILLA_PERIMETER,0.176
45.3,35.8,1621.7,0.79,1,3,8,1,East,True,WRAP_AROUND_OPEN_PLAN,0.135
56.5,84.2,4757.3,1.49,2,5,9,2,West,False,VILLA_PERIMETER,0.201
60.1,126.1,7578.6,2.098,2,5,7,1,East,True,CENTRAL_SPINE_SPLIT,0.174
55.9,128.2,7166.4,2.293,2,4,7,2,North,True,CENTRAL_SPINE_SPLIT,0.179
58.1,109.3,6350.3,1.881,2,5,8,2,South,False,COMPACT_LINEAR,0.153
35.2,92.7,3263.0,2.634,2,4,9,1,North,True,CENTRAL_SPINE_SPLIT,0.162
37.6,58.1,2184.6,1.545,2,3,4,1,East,True,WRAP_AROUND_OPEN_PLAN,0.16
32.7,76.5,2501.6,2.339,2,5,8,2,West,True,CENTRAL_SPINE_SPLIT,0.148
39.1,60.0,2346.0,1.535,1,2,3,1,East,True,WRAP_AROUND_OPEN_PLAN,0.136
52.9,129.4,6845.3,2.446,1,5,9,2,East,True,CENTRAL_SPINE_SPLIT,0.172
64.7,139.3,9012.7,2.153,2,4,7,3,North,True,CENTRAL_SPINE_SPLIT,0.18
58.1,87.7,5095.4,1.509,2,4,7,1,East,True,VILLA_PERIMETER,0.197
58.8,61.6,3622.1,1.048,1,4,6,1,North,True,L_SHAPED_COURTYARD,0.209
22.9,53.2,1218.3,2.323,2,2,2,1,North,True,COMPACT_LINEAR,0.163
58.0,106.2,6159.6,1.831,2,4,8,2,West,True,CENTRAL_SPINE_SPLIT,0.184
20.2,22.0,444.4,1.089,2,1,2,0,East,True,COMPACT_LINEAR,0.111
50.4,116.9,5891.8,2.319,3,6,6,2,South,True,CENTRAL_SPINE_SPLIT,0.165
31.3,39.6,1239.5,1.265,1,1,2,1,East,True,WRAP_AROUND_OPEN_PLAN,0.121
26.4,65.6,1731.8,2.485,3,3,6,1,North,True,CENTRAL_SPINE_SPLIT,0.15
56.2,114.4,6429.3,2.036,2,6,7,2,North,False,CENTRAL_SPINE_SPLIT,0.155
47.9,93.5,4478.6,1.952,2,4,6,2,South,True,CENTRAL_SPINE_SPLIT,0.163
47.6,72.5,3451.0,1.523,3,4,7,2,North,True,VILLA_PERIMETER,0.193
38.4,48.7,1870.1,1.268,1,3,3,1,East,True,L_SHAPED_COURTYARD,0.169
27.7,40.9,1132.9,1.477,1,2,3,1,North,True,COMPACT_LINEAR,0.129
71.9,140.0,10066.0,1.947,2,5,8,3,South,True,CENTRAL_SPINE_SPLIT,0.17
48.0,101.0,4848.0,2.104,2,4,4,2,East,True,CENTRAL_SPINE_SPLIT,0.147
58.0,118.7,6884.6,2.047,2,5,7,2,North,True,CENTRAL_SPINE_SPLIT,0.173
54.2,75.3,4081.3,1.389,2,4,8,2,West,True,VILLA_PERIMETER,0.188
19.9,53.7,1068.6,2.698,2,2,3,1,North,True,CENTRAL_SPINE_SPLIT,0.165
57.9,136.4,7897.6,2.356,3,5,6,2,East,True,CENTRAL_SPINE_SPLIT,0.163
20.3,25.0,507.5,1.232,1,2,6,0,West,False,COMPACT_LINEAR,0.103
52.4,131.9,6911.6,2.517,2,4,6,3,South,True,CENTRAL_SPINE_SPLIT,0.171
49.2,47.8,2351.8,0.972,2,2,6,2,East,True,L_SHAPED_COURTYARD,0.207
61.1,110.3,6739.3,1.805,2,4,8,2,East,True,CENTRAL_SPINE_SPLIT,0.174
56.1,128.1,7186.4,2.283,2,5,6,1,South,True,CENTRAL_SPINE_SPLIT,0.169
34.6,80.7,2792.2,2.332,2,4,6,1,East,True,CENTRAL_SPINE_SPLIT,0.184
29.2,37.6,1097.9,1.288,2,2,4,1,North,True,COMPACT_LINEAR,0.109
63.7,56.7,3611.8,0.89,2,4,6,2,North,True,L_SHAPED_COURTYARD,0.153
30.4,25.1,763.0,0.826,2,3,5,1,East,False,COMPACT_LINEAR,0.097
20.9,49.0,1024.1,2.344,2,2,3,1,South,False,CENTRAL_SPINE_SPLIT,0.165
23.8,53.2,1266.2,2.235,2,1,2,1,South,True,CENTRAL_SPINE_SPLIT,0.172
49.2,94.3,4639.6,1.917,2,5,9,3,North,True,CENTRAL_SPINE_SPLIT,0.155
55.6,84.0,4670.4,1.511,1,6,6,2,North,True,WRAP_AROUND_OPEN_PLAN,0.132
70.8,140.0,9912.0,1.977,3,4,4,1,South,True,CENTRAL_SPINE_SPLIT,0.138
31.8,70.7,2248.3,2.223,2,3,4,1,South,False,CENTRAL_SPINE_SPLIT,0.167
59.5,140.0,8330.0,2.353,2,6,10,3,East,True,CENTRAL_SPINE_SPLIT,0.162
38.7,95.4,3692.0,2.465,2,4,7,2,South,True,CENTRAL_SPINE_SPLIT,0.155
28.5,48.1,1370.9,1.688,2,3,5,1,North,True,WRAP_AROUND_OPEN_PLAN,0.139
39.1,103.3,4039.0,2.642,2,4,8,2,East,True,CENTRAL_SPINE_SPLIT,0.154
55.2,57.5,3174.0,1.042,2,5,9,2,North,True,L_SHAPED_COURTYARD,0.181
57.9,140.0,8106.0,2.418,2,4,9,1,East,True,L_SHAPED_COURTYARD,0.171
55.4,77.3,4282.4,1.395,3,5,6,2,South,False,VILLA_PERIMETER,0.205
42.1,82.4,3469.0,1.957,2,4,6,1,North,True,CENTRAL_SPINE_SPLIT,0.153
35.6,77.5,2759.0,2.177,1,4,5,1,South,True,CENTRAL_SPINE_SPLIT,0.163
27.4,64.1,1756.3,2.339,3,4,7,1,West,True,CENTRAL_SPINE_SPLIT,0.158
21.4,42.9,918.1,2.005,2,2,3,1,North,True,CENTRAL_SPINE_SPLIT,0.163
47.1,123.5,5816.9,2.622,3,4,8,2,North,True,CENTRAL_SPINE_SPLIT,0.167
62.5,74.0,4625.0,1.184,3,4,6,1,South,True,VILLA_PERIMETER,0.207
55.9,63.8,3566.4,1.141,2,4,5,2,East,True,L_SHAPED_COURTYARD,0.194
18.0,42.9,772.2,2.383,2,2,4,1,East,True,CENTRAL_SPINE_SPLIT,0.151
51.5,125.4,6458.1,2.435,2,4,8,2,East,True,CENTRAL_SPINE_SPLIT,0.18
53.3,39.3,2094.7,0.737,2,3,6,1,South,True,WRAP_AROUND_OPEN_PLAN,0.123
69.8,111.4,7775.7,1.596,1,5,7,1,East,True,WRAP_AROUND_OPEN_PLAN,0.154
42.6,59.5,2534.7,1.397,2,4,7,3,East,False,VILLA_PERIMETER,0.196
54.8,102.5,5617.0,1.87,2,5,8,2,East,True,CENTRAL_SPINE_SPLIT,0.159
34.9,61.7,2153.3,1.768,1,2,3,1,East,False,WRAP_AROUND_OPEN_PLAN,0.151
58.1,81.7,4746.8,1.406,1,6,9,1,East,True,WRAP_AROUND_OPEN_PLAN,0.158
55.7,51.9,2890.8,0.932,2,5,7,1,North,False,L_SHAPED_COURTYARD,0.198
45.5,60.4,2748.2,1.327,2,4,7,2,East,True,L_SHAPED_COURTYARD,0.175
51.1,72.3,3694.5,1.415,2,4,7,1,South,True,VILLA_PERIMETER,0.211
40.0,107.0,4280.0,2.675,3,5,9,2,East,True,CENTRAL_SPINE_SPLIT,0.164
51.1,133.6,6827.0,2.614,2,5,9,2,West,True,CENTRAL_SPINE_SPLIT,0.142
47.9,112.6,5393.5,2.351,2,5,9,1,North,True,CENTRAL_SPINE_SPLIT,0.151
23.1,52.9,1222.0,2.29,2,2,3,1,South,True,CENTRAL_SPINE_SPLIT,0.177
71.0,140.0,9940.0,1.972,3,5,7,3,East,False,CENTRAL_SPINE_SPLIT,0.129
29.1,41.4,1204.7,1.423,3,2,4,1,North,True,WRAP_AROUND_OPEN_PLAN,0.123
74.0,140.0,10360.0,1.892,3,5,7,2,North,True,CENTRAL_SPINE_SPLIT,0.167
38.2,29.7,1134.5,0.777,2,3,6,1,East,True,WRAP_AROUND_OPEN_PLAN,0.132
34.5,29.2,1007.4,0.846,1,2,4,1,West,True,COMPACT_LINEAR,0.096
61.2,138.5,8476.2,2.263,3,4,6,2,East,True,CENTRAL_SPINE_SPLIT,0.169
19.3,48.5,936.1,2.513,2,1,2,1,North,True,CENTRAL_SPINE_SPLIT,0.169
58.9,133.0,7833.7,2.258,1,4,8,3,West,True,CENTRAL_SPINE_SPLIT,0.169
31.0,79.5,2464.5,2.565,2,4,9,2,East,False,CENTRAL_SPINE_SPLIT,0.161
74.7,140.0,10458.0,1.874,2,6,7,2,East,True,CENTRAL_SPINE_SPLIT,0.156
50.2,98.8,4959.8,1.968,2,6,9,3,North,True,CENTRAL_SPINE_SPLIT,0.177
57.5,121.3,6974.8,2.11,2,5,6,2,South,True,CENTRAL_SPINE_SPLIT,0.162
72.6,140.0,10164.0,1.928,2,6,8,1,East,True,CENTRAL_SPINE_SPLIT,0.162
49.0,125.1,6129.9,2.553,1,6,10,2,North,False,CENTRAL_SPINE_SPLIT,0.148
62.1,111.8,6942.8,1.8,2,5,8,1,West,False,CENTRAL_SPINE_SPLIT,0.121
72.1,93.5,6741.3,1.297,3,4,6,1,West,True,VILLA_PERIMETER,0.191
35.0,53.0,1855.0,1.514,2,4,4,1,East,True,WRAP_AROUND_OPEN_PLAN,0.156
57.8,89.9,5196.2,1.555,2,4,6,2,West,True,VILLA_PERIMETER,0.2
59.5,50.5,3004.8,0.849,1,3,4,3,East,True,L_SHAPED_COURTYARD,0.185
73.0,84.3,6153.9,1.155,2,5,7,1,North,True,L_SHAPED_COURTYARD,0.179
40.6,70.7,2870.4,1.741,1,4,6,2,North,True,WRAP_AROUND_OPEN_PLAN,0.127
31.5,32.6,1026.9,1.035,1,3,5,1,North,True,WRAP_AROUND_OPEN_PLAN,0.134
60.6,119.0,7211.4,1.964,1,4,8,2,North,True,CENTRAL_SPINE_SPLIT,0.166
74.4,54.2,4032.5,0.728,1,4,5,3,North,False,WRAP_AROUND_OPEN_PLAN,0.12
64.2,114.2,7331.6,1.779,3,4,6,3,North,True,CENTRAL_SPINE_SPLIT,0.151
74.2,140.0,10388.0,1.887,2,4,7,3,North,True,CENTRAL_SPINE_SPLIT,0.173
72.4,121.5,8796.6,1.678,3,6,9,2,East,True,VILLA_PERIMETER,0.207
68.4,96.5,6600.6,1.411,2,5,9,1,West,True,VILLA_PERIMETER,0.2
70.2,140.0,9828.0,1.994,1,4,8,2,North,True,CENTRAL_SPINE_SPLIT,0.159
53.2,117.8,6267.0,2.214,1,4,6,1,South,True,CENTRAL_SPINE_SPLIT,0.14
27.4,62.4,1709.8,2.277,1,3,5,1,South,True,CENTRAL_SPINE_SPLIT,0.154
64.7,97.3,6295.3,1.504,2,5,8,3,West,True,VILLA_PERIMETER,0.175
69.2,140.0,9688.0,2.023,1,4,5,1,West,True,CENTRAL_SPINE_SPLIT,0.158
54.6,86.2,4706.5,1.579,3,4,6,1,North,True,VILLA_PERIMETER,0.192
68.6,139.6,9576.6,2.035,3,5,8,2,West,True,CENTRAL_SPINE_SPLIT,0.165
20.2,24.5,494.9,1.213,3,1,4,0,North,True,COMPACT_LINEAR,0.115
66.4,121.3,8054.3,1.827,2,5,8,2,North,True,CENTRAL_SPINE_SPLIT,0.166
56.6,77.7,4397.8,1.373,2,6,10,2,North,True,VILLA_PERIMETER,0.207
63.9,85.2,5444.3,1.333,2,6,9,2,North,True,L_SHAPED_COURTYARD,0.181
72.8,140.0,10192.0,1.923,3,6,10,1,East,True,CENTRAL_SPINE_SPLIT,0.171
72.8,83.4,6071.5,1.146,2,4,7,2,East,True,L_SHAPED_COURTYARD,0.188
52.5,53.7,2819.2,1.023,3,4,6,3,North,False,CENTRAL_SPINE_SPLIT,0.18
60.9,140.0,8526.0,2.299,1,4,8,2,South,True,CENTRAL_SPINE_SPLIT,0.142
48.1,95.4,4588.7,1.983,3,5,7,1,East,True,CENTRAL_SPINE_SPLIT,0.149
73.9,140.0,10346.0,1.894,1,6,8,1,South,True,CENTRAL_SPINE_SPLIT,0.169
48.6,117.7,5720.2,2.422,2,4,7,1,South,True,CENTRAL_SPINE_SPLIT,0.157
23.5,36.8,864.8,1.566,3,2,4,1,North,False,COMPACT_LINEAR,0.096
53.7,86.5,4645.1,1.611,2,4,7,2,West,True,VILLA_PERIMETER,0.201
38.0,56.9,2162.2,1.497,2,3,5,1,South,True,WRAP_AROUND_OPEN_PLAN,0.162
37.7,70.6,2661.6,1.873,2,4,5,2,North,True,CENTRAL_SPINE_SPLIT,0.169
59.6,107.7,6418.9,1.807,2,5,9,2,North,True,CENTRAL_SPINE_SPLIT,0.164
41.9,106.5,4462.3,2.542,1,5,7,2,North,False,CENTRAL_SPINE_SPLIT,0.142
48.4,35.8,1732.7,0.74,2,4,8,1,East,True,WRAP_AROUND_OPEN_PLAN,0.127
67.3,140.0,9422.0,2.08,2,4,8,2,North,False,CENTRAL_SPINE_SPLIT,0.17
41.1,48.2,1981.0,1.173,1,2,4,1,North,True,L_SHAPED_COURTYARD,0.183
33.8,64.1,2166.6,1.896,2,3,7,1,North,True,CENTRAL_SPINE_SPLIT,0.156
38.5,29.9,1151.1,0.777,2,2,3,1,North,True,COMPACT_LINEAR,0.113
41.8,91.8,3837.2,2.196,2,4,6,2,East,True,CENTRAL_SPINE_SPLIT,0.165
65.4,140.0,9156.0,2.141,2,4,5,1,North,True,CENTRAL_SPINE_SPLIT,0.172
60.2,107.1,6447.4,1.779,2,4,6,1,South,True,CENTRAL_SPINE_SPLIT,0.162
51.1,66.6,3403.3,1.303,2,4,6,2,North,True,L_SHAPED_COURTYARD,0.174
29.5,62.9,1855.5,2.132,2,4,7,1,North,True,CENTRAL_SPINE_SPLIT,0.163
39.2,61.9,2426.5,1.579,1,4,7,2,North,True,WRAP_AROUND_OPEN_PLAN,0.14
32.0,44.2,1414.4,1.381,2,3,3,1,North,True,WRAP_AROUND_OPEN_PLAN,0.15
54.4,41.2,2241.3,0.757,1,3,6,2,North,True,WRAP_AROUND_OPEN_PLAN,0.13
19.7,40.5,797.9,2.056,1,2,5,1,North,False,WRAP_AROUND_OPEN_PLAN,0.139
28.9,80.2,2317.8,2.775,2,3,7,2,East,False,CENTRAL_SPINE_SPLIT,0.154
38.3,70.6,2704.0,1.843,2,4,5,3,West,True,CENTRAL_SPINE_SPLIT,0.151
25.3,65.9,1667.3,2.605,2,3,4,1,East,False,CENTRAL_SPINE_SPLIT,0.156
23.9,23.5,561.6,0.983,3,1,2,0,East,True,COMPACT_LINEAR,0.11
41.5,59.2,2456.8,1.427,2,4,5,2,North,True,WRAP_AROUND_OPEN_PLAN,0.157
47.3,76.3,3609.0,1.613,2,5,6,3,East,True,VILLA_PERIMETER,0.196
42.2,101.4,4279.1,2.403,2,6,10,2,East,False,CENTRAL_SPINE_SPLIT,0.164
23.6,50.7,1196.5,2.148,2,2,5,1,East,True,CENTRAL_SPINE_SPLIT,0.165
28.2,33.8,953.2,1.199,2,2,2,1,North,True,COMPACT_LINEAR,0.104
61.8,140.0,8652.0,2.265,2,6,8,1,East,True,CENTRAL_SPINE_SPLIT,0.172
53.1,54.7,2904.6,1.03,2,5,8,1,North,True,L_SHAPED_COURTYARD,0.188
31.9,53.1,1693.9,1.665,3,4,8,1,North,False,WRAP_AROUND_OPEN_PLAN,0.127
38.2,83.4,3185.9,2.183,2,3,6,2,South,True,CENTRAL_SPINE_SPLIT,0.172
73.1,140.0,10234.0,1.915,2,5,6,1,East,False,CENTRAL_SPINE_SPLIT,0.162
43.0,32.5,1397.5,0.756,1,3,6,1,North,True,WRAP_AROUND_OPEN_PLAN,0.14
74.4,140.0,10416.0,1.882,3,5,6,2,North,True,CENTRAL_SPINE_SPLIT,0.161
62.8,80.0,5024.0,1.274,1,4,6,2,East,False,WRAP_AROUND_OPEN_PLAN,0.177
34.1,79.7,2717.8,2.337,3,4,5,1,East,False,CENTRAL_SPINE_SPLIT,0.178
18.4,45.0,828.0,2.446,1,1,3,1,East,True,CENTRAL_SPINE_SPLIT,0.148
54.1,95.3,5155.7,1.762,1,4,8,2,East,False,CENTRAL_SPINE_SPLIT,0.165
39.6,105.1,4162.0,2.654,2,4,6,3,North,False,CENTRAL_SPINE_SPLIT,0.144
22.2,50.8,1127.8,2.288,1,2,6,1,South,True,CENTRAL_SPINE_SPLIT,0.169
59.7,75.8,4525.3,1.27,1,5,8,2,North,False,L_SHAPED_COURTYARD,0.155
51.1,64.9,3316.4,1.27,2,4,5,1,North,True,L_SHAPED_COURTYARD,0.203
51.3,79.9,4098.9,1.558,3,5,9,2,West,True,VILLA_PERIMETER,0.202
69.6,106.1,7384.6,1.524,3,4,5,2,North,True,VILLA_PERIMETER,0.218
50.3,122.4,6156.7,2.433,3,5,8,1,South,False,CENTRAL_SPINE_SPLIT,0.139
64.2,83.1,5335.0,1.294,1,4,5,2,East,True,L_SHAPED_COURTYARD,0.191
41.0,110.3,4522.3,2.69,1,4,8,2,West,False,CENTRAL_SPINE_SPLIT,0.146
43.9,99.6,4372.4,2.269,2,6,10,2,South,False,CENTRAL_SPINE_SPLIT,0.158
31.9,44.1,1406.8,1.382,3,3,5,1,East,True,WRAP_AROUND_OPEN_PLAN,0.14
52.6,89.9,4728.7,1.709,1,6,8,2,East,True,WRAP_AROUND_OPEN_PLAN,0.159
28.8,30.3,872.6,1.052,2,2,2,1,East,True,COMPACT_LINEAR,0.108
52.4,127.4,6675.8,2.431,2,4,5,2,North,False,COMPACT_LINEAR,0.156
47.7,92.4,4407.5,1.937,2,5,9,2,North,True,CENTRAL_SPINE_SPLIT,0.16
74.4,87.9,6539.8,1.181,2,5,6,2,North,False,L_SHAPED_COURTYARD,0.187
56.7,47.7,2704.6,0.841,3,4,4,1,East,True,L_SHAPED_COURTYARD,0.184
48.5,73.4,3559.9,1.513,1,4,5,2,North,True,WRAP_AROUND_OPEN_PLAN,0.164
36.6,78.0,2854.8,2.131,2,5,6,3,East,True,CENTRAL_SPINE_SPLIT,0.152
66.2,140.0,9268.0,2.115,2,4,6,3,North,True,CENTRAL_SPINE_SPLIT,0.16
37.5,63.8,2392.5,1.701,2,4,7,1,North,True,CENTRAL_SPINE_SPLIT,0.126
45.9,95.1,4365.1,2.072,1,4,5,3,North,True,CENTRAL_SPINE_SPLIT,0.17
55.0,126.2,6941.0,2.295,2,6,9,2,South,True,CENTRAL_SPINE_SPLIT,0.17
67.6,72.0,4867.2,1.065,1,4,6,1,North,True,L_SHAPED_COURTYARD,0.187
72.7,98.6,7168.2,1.356,3,4,6,1,West,True,VILLA_PERIMETER,0.211
37.5,77.3,2898.8,2.061,3,4,4,3,East,False,CENTRAL_SPINE_SPLIT,0.174
28.5,22.0,627.0,0.772,2,1,2,0,East,False,COMPACT_LINEAR,0.118
48.1,45.2,2174.1,0.94,1,3,6,1,East,False,L_SHAPED_COURTYARD,0.192
74.0,140.0,10360.0,1.892,1,4,8,2,North,False,CENTRAL_SPINE_SPLIT,0.144
70.4,119.0,8377.6,1.69,1,4,5,3,North,True,WRAP_AROUND_OPEN_PLAN,0.147
44.6,87.4,3898.0,1.96,1,4,7,1,East,False,CENTRAL_SPINE_SPLIT,0.133
70.8,64.1,4538.3,0.905,3,6,8,2,West,False,VILLA_PERIMETER,0.197
50.9,48.0,2443.2,0.943,2,4,6,3,South,False,WRAP_AROUND_OPEN_PLAN,0.116
73.4,65.8,4829.7,0.896,2,5,7,2,East,True,L_SHAPED_COURTYARD,0.186
39.6,56.9,2253.2,1.437,1,2,4,2,South,True,WRAP_AROUND_OPEN_PLAN,0.155
31.1,76.5,2379.2,2.46,3,4,9,3,South,True,CENTRAL_SPINE_SPLIT,0.166
58.4,119.4,6973.0,2.045,2,5,7,2,North,False,CENTRAL_SPINE_SPLIT,0.175
41.0,97.9,4013.9,2.388,2,5,9,2,East,False,CENTRAL_SPINE_SPLIT,0.179
62.2,73.9,4596.6,1.188,2,5,6,2,West,True,VILLA_PERIMETER,0.202
53.1,79.2,4205.5,1.492,2,5,9,2,South,True,VILLA_PERIMETER,0.203
33.1,26.9,890.4,0.813,2,2,3,1,East,False,COMPACT_LINEAR,0.099
41.4,64.5,2670.3,1.558,2,4,6,1,North,True,VILLA_PERIMETER,0.206
62.2,47.8,2973.2,0.768,2,4,5,2,North,True,VILLA_PERIMETER,0.176
43.1,115.4,4973.7,2.677,1,4,6,1,South,False,CENTRAL_SPINE_SPLIT,0.164
70.6,140.0,9884.0,1.983,2,5,7,3,East,True,CENTRAL_SPINE_SPLIT,0.157
73.7,140.0,10318.0,1.9,2,5,9,2,North,False,CENTRAL_SPINE_SPLIT,0.171
60.2,73.2,4406.6,1.216,2,6,8,2,South,True,VILLA_PERIMETER,0.203
65.7,114.1,7496.4,1.737,3,4,4,2,East,True,VILLA_PERIMETER,0.199
66.5,140.0,9310.0,2.105,2,4,6,3,North,True,CENTRAL_SPINE_SPLIT,0.149
71.5,96.6,6906.9,1.351,2,4,8,2,North,True,VILLA_PERIMETER,0.221
56.3,69.3,3901.6,1.231,3,5,7,2,South,True,VILLA_PERIMETER,0.202
43.1,30.7,1323.2,0.712,1,3,4,1,North,True,WRAP_AROUND_OPEN_PLAN,0.134
63.4,103.2,6542.9,1.628,2,6,8,3,North,True,VILLA_PERIMETER,0.203
69.4,67.4,4677.6,0.971,2,4,6,2,South,True,VILLA_PERIMETER,0.216
39.3,98.1,3855.3,2.496,3,5,7,2,East,True,CENTRAL_SPINE_SPLIT,0.177
41.1,41.3,1697.4,1.005,3,3,5,1,South,True,WRAP_AROUND_OPEN_PLAN,0.153
48.4,113.2,5478.9,2.339,2,6,8,2,North,False,CENTRAL_SPINE_SPLIT,0.144
70.6,140.0,9884.0,1.983,3,6,8,1,North,True,CENTRAL_SPINE_SPLIT,0.166
45.9,67.4,3093.7,1.468,1,3,4,1,South,True,WRAP_AROUND_OPEN_PLAN,0.137
57.0,90.0,5130.0,1.579,2,4,6,3,East,True,VILLA_PERIMETER,0.198
71.4,83.0,5926.2,1.162,3,6,9,1,East,True,L_SHAPED_COURTYARD,0.178
68.2,140.0,9548.0,2.053,2,6,9,3,North,True,CENTRAL_SPINE_SPLIT,0.142
33.5,55.9,1872.6,1.669,1,2,3,1,East,True,WRAP_AROUND_OPEN_PLAN,0.154
75.0,140.0,10500.0,1.867,1,5,9,3,South,False,CENTRAL_SPINE_SPLIT,0.157
55.5,67.9,3768.5,1.223,1,4,7,2,North,True,L_SHAPED_COURTYARD,0.166
25.7,48.5,1246.5,1.887,1,2,4,1,East,True,CENTRAL_SPINE_SPLIT,0.16
19.5,22.0,429.0,1.128,2,1,3,0,South,False,COMPACT_LINEAR,0.106
22.6,60.7,1371.8,2.686,3,2,5,1,East,True,CENTRAL_SPINE_SPLIT,0.157
72.1,140.0,10094.0,1.942,2,5,8,2,East,True,CENTRAL_SPINE_SPLIT,0.154
28.8,24.8,714.2,0.861,2,2,3,1,South,True,COMPACT_LINEAR,0.112
21.1,46.9,989.6,2.223,1,1,5,1,South,True,CENTRAL_SPINE_SPLIT,0.19
26.7,39.1,1044.0,1.464,1,2,5,1,North,True,COMPACT_LINEAR,0.125
57.5,80.1,4605.8,1.393,2,5,7,1,North,True,VILLA_PERIMETER,0.201
37.5,67.3,2523.8,1.795,2,4,6,2,East,True,CENTRAL_SPINE_SPLIT,0.133
42.6,41.8,1780.7,0.981,2,3,6,1,West,False,WRAP_AROUND_OPEN_PLAN,0.162
25.9,43.1,1116.3,1.664,3,2,5,1,East,True,COMPACT_LINEAR,0.103
28.5,60.9,1735.6,2.137,3,3,5,1,East,False,CENTRAL_SPINE_SPLIT,0.159
66.4,108.2,7184.5,1.63,1,4,6,3,East,True,WRAP_AROUND_OPEN_PLAN,0.153
19.0,35.6,676.4,1.874,2,1,1,0,North,True,CENTRAL_SPINE_SPLIT,0.164
42.8,97.3,4164.4,2.273,2,4,8,2,South,False,CENTRAL_SPINE_SPLIT,0.166
23.2,33.2,770.2,1.431,3,2,2,1,West,False,COMPACT_LINEAR,0.136
67.9,56.7,3849.9,0.835,2,6,7,3,North,True,L_SHAPED_COURTYARD,0.186
53.1,119.5,6345.4,2.25,2,5,7,2,West,True,CENTRAL_SPINE_SPLIT,0.144
54.0,86.3,4660.2,1.598,2,4,7,2,North,False,VILLA_PERIMETER,0.186
37.8,95.6,3613.7,2.529,1,3,6,2,East,True,CENTRAL_SPINE_SPLIT,0.141
50.2,58.0,2911.6,1.155,2,4,3,3,West,False,VILLA_PERIMETER,0.19
35.4,58.2,2060.3,1.644,2,3,6,1,West,True,WRAP_AROUND_OPEN_PLAN,0.126
26.2,25.0,655.0,0.954,1,1,3,0,East,True,COMPACT_LINEAR,0.093
66.0,140.0,9240.0,2.121,1,5,8,2,East,True,CENTRAL_SPINE_SPLIT,0.164
21.9,42.3,926.4,1.932,2,2,6,1,East,False,CENTRAL_SPINE_SPLIT,0.173
68.9,82.9,5711.8,1.203,2,4,7,1,West,True,VILLA_PERIMETER,0.17
41.7,60.2,2510.3,1.444,2,4,5,2,West,False,VILLA_PERIMETER,0.211
68.6,132.9,9116.9,1.937,2,5,9,2,North,True,CENTRAL_SPINE_SPLIT,0.157
58.9,59.5,3504.5,1.01,3,4,4,2,North,True,L_SHAPED_COURTYARD,0.185
58.7,140.0,8218.0,2.385,3,5,8,1,North,True,CENTRAL_SPINE_SPLIT,0.17
56.3,132.8,7476.6,2.359,2,4,7,1,North,True,CENTRAL_SPINE_SPLIT,0.166
65.8,73.0,4803.4,1.109,2,5,6,3,South,True,VILLA_PERIMETER,0.195
64.9,74.9,4861.0,1.154,2,5,9,2,North,True,L_SHAPED_COURTYARD,0.196
49.2,124.9,6145.1,2.539,3,5,8,1,North,True,CENTRAL_SPINE_SPLIT,0.159
39.2,92.5,3626.0,2.36,3,4,7,2,East,False,CENTRAL_SPINE_SPLIT,0.175
54.9,126.0,6917.4,2.295,2,6,10,1,South,True,CENTRAL_SPINE_SPLIT,0.182
70.0,66.5,4655.0,0.95,2,5,6,2,West,True,VILLA_PERIMETER,0.204
43.4,39.5,1714.3,0.91,1,3,6,1,East,True,VILLA_PERIMETER,0.18
25.3,66.9,1692.6,2.644,1,3,4,1,South,True,CENTRAL_SPINE_SPLIT,0.153
55.7,81.7,4550.7,1.467,3,4,9,1,East,True,VILLA_PERIMETER,0.191
26.0,59.6,1549.6,2.292,1,3,6,1,North,False,CENTRAL_SPINE_SPLIT,0.171
37.7,60.2,2269.5,1.597,1,3,7,2,East,True,WRAP_AROUND_OPEN_PLAN,0.135
41.4,75.2,3113.3,1.816,2,4,7,1,North,True,CENTRAL_SPINE_SPLIT,0.159
53.7,42.1,2260.8,0.784,1,3,6,2,North,True,CENTRAL_SPINE_SPLIT,0.144
43.6,98.9,4312.0,2.268,2,5,5,1,South,True,CENTRAL_SPINE_SPLIT,0.156
44.7,91.8,4103.5,2.054,3,4,6,2,East,True,CENTRAL_SPINE_SPLIT,0.17
60.2,127.2,7657.4,2.113,1,5,7,1,West,True,CENTRAL_SPINE_SPLIT,0.152
64.6,140.0,9044.0,2.167,2,4,6,2,South,True,CENTRAL_SPINE_SPLIT,0.166
64.7,140.0,9058.0,2.164,2,5,9,3,North,True,WRAP_AROUND_OPEN_PLAN,0.155
53.6,59.2,3173.1,1.104,1,3,4,2,East,True,L_SHAPED_COURTYARD,0.176
71.9,108.5,7801.2,1.509,2,6,8,1,West,False,VILLA_PERIMETER,0.192
66.6,140.0,9324.0,2.102,3,5,7,2,West,True,CENTRAL_SPINE_SPLIT,0.145
45.0,99.3,4468.5,2.207,1,6,9,2,West,True,CENTRAL_SPINE_SPLIT,0.169
48.0,35.5,1704.0,0.74,1,3,6,1,West,True,WRAP_AROUND_OPEN_PLAN,0.139
34.0,50.0,1700.0,1.471,2,2,5,1,South,True,WRAP_AROUND_OPEN_PLAN,0.125
63.7,72.8,4637.4,1.143,1,4,6,1,North,False,L_SHAPED_COURTYARD,0.171
25.7,22.0,565.4,0.856,2,1,4,0,North,True,COMPACT_LINEAR,0.127
44.5,106.0,4717.0,2.382,1,4,6,1,East,True,CENTRAL_SPINE_SPLIT,0.165
28.5,41.0,1168.5,1.439,2,1,4,1,North,True,COMPACT_LINEAR,0.097
72.6,140.0,10164.0,1.928,2,6,9,2,North,True,L_SHAPED_COURTYARD,0.157
29.9,26.7,798.3,0.893,2,2,6,1,North,False,COMPACT_LINEAR,0.113
53.7,89.9,4827.6,1.674,2,5,7,2,East,True,VILLA_PERIMETER,0.195
68.9,98.9,6814.2,1.435,1,5,7,2,South,False,WRAP_AROUND_OPEN_PLAN,0.146
19.8,33.8,669.2,1.707,2,1,1,0,North,False,COMPACT_LINEAR,0.112
33.6,68.6,2305.0,2.042,2,3,5,2,South,True,CENTRAL_SPINE_SPLIT,0.17
58.5,105.4,6165.9,1.802,2,5,6,2,North,False,COMPACT_LINEAR,0.161
21.7,43.5,943.9,2.005,3,2,4,1,South,True,CENTRAL_SPINE_SPLIT,0.158
25.0,37.4,935.0,1.496,2,2,1,1,East,True,COMPACT_LINEAR,0.109
66.7,78.1,5209.3,1.171,2,5,5,2,North,True,L_SHAPED_COURTYARD,0.191
19.2,33.9,650.9,1.766,2,1,1,0,North,True,CENTRAL_SPINE_SPLIT,0.175
47.7,99.6,4750.9,2.088,2,4,7,2,North,True,CENTRAL_SPINE_SPLIT,0.148
60.1,84.3,5066.4,1.403,1,6,10,2,East,False,WRAP_AROUND_OPEN_PLAN,0.16
53.5,102.6,5489.1,1.918,2,6,9,2,North,True,COMPACT_LINEAR,0.154
38.5,40.4,1555.4,1.049,2,4,6,1,North,True,L_SHAPED_COURTYARD,0.18
46.1,48.2,2222.0,1.046,2,2,6,2,East,False,L_SHAPED_COURTYARD,0.198
56.6,117.4,6644.8,2.074,2,5,9,1,East,False,CENTRAL_SPINE_SPLIT,0.152
69.9,118.4,8276.2,1.694,2,4,5,1,East,True,VILLA_PERIMETER,0.197
65.6,140.0,9184.0,2.134,2,4,7,1,North,False,CENTRAL_SPINE_SPLIT,0.173
57.4,108.1,6204.9,1.883,2,4,6,2,East,False,CENTRAL_SPINE_SPLIT,0.147
64.3,46.0,2957.8,0.715,2,4,5,1,South,True,VILLA_PERIMETER,0.208
27.9,44.4,1238.8,1.591,2,2,3,1,North,False,WRAP_AROUND_OPEN_PLAN,0.158
54.6,130.3,7114.4,2.386,2,4,5,2,East,True,CENTRAL_SPINE_SPLIT,0.169
47.6,105.6,5026.6,2.218,1,4,6,2,East,True,CENTRAL_SPINE_SPLIT,0.168
44.2,83.9,3708.4,1.898,3,4,5,1,North,False,CENTRAL_SPINE_SPLIT,0.17
23.4,40.3,943.0,1.722,3,2,4,1,North,True,COMPACT_LINEAR,0.09
45.1,71.3,3215.6,1.581,1,4,8,2,East,True,WRAP_AROUND_OPEN_PLAN,0.139
44.5,45.2,2011.4,1.016,1,3,4,1,East,True,L_SHAPED_COURTYARD,0.165
28.1,35.4,994.7,1.26,2,3,5,1,South,True,WRAP_AROUND_OPEN_PLAN,0.158
22.5,30.4,684.0,1.351,2,1,2,0,North,True,COMPACT_LINEAR,0.136
48.3,131.9,6370.8,2.731,3,5,8,3,North,False,CENTRAL_SPINE_SPLIT,0.174
64.3,111.7,7182.3,1.737,3,6,9,2,North,True,VILLA_PERIMETER,0.231
46.9,62.1,2912.5,1.324,1,4,5,2,North,True,L_SHAPED_COURTYARD,0.17
71.6,127.0,9093.2,1.774,2,4,6,2,West,True,CENTRAL_SPINE_SPLIT,0.168
70.2,140.0,9828.0,1.994,2,6,7,3,South,True,CENTRAL_SPINE_SPLIT,0.143
38.9,78.0,3034.2,2.005,2,5,9,2,North,True,COMPACT_LINEAR,0.176
50.8,69.5,3530.6,1.368,2,4,5,2,East,True,VILLA_PERIMETER,0.188
43.7,108.7,4750.2,2.487,3,4,8,2,North,True,CENTRAL_SPINE_SPLIT,0.187
40.7,86.2,3508.3,2.118,1,4,8,3,East,False,CENTRAL_SPINE_SPLIT,0.166
57.9,47.3,2738.7,0.817,3,4,8,3,West,True,VILLA_PERIMETER,0.186
33.6,74.8,2513.3,2.226,1,4,6,2,North,False,CENTRAL_SPINE_SPLIT,0.144
62.9,106.6,6705.1,1.695,1,5,8,1,West,True,WRAP_AROUND_OPEN_PLAN,0.138
28.0,66.6,1864.8,2.379,1,3,5,1,East,True,WRAP_AROUND_OPEN_PLAN,0.162
70.6,130.6,9220.4,1.85,2,4,5,3,South,True,CENTRAL_SPINE_SPLIT,0.179
26.7,54.9,1465.8,2.056,1,3,6,1,East,True,CENTRAL_SPINE_SPLIT,0.144
33.1,71.2,2356.7,2.151,1,3,3,1,South,True,CENTRAL_SPINE_SPLIT,0.175
22.8,53.8,1226.6,2.36,1,1,1,1,West,True,CENTRAL_SPINE_SPLIT,0.175
69.3,93.9,6507.3,1.355,2,4,7,2,East,True,VILLA_PERIMETER,0.206
29.0,31.1,901.9,1.072,3,2,4,1,North,True,COMPACT_LINEAR,0.131
31.8,71.0,2257.8,2.233,2,3,7,2,East,True,CENTRAL_SPINE_SPLIT,0.168
47.7,54.4,2594.9,1.14,2,4,6,1,West,False,VILLA_PERIMETER,0.206
20.7,27.8,575.5,1.343,2,1,3,0,North,True,COMPACT_LINEAR,0.104
55.7,99.9,5564.4,1.794,3,5,8,2,North,True,CENTRAL_SPINE_SPLIT,0.161
47.5,113.8,5405.5,2.396,1,5,8,2,East,True,CENTRAL_SPINE_SPLIT,0.179
54.5,121.0,6594.5,2.22,2,4,6,3,South,True,CENTRAL_SPINE_SPLIT,0.159
27.2,59.3,1613.0,2.18,1,3,5,1,East,False,CENTRAL_SPINE_SPLIT,0.162
72.8,140.0,10192.0,1.923,2,6,10,3,West,False,CENTRAL_SPINE_SPLIT,0.162
19.4,26.4,512.2,1.361,1,1,2,0,North,False,COMPACT_LINEAR,0.108
27.1,59.8,1620.6,2.207,2,4,5,1,South,True,CENTRAL_SPINE_SPLIT,0.15
64.9,135.9,8819.9,2.094,2,5,6,2,West,True,CENTRAL_SPINE_SPLIT,0.138
69.9,66.2,4627.4,0.947,2,4,5,1,West,True,VILLA_PERIMETER,0.202
61.5,140.0,8610.0,2.276,1,4,7,3,North,True,CENTRAL_SPINE_SPLIT,0.169
70.1,109.1,7647.9,1.556,1,5,6,1,South,True,WRAP_AROUND_OPEN_PLAN,0.12
24.1,55.3,1332.7,2.295,1,3,4,1,South,True,CENTRAL_SPINE_SPLIT,0.155
73.7,140.0,10318.0,1.9,2,6,9,3,South,True,CENTRAL_SPINE_SPLIT,0.161
45.7,124.9,5707.9,2.733,3,4,5,2,East,True,CENTRAL_SPINE_SPLIT,0.145
22.4,39.0,873.6,1.741,2,2,3,1,West,True,COMPACT_LINEAR,0.096
23.2,23.9,554.5,1.03,2,1,4,0,East,False,COMPACT_LINEAR,0.112
45.9,76.4,3506.8,1.664,2,4,6,1,East,True,VILLA_PERIMETER,0.198
62.0,65.6,4067.2,1.058,1,4,9,2,South,True,WRAP_AROUND_OPEN_PLAN,0.142
19.9,46.7,929.3,2.347,2,2,3,1,South,True,CENTRAL_SPINE_SPLIT,0.16
22.7,60.5,1373.3,2.665,1,3,4,1,East,True,CENTRAL_SPINE_SPLIT,0.144
19.2,50.2,963.8,2.615,2,2,4,1,East,True,CENTRAL_SPINE_SPLIT,0.158
66.5,60.7,4036.6,0.913,2,4,6,3,South,True,VILLA_PERIMETER,0.208
56.8,68.8,3907.8,1.211,2,5,9,2,North,True,L_SHAPED_COURTYARD,0.176
23.2,38.9,902.5,1.677,2,2,3,1,North,True,COMPACT_LINEAR,0.115
60.6,44.9,2720.9,0.741,2,4,5,3,North,True,VILLA_PERIMETER,0.226
65.1,101.2,6588.1,1.555,2,5,9,3,East,True,VILLA_PERIMETER,0.198
19.5,22.0,429.0,1.128,2,1,2,0,South,True,COMPACT_LINEAR,0.117
45.1,51.8,2336.2,1.149,1,3,5,1,West,True,WRAP_AROUND_OPEN_PLAN,0.127
37.3,102.2,3812.1,2.74,1,4,6,1,South,True,CENTRAL_SPINE_SPLIT,0.154
54.2,56.5,3062.3,1.042,2,4,6,3,East,False,L_SHAPED_COURTYARD,0.188
53.7,119.7,6427.9,2.229,2,6,8,2,North,True,CENTRAL_SPINE_SPLIT,0.154
41.5,34.7,1440.1,0.836,1,3,7,1,West,True,WRAP_AROUND_OPEN_PLAN,0.144
55.2,75.2,4151.0,1.362,1,5,8,3,East,True,WRAP_AROUND_OPEN_PLAN,0.144
46.3,123.6,5722.7,2.67,3,6,9,2,West,True,CENTRAL_SPINE_SPLIT,0.173
71.7,136.1,9758.4,1.898,1,4,6,2,East,True,CENTRAL_SPINE_SPLIT,0.148
34.6,87.7,3034.4,2.535,2,3,6,2,North,True,CENTRAL_SPINE_SPLIT,0.168
41.9,76.0,3184.4,1.814,3,4,6,1,East,True,CENTRAL_SPINE_SPLIT,0.171
52.0,109.3,5683.6,2.102,3,6,8,2,North,True,CENTRAL_SPINE_SPLIT,0.166
20.7,50.6,1047.4,2.444,2,3,5,1,West,True,CENTRAL_SPINE_SPLIT,0.168
67.0,96.1,6438.7,1.434,2,4,6,1,East,False,L_SHAPED_COURTYARD,0.18
26.8,51.0,1366.8,1.903,3,4,7,1,North,False,CENTRAL_SPINE_SPLIT,0.164
46.3,66.9,3097.5,1.445,2,4,7,2,South,True,VILLA_PERIMETER,0.185
28.0,26.3,736.4,0.939,2,2,3,1,East,True,COMPACT_LINEAR,0.104
28.9,58.6,1693.5,2.028,2,4,6,1,East,False,CENTRAL_SPINE_SPLIT,0.176
69.9,112.2,7842.8,1.605,2,6,10,1,East,False,VILLA_PERIMETER,0.205
41.1,77.9,3201.7,1.895,1,4,5,2,East,False,CENTRAL_SPINE_SPLIT,0.15
45.7,63.1,2883.7,1.381,2,5,8,3,South,True,VILLA_PERIMETER,0.221
33.6,24.9,836.6,0.741,3,1,3,1,West,False,COMPACT_LINEAR,0.106
69.0,90.2,6223.8,1.307,2,4,5,2,East,False,L_SHAPED_COURTYARD,0.18
50.7,82.4,4177.7,1.625,3,5,7,2,South,True,VILLA_PERIMETER,0.187
31.3,44.5,1392.9,1.422,2,4,5,1,North,False,WRAP_AROUND_OPEN_PLAN,0.124
73.9,105.7,7811.2,1.43,2,6,7,2,East,True,VILLA_PERIMETER,0.211
66.2,114.8,7599.8,1.734,2,6,7,3,West,False,VILLA_PERIMETER,0.196
64.7,101.7,6580.0,1.572,3,5,7,2,East,True,VILLA_PERIMETER,0.193
74.9,112.8,8448.7,1.506,2,4,6,2,North,True,VILLA_PERIMETER,0.201
70.8,140.0,9912.0,1.977,2,6,9,3,North,True,CENTRAL_SPINE_SPLIT,0.169
36.6,45.0,1647.0,1.23,2,3,4,1,East,True,L_SHAPED_COURTYARD,0.177
44.0,113.1,4976.4,2.57,3,5,5,2,South,True,CENTRAL_SPINE_SPLIT,0.161
30.8,64.2,1977.4,2.084,2,3,5,1,South,True,CENTRAL_SPINE_SPLIT,0.16
30.1,66.2,1992.6,2.199,1,3,4,1,North,True,CENTRAL_SPINE_SPLIT,0.147
61.9,140.0,8666.0,2.262,2,6,9,2,East,True,CENTRAL_SPINE_SPLIT,0.173
42.5,41.1,1746.8,0.967,1,2,2,1,North,False,L_SHAPED_COURTYARD,0.169
70.7,140.0,9898.0,1.98,2,6,10,3,East,True,CENTRAL_SPINE_SPLIT,0.178
70.5,140.0,9870.0,1.986,1,5,8,2,North,True,CENTRAL_SPINE_SPLIT,0.143
71.3,57.8,4121.1,0.811,2,4,7,2,West,True,VILLA_PERIMETER,0.207
53.1,128.9,6844.6,2.427,3,5,8,1,North,False,CENTRAL_SPINE_SPLIT,0.172
19.6,51.2,1003.5,2.612,1,3,6,1,East,True,CENTRAL_SPINE_SPLIT,0.143
30.2,84.5,2551.9,2.798,2,4,6,2,East,True,CENTRAL_SPINE_SPLIT,0.151
43.0,56.8,2442.4,1.321,2,4,6,2,North,True,L_SHAPED_COURTYARD,0.182
59.5,135.5,8062.2,2.277,1,4,7,2,North,True,CENTRAL_SPINE_SPLIT,0.158
45.0,106.3,4783.5,2.362,2,6,9,2,North,False,CENTRAL_SPINE_SPLIT,0.149
44.9,84.3,3785.1,1.878,2,4,7,2,South,False,CENTRAL_SPINE_SPLIT,0.152
60.7,98.9,6003.2,1.629,2,4,6,1,North,True,VILLA_PERIMETER,0.205
33.7,55.1,1856.9,1.635,1,3,2,1,South,False,WRAP_AROUND_OPEN_PLAN,0.143
18.1,22.0,398.2,1.215,2,1,2,0,South,True,COMPACT_LINEAR,0.142
52.9,55.7,2946.5,1.053,2,4,6,3,North,True,L_SHAPED_COURTYARD,0.159
54.4,62.3,3389.1,1.145,2,5,7,3,South,True,VILLA_PERIMETER,0.209
23.3,62.4,1453.9,2.678,3,3,7,1,North,True,CENTRAL_SPINE_SPLIT,0.163
62.6,64.6,4044.0,1.032,2,5,7,3,North,True,L_SHAPED_COURTYARD,0.169
19.8,38.5,762.3,1.944,2,2,5,1,North,True,CENTRAL_SPINE_SPLIT,0.171
23.4,22.0,514.8,0.94,2,1,3,0,East,False,COMPACT_LINEAR,0.108
45.4,103.7,4708.0,2.284,3,5,7,1,North,False,CENTRAL_SPINE_SPLIT,0.165
46.2,88.7,4097.9,1.92,2,6,9,3,East,True,CENTRAL_SPINE_SPLIT,0.152
54.3,133.2,7232.8,2.453,2,5,6,3,West,True,CENTRAL_SPINE_SPLIT,0.151
36.2,26.9,973.8,0.743,2,2,4,1,South,True,COMPACT_LINEAR,0.094
67.8,110.7,7505.5,1.633,2,5,8,2,West,False,VILLA_PERIMETER,0.189
22.7,29.9,678.7,1.317,1,2,5,0,East,True,COMPACT_LINEAR,0.129
42.5,38.3,1627.7,0.901,1,2,1,1,North,True,L_SHAPED_COURTYARD,0.196
41.5,46.7,1938.1,1.125,1,3,6,1,North,True,L_SHAPED_COURTYARD,0.183
32.0,43.3,1385.6,1.353,1,3,3,1,East,False,WRAP_AROUND_OPEN_PLAN,0.132
42.3,62.3,2635.3,1.473,1,4,6,2,West,False,WRAP_AROUND_OPEN_PLAN,0.146
19.1,43.4,828.9,2.272,2,2,4,1,East,True,CENTRAL_SPINE_SPLIT,0.145
29.1,24.4,710.0,0.838,3,2,6,1,South,False,VILLA_PERIMETER,0.134
56.3,132.4,7454.1,2.352,3,4,6,2,South,True,WRAP_AROUND_OPEN_PLAN,0.166
62.1,140.0,8694.0,2.254,2,4,4,1,East,True,CENTRAL_SPINE_SPLIT,0.163
55.8,124.6,6952.7,2.233,2,4,5,3,South,True,CENTRAL_SPINE_SPLIT,0.165
71.9,62.7,4508.1,0.872,3,4,6,2,South,False,VILLA_PERIMETER,0.175
74.1,126.0,9336.6,1.7,3,4,6,1,North,True,VILLA_PERIMETER,0.207
56.4,83.1,4686.8,1.473,2,4,5,2,West,True,VILLA_PERIMETER,0.202
61.3,66.5,4076.4,1.085,2,4,5,3,North,False,L_SHAPED_COURTYARD,0.174
64.7,113.5,7343.5,1.754,2,4,6,2,East,True,CENTRAL_SPINE_SPLIT,0.18
44.8,119.2,5340.2,2.661,2,4,8,3,North,True,CENTRAL_SPINE_SPLIT,0.169
26.9,59.5,1600.5,2.212,2,3,4,1,East,True,CENTRAL_SPINE_SPLIT,0.152
46.1,69.7,3213.2,1.512,3,4,10,3,East,False,VILLA_PERIMETER,0.205
66.3,93.1,6172.5,1.404,3,6,8,2,North,False,VILLA_PERIMETER,0.181
70.1,89.7,6288.0,1.28,1,5,7,2,North,False,L_SHAPED_COURTYARD,0.162
44.8,80.6,3610.9,1.799,2,4,5,1,North,True,CENTRAL_SPINE_SPLIT,0.162
20.8,47.4,985.9,2.279,1,3,5,1,North,False,CENTRAL_SPINE_SPLIT,0.144
34.7,24.4,846.7,0.703,2,2,2,1,East,True,COMPACT_LINEAR,0.105
34.2,39.1,1337.2,1.143,2,2,2,1,North,False,WRAP_AROUND_OPEN_PLAN,0.14
37.9,69.7,2641.6,1.839,1,4,7,2,East,True,CENTRAL_SPINE_SPLIT,0.171
32.8,54.8,1797.4,1.671,2,2,3,1,West,False,WRAP_AROUND_OPEN_PLAN,0.137
53.3,126.6,6747.8,2.375,1,5,9,2,North,True,CENTRAL_SPINE_SPLIT,0.131
32.8,42.7,1400.6,1.302,2,3,6,1,South,True,WRAP_AROUND_OPEN_PLAN,0.144
39.1,68.1,2662.7,1.742,3,4,6,1,North,True,VILLA_PERIMETER,0.197
42.8,76.6,3278.5,1.79,2,5,8,1,West,True,CENTRAL_SPINE_SPLIT,0.142
41.9,100.8,4223.5,2.406,3,5,9,2,East,False,CENTRAL_SPINE_SPLIT,0.182
29.5,22.8,672.6,0.773,3,1,2,0,East,False,COMPACT_LINEAR,0.101
28.6,78.0,2230.8,2.727,2,2,4,2,East,True,CENTRAL_SPINE_SPLIT,0.165
59.1,136.1,8043.5,2.303,2,6,8,2,South,False,CENTRAL_SPINE_SPLIT,0.183
32.2,63.5,2044.7,1.972,2,2,3,1,East,True,WRAP_AROUND_OPEN_PLAN,0.158
22.3,44.7,996.8,2.004,3,2,3,1,East,True,CENTRAL_SPINE_SPLIT,0.146
29.6,73.9,2187.4,2.497,1,2,4,1,West,False,CENTRAL_SPINE_SPLIT,0.163
65.9,140.0,9226.0,2.124,2,6,9,2,South,True,CENTRAL_SPINE_SPLIT,0.17
38.3,90.6,3470.0,2.366,2,4,5,2,North,True,CENTRAL_SPINE_SPLIT,0.167
49.6,54.4,2698.2,1.097,3,4,5,3,North,True,L_SHAPED_COURTYARD,0.174
49.4,74.7,3690.2,1.512,2,5,8,3,North,False,VILLA_PERIMETER,0.201
51.9,77.2,4006.7,1.487,1,5,9,1,South,False,WRAP_AROUND_OPEN_PLAN,0.167
45.4,119.1,5407.1,2.623,1,5,6,2,West,True,CENTRAL_SPINE_SPLIT,0.162
42.0,54.6,2293.2,1.3,2,3,7,1,North,False,L_SHAPED_COURTYARD,0.162
69.6,132.8,9242.9,1.908,3,6,10,3,North,False,CENTRAL_SPINE_SPLIT,0.141
59.4,51.5,3059.1,0.867,2,4,6,1,West,False,VILLA_PERIMETER,0.217
38.8,80.1,3107.9,2.064,2,4,6,3,North,False,CENTRAL_SPINE_SPLIT,0.17
62.3,95.5,5949.6,1.533,2,6,8,2,West,True,VILLA_PERIMETER,0.203
19.4,51.3,995.2,2.644,2,3,5,1,North,True,CENTRAL_SPINE_SPLIT,0.151
45.0,33.2,1494.0,0.738,1,2,5,1,North,True,WRAP_AROUND_OPEN_PLAN,0.165
33.8,82.7,2795.3,2.447,1,4,6,2,North,False,CENTRAL_SPINE_SPLIT,0.132
39.3,35.5,1395.1,0.903,1,3,7,1,East,True,WRAP_AROUND_OPEN_PLAN,0.14
19.2,29.5,566.4,1.536,2,1,1,0,South,True,COMPACT_LINEAR,0.114
64.8,131.1,8495.3,2.023,2,5,7,3,East,True,CENTRAL_SPINE_SPLIT,0.168
72.2,137.6,9934.7,1.906,2,6,7,2,South,True,CENTRAL_SPINE_SPLIT,0.156
24.7,22.0,543.4,0.891,2,1,1,0,North,True,COMPACT_LINEAR,0.1
69.6,81.5,5672.4,1.171,1,5,6,3,South,True,WRAP_AROUND_OPEN_PLAN,0.127
26.0,69.5,1807.0,2.673,1,3,4,1,North,True,CENTRAL_SPINE_SPLIT,0.145
53.9,38.5,2075.2,0.714,1,4,8,1,North,True,WRAP_AROUND_OPEN_PLAN,0.151
32.1,33.8,1085.0,1.053,1,2,3,1,West,True,COMPACT_LINEAR,0.111
22.1,22.0,486.2,0.995,2,1,3,0,West,True,COMPACT_LINEAR,0.133
32.1,29.1,934.1,0.907,2,2,2,1,East,False,COMPACT_LINEAR,0.111
66.0,140.0,9240.0,2.121,2,6,8,2,East,True,CENTRAL_SPINE_SPLIT,0.169
66.4,105.2,6985.3,1.584,2,4,6,2,North,False,VILLA_PERIMETER,0.19
63.4,93.8,5946.9,1.479,2,5,10,2,East,False,VILLA_PERIMETER,0.186
31.7,85.1,2697.7,2.685,2,4,6,1,North,True,CENTRAL_SPINE_SPLIT,0.162
27.0,67.4,1819.8,2.496,1,3,5,1,North,True,CENTRAL_SPINE_SPLIT,0.152
49.0,49.7,2435.3,1.014,2,4,6,3,North,False,CENTRAL_SPINE_SPLIT,0.162
70.5,140.0,9870.0,1.986,2,6,10,1,West,True,CENTRAL_SPINE_SPLIT,0.167
57.6,124.3,7159.7,2.158,2,6,10,1,West,True,CENTRAL_SPINE_SPLIT,0.15
62.2,84.3,5243.5,1.355,3,6,8,1,South,False,VILLA_PERIMETER,0.204
24.0,22.0,528.0,0.917,3,1,3,0,East,False,COMPACT_LINEAR,0.116
40.6,112.4,4563.4,2.768,2,6,9,2,North,True,CENTRAL_SPINE_SPLIT,0.161
57.7,137.7,7945.3,2.386,1,5,7,3,South,False,CENTRAL_SPINE_SPLIT,0.16
23.8,47.4,1128.1,1.992,1,3,4,1,South,True,CENTRAL_SPINE_SPLIT,0.167
46.8,76.7,3589.6,1.639,1,5,8,3,South,True,WRAP_AROUND_OPEN_PLAN,0.163
34.8,92.7,3226.0,2.664,1,4,5,1,South,True,WRAP_AROUND_OPEN_PLAN,0.16
45.2,69.1,3123.3,1.529,2,3,6,2,North,True,WRAP_AROUND_OPEN_PLAN,0.154
44.7,49.7,2221.6,1.112,3,2,3,1,West,True,WRAP_AROUND_OPEN_PLAN,0.153
58.7,90.0,5283.0,1.533,2,4,6,3,East,False,VILLA_PERIMETER,0.211
45.5,62.3,2834.7,1.369,2,4,8,1,North,True,VILLA_PERIMETER,0.2
43.1,117.4,5059.9,2.724,3,5,9,2,North,True,CENTRAL_SPINE_SPLIT,0.171
74.9,94.4,7070.6,1.26,2,4,6,1,East,True,L_SHAPED_COURTYARD,0.18
44.5,54.8,2438.6,1.231,3,4,6,3,East,True,L_SHAPED_COURTYARD,0.178
67.2,97.5,6552.0,1.451,2,5,10,2,North,False,VILLA_PERIMETER,0.186
44.5,85.3,3795.8,1.917,2,4,5,2,East,False,CENTRAL_SPINE_SPLIT,0.165
35.8,37.3,1335.3,1.042,2,3,7,1,North,True,WRAP_AROUND_OPEN_PLAN,0.144
29.2,58.1,1696.5,1.99,2,4,4,1,West,False,CENTRAL_SPINE_SPLIT,0.167
69.3,70.6,4892.6,1.019,2,4,7,2,North,True,L_SHAPED_COURTYARD,0.152
33.2,26.7,886.4,0.804,3,1,3,1,West,True,COMPACT_LINEAR,0.095
46.8,126.8,5934.2,2.709,3,4,7,2,South,False,CENTRAL_SPINE_SPLIT,0.159
53.3,84.0,4477.2,1.576,3,5,8,3,East,False,VILLA_PERIMETER,0.199
60.8,134.1,8153.3,2.206,3,6,9,2,North,True,CENTRAL_SPINE_SPLIT,0.141
61.9,140.0,8666.0,2.262,2,6,7,2,East,True,CENTRAL_SPINE_SPLIT,0.139
43.1,34.6,1491.3,0.803,1,3,4,1,North,True,WRAP_AROUND_OPEN_PLAN,0.142
48.3,114.9,5549.7,2.379,2,5,7,1,East,True,CENTRAL_SPINE_SPLIT,0.163
60.4,92.5,5587.0,1.531,2,4,5,1,North,True,VILLA_PERIMETER,0.23
48.6,134.2,6522.1,2.761,3,4,5,1,East,False,CENTRAL_SPINE_SPLIT,0.161
55.4,58.8,3257.5,1.061,1,3,5,3,North,False,L_SHAPED_COURTYARD,0.176
32.2,37.7,1213.9,1.171,1,1,1,1,North,True,WRAP_AROUND_OPEN_PLAN,0.119
73.3,140.0,10262.0,1.91,2,6,8,2,North,True,COMPACT_LINEAR,0.166
34.3,95.1,3261.9,2.773,3,4,8,2,East,True,CENTRAL_SPINE_SPLIT,0.15
41.2,76.3,3143.6,1.852,2,4,7,1,South,True,CENTRAL_SPINE_SPLIT,0.167
63.5,140.0,8890.0,2.205,3,5,10,2,East,False,CENTRAL_SPINE_SPLIT,0.177
24.9,66.0,1643.4,2.651,1,3,4,1,East,False,CENTRAL_SPINE_SPLIT,0.175
66.9,140.0,9366.0,2.093,2,5,7,1,South,False,CENTRAL_SPINE_SPLIT,0.148
29.3,33.3,975.7,1.137,2,2,4,1,East,True,WRAP_AROUND_OPEN_PLAN,0.112
58.6,96.5,5654.9,1.647,3,5,10,3,South,True,VILLA_PERIMETER,0.184
51.0,90.5,4615.5,1.775,2,4,5,2,East,True,CENTRAL_SPINE_SPLIT,0.155
32.1,75.5,2423.6,2.352,3,4,8,2,West,False,CENTRAL_SPINE_SPLIT,0.133
68.8,140.0,9632.0,2.035,2,4,7,2,South,True,CENTRAL_SPINE_SPLIT,0.17
59.6,104.9,6252.0,1.76,3,5,6,2,South,True,CENTRAL_SPINE_SPLIT,0.157
35.4,32.5,1150.5,0.918,3,2,2,1,South,True,COMPACT_LINEAR,0.122
51.2,136.1,6968.3,2.658,3,5,7,1,South,True,CENTRAL_SPINE_SPLIT,0.167
63.1,84.0,5300.4,1.331,3,4,6,2,West,False,VILLA_PERIMETER,0.2
35.4,56.2,1989.5,1.588,2,2,4,1,East,True,WRAP_AROUND_OPEN_PLAN,0.129
35.2,30.3,1066.6,0.861,1,3,5,1,North,False,CENTRAL_SPINE_SPLIT,0.135
30.3,68.9,2087.7,2.274,1,4,7,1,North,False,CENTRAL_SPINE_SPLIT,0.158
23.7,39.0,924.3,1.646,2,2,2,1,South,True,COMPACT_LINEAR,0.145
45.4,110.0,4994.0,2.423,2,6,8,2,North,True,CENTRAL_SPINE_SPLIT,0.163
23.5,64.0,1504.0,2.723,2,4,6,1,South,True,CENTRAL_SPINE_SPLIT,0.154
50.9,82.2,4184.0,1.615,3,6,10,1,North,False,VILLA_PERIMETER,0.211
28.8,54.6,1572.5,1.896,2,4,3,1,North,False,CENTRAL_SPINE_SPLIT,0.147
41.0,31.3,1283.3,0.763,1,2,3,1,North,False,VILLA_PERIMETER,0.128
45.2,32.2,1455.4,0.712,2,3,4,1,South,True,WRAP_AROUND_OPEN_PLAN,0.146
21.6,55.2,1192.3,2.556,2,2,5,1,West,False,CENTRAL_SPINE_SPLIT,0.144
20.4,31.5,642.6,1.544,2,1,3,0,East,True,COMPACT_LINEAR,0.096
18.7,45.3,847.1,2.422,2,2,5,1,West,True,CENTRAL_SPINE_SPLIT,0.158
55.1,96.8,5333.7,1.757,1,5,7,2,North,False,CENTRAL_SPINE_SPLIT,0.169
59.7,72.6,4334.2,1.216,3,5,8,1,East,False,L_SHAPED_COURTYARD,0.183
65.8,107.6,7080.1,1.635,2,5,9,2,East,False,VILLA_PERIMETER,0.182
39.3,53.3,2094.7,1.356,1,3,5,1,North,True,WRAP_AROUND_OPEN_PLAN,0.148
38.1,69.7,2655.6,1.829,2,4,7,1,West,True,CENTRAL_SPINE_SPLIT,0.18
58.0,126.8,7354.4,2.186,2,4,5,1,East,True,CENTRAL_SPINE_SPLIT,0.167
69.5,105.9,7360.1,1.524,2,6,10,1,North,False,VILLA_PERIMETER,0.197
69.8,61.9,4320.6,0.887,2,4,6,2,South,True,VILLA_PERIMETER,0.2
47.5,93.7,4450.8,1.973,1,5,9,2,West,True,CENTRAL_SPINE_SPLIT,0.151
19.9,22.0,437.8,1.106,3,1,4,0,East,False,COMPACT_LINEAR,0.131
24.5,60.3,1477.3,2.461,1,3,6,1,South,False,CENTRAL_SPINE_SPLIT,0.182
18.8,25.9,486.9,1.378,2,1,4,0,East,True,COMPACT_LINEAR,0.105
42.1,86.2,3629.0,2.048,2,3,6,2,East,True,CENTRAL_SPINE_SPLIT,0.158
56.9,136.8,7783.9,2.404,2,5,7,1,East,True,CENTRAL_SPINE_SPLIT,0.15
40.2,34.9,1403.0,0.868,1,3,4,1,North,False,WRAP_AROUND_OPEN_PLAN,0.17
44.8,111.0,4972.8,2.478,2,4,6,1,North,True,WRAP_AROUND_OPEN_PLAN,0.129
64.6,60.0,3876.0,0.929,2,5,9,1,North,True,L_SHAPED_COURTYARD,0.179
22.3,35.6,793.9,1.596,2,2,3,1,East,True,COMPACT_LINEAR,0.107
37.5,81.0,3037.5,2.16,2,5,8,1,West,True,CENTRAL_SPINE_SPLIT,0.166
62.5,69.2,4325.0,1.107,3,5,7,3,South,True,VILLA_PERIMETER,0.207
55.0,91.4,5027.0,1.662,2,5,8,2,North,False,VILLA_PERIMETER,0.2
64.5,52.8,3405.6,0.819,1,4,6,2,West,True,WRAP_AROUND_OPEN_PLAN,0.132
59.1,118.8,7021.1,2.01,2,5,8,2,South,False,CENTRAL_SPINE_SPLIT,0.148
52.9,77.4,4094.5,1.463,2,4,4,2,East,True,VILLA_PERIMETER,0.22
64.3,140.0,9002.0,2.177,3,5,7,3,West,True,VILLA_PERIMETER,0.152
44.2,111.4,4923.9,2.52,2,4,5,2,North,False,CENTRAL_SPINE_SPLIT,0.141
67.8,140.0,9492.0,2.065,1,5,5,1,North,True,CENTRAL_SPINE_SPLIT,0.162
43.3,67.1,2905.4,1.55,2,3,5,1,South,True,WRAP_AROUND_OPEN_PLAN,0.141
41.3,67.3,2779.5,1.63,1,4,7,2,North,True,WRAP_AROUND_OPEN_PLAN,0.132
59.7,140.0,8358.0,2.345,1,6,7,2,East,True,CENTRAL_SPINE_SPLIT,0.176
52.6,125.4,6596.0,2.384,2,6,8,2,North,True,CENTRAL_SPINE_SPLIT,0.157
41.9,60.0,2514.0,1.432,1,3,5,1,South,True,WRAP_AROUND_OPEN_PLAN,0.167
73.0,98.2,7168.6,1.345,2,5,9,2,North,False,L_SHAPED_COURTYARD,0.16
69.3,138.5,9598.0,1.999,2,4,8,3,West,True,CENTRAL_SPINE_SPLIT,0.178
55.1,103.0,5675.3,1.869,2,5,6,2,North,True,CENTRAL_SPINE_SPLIT,0.157
32.6,32.6,1062.8,1.0,1,1,2,1,South,True,COMPACT_LINEAR,0.092
69.6,79.6,5540.2,1.144,1,6,9,2,North,True,L_SHAPED_COURTYARD,0.162
27.9,64.3,1794.0,2.305,1,3,4,1,North,True,CENTRAL_SPINE_SPLIT,0.153
27.5,24.5,673.8,0.891,2,1,3,0,North,True,COMPACT_LINEAR,0.113
70.9,140.0,9926.0,1.975,2,4,4,2,East,True,CENTRAL_SPINE_SPLIT,0.172
40.6,83.5,3390.1,2.057,3,4,7,3,North,True,CENTRAL_SPINE_SPLIT,0.182
42.2,69.8,2945.6,1.654,2,4,7,2,West,False,VILLA_PERIMETER,0.196
56.8,77.6,4407.7,1.366,2,6,9,1,West,True,VILLA_PERIMETER,0.202
64.8,131.5,8521.2,2.029,2,5,8,3,South,True,VILLA_PERIMETER,0.173
57.4,107.8,6187.7,1.878,3,5,5,3,West,True,CENTRAL_SPINE_SPLIT,0.175
63.2,115.0,7268.0,1.82,2,5,6,3,East,False,CENTRAL_SPINE_SPLIT,0.144
55.2,136.1,7512.7,2.466,2,4,8,1,North,True,CENTRAL_SPINE_SPLIT,0.176
73.4,140.0,10276.0,1.907,2,4,6,3,West,True,CENTRAL_SPINE_SPLIT,0.155
30.6,43.9,1343.3,1.435,2,4,7,1,North,True,WRAP_AROUND_OPEN_PLAN,0.157
74.1,74.7,5535.3,1.008,2,4,8,2,North,True,COMPACT_LINEAR,0.174
58.7,92.2,5412.1,1.571,1,4,5,3,South,True,WRAP_AROUND_OPEN_PLAN,0.134
27.6,52.9,1460.0,1.917,1,4,7,1,West,True,CENTRAL_SPINE_SPLIT,0.183
35.6,57.1,2032.8,1.604,2,3,5,1,South,False,WRAP_AROUND_OPEN_PLAN,0.136
25.6,47.8,1223.7,1.867,1,2,3,1,East,True,CENTRAL_SPINE_SPLIT,0.163
69.8,116.3,8117.7,1.666,1,5,7,2,North,True,WRAP_AROUND_OPEN_PLAN,0.132
34.4,87.5,3010.0,2.544,2,4,5,1,South,False,CENTRAL_SPINE_SPLIT,0.147
69.8,140.0,9772.0,2.006,2,4,7,2,East,False,CENTRAL_SPINE_SPLIT,0.162
42.1,35.0,1473.5,0.831,3,3,9,1,South,False,L_SHAPED_COURTYARD,0.153
38.2,53.9,2059.0,1.411,3,2,2,1,North,True,WRAP_AROUND_OPEN_PLAN,0.163
74.3,140.0,10402.0,1.884,3,5,7,1,North,False,L_SHAPED_COURTYARD,0.153
61.8,92.0,5685.6,1.489,1,4,6,2,East,False,WRAP_AROUND_OPEN_PLAN,0.123
27.1,64.5,1748.0,2.38,1,3,4,1,West,True,CENTRAL_SPINE_SPLIT,0.16
68.7,140.0,9618.0,2.038,1,5,9,2,North,True,CENTRAL_SPINE_SPLIT,0.159
48.0,104.7,5025.6,2.181,2,4,5,1,East,False,CENTRAL_SPINE_SPLIT,0.166
27.0,32.5,877.5,1.204,2,3,4,1,West,False,COMPACT_LINEAR,0.12
71.4,116.2,8296.7,1.627,2,5,7,1,West,True,VILLA_PERIMETER,0.202
53.6,56.0,3001.6,1.045,3,4,7,1,East,True,L_SHAPED_COURTYARD,0.176
31.1,45.4,1411.9,1.46,2,4,7,1,South,True,WRAP_AROUND_OPEN_PLAN,0.142
69.9,101.0,7059.9,1.445,3,5,5,2,East,True,VILLA_PERIMETER,0.202
33.8,50.7,1713.7,1.5,2,3,7,1,West,True,WRAP_AROUND_OPEN_PLAN,0.156
53.1,100.0,5310.0,1.883,3,5,6,2,South,True,CENTRAL_SPINE_SPLIT,0.162
49.6,50.3,2494.9,1.014,2,4,7,2,South,True,WRAP_AROUND_OPEN_PLAN,0.131
23.0,30.6,703.8,1.33,2,2,4,1,East,True,COMPACT_LINEAR,0.112
53.2,91.8,4883.8,1.726,2,5,7,2,West,True,VILLA_PERIMETER,0.202
19.6,42.2,827.1,2.153,1,1,1,1,North,False,CENTRAL_SPINE_SPLIT,0.172
31.2,42.6,1329.1,1.365,2,3,4,1,North,True,WRAP_AROUND_OPEN_PLAN,0.142
46.9,49.0,2298.1,1.045,2,4,6,2,North,True,L_SHAPED_COURTYARD,0.185
20.9,36.7,767.0,1.756,2,2,2,1,South,True,CENTRAL_SPINE_SPLIT,0.151
55.9,90.0,5031.0,1.61,2,6,9,2,South,False,CENTRAL_SPINE_SPLIT,0.193
60.6,140.0,8484.0,2.31,2,5,7,2,South,True,CENTRAL_SPINE_SPLIT,0.166
53.6,95.4,5113.4,1.78,2,4,6,3,East,True,CENTRAL_SPINE_SPLIT,0.167
27.2,40.8,1109.8,1.5,1,2,3,1,North,True,COMPACT_LINEAR,0.108
28.4,40.6,1153.0,1.43,2,1,3,1,East,True,COMPACT_LINEAR,0.114
26.9,73.6,1979.8,2.736,1,3,5,1,North,False,CENTRAL_SPINE_SPLIT,0.146
52.9,88.4,4676.4,1.671,2,4,5,2,East,True,VILLA_PERIMETER,0.217
37.9,82.5,3126.8,2.177,2,3,6,3,South,True,CENTRAL_SPINE_SPLIT,0.176
36.4,28.3,1030.1,0.777,1,2,4,1,East,False,COMPACT_LINEAR,0.108
42.7,50.3,2147.8,1.178,2,3,6,1,North,True,L_SHAPED_COURTYARD,0.141
38.0,97.4,3701.2,2.563,3,3,7,1,East,False,CENTRAL_SPINE_SPLIT,0.165
25.2,33.7,849.2,1.337,1,2,2,1,East,False,COMPACT_LINEAR,0.118
24.8,47.2,1170.6,1.903,1,2,4,1,East,True,CENTRAL_SPINE_SPLIT,0.158
36.1,99.4,3588.3,2.753,2,5,9,2,North,True,CENTRAL_SPINE_SPLIT,0.14
55.3,83.3,4606.5,1.506,2,5,10,2,North,True,VILLA_PERIMETER,0.201
21.6,47.4,1023.8,2.194,1,2,4,1,South,True,CENTRAL_SPINE_SPLIT,0.171
44.1,112.9,4978.9,2.56,2,4,6,2,East,False,CENTRAL_SPINE_SPLIT,0.164
67.7,120.5,8157.9,1.78,3,6,10,2,East,False,CENTRAL_SPINE_SPLIT,0.16
46.5,62.4,2901.6,1.342,3,5,8,2,South,False,VILLA_PERIMETER,0.204
35.9,51.8,1859.6,1.443,2,3,7,1,West,True,WRAP_AROUND_OPEN_PLAN,0.137
49.2,111.2,5471.0,2.26,3,5,6,3,South,True,CENTRAL_SPINE_SPLIT,0.152
21.8,50.7,1105.3,2.326,2,2,3,1,North,False,CENTRAL_SPINE_SPLIT,0.177
29.2,66.4,1938.9,2.274,1,3,3,1,East,False,CENTRAL_SPINE_SPLIT,0.159
19.6,28.7,562.5,1.464,2,1,1,0,East,True,COMPACT_LINEAR,0.113
52.0,91.8,4773.6,1.765,2,6,10,2,South,False,CENTRAL_SPINE_SPLIT,0.152
63.8,140.0,8932.0,2.194,2,4,6,2,East,True,CENTRAL_SPINE_SPLIT,0.168
42.7,73.2,3125.6,1.714,3,4,6,2,West,True,VILLA_PERIMETER,0.19
60.7,114.7,6962.3,1.89,2,4,8,1,North,True,CENTRAL_SPINE_SPLIT,0.141
25.7,70.8,1819.6,2.755,1,2,3,1,East,True,CENTRAL_SPINE_SPLIT,0.161
56.2,56.9,3197.8,1.012,2,4,7,2,West,True,VILLA_PERIMETER,0.205
66.2,140.0,9268.0,2.115,1,4,6,3,East,False,CENTRAL_SPINE_SPLIT,0.169
32.7,64.0,2092.8,1.957,2,4,8,1,East,False,CENTRAL_SPINE_SPLIT,0.158
24.8,41.8,1036.6,1.685,3,2,4,1,East,True,COMPACT_LINEAR,0.122
52.6,136.1,7158.9,2.587,2,5,7,2,West,True,CENTRAL_SPINE_SPLIT,0.155
67.9,103.5,7027.7,1.524,3,4,6,1,West,True,VILLA_PERIMETER,0.19
33.7,55.0,1853.5,1.632,2,2,6,1,North,True,WRAP_AROUND_OPEN_PLAN,0.141
64.5,140.0,9030.0,2.171,1,4,8,1,East,True,CENTRAL_SPINE_SPLIT,0.189
38.5,94.7,3646.0,2.46,1,3,6,1,East,True,CENTRAL_SPINE_SPLIT,0.154
51.8,96.8,5014.2,1.869,2,6,10,3,East,True,CENTRAL_SPINE_SPLIT,0.16
28.3,30.2,854.7,1.067,3,1,4,1,North,True,COMPACT_LINEAR,0.101
47.9,54.4,2605.8,1.136,1,4,5,2,North,True,L_SHAPED_COURTYARD,0.181
40.8,58.7,2395.0,1.439,2,3,6,2,East,True,WRAP_AROUND_OPEN_PLAN,0.149
38.0,72.5,2755.0,1.908,2,4,6,3,North,True,CENTRAL_SPINE_SPLIT,0.146
39.4,101.0,3979.4,2.563,2,6,9,1,West,True,CENTRAL_SPINE_SPLIT,0.159
34.7,70.4,2442.9,2.029,1,3,5,2,East,True,CENTRAL_SPINE_SPLIT,0.146
67.4,140.0,9436.0,2.077,2,5,10,2,South,True,CENTRAL_SPINE_SPLIT,0.163
60.5,65.6,3968.8,1.084,2,4,4,2,North,True,L_SHAPED_COURTYARD,0.167
40.9,57.5,2351.8,1.406,2,3,7,2,West,True,WRAP_AROUND_OPEN_PLAN,0.164
34.2,87.2,2982.2,2.55,3,5,8,1,East,False,CENTRAL_SPINE_SPLIT,0.158
33.8,74.6,2521.5,2.207,1,4,5,1,East,True,COMPACT_LINEAR,0.167
74.7,140.0,10458.0,1.874,1,6,9,1,North,True,CENTRAL_SPINE_SPLIT,0.169
56.1,140.0,7854.0,2.496,3,5,6,1,West,True,CENTRAL_SPINE_SPLIT,0.158
18.5,24.0,444.0,1.297,2,2,4,0,South,False,COMPACT_LINEAR,0.113
73.7,63.8,4702.1,0.866,2,5,7,2,North,True,L_SHAPED_COURTYARD,0.165
49.9,92.1,4595.8,1.846,1,4,7,3,North,True,CENTRAL_SPINE_SPLIT,0.16
57.1,122.4,6989.0,2.144,1,5,8,2,North,True,CENTRAL_SPINE_SPLIT,0.159
23.0,36.6,841.8,1.591,3,2,4,1,South,True,COMPACT_LINEAR,0.102
52.8,111.7,5897.8,2.116,3,4,8,1,North,False,CENTRAL_SPINE_SPLIT,0.18
71.2,140.0,9968.0,1.966,1,4,7,1,East,False,CENTRAL_SPINE_SPLIT,0.181
32.0,39.8,1273.6,1.244,2,3,6,1,North,True,WRAP_AROUND_OPEN_PLAN,0.134
23.0,57.4,1320.2,2.496,1,3,5,1,North,True,CENTRAL_SPINE_SPLIT,0.165
58.8,130.5,7673.4,2.219,2,4,6,2,North,True,CENTRAL_SPINE_SPLIT,0.172
50.3,43.5,2188.0,0.865,3,4,5,1,North,True,L_SHAPED_COURTYARD,0.188
46.7,130.1,6075.7,2.786,2,5,6,3,South,True,CENTRAL_SPINE_SPLIT,0.167
53.7,92.1,4945.8,1.715,2,5,8,2,West,True,VILLA_PERIMETER,0.206
56.8,90.3,5129.0,1.59,2,5,8,2,East,True,VILLA_PERIMETER,0.197
61.7,140.0,8638.0,2.269,3,6,10,1,North,True,CENTRAL_SPINE_SPLIT,0.154
24.2,24.0,580.8,0.992,2,1,2,0,South,True,COMPACT_LINEAR,0.122
25.6,40.0,1024.0,1.562,1,2,3,1,South,True,COMPACT_LINEAR,0.117
55.6,43.7,2429.7,0.786,1,3,5,3,North,True,WRAP_AROUND_OPEN_PLAN,0.116
18.5,50.1,926.9,2.708,2,1,2,1,West,True,CENTRAL_SPINE_SPLIT,0.147
19.3,44.8,864.6,2.321,2,2,5,1,South,True,CENTRAL_SPINE_SPLIT,0.159
47.7,52.4,2499.5,1.099,1,4,9,1,East,False,L_SHAPED_COURTYARD,0.165
30.7,79.1,2428.4,2.577,1,4,8,2,East,True,CENTRAL_SPINE_SPLIT,0.149
36.3,79.4,2882.2,2.187,2,5,7,1,West,True,CENTRAL_SPINE_SPLIT,0.169
45.5,70.2,3194.1,1.543,1,4,6,2,East,True,WRAP_AROUND_OPEN_PLAN,0.132
32.0,73.8,2361.6,2.306,1,2,3,2,North,True,CENTRAL_SPINE_SPLIT,0.172
74.7,108.4,8097.5,1.451,3,5,9,2,South,False,CENTRAL_SPINE_SPLIT,0.224
51.4,127.6,6558.6,2.482,3,4,7,2,East,True,CENTRAL_SPINE_SPLIT,0.153
47.3,60.6,2866.4,1.281,2,4,6,2,North,False,L_SHAPED_COURTYARD,0.17
28.4,26.3,746.9,0.926,2,2,6,1,North,True,COMPACT_LINEAR,0.126
73.8,140.0,10332.0,1.897,2,6,9,2,West,True,CENTRAL_SPINE_SPLIT,0.146
54.9,89.8,4930.0,1.636,2,5,7,2,North,True,VILLA_PERIMETER,0.204
29.5,37.7,1112.2,1.278,2,1,3,1,North,True,COMPACT_LINEAR,0.107
25.2,22.0,554.4,0.873,3,1,2,0,East,True,COMPACT_LINEAR,0.123
21.2,51.0,1081.2,2.406,1,2,4,1,East,True,CENTRAL_SPINE_SPLIT,0.149
54.5,127.0,6921.5,2.33,2,4,6,2,East,True,CENTRAL_SPINE_SPLIT,0.146
55.7,82.0,4567.4,1.472,2,6,10,3,South,True,VILLA_PERIMETER,0.207
36.5,75.7,2763.1,2.074,1,5,9,1,South,False,CENTRAL_SPINE_SPLIT,0.162
47.3,35.6,1683.9,0.753,2,2,4,1,East,True,WRAP_AROUND_OPEN_PLAN,0.15
65.5,140.0,9170.0,2.137,3,6,9,2,East,True,CENTRAL_SPINE_SPLIT,0.173
61.9,55.4,3429.3,0.895,1,4,8,1,South,True,WRAP_AROUND_OPEN_PLAN,0.14
65.4,140.0,9156.0,2.141,2,6,8,2,East,False,CENTRAL_SPINE_SPLIT,0.149
25.3,43.4,1098.0,1.715,2,2,5,1,North,False,L_SHAPED_COURTYARD,0.116
48.7,119.5,5819.7,2.454,2,5,6,1,North,True,CENTRAL_SPINE_SPLIT,0.145
59.9,80.7,4833.9,1.347,2,5,7,1,South,True,VILLA_PERIMETER,0.204
48.6,116.9,5681.3,2.405,1,5,7,1,West,True,CENTRAL_SPINE_SPLIT,0.167
35.8,63.7,2280.5,1.779,1,2,4,2,East,True,CENTRAL_SPINE_SPLIT,0.163
37.5,80.1,3003.8,2.136,2,4,9,2,East,False,CENTRAL_SPINE_SPLIT,0.18
58.0,103.2,5985.6,1.779,2,4,7,3,East,False,CENTRAL_SPINE_SPLIT,0.156
18.2,22.0,400.4,1.209,1,1,3,0,East,True,COMPACT_LINEAR,0.09
18.7,32.2,602.1,1.722,2,1,5,0,East,True,COMPACT_LINEAR,0.114
71.1,68.2,4849.0,0.959,2,5,8,1,West,True,VILLA_PERIMETER,0.187
20.7,22.0,455.4,1.063,3,1,4,0,South,True,COMPACT_LINEAR,0.115
54.1,46.0,2488.6,0.85,1,3,7,2,East,True,L_SHAPED_COURTYARD,0.176
52.0,124.4,6468.8,2.392,3,5,6,2,North,True,CENTRAL_SPINE_SPLIT,0.165
51.9,100.6,5221.1,1.938,2,5,6,1,North,True,VILLA_PERIMETER,0.17
50.6,67.2,3400.3,1.328,2,4,6,2,East,True,L_SHAPED_COURTYARD,0.18
33.0,63.1,2082.3,1.912,1,3,6,1,North,True,CENTRAL_SPINE_SPLIT,0.164
51.4,38.1,1958.3,0.741,1,3,7,1,North,True,WRAP_AROUND_OPEN_PLAN,0.151
64.7,71.7,4639.0,1.108,2,5,8,1,East,True,L_SHAPED_COURTYARD,0.192
21.8,22.0,479.6,1.009,3,1,3,0,South,True,COMPACT_LINEAR,0.116
58.6,124.1,7272.3,2.118,2,6,9,3,North,False,CENTRAL_SPINE_SPLIT,0.15
63.3,53.6,3392.9,0.847,2,4,9,3,East,False,L_SHAPED_COURTYARD,0.179
48.1,60.3,2900.4,1.254,1,5,6,2,West,True,WRAP_AROUND_OPEN_PLAN,0.128
42.1,105.0,4420.5,2.494,2,5,5,1,North,True,CENTRAL_SPINE_SPLIT,0.143
53.6,81.0,4341.6,1.511,3,5,7,1,South,True,VILLA_PERIMETER,0.173
28.4,42.3,1201.3,1.489,2,2,4,1,South,True,WRAP_AROUND_OPEN_PLAN,0.111
20.7,51.5,1066.0,2.488,1,3,4,1,South,True,CENTRAL_SPINE_SPLIT,0.147
46.8,126.2,5906.2,2.697,2,4,5,2,West,True,CENTRAL_SPINE_SPLIT,0.142
60.8,83.5,5076.8,1.373,2,5,10,2,East,True,VILLA_PERIMETER,0.225
64.4,76.7,4939.5,1.191,1,5,8,3,North,False,L_SHAPED_COURTYARD,0.17
67.1,140.0,9394.0,2.086,2,6,8,2,North,True,CENTRAL_SPINE_SPLIT,0.164
28.4,72.3,2053.3,2.546,2,3,5,1,North,True,CENTRAL_SPINE_SPLIT,0.148
39.6,35.4,1401.8,0.894,1,3,5,1,East,False,WRAP_AROUND_OPEN_PLAN,0.138
73.2,140.0,10248.0,1.913,2,5,8,2,West,False,CENTRAL_SPINE_SPLIT,0.161
36.7,37.2,1365.2,1.014,2,3,6,1,East,True,WRAP_AROUND_OPEN_PLAN,0.131
71.1,125.4,8915.9,1.764,1,5,5,2,West,True,CENTRAL_SPINE_SPLIT,0.16
26.9,46.9,1261.6,1.743,3,2,5,1,West,True,WRAP_AROUND_OPEN_PLAN,0.117
61.2,85.3,5220.4,1.394,2,4,5,3,South,False,VILLA_PERIMETER,0.19
71.5,140.0,10010.0,1.958,2,6,10,2,East,True,CENTRAL_SPINE_SPLIT,0.155
71.4,138.9,9917.5,1.945,3,4,8,3,North,True,CENTRAL_SPINE_SPLIT,0.162
71.9,95.1,6837.7,1.323,3,4,7,2,East,True,L_SHAPED_COURTYARD,0.17
73.6,71.9,5291.8,0.977,2,4,5,1,West,True,VILLA_PERIMETER,0.221
43.5,50.2,2183.7,1.154,1,2,3,1,South,True,WRAP_AROUND_OPEN_PLAN,0.134
18.0,47.4,853.2,2.633,3,2,5,1,North,False,CENTRAL_SPINE_SPLIT,0.146
36.6,63.3,2316.8,1.73,2,3,5,3,West,True,WRAP_AROUND_OPEN_PLAN,0.129
24.4,27.3,666.1,1.119,2,1,2,0,North,True,COMPACT_LINEAR,0.131
60.8,63.8,3879.0,1.049,2,5,7,2,East,True,L_SHAPED_COURTYARD,0.181
70.9,119.8,8493.8,1.69,1,6,10,3,North,True,WRAP_AROUND_OPEN_PLAN,0.156
71.2,113.6,8088.3,1.596,2,6,8,2,East,True,VILLA_PERIMETER,0.192
31.9,68.8,2194.7,2.157,1,3,5,1,North,False,CENTRAL_SPINE_SPLIT,0.157
59.9,133.3,7984.7,2.225,1,4,7,2,East,True,CENTRAL_SPINE_SPLIT,0.176
63.3,104.6,6621.2,1.652,2,6,8,2,East,True,VILLA_PERIMETER,0.194
49.3,59.3,2923.5,1.203,2,4,6,1,South,True,VILLA_PERIMETER,0.171
74.9,64.0,4793.6,0.854,1,5,9,1,North,True,L_SHAPED_COURTYARD,0.176
40.6,60.2,2444.1,1.483,2,4,3,1,North,True,WRAP_AROUND_OPEN_PLAN,0.133
68.0,72.3,4916.4,1.063,2,4,4,2,East,True,L_SHAPED_COURTYARD,0.179
61.0,117.7,7179.7,1.93,2,6,8,1,East,False,CENTRAL_SPINE_SPLIT,0.164
63.5,134.8,8559.8,2.123,3,4,9,2,South,False,CENTRAL_SPINE_SPLIT,0.162
20.1,51.2,1029.1,2.547,1,2,4,1,North,True,CENTRAL_SPINE_SPLIT,0.148
52.1,39.4,2052.7,0.756,2,3,3,1,North,True,WRAP_AROUND_OPEN_PLAN,0.139
54.6,38.4,2096.6,0.703,2,3,3,1,East,False,WRAP_AROUND_OPEN_PLAN,0.132
39.2,102.1,4002.3,2.605,2,4,3,2,North,False,CENTRAL_SPINE_SPLIT,0.143
69.5,49.0,3405.5,0.705,2,4,8,1,North,True,VILLA_PERIMETER,0.2
31.3,53.7,1680.8,1.716,2,3,7,1,West,True,WRAP_AROUND_OPEN_PLAN,0.148
23.8,33.5,797.3,1.408,3,1,2,1,North,True,COMPACT_LINEAR,0.126
68.0,85.6,5820.8,1.259,2,5,6,1,North,True,L_SHAPED_COURTYARD,0.183
29.5,75.6,2230.2,2.563,1,3,4,1,North,False,CENTRAL_SPINE_SPLIT,0.15
67.9,62.5,4243.8,0.92,2,5,6,2,South,False,VILLA_PERIMETER,0.187
27.0,54.4,1468.8,2.015,1,3,4,1,South,True,CENTRAL_SPINE_SPLIT,0.171
49.8,75.5,3759.9,1.516,3,4,8,2,South,True,VILLA_PERIMETER,0.187
60.0,44.8,2688.0,0.747,3,3,5,2,East,True,WRAP_AROUND_OPEN_PLAN,0.152
45.1,102.0,4600.2,2.262,2,4,8,2,West,False,CENTRAL_SPINE_SPLIT,0.162
25.8,52.2,1346.8,2.023,1,4,5,1,North,True,CENTRAL_SPINE_SPLIT,0.162
52.2,130.7,6822.5,2.504,1,4,6,1,East,False,CENTRAL_SPINE_SPLIT,0.173
63.1,81.6,5149.0,1.293,3,4,5,2,East,True,L_SHAPED_COURTYARD,0.187
20.4,27.3,556.9,1.338,1,1,3,0,East,True,COMPACT_LINEAR,0.106
37.5,71.5,2681.2,1.907,1,3,4,1,North,False,CENTRAL_SPINE_SPLIT,0.13
42.3,99.7,4217.3,2.357,1,5,6,2,East,False,CENTRAL_SPINE_SPLIT,0.146
66.8,140.0,9352.0,2.096,2,6,9,2,South,False,CENTRAL_SPINE_SPLIT,0.143
50.5,83.8,4231.9,1.659,1,6,8,3,South,True,WRAP_AROUND_OPEN_PLAN,0.159
28.5,37.0,1054.5,1.298,1,3,5,1,North,False,WRAP_AROUND_OPEN_PLAN,0.124
53.1,75.1,3987.8,1.414,2,6,9,1,East,False,VILLA_PERIMETER,0.2
60.2,46.2,2781.2,0.767,1,3,3,1,North,True,WRAP_AROUND_OPEN_PLAN,0.128
67.4,140.0,9436.0,2.077,2,5,7,2,North,True,CENTRAL_SPINE_SPLIT,0.18
51.1,133.7,6832.1,2.616,2,4,7,3,East,True,CENTRAL_SPINE_SPLIT,0.172
49.7,129.4,6431.2,2.604,2,4,6,1,South,True,CENTRAL_SPINE_SPLIT,0.163
29.3,28.6,838.0,0.976,2,2,4,1,West,False,COMPACT_LINEAR,0.132
40.2,102.2,4108.4,2.542,2,5,8,1,North,True,CENTRAL_SPINE_SPLIT,0.152
70.8,137.8,9756.2,1.946,2,5,7,3,South,True,CENTRAL_SPINE_SPLIT,0.182
64.2,140.0,8988.0,2.181,2,4,7,2,North,True,CENTRAL_SPINE_SPLIT,0.164
41.8,45.6,1906.1,1.091,2,2,5,1,North,True,L_SHAPED_COURTYARD,0.186
58.3,140.0,8162.0,2.401,2,6,10,1,West,True,CENTRAL_SPINE_SPLIT,0.152
59.1,63.1,3729.2,1.068,2,3,4,3,East,True,L_SHAPED_COURTYARD,0.189
20.3,29.9,607.0,1.473,1,1,1,0,East,True,COMPACT_LINEAR,0.095
26.3,22.0,578.6,0.837,1,1,2,0,South,True,COMPACT_LINEAR,0.128
42.6,31.3,1333.4,0.735,2,2,4,1,North,True,WRAP_AROUND_OPEN_PLAN,0.134
38.4,29.7,1140.5,0.773,1,1,3,1,East,True,COMPACT_LINEAR,0.103
54.1,129.3,6995.1,2.39,1,6,10,3,North,True,CENTRAL_SPINE_SPLIT,0.153
22.3,38.5,858.6,1.726,2,2,4,1,South,True,COMPACT_LINEAR,0.116
44.7,96.4,4309.1,2.157,2,4,5,2,South,False,CENTRAL_SPINE_SPLIT,0.161
24.4,42.1,1027.2,1.725,1,2,3,1,South,False,COMPACT_LINEAR,0.118
42.2,30.1,1270.2,0.713,2,1,1,1,West,True,WRAP_AROUND_OPEN_PLAN,0.139
50.4,91.1,4591.4,1.808,2,5,7,2,East,True,CENTRAL_SPINE_SPLIT,0.171
47.2,98.2,4635.0,2.081,3,5,9,1,East,True,L_SHAPED_COURTYARD,0.155
30.1,65.9,1983.6,2.189,1,3,6,1,North,False,CENTRAL_SPINE_SPLIT,0.169
35.5,42.7,1515.9,1.203,1,3,4,1,North,True,L_SHAPED_COURTYARD,0.164
33.1,28.9,956.6,0.873,2,2,3,1,East,True,COMPACT_LINEAR,0.103
42.7,68.5,2925.0,1.604,2,5,7,1,North,False,VILLA_PERIMETER,0.224
23.5,27.0,634.5,1.149,1,1,1,0,North,False,COMPACT_LINEAR,0.118
46.1,91.6,4222.8,1.987,2,4,9,2,South,True,CENTRAL_SPINE_SPLIT,0.167
46.3,105.4,4880.0,2.276,1,5,8,1,East,True,CENTRAL_SPINE_SPLIT,0.162
68.8,140.0,9632.0,2.035,1,6,8,3,East,True,CENTRAL_SPINE_SPLIT,0.145
65.6,120.5,7904.8,1.837,3,5,7,3,North,True,CENTRAL_SPINE_SPLIT,0.156
36.1,43.6,1574.0,1.208,3,3,6,1,North,True,L_SHAPED_COURTYARD,0.172
75.0,140.0,10500.0,1.867,2,4,6,2,East,True,CENTRAL_SPINE_SPLIT,0.188
43.4,41.7,1809.8,0.961,1,2,5,1,East,True,L_SHAPED_COURTYARD,0.142
37.4,52.2,1952.3,1.396,2,2,4,1,South,True,WRAP_AROUND_OPEN_PLAN,0.156
33.6,44.6,1498.6,1.327,2,4,8,1,East,True,WRAP_AROUND_OPEN_PLAN,0.128
67.7,140.0,9478.0,2.068,2,4,4,3,North,False,CENTRAL_SPINE_SPLIT,0.136
32.2,58.2,1874.0,1.807,1,3,5,1,North,False,WRAP_AROUND_OPEN_PLAN,0.17
19.2,22.0,422.4,1.146,3,1,4,0,South,True,COMPACT_LINEAR,0.12
73.5,55.9,4108.6,0.761,2,4,8,2,North,True,VILLA_PERIMETER,0.185
46.8,118.5,5545.8,2.532,1,4,5,1,South,True,CENTRAL_SPINE_SPLIT,0.155
68.4,90.9,6217.6,1.329,1,4,6,2,North,True,L_SHAPED_COURTYARD,0.189
39.4,84.8,3341.1,2.152,1,4,5,1,West,True,CENTRAL_SPINE_SPLIT,0.17
54.6,106.2,5798.5,1.945,1,4,7,1,South,True,CENTRAL_SPINE_SPLIT,0.16
46.9,98.0,4596.2,2.09,2,6,9,2,North,True,WRAP_AROUND_OPEN_PLAN,0.171
52.9,47.0,2486.3,0.888,2,4,5,2,North,False,L_SHAPED_COURTYARD,0.152
27.5,63.3,1740.8,2.302,1,3,7,1,East,True,CENTRAL_SPINE_SPLIT,0.168
45.1,65.4,2949.5,1.45,1,5,8,3,East,True,WRAP_AROUND_OPEN_PLAN,0.138
40.8,97.7,3986.2,2.395,1,4,5,2,East,True,CENTRAL_SPINE_SPLIT,0.16
68.1,67.4,4589.9,0.99,2,4,7,3,South,True,VILLA_PERIMETER,0.198
39.5,45.1,1781.5,1.142,2,2,2,1,East,False,L_SHAPED_COURTYARD,0.188
23.5,61.8,1452.3,2.63,1,3,3,1,East,True,CENTRAL_SPINE_SPLIT,0.18
59.9,119.1,7134.1,1.988,1,4,5,1,East,True,CENTRAL_SPINE_SPLIT,0.139
62.1,59.7,3707.4,0.961,3,4,8,1,East,True,L_SHAPED_COURTYARD,0.201
64.1,115.4,7397.1,1.8,1,4,6,1,South,True,CENTRAL_SPINE_SPLIT,0.16
45.2,126.2,5704.2,2.792,3,5,7,1,South,True,CENTRAL_SPINE_SPLIT,0.155
25.4,50.6,1285.2,1.992,1,2,4,1,South,True,CENTRAL_SPINE_SPLIT,0.156
33.9,80.8,2739.1,2.383,2,4,5,3,East,True,CENTRAL_SPINE_SPLIT,0.163
27.6,59.1,1631.2,2.141,2,4,6,1,South,True,CENTRAL_SPINE_SPLIT,0.154
60.5,85.6,5178.8,1.415,2,4,7,2,North,False,VILLA_PERIMETER,0.21
47.5,84.3,4004.2,1.775,3,5,8,2,East,False,CENTRAL_SPINE_SPLIT,0.165
43.3,86.7,3754.1,2.002,1,5,7,2,North,True,CENTRAL_SPINE_SPLIT,0.151
54.3,65.6,3562.1,1.208,2,5,7,2,East,True,L_SHAPED_COURTYARD,0.165
63.8,85.9,5480.4,1.346,2,5,6,1,North,True,L_SHAPED_COURTYARD,0.172
52.1,100.6,5241.3,1.931,3,5,7,2,North,True,CENTRAL_SPINE_SPLIT,0.162
45.7,104.8,4789.4,2.293,1,5,7,3,South,True,CENTRAL_SPINE_SPLIT,0.15
54.3,134.0,7276.2,2.468,3,5,7,2,West,True,CENTRAL_SPINE_SPLIT,0.176
61.2,114.9,7031.9,1.877,2,4,6,2,East,True,CENTRAL_SPINE_SPLIT,0.16
65.7,131.2,8619.8,1.997,3,4,5,2,North,False,CENTRAL_SPINE_SPLIT,0.175
49.8,127.3,6339.5,2.556,1,4,8,1,North,True,CENTRAL_SPINE_SPLIT,0.177
57.5,110.9,6376.8,1.929,2,4,7,2,South,True,CENTRAL_SPINE_SPLIT,0.176
49.3,41.8,2060.7,0.848,2,2,5,1,West,False,WRAP_AROUND_OPEN_PLAN,0.143
29.4,25.1,737.9,0.854,2,1,2,1,West,True,COMPACT_LINEAR,0.113
69.4,77.3,5364.6,1.114,1,4,6,3,North,True,L_SHAPED_COURTYARD,0.199
55.9,47.2,2638.5,0.844,1,4,6,1,East,True,L_SHAPED_COURTYARD,0.178
18.9,22.0,415.8,1.164,2,1,4,0,West,True,CENTRAL_SPINE_SPLIT,0.091
68.5,78.9,5404.7,1.152,2,6,10,1,East,True,CENTRAL_SPINE_SPLIT,0.179
29.1,59.2,1722.7,2.034,3,2,5,1,North,True,L_SHAPED_COURTYARD,0.154
52.7,58.4,3077.7,1.108,2,4,7,2,North,True,L_SHAPED_COURTYARD,0.179
43.1,106.0,4568.6,2.459,1,5,8,2,East,True,CENTRAL_SPINE_SPLIT,0.159
30.4,80.4,2444.2,2.645,2,4,6,3,South,True,CENTRAL_SPINE_SPLIT,0.158
53.3,124.2,6619.9,2.33,3,6,8,1,East,True,CENTRAL_SPINE_SPLIT,0.169
20.4,48.6,991.4,2.382,1,1,1,1,South,False,CENTRAL_SPINE_SPLIT,0.154
34.5,36.7,1266.2,1.064,1,2,2,1,East,True,WRAP_AROUND_OPEN_PLAN,0.148
53.5,60.7,3247.5,1.135,2,5,7,3,East,True,L_SHAPED_COURTYARD,0.207
22.1,23.1,510.5,1.045,2,2,4,0,North,True,COMPACT_LINEAR,0.109
72.1,140.0,10094.0,1.942,2,6,10,3,South,True,CENTRAL_SPINE_SPLIT,0.15
57.4,65.3,3748.2,1.138,2,4,4,1,East,True,L_SHAPED_COURTYARD,0.191
34.9,49.9,1741.5,1.43,3,3,6,1,South,True,WRAP_AROUND_OPEN_PLAN,0.145
59.1,93.7,5537.7,1.585,2,5,7,1,West,True,VILLA_PERIMETER,0.209
26.2,33.3,872.5,1.271,2,2,4,1,North,True,COMPACT_LINEAR,0.105
25.7,65.9,1693.6,2.564,1,3,8,1,West,True,CENTRAL_SPINE_SPLIT,0.133
24.4,49.8,1215.1,2.041,1,2,4,1,East,True,CENTRAL_SPINE_SPLIT,0.151
23.1,22.0,508.2,0.952,2,1,2,0,East,True,COMPACT_LINEAR,0.135
45.7,107.9,4931.0,2.361,2,5,10,2,East,True,CENTRAL_SPINE_SPLIT,0.166
69.8,103.1,7196.4,1.477,1,5,7,2,North,True,WRAP_AROUND_OPEN_PLAN,0.126
32.8,35.1,1151.3,1.07,2,2,2,1,West,True,COMPACT_LINEAR,0.091
35.0,53.9,1886.5,1.54,2,3,3,1,East,True,CENTRAL_SPINE_SPLIT,0.146
63.5,77.8,4940.3,1.225,3,4,6,3,East,False,L_SHAPED_COURTYARD,0.187
19.6,22.0,431.2,1.122,1,1,3,0,North,True,COMPACT_LINEAR,0.109
53.9,59.7,3217.8,1.108,3,4,7,2,South,True,VILLA_PERIMETER,0.207
23.7,36.2,857.9,1.527,2,2,5,1,South,True,COMPACT_LINEAR,0.091
70.4,62.7,4414.1,0.891,2,5,7,2,North,True,L_SHAPED_COURTYARD,0.186
65.7,85.2,5597.6,1.297,2,4,6,1,West,True,VILLA_PERIMETER,0.209
70.2,124.1,8711.8,1.768,2,4,8,3,South,True,CENTRAL_SPINE_SPLIT,0.154
33.0,40.8,1346.4,1.236,1,4,8,1,East,True,WRAP_AROUND_OPEN_PLAN,0.139
55.9,71.0,3968.9,1.27,2,4,6,2,South,True,VILLA_PERIMETER,0.196
45.0,116.9,5260.5,2.598,2,4,6,1,South,True,CENTRAL_SPINE_SPLIT,0.17
35.3,53.1,1874.4,1.504,2,3,7,1,East,True,WRAP_AROUND_OPEN_PLAN,0.122
35.2,50.4,1774.1,1.432,1,3,5,1,South,True,WRAP_AROUND_OPEN_PLAN,0.134
60.2,86.9,5231.4,1.444,1,5,5,2,South,True,WRAP_AROUND_OPEN_PLAN,0.154
42.1,31.0,1305.1,0.736,2,3,4,1,South,True,VILLA_PERIMETER,0.134
42.4,91.1,3862.6,2.149,3,5,9,1,North,True,CENTRAL_SPINE_SPLIT,0.177
37.1,75.1,2786.2,2.024,2,5,8,2,West,True,CENTRAL_SPINE_SPLIT,0.145
35.8,68.0,2434.4,1.899,2,3,7,2,South,False,CENTRAL_SPINE_SPLIT,0.158
30.4,57.0,1732.8,1.875,1,3,3,1,North,True,CENTRAL_SPINE_SPLIT,0.161
63.7,63.4,4038.6,0.995,1,4,7,2,North,True,L_SHAPED_COURTYARD,0.173
44.8,94.9,4251.5,2.118,1,4,8,1,North,True,CENTRAL_SPINE_SPLIT,0.157
30.3,22.9,693.9,0.756,2,1,3,0,East,True,COMPACT_LINEAR,0.105
55.4,140.0,7756.0,2.527,2,5,7,2,North,True,COMPACT_LINEAR,0.179
25.2,68.5,1726.2,2.718,2,2,4,1,South,True,CENTRAL_SPINE_SPLIT,0.169
29.0,71.9,2085.1,2.479,2,2,4,1,South,False,CENTRAL_SPINE_SPLIT,0.15
72.6,112.4,8160.2,1.548,2,5,8,1,South,False,VILLA_PERIMETER,0.196
49.9,89.4,4461.1,1.792,3,5,6,1,West,False,CENTRAL_SPINE_SPLIT,0.153
72.5,104.0,7540.0,1.434,2,5,10,2,East,True,VILLA_PERIMETER,0.196
59.6,81.7,4869.3,1.371,1,5,8,1,East,True,COMPACT_LINEAR,0.12
52.4,117.3,6146.5,2.239,2,6,7,2,West,False,CENTRAL_SPINE_SPLIT,0.145
68.1,140.0,9534.0,2.056,3,4,5,1,North,False,CENTRAL_SPINE_SPLIT,0.166
30.8,69.5,2140.6,2.256,2,2,2,1,South,True,CENTRAL_SPINE_SPLIT,0.139
52.2,138.1,7208.8,2.646,2,4,4,3,East,True,CENTRAL_SPINE_SPLIT,0.161
44.6,32.8,1462.9,0.735,2,3,4,1,North,True,WRAP_AROUND_OPEN_PLAN,0.14
60.7,108.0,6555.6,1.779,2,4,7,3,North,True,CENTRAL_SPINE_SPLIT,0.161
64.9,94.8,6152.5,1.461,1,5,8,1,North,True,WRAP_AROUND_OPEN_PLAN,0.126
20.6,36.0,741.6,1.748,1,3,6,1,North,True,L_SHAPED_COURTYARD,0.115
57.3,140.0,8022.0,2.443,2,4,3,1,East,True,CENTRAL_SPINE_SPLIT,0.181
18.0,22.0,396.0,1.222,2,1,1,0,South,False,COMPACT_LINEAR,0.104
32.3,54.0,1744.2,1.672,2,3,7,1,East,False,WRAP_AROUND_OPEN_PLAN,0.142
74.7,140.0,10458.0,1.874,2,5,7,3,South,True,CENTRAL_SPINE_SPLIT,0.144
52.0,112.9,5870.8,2.171,2,4,6,1,East,False,CENTRAL_SPINE_SPLIT,0.165
59.1,114.7,6778.8,1.941,3,4,8,2,East,True,CENTRAL_SPINE_SPLIT,0.157
40.3,45.7,1841.7,1.134,1,4,8,1,East,True,L_SHAPED_COURTYARD,0.183
46.5,48.5,2255.2,1.043,2,3,6,1,East,True,L_SHAPED_COURTYARD,0.204
71.9,97.9,7039.0,1.362,3,4,7,2,North,False,VILLA_PERIMETER,0.187
45.7,43.4,1983.4,0.95,2,4,7,1,South,True,WRAP_AROUND_OPEN_PLAN,0.141
40.4,93.8,3789.5,2.322,2,4,5,1,South,True,CENTRAL_SPINE_SPLIT,0.16
66.7,101.3,6756.7,1.519,1,6,8,3,South,True,WRAP_AROUND_OPEN_PLAN,0.138
48.4,119.9,5803.2,2.477,2,5,9,2,North,False,CENTRAL_SPINE_SPLIT,0.147
54.0,130.0,7020.0,2.407,2,4,7,3,North,True,CENTRAL_SPINE_SPLIT,0.152
57.2,114.8,6566.6,2.007,2,5,7,1,North,True,CENTRAL_SPINE_SPLIT,0.16
42.1,84.4,3553.2,2.005,2,5,7,3,East,True,CENTRAL_SPINE_SPLIT,0.151
22.5,33.0,742.5,1.467,2,2,3,1,East,False,COMPACT_LINEAR,0.096
62.4,83.8,5229.1,1.343,2,4,8,3,East,True,L_SHAPED_COURTYARD,0.17
41.5,44.3,1838.4,1.067,2,3,4,1,North,True,L_SHAPED_COURTYARD,0.195
72.2,140.0,10108.0,1.939,2,6,8,3,North,False,L_SHAPED_COURTYARD,0.172
28.4,32.4,920.2,1.141,2,2,4,1,East,True,COMPACT_LINEAR,0.105
72.4,91.2,6602.9,1.26,1,5,7,2,South,True,WRAP_AROUND_OPEN_PLAN,0.107
45.5,51.8,2356.9,1.138,3,4,7,1,East,False,CENTRAL_SPINE_SPLIT,0.188
40.6,46.5,1887.9,1.145,3,3,4,1,East,True,L_SHAPED_COURTYARD,0.193
69.1,129.2,8927.7,1.87,2,5,10,3,East,False,CENTRAL_SPINE_SPLIT,0.163
62.3,140.0,8722.0,2.247,2,4,5,3,North,True,CENTRAL_SPINE_SPLIT,0.189
21.4,25.2,539.3,1.178,2,1,3,0,North,False,COMPACT_LINEAR,0.111
32.0,55.9,1788.8,1.747,1,2,2,1,West,True,WRAP_AROUND_OPEN_PLAN,0.135
69.3,76.9,5329.2,1.11,2,5,7,2,West,True,VILLA_PERIMETER,0.201
56.4,44.7,2521.1,0.793,3,5,9,2,North,True,VILLA_PERIMETER,0.203
38.1,78.3,2983.2,2.055,2,5,9,2,North,True,CENTRAL_SPINE_SPLIT,0.175
70.3,140.0,9842.0,1.991,3,5,8,2,East,True,CENTRAL_SPINE_SPLIT,0.149
41.4,101.5,4202.1,2.452,2,5,8,2,East,False,CENTRAL_SPINE_SPLIT,0.15
31.6,59.0,1864.4,1.867,3,4,6,1,North,False,CENTRAL_SPINE_SPLIT,0.156
41.9,30.5,1278.0,0.728,2,1,4,1,North,True,WRAP_AROUND_OPEN_PLAN,0.162
28.0,71.5,2002.0,2.554,1,2,4,1,North,True,CENTRAL_SPINE_SPLIT,0.16
26.5,32.4,858.6,1.223,1,3,5,1,North,True,COMPACT_LINEAR,0.099
55.0,124.7,6858.5,2.267,3,5,7,2,North,True,CENTRAL_SPINE_SPLIT,0.15
65.6,140.0,9184.0,2.134,3,4,6,1,West,True,CENTRAL_SPINE_SPLIT,0.174
45.6,69.8,3182.9,1.531,3,4,3,1,East,True,VILLA_PERIMETER,0.203
19.3,37.4,721.8,1.938,2,1,1,1,North,True,CENTRAL_SPINE_SPLIT,0.174
33.4,67.0,2237.8,2.006,2,3,1,2,North,True,CENTRAL_SPINE_SPLIT,0.147
41.3,90.5,3737.6,2.191,2,4,6,2,North,True,COMPACT_LINEAR,0.171
28.5,30.5,869.2,1.07,2,1,3,1,South,True,COMPACT_LINEAR,0.095
19.8,29.7,588.1,1.5,2,1,1,0,South,True,COMPACT_LINEAR,0.117
46.1,103.6,4776.0,2.247,3,4,6,2,North,True,VILLA_PERIMETER,0.145
28.0,42.8,1198.4,1.529,2,2,2,1,North,True,COMPACT_LINEAR,0.109
37.9,37.0,1402.3,0.976,1,4,7,1,East,True,WRAP_AROUND_OPEN_PLAN,0.139
72.9,53.2,3878.3,0.73,3,5,9,2,East,True,WRAP_AROUND_OPEN_PLAN,0.197
20.9,56.3,1176.7,2.694,1,1,1,1,East,True,CENTRAL_SPINE_SPLIT,0.163
70.2,138.3,9708.7,1.97,2,5,6,3,East,False,CENTRAL_SPINE_SPLIT,0.146
35.5,31.7,1125.3,0.893,2,2,5,1,East,True,COMPACT_LINEAR,0.118
36.1,48.1,1736.4,1.332,1,2,4,1,North,True,L_SHAPED_COURTYARD,0.193
51.3,43.9,2252.1,0.856,2,4,7,2,West,True,WRAP_AROUND_OPEN_PLAN,0.152
36.3,88.7,3219.8,2.444,1,3,7,1,South,True,CENTRAL_SPINE_SPLIT,0.153
60.1,100.3,6028.0,1.669,2,6,9,3,North,True,VILLA_PERIMETER,0.192
29.5,64.2,1893.9,2.176,1,3,5,1,North,True,CENTRAL_SPINE_SPLIT,0.157
26.4,70.2,1853.3,2.659,2,3,6,1,West,True,CENTRAL_SPINE_SPLIT,0.157
36.0,53.0,1908.0,1.472,2,2,5,1,West,True,WRAP_AROUND_OPEN_PLAN,0.141
19.7,22.0,433.4,1.117,1,1,3,0,East,True,COMPACT_LINEAR,0.109
48.4,64.8,3136.3,1.339,2,4,4,3,North,True,L_SHAPED_COURTYARD,0.198
73.1,52.1,3808.5,0.713,2,5,8,2,East,True,VILLA_PERIMETER,0.181
50.4,107.7,5428.1,2.137,3,5,8,2,East,True,CENTRAL_SPINE_SPLIT,0.161
41.0,87.5,3587.5,2.134,2,3,6,3,North,False,CENTRAL_SPINE_SPLIT,0.13
29.6,66.4,1965.4,2.243,1,3,6,1,West,False,CENTRAL_SPINE_SPLIT,0.16
20.1,31.0,623.1,1.542,2,2,5,0,North,True,COMPACT_LINEAR,0.107
50.7,112.3,5693.6,2.215,2,6,10,2,South,False,CENTRAL_SPINE_SPLIT,0.175
24.9,53.0,1319.7,2.129,1,2,4,1,North,True,CENTRAL_SPINE_SPLIT,0.142
44.7,73.9,3303.3,1.653,2,5,6,2,East,True,VILLA_PERIMETER,0.215
50.4,81.2,4092.5,1.611,2,5,8,1,East,False,VILLA_PERIMETER,0.221
64.3,90.4,5812.7,1.406,1,6,9,2,East,True,WRAP_AROUND_OPEN_PLAN,0.153
54.7,84.8,4638.6,1.55,2,4,6,1,North,True,VILLA_PERIMETER,0.199
38.6,87.9,3392.9,2.277,2,5,8,2,West,False,CENTRAL_SPINE_SPLIT,0.182
44.7,99.7,4456.6,2.23,3,4,6,1,North,True,CENTRAL_SPINE_SPLIT,0.197
48.9,42.8,2092.9,0.875,2,4,7,1,North,False,L_SHAPED_COURTYARD,0.156
28.2,29.3,826.3,1.039,2,2,6,1,East,True,COMPACT_LINEAR,0.092
58.9,58.7,3457.4,0.997,1,4,7,2,North,True,L_SHAPED_COURTYARD,0.162
37.2,48.2,1793.0,1.296,2,2,2,1,East,True,L_SHAPED_COURTYARD,0.18
74.7,56.8,4243.0,0.76,3,6,10,2,West,True,VILLA_PERIMETER,0.197
50.8,54.7,2778.8,1.077,2,3,5,2,North,True,L_SHAPED_COURTYARD,0.187
20.4,22.0,448.8,1.078,2,1,3,0,West,False,COMPACT_LINEAR,0.108
29.9,33.0,986.7,1.104,2,3,4,1,West,True,WRAP_AROUND_OPEN_PLAN,0.152
28.3,62.1,1757.4,2.194,2,3,4,1,West,True,CENTRAL_SPINE_SPLIT,0.153
60.3,120.4,7260.1,1.997,2,5,6,2,South,False,CENTRAL_SPINE_SPLIT,0.176
43.9,38.6,1694.5,0.879,1,4,4,1,West,False,WRAP_AROUND_OPEN_PLAN,0.149
67.5,140.0,9450.0,2.074,3,4,6,2,East,True,CENTRAL_SPINE_SPLIT,0.155
55.6,71.0,3947.6,1.277,2,5,7,2,North,False,L_SHAPED_COURTYARD,0.18
42.4,68.4,2900.2,1.613,1,4,5,2,North,True,COMPACT_LINEAR,0.133
22.2,46.3,1027.9,2.086,1,3,7,1,East,True,CENTRAL_SPINE_SPLIT,0.153
62.7,140.0,8778.0,2.233,3,5,8,2,West,True,CENTRAL_SPINE_SPLIT,0.162
29.2,22.1,645.3,0.757,2,1,3,0,West,True,COMPACT_LINEAR,0.113
28.5,50.8,1447.8,1.782,1,3,4,1,South,True,CENTRAL_SPINE_SPLIT,0.155
20.7,31.0,641.7,1.498,2,1,1,0,South,False,COMPACT_LINEAR,0.106
32.2,71.2,2292.6,2.211,1,2,2,2,West,True,CENTRAL_SPINE_SPLIT,0.16
43.1,81.1,3495.4,1.882,3,5,6,2,North,False,COMPACT_LINEAR,0.169
47.4,97.2,4607.3,2.051,2,6,8,1,North,False,CENTRAL_SPINE_SPLIT,0.14
43.3,58.6,2537.4,1.353,1,3,5,2,South,False,WRAP_AROUND_OPEN_PLAN,0.145
62.5,99.3,6206.2,1.589,2,5,8,1,South,True,CENTRAL_SPINE_SPLIT,0.215
60.6,114.6,6944.8,1.891,3,5,10,1,North,False,CENTRAL_SPINE_SPLIT,0.159
48.6,125.9,6118.7,2.591,2,5,9,2,South,False,CENTRAL_SPINE_SPLIT,0.142
24.0,22.0,528.0,0.917,2,1,2,0,East,False,COMPACT_LINEAR,0.099
53.3,49.8,2654.3,0.934,2,3,4,1,East,True,L_SHAPED_COURTYARD,0.185
30.0,60.6,1818.0,2.02,2,3,6,1,East,True,CENTRAL_SPINE_SPLIT,0.179
68.3,124.2,8482.9,1.818,3,5,8,1,South,False,CENTRAL_SPINE_SPLIT,0.163
75.0,65.8,4935.0,0.877,2,5,6,2,East,True,L_SHAPED_COURTYARD,0.187
27.4,34.4,942.6,1.255,1,1,2,1,North,True,COMPACT_LINEAR,0.108
60.9,43.7,2661.3,0.718,2,4,3,2,North,True,VILLA_PERIMETER,0.204
43.1,49.5,2133.5,1.148,2,3,3,1,East,True,L_SHAPED_COURTYARD,0.206
52.4,117.0,6130.8,2.233,2,4,8,2,East,True,CENTRAL_SPINE_SPLIT,0.159
66.2,48.3,3197.5,0.73,3,5,7,2,North,True,VILLA_PERIMETER,0.204
25.8,22.0,567.6,0.853,3,1,3,0,East,False,COMPACT_LINEAR,0.116
74.3,68.1,5059.8,0.917,2,6,10,3,West,True,VILLA_PERIMETER,0.207
18.9,22.0,415.8,1.164,2,1,4,0,South,True,COMPACT_LINEAR,0.108
62.3,140.0,8722.0,2.247,2,4,7,2,East,True,CENTRAL_SPINE_SPLIT,0.153
20.9,22.0,459.8,1.053,1,1,1,0,South,True,COMPACT_LINEAR,0.12
54.9,68.5,3760.7,1.248,3,5,7,3,North,False,L_SHAPED_COURTYARD,0.191
32.9,90.3,2970.9,2.745,1,4,6,2,East,False,CENTRAL_SPINE_SPLIT,0.152
40.4,58.7,2371.5,1.453,2,4,7,2,North,True,WRAP_AROUND_OPEN_PLAN,0.117
48.5,92.1,4466.8,1.899,2,5,8,2,West,True,CENTRAL_SPINE_SPLIT,0.148
38.1,104.0,3962.4,2.73,2,6,7,2,East,True,CENTRAL_SPINE_SPLIT,0.142
59.8,44.7,2673.1,0.747,1,3,4,3,South,True,WRAP_AROUND_OPEN_PLAN,0.122
74.8,107.2,8018.6,1.433,1,6,9,2,East,False,WRAP_AROUND_OPEN_PLAN,0.13
56.9,112.4,6395.6,1.975,2,6,9,3,North,True,CENTRAL_SPINE_SPLIT,0.153
61.7,85.1,5250.7,1.379,2,4,4,2,North,True,VILLA_PERIMETER,0.187
41.6,80.3,3340.5,1.93,1,3,4,2,West,True,CENTRAL_SPINE_SPLIT,0.169
56.9,52.5,2987.2,0.923,3,5,8,2,East,True,L_SHAPED_COURTYARD,0.173
25.2,46.0,1159.2,1.825,1,2,5,1,North,False,CENTRAL_SPINE_SPLIT,0.164
66.1,117.4,7760.1,1.776,2,6,6,3,East,True,CENTRAL_SPINE_SPLIT,0.161
62.4,140.0,8736.0,2.244,3,4,5,2,East,True,CENTRAL_SPINE_SPLIT,0.175
61.7,113.2,6984.4,1.835,2,6,9,3,North,True,CENTRAL_SPINE_SPLIT,0.163
46.0,76.6,3523.6,1.665,2,5,6,1,East,True,VILLA_PERIMETER,0.198
48.1,38.1,1832.6,0.792,2,2,3,1,North,False,L_SHAPED_COURTYARD,0.152
52.1,122.7,6392.7,2.355,2,6,10,3,West,True,CENTRAL_SPINE_SPLIT,0.152
22.9,34.2,783.2,1.493,1,1,3,1,East,True,COMPACT_LINEAR,0.113
55.9,92.5,5170.8,1.655,2,5,5,2,North,True,VILLA_PERIMETER,0.222
60.0,131.0,7860.0,2.183,2,6,10,2,North,True,CENTRAL_SPINE_SPLIT,0.152
28.2,64.7,1824.5,2.294,2,3,6,1,East,False,CENTRAL_SPINE_SPLIT,0.155
51.0,47.4,2417.4,0.929,2,4,8,2,East,True,L_SHAPED_COURTYARD,0.169
30.4,70.4,2140.2,2.316,1,3,6,1,East,False,CENTRAL_SPINE_SPLIT,0.163
67.0,125.4,8401.8,1.872,2,4,6,3,East,True,CENTRAL_SPINE_SPLIT,0.162
18.2,42.0,764.4,2.308,2,2,4,1,North,True,CENTRAL_SPINE_SPLIT,0.168
43.0,92.5,3977.5,2.151,2,6,8,2,North,True,CENTRAL_SPINE_SPLIT,0.171
56.5,105.2,5943.8,1.862,3,4,5,2,North,True,CENTRAL_SPINE_SPLIT,0.14
46.8,67.1,3140.3,1.434,1,5,7,2,North,False,CENTRAL_SPINE_SPLIT,0.135
30.2,61.0,1842.2,2.02,2,2,3,1,South,True,CENTRAL_SPINE_SPLIT,0.155
74.4,116.2,8645.3,1.562,3,4,6,2,South,False,VILLA_PERIMETER,0.217
64.0,47.2,3020.8,0.738,2,5,6,2,North,True,VILLA_PERIMETER,0.204
50.2,82.9,4161.6,1.651,2,5,6,1,North,True,VILLA_PERIMETER,0.201
42.5,101.0,4292.5,2.376,2,4,6,2,East,False,CENTRAL_SPINE_SPLIT,0.157
66.1,94.3,6233.2,1.427,3,4,6,2,West,True,VILLA_PERIMETER,0.21
54.5,43.0,2343.5,0.789,2,3,5,3,East,False,WRAP_AROUND_OPEN_PLAN,0.138
50.4,123.8,6239.5,2.456,2,5,9,2,East,True,CENTRAL_SPINE_SPLIT,0.174
45.4,44.6,2024.8,0.982,1,3,5,1,East,True,L_SHAPED_COURTYARD,0.181
33.8,49.9,1686.6,1.476,2,3,1,1,North,True,WRAP_AROUND_OPEN_PLAN,0.145
32.9,75.3,2477.4,2.289,1,4,8,3,West,True,CENTRAL_SPINE_SPLIT,0.143
35.0,34.0,1190.0,0.971,2,2,2,1,North,True,COMPACT_LINEAR,0.119
27.8,55.0,1529.0,1.978,2,2,3,1,North,False,CENTRAL_SPINE_SPLIT,0.15
22.9,45.1,1032.8,1.969,1,2,5,1,North,True,CENTRAL_SPINE_SPLIT,0.166
19.3,53.3,1028.7,2.762,1,2,6,1,East,False,CENTRAL_SPINE_SPLIT,0.169
41.5,54.8,2274.2,1.32,1,2,2,2,East,True,L_SHAPED_COURTYARD,0.185
63.1,140.0,8834.0,2.219,2,5,8,2,South,True,CENTRAL_SPINE_SPLIT,0.162
62.3,140.0,8722.0,2.247,2,4,8,3,North,True,CENTRAL_SPINE_SPLIT,0.157
41.3,71.1,2936.4,1.722,3,4,7,2,North,False,VILLA_PERIMETER,0.175
34.9,61.7,2153.3,1.768,2,3,4,1,West,True,CENTRAL_SPINE_SPLIT,0.163
19.5,47.7,930.2,2.446,1,2,5,1,South,True,CENTRAL_SPINE_SPLIT,0.156
23.3,39.5,920.4,1.695,2,2,4,1,East,True,COMPACT_LINEAR,0.09
32.6,79.8,2601.5,2.448,3,4,6,1,East,True,CENTRAL_SPINE_SPLIT,0.157
68.3,78.1,5334.2,1.143,3,4,5,1,South,True,VILLA_PERIMETER,0.176
46.4,109.3,5071.5,2.356,2,4,6,2,North,True,CENTRAL_SPINE_SPLIT,0.159
19.6,35.4,693.8,1.806,3,1,3,0,North,True,CENTRAL_SPINE_SPLIT,0.154
63.7,128.9,8210.9,2.024,3,5,6,1,East,True,CENTRAL_SPINE_SPLIT,0.162
24.2,65.0,1573.0,2.686,2,3,7,1,West,False,CENTRAL_SPINE_SPLIT,0.182
71.1,140.0,9954.0,1.969,2,4,8,2,North,False,CENTRAL_SPINE_SPLIT,0.139
54.2,140.0,7588.0,2.583,2,6,9,2,East,True,CENTRAL_SPINE_SPLIT,0.155
55.1,119.6,6590.0,2.171,2,5,7,2,North,True,CENTRAL_SPINE_SPLIT,0.17
45.4,51.8,2351.7,1.141,1,2,1,1,West,True,WRAP_AROUND_OPEN_PLAN,0.119
60.0,63.7,3822.0,1.062,3,5,6,2,South,False,VILLA_PERIMETER,0.204
22.7,30.9,701.4,1.361,3,2,5,1,South,True,COMPACT_LINEAR,0.112
70.0,115.9,8113.0,1.656,2,6,8,1,South,True,VILLA_PERIMETER,0.22
28.5,47.8,1362.3,1.677,1,3,4,1,North,False,WRAP_AROUND_OPEN_PLAN,0.139
56.0,88.4,4950.4,1.579,1,6,9,1,North,True,WRAP_AROUND_OPEN_PLAN,0.155
38.7,101.6,3931.9,2.625,2,4,7,1,East,True,CENTRAL_SPINE_SPLIT,0.168
33.1,26.3,870.5,0.795,2,2,5,1,East,True,COMPACT_LINEAR,0.09
67.3,140.0,9422.0,2.08,1,6,9,2,North,True,CENTRAL_SPINE_SPLIT,0.14
37.8,59.7,2256.7,1.579,2,2,3,3,East,True,WRAP_AROUND_OPEN_PLAN,0.138
41.2,91.0,3749.2,2.209,2,4,6,2,South,True,CENTRAL_SPINE_SPLIT,0.16
28.3,56.3,1593.3,1.989,1,3,7,1,North,True,CENTRAL_SPINE_SPLIT,0.163
70.1,76.4,5355.6,1.09,3,4,7,1,West,False,VILLA_PERIMETER,0.176
21.5,22.0,473.0,1.023,2,1,4,0,East,True,COMPACT_LINEAR,0.13
62.3,107.8,6715.9,1.73,1,6,7,1,East,True,WRAP_AROUND_OPEN_PLAN,0.123
31.4,80.3,2521.4,2.557,1,4,6,3,North,True,CENTRAL_SPINE_SPLIT,0.158
51.0,44.6,2274.6,0.875,1,2,3,2,East,True,L_SHAPED_COURTYARD,0.182
72.9,140.0,10206.0,1.92,2,5,6,2,East,False,CENTRAL_SPINE_SPLIT,0.134
54.5,107.2,5842.4,1.967,1,5,8,1,South,False,CENTRAL_SPINE_SPLIT,0.132
66.8,70.9,4736.1,1.061,2,4,7,1,South,True,VILLA_PERIMETER,0.187
63.4,140.0,8876.0,2.208,2,6,9,2,West,True,CENTRAL_SPINE_SPLIT,0.173
49.2,69.2,3404.6,1.407,2,4,8,1,North,True,VILLA_PERIMETER,0.211
30.7,35.3,1083.7,1.15,1,1,3,1,East,True,COMPACT_LINEAR,0.106
52.2,91.4,4771.1,1.751,1,4,5,1,South,True,CENTRAL_SPINE_SPLIT,0.164
67.8,75.8,5139.2,1.118,2,6,9,2,North,True,L_SHAPED_COURTYARD,0.177
48.2,129.6,6246.7,2.689,2,4,7,3,East,True,CENTRAL_SPINE_SPLIT,0.142
26.4,68.7,1813.7,2.602,2,3,5,1,East,True,VILLA_PERIMETER,0.173
72.9,90.5,6597.5,1.241,1,5,9,2,South,False,WRAP_AROUND_OPEN_PLAN,0.128
33.3,55.9,1861.5,1.679,1,4,4,1,North,False,WRAP_AROUND_OPEN_PLAN,0.145
28.6,70.3,2010.6,2.458,1,2,4,1,West,True,CENTRAL_SPINE_SPLIT,0.181
70.7,54.9,3881.4,0.777,2,5,8,3,South,True,VILLA_PERIMETER,0.215
56.0,89.3,5000.8,1.595,2,6,10,2,South,True,VILLA_PERIMETER,0.21
46.3,53.4,2472.4,1.153,1,4,5,1,West,False,WRAP_AROUND_OPEN_PLAN,0.145
31.7,78.3,2482.1,2.47,2,5,6,2,South,False,CENTRAL_SPINE_SPLIT,0.166
55.0,62.0,3410.0,1.127,1,3,3,3,East,True,L_SHAPED_COURTYARD,0.176
33.0,84.0,2772.0,2.545,2,5,6,1,West,True,WRAP_AROUND_OPEN_PLAN,0.169
29.2,57.5,1679.0,1.969,1,3,6,1,South,True,WRAP_AROUND_OPEN_PLAN,0.153
28.8,52.6,1514.9,1.826,2,3,4,1,West,True,WRAP_AROUND_OPEN_PLAN,0.169
56.4,135.6,7647.8,2.404,1,4,5,2,North,True,CENTRAL_SPINE_SPLIT,0.148
37.1,87.2,3235.1,2.35,2,4,7,1,North,False,CENTRAL_SPINE_SPLIT,0.175
41.1,41.4,1701.5,1.007,2,3,5,1,North,False,L_SHAPED_COURTYARD,0.195
63.4,44.8,2840.3,0.707,3,4,8,2,North,False,VILLA_PERIMETER,0.189
59.5,140.0,8330.0,2.353,3,6,10,2,North,True,CENTRAL_SPINE_SPLIT,0.165
18.4,48.0,883.2,2.609,2,2,5,1,West,True,CENTRAL_SPINE_SPLIT,0.156
51.0,98.4,5018.4,1.929,2,5,5,1,North,True,CENTRAL_SPINE_SPLIT,0.164
24.0,45.5,1092.0,1.896,3,2,5,1,North,True,CENTRAL_SPINE_SPLIT,0.142
69.6,75.6,5261.8,1.086,1,6,9,2,South,False,WRAP_AROUND_OPEN_PLAN,0.126
73.2,79.8,5841.4,1.09,2,5,7,2,South,False,VILLA_PERIMETER,0.203
55.8,115.1,6422.6,2.063,1,4,5,3,East,True,CENTRAL_SPINE_SPLIT,0.171
54.8,119.7,6559.6,2.184,1,6,9,3,North,True,CENTRAL_SPINE_SPLIT,0.167
36.5,101.0,3686.5,2.767,1,3,5,2,North,True,CENTRAL_SPINE_SPLIT,0.192
60.5,140.0,8470.0,2.314,3,5,7,2,West,True,CENTRAL_SPINE_SPLIT,0.172
50.2,139.7,7012.9,2.783,2,6,9,3,North,True,CENTRAL_SPINE_SPLIT,0.157
56.5,140.0,7910.0,2.478,2,5,7,2,East,True,VILLA_PERIMETER,0.153
71.4,62.2,4441.1,0.871,3,4,5,1,West,False,VILLA_PERIMETER,0.216
29.3,50.3,1473.8,1.717,1,3,6,1,West,True,WRAP_AROUND_OPEN_PLAN,0.142
33.4,34.1,1138.9,1.021,2,2,4,1,South,True,COMPACT_LINEAR,0.114
69.2,140.0,9688.0,2.023,3,5,9,2,North,False,CENTRAL_SPINE_SPLIT,0.158
69.8,139.0,9702.2,1.991,1,5,9,2,East,True,CENTRAL_SPINE_SPLIT,0.155
41.5,82.0,3403.0,1.976,2,5,8,2,East,True,CENTRAL_SPINE_SPLIT,0.187
28.2,51.9,1463.6,1.84,2,3,4,1,East,True,CENTRAL_SPINE_SPLIT,0.154
46.4,65.7,3048.5,1.416,3,4,5,1,South,False,VILLA_PERIMETER,0.18
39.3,38.4,1509.1,0.977,2,3,4,1,East,True,L_SHAPED_COURTYARD,0.182
39.9,45.1,1799.5,1.13,2,4,6,1,North,True,L_SHAPED_COURTYARD,0.185
40.6,67.3,2732.4,1.658,2,4,5,2,East,True,VILLA_PERIMETER,0.192
56.0,84.4,4726.4,1.507,2,6,8,1,South,True,VILLA_PERIMETER,0.219
35.9,85.5,3069.4,2.382,2,3,4,3,East,True,CENTRAL_SPINE_SPLIT,0.16
69.3,140.0,9702.0,2.02,2,5,7,3,North,True,CENTRAL_SPINE_SPLIT,0.158
66.3,101.6,6736.1,1.532,1,5,8,2,North,True,WRAP_AROUND_OPEN_PLAN,0.134
49.7,40.2,1997.9,0.809,1,3,5,1,South,True,WRAP_AROUND_OPEN_PLAN,0.148
71.0,134.1,9521.1,1.889,3,4,4,2,North,True,CENTRAL_SPINE_SPLIT,0.16
42.4,96.7,4100.1,2.281,2,6,9,2,North,False,CENTRAL_SPINE_SPLIT,0.162
30.2,42.8,1292.6,1.417,3,2,1,1,South,True,WRAP_AROUND_OPEN_PLAN,0.135
49.2,95.2,4683.8,1.935,2,5,8,1,South,True,CENTRAL_SPINE_SPLIT,0.153
18.6,22.0,409.2,1.183,2,1,2,0,South,True,COMPACT_LINEAR,0.108
52.9,103.3,5464.6,1.953,1,6,10,2,South,False,CENTRAL_SPINE_SPLIT,0.155
52.9,85.9,4544.1,1.624,2,5,7,2,East,False,VILLA_PERIMETER,0.192
45.9,45.6,2093.0,0.993,1,3,5,1,North,True,L_SHAPED_COURTYARD,0.182
56.7,98.9,5607.6,1.744,2,5,8,3,North,True,VILLA_PERIMETER,0.212
37.3,59.9,2234.3,1.606,2,4,6,2,East,True,WRAP_AROUND_OPEN_PLAN,0.138
45.3,113.3,5132.5,2.501,2,4,6,2,North,True,CENTRAL_SPINE_SPLIT,0.162
26.1,64.2,1675.6,2.46,1,4,7,1,South,True,CENTRAL_SPINE_SPLIT,0.158
30.0,82.7,2481.0,2.757,1,4,6,1,North,False,CENTRAL_SPINE_SPLIT,0.161
44.3,119.9,5311.6,2.707,2,5,5,3,South,True,CENTRAL_SPINE_SPLIT,0.156
42.6,90.3,3846.8,2.12,3,5,8,2,North,False,CENTRAL_SPINE_SPLIT,0.174
40.6,84.8,3442.9,2.089,2,5,5,2,South,True,CENTRAL_SPINE_SPLIT,0.164
43.0,37.4,1608.2,0.87,1,3,4,1,North,True,L_SHAPED_COURTYARD,0.172
46.4,114.0,5289.6,2.457,2,5,6,2,South,True,CENTRAL_SPINE_SPLIT,0.173
72.5,74.1,5372.2,1.022,2,6,9,2,East,False,L_SHAPED_COURTYARD,0.181
56.7,112.9,6401.4,1.991,3,5,7,2,East,True,CENTRAL_SPINE_SPLIT,0.155
61.9,71.5,4425.8,1.155,3,5,9,1,East,False,L_SHAPED_COURTYARD,0.157
24.8,51.8,1284.6,2.089,3,2,3,1,North,False,CENTRAL_SPINE_SPLIT,0.141
56.6,93.6,5297.8,1.654,3,5,5,1,West,False,VILLA_PERIMETER,0.204
59.2,104.3,6174.6,1.762,3,5,9,2,East,True,CENTRAL_SPINE_SPLIT,0.149
37.2,64.2,2388.2,1.726,1,3,6,1,East,False,WRAP_AROUND_OPEN_PLAN,0.116
59.8,123.0,7355.4,2.057,1,5,7,1,East,True,CENTRAL_SPINE_SPLIT,0.167
74.8,59.4,4443.1,0.794,3,5,10,2,South,True,VILLA_PERIMETER,0.204
23.2,36.8,853.8,1.586,1,3,4,1,South,True,COMPACT_LINEAR,0.133
47.4,70.8,3355.9,1.494,1,4,5,1,South,False,WRAP_AROUND_OPEN_PLAN,0.119
55.5,103.7,5755.4,1.868,2,4,7,2,South,True,CENTRAL_SPINE_SPLIT,0.182
39.4,81.8,3222.9,2.076,3,4,8,2,West,True,WRAP_AROUND_OPEN_PLAN,0.164
59.1,104.8,6193.7,1.773,3,6,9,2,East,True,VILLA_PERIMETER,0.15
36.1,68.3,2465.6,1.892,1,3,4,2,North,True,CENTRAL_SPINE_SPLIT,0.155
61.8,134.3,8299.7,2.173,2,4,7,3,East,True,CENTRAL_SPINE_SPLIT,0.173
52.2,93.7,4891.1,1.795,3,4,6,2,East,True,CENTRAL_SPINE_SPLIT,0.147
32.6,81.5,2656.9,2.5,3,4,7,2,South,False,COMPACT_LINEAR,0.144
30.3,25.2,763.6,0.832,2,1,3,1,East,True,WRAP_AROUND_OPEN_PLAN,0.123
53.4,131.4,7016.8,2.461,2,5,10,2,South,True,CENTRAL_SPINE_SPLIT,0.158
29.9,29.7,888.0,0.993,1,2,2,1,South,True,COMPACT_LINEAR,0.114
66.5,135.0,8977.5,2.03,2,5,8,1,West,False,CENTRAL_SPINE_SPLIT,0.14
20.4,50.8,1036.3,2.49,3,2,5,1,North,True,CENTRAL_SPINE_SPLIT,0.162
70.1,58.1,4072.8,0.829,3,4,6,3,West,True,VILLA_PERIMETER,0.195
40.1,89.9,3605.0,2.242,1,4,6,1,East,True,CENTRAL_SPINE_SPLIT,0.18
56.4,99.3,5600.5,1.761,3,5,9,2,South,True,CENTRAL_SPINE_SPLIT,0.173
57.5,91.6,5267.0,1.593,2,5,5,2,North,True,VILLA_PERIMETER,0.198
42.9,90.6,3886.7,2.112,2,5,6,1,North,False,CENTRAL_SPINE_SPLIT,0.166
22.8,43.4,989.5,1.904,2,3,3,1,North,True,CENTRAL_SPINE_SPLIT,0.159
48.1,45.9,2207.8,0.954,3,4,4,1,North,False,L_SHAPED_COURTYARD,0.184
24.5,62.3,1526.3,2.543,1,3,5,1,East,True,CENTRAL_SPINE_SPLIT,0.172
34.6,52.4,1813.0,1.514,3,3,4,1,North,False,WRAP_AROUND_OPEN_PLAN,0.144
36.0,85.7,3085.2,2.381,2,5,7,2,West,False,CENTRAL_SPINE_SPLIT,0.146
64.9,51.8,3361.8,0.798,2,4,7,2,North,True,VILLA_PERIMETER,0.198
44.9,120.7,5419.4,2.688,3,4,5,3,North,True,CENTRAL_SPINE_SPLIT,0.176
23.4,22.0,514.8,0.94,1,1,1,0,South,True,COMPACT_LINEAR,0.102
23.8,39.0,928.2,1.639,3,2,5,1,North,False,COMPACT_LINEAR,0.121
71.1,55.6,3953.2,0.782,2,5,6,2,North,False,VILLA_PERIMETER,0.192
41.4,83.4,3452.8,2.014,2,3,5,3,East,True,CENTRAL_SPINE_SPLIT,0.179
56.0,90.0,5040.0,1.607,2,4,6,2,South,True,VILLA_PERIMETER,0.206
56.8,64.8,3680.6,1.141,3,5,9,2,North,True,L_SHAPED_COURTYARD,0.171
56.4,108.4,6113.8,1.922,1,4,7,1,North,False,CENTRAL_SPINE_SPLIT,0.15
53.4,88.5,4725.9,1.657,2,4,5,2,East,True,CENTRAL_SPINE_SPLIT,0.23
59.2,94.6,5600.3,1.598,3,5,7,2,East,False,VILLA_PERIMETER,0.214
61.8,69.7,4307.5,1.128,3,4,5,2,East,True,L_SHAPED_COURTYARD,0.181
43.4,114.6,4973.6,2.641,2,5,7,2,South,True,CENTRAL_SPINE_SPLIT,0.161
62.5,64.9,4056.3,1.038,2,4,6,2,North,True,L_SHAPED_COURTYARD,0.172
51.8,114.1,5910.4,2.203,3,4,9,1,North,False,CENTRAL_SPINE_SPLIT,0.155
23.3,45.5,1060.2,1.953,2,2,4,1,South,False,CENTRAL_SPINE_SPLIT,0.189
53.2,67.1,3569.7,1.261,1,5,5,2,South,True,VILLA_PERIMETER,0.152
34.6,77.0,2664.2,2.225,1,5,7,2,North,True,CENTRAL_SPINE_SPLIT,0.146
25.6,26.7,683.5,1.043,2,1,1,0,North,False,COMPACT_LINEAR,0.09
33.0,43.5,1435.5,1.318,1,3,4,1,North,True,WRAP_AROUND_OPEN_PLAN,0.152
63.3,140.0,8862.0,2.212,2,4,8,1,East,False,CENTRAL_SPINE_SPLIT,0.135
45.6,54.5,2485.2,1.195,3,5,8,3,South,True,WRAP_AROUND_OPEN_PLAN,0.138
59.2,60.6,3587.5,1.024,1,4,7,2,North,False,L_SHAPED_COURTYARD,0.182
68.3,140.0,9562.0,2.05,2,5,8,1,East,True,CENTRAL_SPINE_SPLIT,0.147
74.0,107.9,7984.6,1.458,3,5,8,3,West,True,VILLA_PERIMETER,0.181
71.5,140.0,10010.0,1.958,1,5,7,3,South,True,CENTRAL_SPINE_SPLIT,0.166
45.1,103.0,4645.3,2.284,3,5,7,2,East,True,CENTRAL_SPINE_SPLIT,0.163
21.6,35.4,764.6,1.639,3,2,3,1,East,False,COMPACT_LINEAR,0.134
22.3,52.2,1164.1,2.341,2,1,4,1,East,True,CENTRAL_SPINE_SPLIT,0.143
52.4,130.0,6812.0,2.481,3,5,7,2,East,False,CENTRAL_SPINE_SPLIT,0.179
24.2,59.1,1430.2,2.442,1,2,3,1,North,True,CENTRAL_SPINE_SPLIT,0.167
56.7,63.5,3600.5,1.12,2,4,6,1,East,True,L_SHAPED_COURTYARD,0.193
18.9,34.2,646.4,1.81,2,1,4,0,North,False,CENTRAL_SPINE_SPLIT,0.175
70.3,135.4,9518.6,1.926,3,5,7,1,North,True,CENTRAL_SPINE_SPLIT,0.163
55.7,75.6,4210.9,1.357,2,5,10,2,South,False,VILLA_PERIMETER,0.202
61.1,85.7,5236.3,1.403,3,4,7,3,North,False,VILLA_PERIMETER,0.202
22.0,50.9,1119.8,2.314,3,2,1,1,North,True,CENTRAL_SPINE_SPLIT,0.17
22.4,47.2,1057.3,2.107,1,3,4,1,North,True,CENTRAL_SPINE_SPLIT,0.157
54.1,50.9,2753.7,0.941,3,3,4,2,East,True,L_SHAPED_COURTYARD,0.19
38.4,80.2,3079.7,2.089,2,5,7,3,West,True,COMPACT_LINEAR,0.17
59.4,99.5,5910.3,1.675,2,4,4,1,East,True,VILLA_PERIMETER,0.211
53.0,104.3,5527.9,1.968,3,4,6,2,North,True,CENTRAL_SPINE_SPLIT,0.16
19.3,48.8,941.8,2.528,2,2,3,1,North,True,WRAP_AROUND_OPEN_PLAN,0.137
29.6,58.1,1719.8,1.963,1,3,6,1,East,True,CENTRAL_SPINE_SPLIT,0.147
30.1,50.9,1532.1,1.691,2,4,6,1,East,False,WRAP_AROUND_OPEN_PLAN,0.132
60.7,105.5,6403.9,1.738,2,6,8,2,East,True,VILLA_PERIMETER,0.202
18.3,22.0,402.6,1.202,2,1,4,0,North,False,COMPACT_LINEAR,0.095
59.8,78.6,4700.3,1.314,3,4,5,1,West,True,VILLA_PERIMETER,0.203
20.9,53.9,1126.5,2.579,1,1,4,1,South,True,CENTRAL_SPINE_SPLIT,0.156
35.8,96.2,3444.0,2.687,1,4,8,2,South,True,CENTRAL_SPINE_SPLIT,0.163
32.0,56.9,1820.8,1.778,3,4,7,1,East,True,CENTRAL_SPINE_SPLIT,0.153
51.3,91.8,4709.3,1.789,2,4,9,2,East,True,CENTRAL_SPINE_SPLIT,0.175
60.7,125.6,7623.9,2.069,2,6,10,1,East,True,CENTRAL_SPINE_SPLIT,0.171
18.8,46.5,874.2,2.473,1,3,5,1,East,False,CENTRAL_SPINE_SPLIT,0.161
32.0,45.6,1459.2,1.425,2,4,6,1,East,True,WRAP_AROUND_OPEN_PLAN,0.152
68.0,70.2,4773.6,1.032,2,4,5,2,East,True,L_SHAPED_COURTYARD,0.176
50.1,80.7,4043.1,1.611,2,4,4,1,South,False,VILLA_PERIMETER,0.2
65.9,104.9,6912.9,1.592,3,6,10,3,South,True,VILLA_PERIMETER,0.197
40.4,89.5,3615.8,2.215,2,4,6,2,North,False,CENTRAL_SPINE_SPLIT,0.146
36.5,43.8,1598.7,1.2,1,2,2,1,South,True,WRAP_AROUND_OPEN_PLAN,0.132
58.8,55.6,3269.3,0.946,1,5,8,1,North,False,L_SHAPED_COURTYARD,0.19
34.6,25.5,882.3,0.737,2,3,4,1,East,False,COMPACT_LINEAR,0.09
69.2,140.0,9688.0,2.023,2,4,6,2,East,False,CENTRAL_SPINE_SPLIT,0.174
53.7,79.5,4269.2,1.48,1,5,6,2,North,True,WRAP_AROUND_OPEN_PLAN,0.136
42.7,49.5,2113.7,1.159,3,3,6,1,North,True,L_SHAPED_COURTYARD,0.204
35.5,60.7,2154.8,1.71,1,3,6,1,West,False,WRAP_AROUND_OPEN_PLAN,0.131
74.2,116.3,8629.5,1.567,3,4,6,3,North,True,VILLA_PERIMETER,0.191
68.7,132.9,9130.2,1.934,2,4,8,2,North,True,CENTRAL_SPINE_SPLIT,0.162
64.1,98.1,6288.2,1.53,2,5,8,2,East,False,VILLA_PERIMETER,0.204
30.6,73.8,2258.3,2.412,1,3,5,1,West,False,CENTRAL_SPINE_SPLIT,0.139
20.8,22.0,457.6,1.058,1,1,2,0,North,True,COMPACT_LINEAR,0.122
63.2,95.2,6016.6,1.506,3,4,7,2,East,True,VILLA_PERIMETER,0.191
63.6,79.3,5043.5,1.247,1,5,7,2,North,True,L_SHAPED_COURTYARD,0.175
53.7,89.0,4779.3,1.657,1,4,3,2,South,True,WRAP_AROUND_OPEN_PLAN,0.125
30.1,74.9,2254.5,2.488,1,3,6,2,South,True,CENTRAL_SPINE_SPLIT,0.145
66.7,64.1,4275.5,0.961,2,5,8,1,North,True,L_SHAPED_COURTYARD,0.177
71.9,139.9,10058.8,1.946,3,6,6,1,East,True,CENTRAL_SPINE_SPLIT,0.131
68.9,140.0,9646.0,2.032,3,5,8,2,North,True,CENTRAL_SPINE_SPLIT,0.181
44.8,104.4,4677.1,2.33,2,4,7,2,North,False,CENTRAL_SPINE_SPLIT,0.163
58.6,140.0,8204.0,2.389,2,4,7,1,North,True,CENTRAL_SPINE_SPLIT,0.156
53.8,81.6,4390.1,1.517,2,4,5,2,East,False,VILLA_PERIMETER,0.217
43.5,58.8,2557.8,1.352,2,4,8,2,South,False,VILLA_PERIMETER,0.199
47.4,132.2,6266.3,2.789,3,5,5,3,North,False,CENTRAL_SPINE_SPLIT,0.173
64.6,60.7,3921.2,0.94,2,6,10,2,North,True,L_SHAPED_COURTYARD,0.188
56.5,96.9,5474.9,1.715,1,5,8,2,South,False,WRAP_AROUND_OPEN_PLAN,0.134
66.3,86.5,5734.9,1.305,2,4,4,2,South,False,VILLA_PERIMETER,0.187
36.5,102.1,3726.6,2.797,3,5,9,1,North,True,CENTRAL_SPINE_SPLIT,0.156
23.6,44.5,1050.2,1.886,2,2,4,1,East,True,WRAP_AROUND_OPEN_PLAN,0.171
22.2,22.0,488.4,0.991,2,1,3,0,West,True,WRAP_AROUND_OPEN_PLAN,0.115
62.3,59.3,3694.4,0.952,1,3,4,1,North,True,L_SHAPED_COURTYARD,0.162
53.3,76.5,4077.4,1.435,2,6,9,3,East,True,VILLA_PERIMETER,0.201
34.6,45.9,1588.1,1.327,1,3,5,1,East,False,L_SHAPED_COURTYARD,0.169
32.6,39.3,1281.2,1.206,2,2,6,1,North,False,WRAP_AROUND_OPEN_PLAN,0.14
71.1,139.0,9882.9,1.955,2,4,6,3,East,True,CENTRAL_SPINE_SPLIT,0.157
39.2,44.9,1760.1,1.145,1,2,4,1,North,False,L_SHAPED_COURTYARD,0.154
23.4,49.9,1167.7,2.132,3,2,2,1,West,False,CENTRAL_SPINE_SPLIT,0.161
67.7,58.4,3953.7,0.863,3,6,10,2,North,True,L_SHAPED_COURTYARD,0.183
46.3,89.8,4157.7,1.94,2,5,8,1,West,False,L_SHAPED_COURTYARD,0.187
27.2,51.1,1389.9,1.879,1,3,5,1,East,True,CENTRAL_SPINE_SPLIT,0.162
45.8,60.8,2784.6,1.328,1,3,4,1,North,True,L_SHAPED_COURTYARD,0.173
35.6,92.7,3300.1,2.604,2,4,4,2,North,False,CENTRAL_SPINE_SPLIT,0.138
74.7,140.0,10458.0,1.874,1,5,5,1,East,True,CENTRAL_SPINE_SPLIT,0.161
66.0,58.4,3854.4,0.885,2,5,9,3,South,True,VILLA_PERIMETER,0.197
59.2,124.5,7370.4,2.103,1,4,7,2,East,True,CENTRAL_SPINE_SPLIT,0.165
21.3,34.5,734.9,1.62,2,2,3,1,North,True,COMPACT_LINEAR,0.098
18.3,41.6,761.3,2.273,3,2,2,1,South,False,CENTRAL_SPINE_SPLIT,0.174
44.4,119.0,5283.6,2.68,3,6,10,3,North,False,CENTRAL_SPINE_SPLIT,0.165
43.1,101.8,4387.6,2.362,3,5,5,1,South,True,CENTRAL_SPINE_SPLIT,0.144
44.4,51.5,2286.6,1.16,1,3,4,1,West,True,WRAP_AROUND_OPEN_PLAN,0.158
59.7,123.9,7396.8,2.075,2,5,5,1,West,False,CENTRAL_SPINE_SPLIT,0.174
24.4,28.5,695.4,1.168,1,1,2,0,East,False,COMPACT_LINEAR,0.1
25.3,42.8,1082.8,1.692,3,3,4,1,West,True,WRAP_AROUND_OPEN_PLAN,0.127
68.9,79.4,5470.7,1.152,1,5,8,3,West,True,WRAP_AROUND_OPEN_PLAN,0.155
45.6,116.1,5294.2,2.546,3,6,7,1,North,True,CENTRAL_SPINE_SPLIT,0.168
36.3,92.2,3346.9,2.54,2,4,3,3,South,True,CENTRAL_SPINE_SPLIT,0.165
74.9,140.0,10486.0,1.869,2,4,8,3,North,True,CENTRAL_SPINE_SPLIT,0.158
32.6,43.6,1421.4,1.337,1,3,3,1,West,True,WRAP_AROUND_OPEN_PLAN,0.136
29.2,70.1,2046.9,2.401,1,3,6,1,West,False,CENTRAL_SPINE_SPLIT,0.169
36.4,60.0,2184.0,1.648,2,2,4,1,East,True,WRAP_AROUND_OPEN_PLAN,0.14
26.5,65.8,1743.7,2.483,2,4,7,1,West,True,CENTRAL_SPINE_SPLIT,0.174
41.3,75.9,3134.7,1.838,2,4,5,2,East,False,CENTRAL_SPINE_SPLIT,0.163
21.5,35.9,771.9,1.67,2,1,2,1,North,True,COMPACT_LINEAR,0.104
74.8,139.6,10442.1,1.866,3,4,5,1,West,False,CENTRAL_SPINE_SPLIT,0.161
36.7,75.3,2763.5,2.052,2,5,6,1,East,False,CENTRAL_SPINE_SPLIT,0.167
28.7,61.1,1753.6,2.129,2,3,6,1,East,True,CENTRAL_SPINE_SPLIT,0.167
25.0,61.7,1542.5,2.468,2,4,5,1,East,True,CENTRAL_SPINE_SPLIT,0.162
68.0,101.6,6908.8,1.494,1,6,9,2,North,True,WRAP_AROUND_OPEN_PLAN,0.129
68.6,124.8,8561.3,1.819,3,5,7,2,East,True,CENTRAL_SPINE_SPLIT,0.178
35.7,83.3,2973.8,2.333,1,4,7,2,East,True,CENTRAL_SPINE_SPLIT,0.147
43.8,77.9,3412.0,1.779,3,5,8,2,North,True,CENTRAL_SPINE_SPLIT,0.162
52.5,85.2,4473.0,1.623,2,6,10,3,West,True,VILLA_PERIMETER,0.205
23.6,64.4,1519.8,2.729,2,4,6,1,South,True,CENTRAL_SPINE_SPLIT,0.123
21.0,58.4,1226.4,2.781,3,2,2,1,North,False,CENTRAL_SPINE_SPLIT,0.172
32.2,27.1,872.6,0.842,2,2,4,1,East,True,COMPACT_LINEAR,0.1
56.7,140.0,7938.0,2.469,2,4,6,3,West,False,CENTRAL_SPINE_SPLIT,0.152
62.5,116.4,7275.0,1.862,2,4,4,1,North,True,CENTRAL_SPINE_SPLIT,0.168
59.1,93.8,5543.6,1.587,3,4,3,3,South,False,VILLA_PERIMETER,0.201
29.9,59.4,1776.1,1.987,1,3,5,1,East,False,CENTRAL_SPINE_SPLIT,0.157
33.4,69.7,2328.0,2.087,2,3,6,2,West,False,CENTRAL_SPINE_SPLIT,0.173
53.0,74.6,3953.8,1.408,3,6,10,3,North,True,VILLA_PERIMETER,0.204
62.0,92.8,5753.6,1.497,2,5,10,1,East,True,VILLA_PERIMETER,0.205
41.0,93.7,3841.7,2.285,1,4,9,3,East,True,CENTRAL_SPINE_SPLIT,0.153
54.4,46.3,2518.7,0.851,2,5,8,1,North,True,L_SHAPED_COURTYARD,0.177
61.6,52.0,3203.2,0.844,2,4,5,2,East,False,L_SHAPED_COURTYARD,0.189
42.5,80.8,3434.0,1.901,3,4,6,2,East,False,CENTRAL_SPINE_SPLIT,0.164
47.0,97.6,4587.2,2.077,2,4,7,3,East,True,CENTRAL_SPINE_SPLIT,0.16
57.7,44.0,2538.8,0.763,3,4,7,3,West,False,VILLA_PERIMETER,0.201
72.0,114.9,8272.8,1.596,2,4,6,3,North,False,VILLA_PERIMETER,0.174
39.5,64.7,2555.7,1.638,2,4,6,3,East,True,VILLA_PERIMETER,0.209
56.0,42.0,2352.0,0.75,3,3,3,1,North,True,WRAP_AROUND_OPEN_PLAN,0.154
25.7,37.6,966.3,1.463,1,2,3,1,South,True,COMPACT_LINEAR,0.103
65.5,115.3,7552.1,1.76,2,4,5,2,South,True,CENTRAL_SPINE_SPLIT,0.154
31.2,29.4,917.3,0.942,3,2,4,1,South,True,COMPACT_LINEAR,0.101
44.0,84.7,3726.8,1.925,1,4,4,1,East,True,CENTRAL_SPINE_SPLIT,0.181
62.5,48.7,3043.8,0.779,3,4,6,2,South,True,VILLA_PERIMETER,0.185
26.5,23.5,622.8,0.887,2,1,3,0,North,True,COMPACT_LINEAR,0.118
51.9,124.6,6466.7,2.401,2,4,5,2,South,True,CENTRAL_SPINE_SPLIT,0.155
38.3,54.4,2083.5,1.42,2,3,3,1,North,True,CENTRAL_SPINE_SPLIT,0.137
42.0,58.5,2457.0,1.393,2,4,5,1,North,True,WRAP_AROUND_OPEN_PLAN,0.14
28.9,56.0,1618.4,1.938,2,4,5,1,East,True,CENTRAL_SPINE_SPLIT,0.164
62.3,103.8,6466.7,1.666,2,6,9,2,West,True,VILLA_PERIMETER,0.203
47.4,120.5,5711.7,2.542,2,6,8,2,North,True,CENTRAL_SPINE_SPLIT,0.151
44.9,91.9,4126.3,2.047,2,4,4,2,North,True,CENTRAL_SPINE_SPLIT,0.157
32.9,86.2,2836.0,2.62,2,4,8,2,East,True,CENTRAL_SPINE_SPLIT,0.153
71.8,92.5,6641.5,1.288,2,6,9,1,North,True,L_SHAPED_COURTYARD,0.176
25.2,22.0,554.4,0.873,3,1,2,0,East,False,COMPACT_LINEAR,0.092
24.1,44.4,1070.0,1.842,2,1,1,1,North,True,CENTRAL_SPINE_SPLIT,0.153
27.4,32.6,893.2,1.19,1,2,3,1,North,True,COMPACT_LINEAR,0.106
54.1,94.9,5134.1,1.754,3,5,8,3,West,True,CENTRAL_SPINE_SPLIT,0.146
21.1,27.1,571.8,1.284,2,2,6,0,North,True,COMPACT_LINEAR,0.126
61.1,108.3,6617.1,1.773,2,4,6,1,North,False,CENTRAL_SPINE_SPLIT,0.141
21.8,24.9,542.8,1.142,3,1,5,0,North,False,COMPACT_LINEAR,0.11
57.5,140.0,8050.0,2.435,2,4,5,3,East,False,CENTRAL_SPINE_SPLIT,0.155
61.5,58.9,3622.3,0.958,2,3,5,3,South,True,WRAP_AROUND_OPEN_PLAN,0.115
38.0,63.9,2428.2,1.682,3,5,5,3,East,False,WRAP_AROUND_OPEN_PLAN,0.165
72.3,140.0,10122.0,1.936,2,6,10,1,North,False,CENTRAL_SPINE_SPLIT,0.152
33.4,56.8,1897.1,1.701,2,3,5,1,North,True,WRAP_AROUND_OPEN_PLAN,0.146
20.4,45.9,936.4,2.25,2,2,3,1,East,True,CENTRAL_SPINE_SPLIT,0.155
18.4,29.7,546.5,1.614,2,1,2,0,North,True,COMPACT_LINEAR,0.125
71.9,140.0,10066.0,1.947,2,4,6,3,East,True,CENTRAL_SPINE_SPLIT,0.166
28.0,60.7,1699.6,2.168,1,3,5,1,North,True,VILLA_PERIMETER,0.157
70.6,77.2,5450.3,1.093,2,4,5,1,North,False,L_SHAPED_COURTYARD,0.183
72.3,75.8,5480.3,1.048,2,5,8,2,South,True,VILLA_PERIMETER,0.188
64.7,140.0,9058.0,2.164,2,5,7,1,South,True,CENTRAL_SPINE_SPLIT,0.166
72.4,140.0,10136.0,1.934,2,6,8,2,South,True,CENTRAL_SPINE_SPLIT,0.137
27.5,26.2,720.5,0.953,3,2,1,1,West,True,COMPACT_LINEAR,0.097
54.5,81.2,4425.4,1.49,3,5,7,1,East,True,VILLA_PERIMETER,0.183
68.3,106.5,7273.9,1.559,3,5,6,1,East,True,VILLA_PERIMETER,0.191
36.1,51.6,1862.8,1.429,1,3,4,1,East,True,WRAP_AROUND_OPEN_PLAN,0.129
46.1,42.6,1963.9,0.924,2,4,5,1,North,True,L_SHAPED_COURTYARD,0.183
50.5,108.9,5499.5,2.156,3,4,7,2,East,True,CENTRAL_SPINE_SPLIT,0.172
72.2,62.2,4490.8,0.861,2,4,7,2,North,True,L_SHAPED_COURTYARD,0.17
31.0,76.9,2383.9,2.481,1,2,7,1,West,False,CENTRAL_SPINE_SPLIT,0.149
32.6,82.8,2699.3,2.54,2,5,6,1,North,True,CENTRAL_SPINE_SPLIT,0.151
54.7,57.5,3145.2,1.051,1,4,4,1,North,True,L_SHAPED_COURTYARD,0.193
47.3,114.7,5425.3,2.425,2,5,8,3,North,False,WRAP_AROUND_OPEN_PLAN,0.157
48.4,43.6,2110.2,0.901,3,3,4,1,West,True,WRAP_AROUND_OPEN_PLAN,0.148
46.4,129.0,5985.6,2.78,2,4,5,3,East,False,CENTRAL_SPINE_SPLIT,0.157
61.4,140.0,8596.0,2.28,2,5,10,2,North,True,CENTRAL_SPINE_SPLIT,0.152
72.0,140.0,10080.0,1.944,3,4,5,2,West,True,CENTRAL_SPINE_SPLIT,0.166
70.5,51.3,3616.6,0.728,3,5,6,2,South,False,VILLA_PERIMETER,0.185
36.1,63.8,2303.2,1.767,2,3,4,1,North,False,CENTRAL_SPINE_SPLIT,0.155
22.4,45.0,1008.0,2.009,1,1,4,1,North,True,CENTRAL_SPINE_SPLIT,0.181
49.2,110.7,5446.4,2.25,2,4,6,2,South,False,CENTRAL_SPINE_SPLIT,0.172
35.8,37.3,1335.3,1.042,1,3,5,1,South,True,WRAP_AROUND_OPEN_PLAN,0.136
46.3,51.7,2393.7,1.117,1,3,5,2,East,True,L_SHAPED_COURTYARD,0.193
63.0,80.3,5058.9,1.275,1,5,8,2,West,True,WRAP_AROUND_OPEN_PLAN,0.112
55.2,83.0,4581.6,1.504,2,4,4,1,South,False,VILLA_PERIMETER,0.207
63.0,123.6,7786.8,1.962,2,5,8,2,South,True,CENTRAL_SPINE_SPLIT,0.17
22.2,49.0,1087.8,2.207,1,2,4,1,North,False,CENTRAL_SPINE_SPLIT,0.17
49.5,87.7,4341.2,1.772,1,4,6,1,West,True,CENTRAL_SPINE_SPLIT,0.159
49.3,103.5,5102.5,2.099,2,4,7,1,South,True,CENTRAL_SPINE_SPLIT,0.16
53.8,121.8,6552.8,2.264,1,4,6,2,South,True,CENTRAL_SPINE_SPLIT,0.16
62.1,76.5,4750.7,1.232,2,5,7,3,North,True,L_SHAPED_COURTYARD,0.182
48.8,68.7,3352.6,1.408,2,5,6,1,North,True,VILLA_PERIMETER,0.196
61.4,43.5,2670.9,0.708,2,4,8,2,East,True,VILLA_PERIMETER,0.196
31.1,46.1,1433.7,1.482,2,2,5,1,North,True,WRAP_AROUND_OPEN_PLAN,0.137
53.0,131.5,6969.5,2.481,3,5,6,2,West,True,CENTRAL_SPINE_SPLIT,0.151
71.8,108.4,7783.1,1.51,2,5,8,3,East,True,VILLA_PERIMETER,0.204
65.7,94.4,6202.1,1.437,2,4,5,2,North,True,VILLA_PERIMETER,0.201
50.9,66.2,3369.6,1.301,3,4,6,2,West,False,VILLA_PERIMETER,0.202
21.7,22.0,477.4,1.014,3,1,1,0,South,False,COMPACT_LINEAR,0.133
59.6,136.8,8153.3,2.295,2,4,6,2,North,True,CENTRAL_SPINE_SPLIT,0.164
51.1,93.3,4767.6,1.826,2,6,8,3,South,True,CENTRAL_SPINE_SPLIT,0.154
24.1,22.0,530.2,0.913,2,1,4,0,West,False,COMPACT_LINEAR,0.127
46.5,98.4,4575.6,2.116,3,4,7,3,East,True,CENTRAL_SPINE_SPLIT,0.16
52.1,122.8,6397.9,2.357,2,4,7,1,East,True,CENTRAL_SPINE_SPLIT,0.157
57.6,88.6,5103.4,1.538,2,4,7,2,East,False,VILLA_PERIMETER,0.204
61.2,69.9,4277.9,1.142,2,5,6,2,North,False,L_SHAPED_COURTYARD,0.17
34.8,27.7,964.0,0.796,2,2,2,1,North,True,COMPACT_LINEAR,0.1
43.0,56.4,2425.2,1.312,2,4,7,3,North,True,L_SHAPED_COURTYARD,0.163
43.5,34.2,1487.7,0.786,3,3,4,1,North,True,WRAP_AROUND_OPEN_PLAN,0.145
58.0,125.2,7261.6,2.159,2,4,6,2,North,True,CENTRAL_SPINE_SPLIT,0.156
38.8,94.4,3662.7,2.433,3,5,9,3,South,True,CENTRAL_SPINE_SPLIT,0.16
37.0,42.0,1554.0,1.135,2,3,5,1,North,False,L_SHAPED_COURTYARD,0.162
29.8,65.7,1957.9,2.205,2,2,2,1,East,True,CENTRAL_SPINE_SPLIT,0.16
58.4,134.2,7837.3,2.298,2,6,10,3,East,False,CENTRAL_SPINE_SPLIT,0.16
32.3,35.1,1133.7,1.087,3,2,4,1,West,False,COMPACT_LINEAR,0.104
39.7,41.7,1655.5,1.05,3,4,6,1,North,False,L_SHAPED_COURTYARD,0.173
32.7,81.3,2658.5,2.486,3,4,5,2,West,True,CENTRAL_SPINE_SPLIT,0.172
19.3,28.5,550.1,1.477,1,2,1,0,East,True,COMPACT_LINEAR,0.113
74.5,94.6,7047.7,1.27,1,5,5,2,North,True,L_SHAPED_COURTYARD,0.163
69.8,83.3,5814.3,1.193,2,5,8,2,East,True,L_SHAPED_COURTYARD,0.169
20.3,24.3,493.3,1.197,2,1,2,0,East,True,COMPACT_LINEAR,0.099
67.1,140.0,9394.0,2.086,2,4,7,3,North,True,CENTRAL_SPINE_SPLIT,0.155
47.0,104.0,4888.0,2.213,3,6,10,2,North,True,CENTRAL_SPINE_SPLIT,0.16
39.2,94.0,3684.8,2.398,3,5,7,3,West,False,CENTRAL_SPINE_SPLIT,0.137
63.6,140.0,8904.0,2.201,2,4,6,1,North,True,CENTRAL_SPINE_SPLIT,0.171
18.2,22.0,400.4,1.209,1,2,2,0,East,True,COMPACT_LINEAR,0.09
18.8,48.8,917.4,2.596,2,2,5,1,South,True,CENTRAL_SPINE_SPLIT,0.136
61.2,94.9,5807.9,1.551,2,4,6,2,East,False,VILLA_PERIMETER,0.209
50.5,113.9,5752.0,2.255,2,4,8,2,North,True,CENTRAL_SPINE_SPLIT,0.158
60.2,64.8,3901.0,1.076,3,5,7,2,East,True,L_SHAPED_COURTYARD,0.172
74.5,58.6,4365.7,0.787,2,5,8,1,South,True,VILLA_PERIMETER,0.181
71.7,80.7,5786.2,1.126,3,6,10,3,West,True,VILLA_PERIMETER,0.202
44.5,65.4,2910.3,1.47,2,4,7,3,North,True,VILLA_PERIMETER,0.205
28.9,42.5,1228.2,1.471,3,2,2,1,West,True,WRAP_AROUND_OPEN_PLAN,0.138
32.0,87.7,2806.4,2.741,1,3,4,3,North,False,CENTRAL_SPINE_SPLIT,0.165
54.1,140.0,7574.0,2.588,2,5,7,2,North,True,CENTRAL_SPINE_SPLIT,0.155
55.9,71.8,4013.6,1.284,2,6,9,1,East,True,L_SHAPED_COURTYARD,0.185
47.1,56.1,2642.3,1.191,2,5,7,1,East,False,L_SHAPED_COURTYARD,0.186
51.7,115.6,5976.5,2.236,2,4,6,2,North,False,CENTRAL_SPINE_SPLIT,0.15
57.9,136.7,7914.9,2.361,1,4,7,3,East,True,CENTRAL_SPINE_SPLIT,0.168
18.3,22.0,402.6,1.202,2,1,1,0,East,True,COMPACT_LINEAR,0.111
38.1,44.6,1699.3,1.171,1,3,4,1,West,True,WRAP_AROUND_OPEN_PLAN,0.137
46.0,81.8,3762.8,1.778,2,4,6,2,West,True,CENTRAL_SPINE_SPLIT,0.164
28.2,22.0,620.4,0.78,2,1,1,0,North,False,CENTRAL_SPINE_SPLIT,0.108
18.4,22.1,406.6,1.201,2,1,5,0,South,True,COMPACT_LINEAR,0.116
25.0,61.6,1540.0,2.464,1,3,5,1,North,False,CENTRAL_SPINE_SPLIT,0.167
34.4,43.5,1496.4,1.265,2,3,4,1,East,True,WRAP_AROUND_OPEN_PLAN,0.147
28.9,29.1,841.0,1.007,2,3,4,1,South,True,COMPACT_LINEAR,0.124
73.9,136.1,10057.8,1.842,2,6,10,1,East,True,CENTRAL_SPINE_SPLIT,0.161
73.7,140.0,10318.0,1.9,2,4,6,1,East,True,CENTRAL_SPINE_SPLIT,0.161
68.7,140.0,9618.0,2.038,2,5,8,1,West,True,CENTRAL_SPINE_SPLIT,0.173
29.4,27.4,805.6,0.932,2,2,2,1,South,False,COMPACT_LINEAR,0.098
70.5,66.1,4660.0,0.938,2,6,9,1,North,True,L_SHAPED_COURTYARD,0.184
47.9,94.3,4517.0,1.969,1,5,6,3,West,True,CENTRAL_SPINE_SPLIT,0.144
42.2,76.2,3215.6,1.806,2,4,7,2,South,True,CENTRAL_SPINE_SPLIT,0.151
22.7,38.9,883.0,1.714,2,3,4,1,East,True,COMPACT_LINEAR,0.109
39.3,55.4,2177.2,1.41,2,3,3,1,South,True,WRAP_AROUND_OPEN_PLAN,0.132
63.6,138.3,8795.9,2.175,1,4,6,2,South,False,CENTRAL_SPINE_SPLIT,0.158
73.3,140.0,10262.0,1.91,2,6,8,1,East,True,CENTRAL_SPINE_SPLIT,0.145
55.2,140.0,7728.0,2.536,2,5,7,2,East,False,CENTRAL_SPINE_SPLIT,0.156
38.5,87.6,3372.6,2.275,2,4,7,3,East,False,WRAP_AROUND_OPEN_PLAN,0.169
22.5,46.7,1050.8,2.076,1,2,3,1,East,True,CENTRAL_SPINE_SPLIT,0.179
60.2,140.0,8428.0,2.326,2,4,9,2,East,False,CENTRAL_SPINE_SPLIT,0.174
49.7,107.8,5357.7,2.169,2,5,9,2,North,True,CENTRAL_SPINE_SPLIT,0.175
67.5,140.0,9450.0,2.074,1,5,6,3,North,False,CENTRAL_SPINE_SPLIT,0.159
68.9,140.0,9646.0,2.032,2,5,6,1,North,False,CENTRAL_SPINE_SPLIT,0.154
59.3,64.5,3824.8,1.088,2,6,7,3,North,False,L_SHAPED_COURTYARD,0.161
30.6,25.6,783.4,0.837,2,2,5,1,East,True,COMPACT_LINEAR,0.121
61.9,109.7,6790.4,1.772,2,5,7,3,North,False,CENTRAL_SPINE_SPLIT,0.15
20.9,29.4,614.5,1.407,3,1,1,0,West,True,COMPACT_LINEAR,0.097
46.7,38.3,1788.6,0.82,1,2,4,1,East,True,L_SHAPED_COURTYARD,0.167
39.6,38.5,1524.6,0.972,1,3,7,1,East,False,L_SHAPED_COURTYARD,0.173
18.9,26.0,491.4,1.376,2,1,3,0,North,True,COMPACT_LINEAR,0.118
45.8,120.9,5537.2,2.64,3,5,7,2,South,True,CENTRAL_SPINE_SPLIT,0.172
40.6,37.9,1538.7,0.933,2,3,5,1,South,True,WRAP_AROUND_OPEN_PLAN,0.147
55.5,137.7,7642.3,2.481,2,4,6,2,East,True,L_SHAPED_COURTYARD,0.162
56.8,72.1,4095.3,1.269,1,6,8,3,East,False,L_SHAPED_COURTYARD,0.17
64.9,140.0,9086.0,2.157,3,4,7,3,South,False,CENTRAL_SPINE_SPLIT,0.166
59.8,140.0,8372.0,2.341,3,5,9,1,North,True,CENTRAL_SPINE_SPLIT,0.133
29.2,35.4,1033.7,1.212,2,2,3,1,East,True,COMPACT_LINEAR,0.112
25.0,69.9,1747.5,2.796,2,2,3,1,North,True,CENTRAL_SPINE_SPLIT,0.161
20.3,44.2,897.3,2.177,2,2,3,1,East,True,CENTRAL_SPINE_SPLIT,0.156
20.9,58.2,1216.4,2.785,3,2,2,1,West,True,CENTRAL_SPINE_SPLIT,0.146
22.5,60.9,1370.2,2.707,2,2,3,1,North,False,CENTRAL_SPINE_SPLIT,0.161
57.1,92.6,5287.5,1.622,2,4,8,2,West,True,VILLA_PERIMETER,0.209
70.3,140.0,9842.0,1.991,2,4,6,2,North,True,CENTRAL_SPINE_SPLIT,0.16
45.1,36.3,1637.1,0.805,2,4,7,1,East,True,L_SHAPED_COURTYARD,0.166
24.3,60.9,1479.9,2.506,1,3,4,1,West,False,CENTRAL_SPINE_SPLIT,0.165
65.5,110.6,7244.3,1.689,2,5,7,1,North,True,VILLA_PERIMETER,0.219
49.4,105.5,5211.7,2.136,2,4,8,3,East,True,CENTRAL_SPINE_SPLIT,0.148
61.9,113.8,7044.2,1.838,1,6,8,2,South,True,CENTRAL_SPINE_SPLIT,0.151
47.8,133.5,6381.3,2.793,1,4,4,2,South,True,CENTRAL_SPINE_SPLIT,0.16
29.4,71.3,2096.2,2.425,2,4,5,1,South,True,CENTRAL_SPINE_SPLIT,0.168
58.8,126.3,7426.4,2.148,2,6,10,1,East,True,CENTRAL_SPINE_SPLIT,0.174
61.8,126.1,7793.0,2.04,3,4,7,2,North,False,CENTRAL_SPINE_SPLIT,0.159
62.8,55.8,3504.2,0.889,2,5,9,2,North,True,L_SHAPED_COURTYARD,0.179
69.2,89.1,6165.7,1.288,2,5,9,2,East,True,L_SHAPED_COURTYARD,0.185
19.6,22.0,431.2,1.122,2,1,5,0,East,True,COMPACT_LINEAR,0.123
45.3,89.0,4031.7,1.965,2,5,6,2,East,True,CENTRAL_SPINE_SPLIT,0.142
74.0,128.5,9509.0,1.736,2,4,6,2,North,True,VILLA_PERIMETER,0.221
40.1,75.5,3027.6,1.883,2,4,4,1,North,True,CENTRAL_SPINE_SPLIT,0.16
64.7,140.0,9058.0,2.164,2,5,8,1,West,True,CENTRAL_SPINE_SPLIT,0.179
47.2,116.0,5475.2,2.458,3,6,10,1,South,False,CENTRAL_SPINE_SPLIT,0.169
22.0,24.7,543.4,1.123,2,1,1,0,North,True,COMPACT_LINEAR,0.098
57.5,115.5,6641.2,2.009,2,5,6,3,East,True,CENTRAL_SPINE_SPLIT,0.169
57.4,57.2,3283.3,0.997,1,5,10,1,South,True,WRAP_AROUND_OPEN_PLAN,0.128
46.8,109.9,5143.3,2.348,1,4,7,3,East,False,CENTRAL_SPINE_SPLIT,0.157
33.8,35.7,1206.7,1.056,1,2,5,1,East,True,WRAP_AROUND_OPEN_PLAN,0.162
42.7,72.3,3087.2,1.693,2,5,9,3,North,True,VILLA_PERIMETER,0.188
42.1,54.8,2307.1,1.302,1,3,6,2,North,True,L_SHAPED_COURTYARD,0.177
45.4,94.7,4299.4,2.086,2,5,7,2,North,True,CENTRAL_SPINE_SPLIT,0.159
20.9,22.0,459.8,1.053,1,1,1,0,West,True,COMPACT_LINEAR,0.107
22.9,45.8,1048.8,2.0,2,2,6,1,West,True,CENTRAL_SPINE_SPLIT,0.157
59.4,112.8,6700.3,1.899,1,5,9,2,West,False,CENTRAL_SPINE_SPLIT,0.156
25.4,30.8,782.3,1.213,3,1,2,1,North,True,COMPACT_LINEAR,0.094
23.6,36.1,852.0,1.53,2,3,4,1,East,False,COMPACT_LINEAR,0.132
23.6,60.1,1418.4,2.547,1,3,6,1,East,True,CENTRAL_SPINE_SPLIT,0.146
43.1,30.4,1310.2,0.705,2,3,5,1,South,True,WRAP_AROUND_OPEN_PLAN,0.127
20.7,28.2,583.7,1.362,2,1,3,0,East,True,COMPACT_LINEAR,0.105
33.1,43.2,1429.9,1.305,3,4,5,1,North,False,WRAP_AROUND_OPEN_PLAN,0.13
49.5,106.7,5281.7,2.156,2,5,8,1,South,True,CENTRAL_SPINE_SPLIT,0.169
57.9,140.0,8106.0,2.418,2,5,5,2,North,False,CENTRAL_SPINE_SPLIT,0.161
26.9,65.3,1756.6,2.428,3,3,7,1,South,True,L_SHAPED_COURTYARD,0.157
34.9,43.4,1514.7,1.244,2,3,5,1,South,True,WRAP_AROUND_OPEN_PLAN,0.147
27.8,63.3,1759.7,2.277,3,3,5,1,East,False,CENTRAL_SPINE_SPLIT,0.167
65.1,140.0,9114.0,2.151,3,4,7,2,North,True,CENTRAL_SPINE_SPLIT,0.141
61.8,111.2,6872.2,1.799,3,5,9,2,West,True,CENTRAL_SPINE_SPLIT,0.134
35.4,32.9,1164.7,0.929,1,2,4,1,South,True,COMPACT_LINEAR,0.136
65.8,140.0,9212.0,2.128,2,6,9,3,East,True,CENTRAL_SPINE_SPLIT,0.136
55.6,140.0,7784.0,2.518,2,4,7,2,West,True,CENTRAL_SPINE_SPLIT,0.163
59.2,84.4,4996.5,1.426,2,4,8,2,West,True,VILLA_PERIMETER,0.213
52.2,115.7,6039.5,2.216,3,4,6,2,North,True,CENTRAL_SPINE_SPLIT,0.155
33.5,85.5,2864.2,2.552,1,5,8,1,West,True,CENTRAL_SPINE_SPLIT,0.156
41.8,41.2,1722.2,0.986,2,3,6,1,North,True,L_SHAPED_COURTYARD,0.16
41.5,46.3,1921.4,1.116,2,3,4,1,North,True,L_SHAPED_COURTYARD,0.171
29.4,33.8,993.7,1.15,2,2,3,1,East,True,COMPACT_LINEAR,0.102
21.9,38.3,838.8,1.749,1,2,6,1,East,False,COMPACT_LINEAR,0.117
21.3,31.1,662.4,1.46,3,1,2,0,North,False,COMPACT_LINEAR,0.116
49.2,97.4,4792.1,1.98,3,4,6,2,East,True,CENTRAL_SPINE_SPLIT,0.173
19.2,50.2,963.8,2.615,1,2,3,1,North,True,CENTRAL_SPINE_SPLIT,0.159
51.1,106.2,5426.8,2.078,2,5,6,2,South,True,CENTRAL_SPINE_SPLIT,0.172
22.5,39.7,893.3,1.764,2,2,4,1,West,True,CENTRAL_SPINE_SPLIT,0.165
73.6,140.0,10304.0,1.902,2,5,8,1,East,True,CENTRAL_SPINE_SPLIT,0.153
58.2,127.0,7391.4,2.182,2,4,6,2,South,True,CENTRAL_SPINE_SPLIT,0.175
48.3,67.9,3279.6,1.406,2,4,7,1,East,True,VILLA_PERIMETER,0.196
65.1,135.3,8808.0,2.078,2,5,7,2,West,True,CENTRAL_SPINE_SPLIT,0.166
74.7,140.0,10458.0,1.874,2,5,5,2,South,True,CENTRAL_SPINE_SPLIT,0.161
45.3,95.0,4303.5,2.097,3,5,6,2,North,True,CENTRAL_SPINE_SPLIT,0.139
41.5,108.1,4486.1,2.605,1,5,9,2,West,True,CENTRAL_SPINE_SPLIT,0.159
24.4,50.4,1229.8,2.066,2,2,4,1,South,True,CENTRAL_SPINE_SPLIT,0.176
59.2,128.1,7583.5,2.164,2,5,8,1,West,False,CENTRAL_SPINE_SPLIT,0.177
42.9,116.5,4997.8,2.716,2,5,6,1,North,True,CENTRAL_SPINE_SPLIT,0.171
26.0,60.7,1578.2,2.335,1,3,5,1,North,True,CENTRAL_SPINE_SPLIT,0.137
53.7,121.9,6546.0,2.27,3,5,10,2,East,False,CENTRAL_SPINE_SPLIT,0.158
42.0,40.7,1709.4,0.969,2,3,4,1,North,True,L_SHAPED_COURTYARD,0.204
58.6,82.4,4828.6,1.406,2,4,7,2,South,False,VILLA_PERIMETER,0.193
43.8,96.0,4204.8,2.192,2,4,4,2,East,True,CENTRAL_SPINE_SPLIT,0.172
25.9,46.8,1212.1,1.807,2,2,3,1,East,True,CENTRAL_SPINE_SPLIT,0.172
53.0,112.7,5973.1,2.126,2,4,8,1,North,True,CENTRAL_SPINE_SPLIT,0.142
40.8,64.1,2615.3,1.571,2,4,5,1,North,True,VILLA_PERIMETER,0.199
64.6,104.9,6776.5,1.624,3,6,9,2,South,True,VILLA_PERIMETER,0.204
30.3,82.0,2484.6,2.706,3,4,4,1,North,False,CENTRAL_SPINE_SPLIT,0.15
43.8,82.9,3631.0,1.893,1,5,8,3,South,True,CENTRAL_SPINE_SPLIT,0.162
21.9,54.5,1193.5,2.489,1,2,4,1,East,False,CENTRAL_SPINE_SPLIT,0.157
67.7,82.5,5585.2,1.219,2,4,6,1,East,True,L_SHAPED_COURTYARD,0.19
66.0,128.3,8467.8,1.944,3,4,8,3,South,True,CENTRAL_SPINE_SPLIT,0.162
24.3,22.0,534.6,0.905,1,1,3,0,West,True,COMPACT_LINEAR,0.115
67.4,53.6,3612.6,0.795,2,5,8,1,South,True,VILLA_PERIMETER,0.166
58.7,140.0,8218.0,2.385,1,5,5,1,East,False,CENTRAL_SPINE_SPLIT,0.165
30.7,74.3,2281.0,2.42,1,3,5,1,North,True,CENTRAL_SPINE_SPLIT,0.145
55.7,50.9,2835.1,0.914,3,5,8,2,East,False,L_SHAPED_COURTYARD,0.159
47.0,42.0,1974.0,0.894,1,3,6,1,North,True,L_SHAPED_COURTYARD,0.181
70.4,140.0,9856.0,1.989,2,6,8,2,North,False,CENTRAL_SPINE_SPLIT,0.14
19.4,29.1,564.5,1.5,2,1,3,0,West,False,WRAP_AROUND_OPEN_PLAN,0.098
29.8,34.4,1025.1,1.154,2,3,4,1,East,True,WRAP_AROUND_OPEN_PLAN,0.137
42.3,112.8,4771.4,2.667,1,4,7,3,East,True,CENTRAL_SPINE_SPLIT,0.163
70.4,123.2,8673.3,1.75,2,5,8,3,West,False,CENTRAL_SPINE_SPLIT,0.155
52.7,128.1,6750.9,2.431,3,4,7,2,North,True,CENTRAL_SPINE_SPLIT,0.161
33.0,53.5,1765.5,1.621,1,3,6,1,North,False,WRAP_AROUND_OPEN_PLAN,0.137
56.7,118.5,6719.0,2.09,2,6,7,2,North,True,CENTRAL_SPINE_SPLIT,0.151
33.8,55.6,1879.3,1.645,2,3,6,1,East,True,WRAP_AROUND_OPEN_PLAN,0.134
47.0,51.6,2425.2,1.098,2,3,5,2,North,True,L_SHAPED_COURTYARD,0.202
66.7,139.3,9291.3,2.088,3,6,8,1,South,False,CENTRAL_SPINE_SPLIT,0.147
68.2,129.2,8811.4,1.894,1,5,8,3,West,True,CENTRAL_SPINE_SPLIT,0.151
29.1,74.2,2159.2,2.55,2,2,1,1,South,False,CENTRAL_SPINE_SPLIT,0.173
67.3,104.6,7039.6,1.554,3,4,6,1,South,True,VILLA_PERIMETER,0.186
73.2,114.3,8366.8,1.561,2,4,7,2,North,True,VILLA_PERIMETER,0.21
30.8,76.6,2359.3,2.487,1,2,4,1,West,True,CENTRAL_SPINE_SPLIT,0.168
68.3,140.0,9562.0,2.05,2,5,9,3,North,True,CENTRAL_SPINE_SPLIT,0.151
40.0,51.2,2048.0,1.28,1,3,5,1,North,False,L_SHAPED_COURTYARD,0.179
65.1,93.9,6112.9,1.442,3,4,6,2,North,True,VILLA_PERIMETER,0.212
45.6,92.3,4208.9,2.024,3,5,6,2,South,True,CENTRAL_SPINE_SPLIT,0.175
66.0,140.0,9240.0,2.121,2,5,10,3,East,True,CENTRAL_SPINE_SPLIT,0.148
59.0,53.6,3162.4,0.908,2,3,6,1,North,True,L_SHAPED_COURTYARD,0.183
47.8,119.6,5716.9,2.502,3,5,8,1,East,True,CENTRAL_SPINE_SPLIT,0.15
44.2,65.8,2908.4,1.489,3,5,8,2,South,True,VILLA_PERIMETER,0.198
21.4,27.5,588.5,1.285,2,1,3,0,East,False,COMPACT_LINEAR,0.114
35.0,64.7,2264.5,1.849,2,3,7,1,East,True,COMPACT_LINEAR,0.167
68.7,126.6,8697.4,1.843,1,5,7,1,West,True,CENTRAL_SPINE_SPLIT,0.174
63.7,140.0,8918.0,2.198,1,5,9,1,North,True,CENTRAL_SPINE_SPLIT,0.16
69.6,140.0,9744.0,2.011,2,6,10,2,East,True,CENTRAL_SPINE_SPLIT,0.144
27.9,70.8,1975.3,2.538,1,2,4,1,North,True,CENTRAL_SPINE_SPLIT,0.151
39.6,94.2,3730.3,2.379,3,5,5,2,North,True,COMPACT_LINEAR,0.168
34.8,69.3,2411.6,1.991,2,4,5,3,East,True,CENTRAL_SPINE_SPLIT,0.159
35.9,80.2,2879.2,2.234,2,4,7,2,North,True,CENTRAL_SPINE_SPLIT,0.166
71.3,90.2,6431.3,1.265,2,5,7,1,East,False,L_SHAPED_COURTYARD,0.163
56.2,80.3,4512.9,1.429,3,5,6,3,East,False,VILLA_PERIMETER,0.221
40.4,101.2,4088.5,2.505,1,5,7,1,West,True,CENTRAL_SPINE_SPLIT,0.187
27.1,40.4,1094.8,1.491,2,2,5,1,North,True,COMPACT_LINEAR,0.118
33.4,33.6,1122.2,1.006,3,2,1,1,East,False,WRAP_AROUND_OPEN_PLAN,0.106
52.2,132.6,6921.7,2.54,2,4,5,2,South,False,CENTRAL_SPINE_SPLIT,0.158
65.2,120.2,7837.0,1.844,2,5,8,2,West,True,CENTRAL_SPINE_SPLIT,0.145
27.3,53.4,1457.8,1.956,2,4,6,1,East,True,CENTRAL_SPINE_SPLIT,0.155
63.6,84.7,5386.9,1.332,2,4,7,2,North,True,L_SHAPED_COURTYARD,0.171
55.4,121.0,6703.4,2.184,1,4,7,3,South,True,CENTRAL_SPINE_SPLIT,0.169
46.4,95.5,4431.2,2.058,1,6,8,2,South,False,CENTRAL_SPINE_SPLIT,0.132
27.1,59.5,1612.5,2.196,1,3,5,1,South,False,CENTRAL_SPINE_SPLIT,0.161
52.6,109.8,5775.5,2.087,2,5,7,1,East,True,CENTRAL_SPINE_SPLIT,0.162
61.0,122.2,7454.2,2.003,3,4,6,2,South,True,CENTRAL_SPINE_SPLIT,0.157
47.3,65.2,3084.0,1.378,1,3,5,3,North,False,WRAP_AROUND_OPEN_PLAN,0.13
35.1,28.8,1010.9,0.821,1,3,5,1,North,False,WRAP_AROUND_OPEN_PLAN,0.136
35.4,83.5,2955.9,2.359,3,5,8,2,East,True,CENTRAL_SPINE_SPLIT,0.16
57.0,49.1,2798.7,0.861,2,3,4,2,West,True,WRAP_AROUND_OPEN_PLAN,0.152
58.8,51.3,3016.4,0.872,2,4,5,1,South,True,VILLA_PERIMETER,0.191
51.2,138.2,7075.8,2.699,2,5,10,2,East,True,CENTRAL_SPINE_SPLIT,0.146
65.5,65.5,4290.2,1.0,2,4,7,2,West,True,VILLA_PERIMETER,0.181
67.5,130.1,8781.8,1.927,2,5,8,2,North,True,CENTRAL_SPINE_SPLIT,0.151
37.7,87.6,3302.5,2.324,2,4,6,2,North,True,CENTRAL_SPINE_SPLIT,0.157
18.1,38.2,691.4,2.11,1,1,3,0,North,True,CENTRAL_SPINE_SPLIT,0.166
25.0,62.5,1562.5,2.5,3,3,3,1,South,True,CENTRAL_SPINE_SPLIT,0.171
67.1,140.0,9394.0,2.086,2,4,6,2,North,False,CENTRAL_SPINE_SPLIT,0.154
57.7,101.7,5868.1,1.763,2,6,8,3,North,True,CENTRAL_SPINE_SPLIT,0.178
72.0,62.8,4521.6,0.872,2,5,9,1,East,True,L_SHAPED_COURTYARD,0.191
69.6,76.6,5331.4,1.101,2,5,7,3,North,True,L_SHAPED_COURTYARD,0.165
61.5,140.0,8610.0,2.276,2,5,10,2,East,True,CENTRAL_SPINE_SPLIT,0.161
40.0,88.5,3540.0,2.212,2,4,5,1,South,True,CENTRAL_SPINE_SPLIT,0.16
29.3,55.4,1623.2,1.891,1,2,5,1,South,True,CENTRAL_SPINE_SPLIT,0.149
54.8,111.6,6115.7,2.036,3,4,7,1,East,True,CENTRAL_SPINE_SPLIT,0.157
46.4,32.7,1517.3,0.705,1,3,6,1,South,True,WRAP_AROUND_OPEN_PLAN,0.145
40.0,39.7,1588.0,0.993,1,2,3,1,East,True,L_SHAPED_COURTYARD,0.186
49.6,95.8,4751.7,1.931,2,5,7,1,West,True,CENTRAL_SPINE_SPLIT,0.162
59.4,81.6,4847.0,1.374,1,6,9,3,West,True,WRAP_AROUND_OPEN_PLAN,0.149
50.1,51.6,2585.2,1.03,3,5,7,2,East,True,L_SHAPED_COURTYARD,0.181
68.1,140.0,9534.0,2.056,2,4,6,3,North,True,CENTRAL_SPINE_SPLIT,0.149
60.8,51.6,3137.3,0.849,3,4,9,2,East,True,L_SHAPED_COURTYARD,0.171
58.4,140.0,8176.0,2.397,2,6,6,1,West,True,CENTRAL_SPINE_SPLIT,0.159
60.2,131.2,7898.2,2.179,2,5,6,3,West,True,CENTRAL_SPINE_SPLIT,0.162
40.4,82.4,3329.0,2.04,2,4,9,3,North,True,CENTRAL_SPINE_SPLIT,0.149
23.3,54.0,1258.2,2.318,2,2,5,1,East,False,CENTRAL_SPINE_SPLIT,0.164
63.6,92.6,5889.4,1.456,1,4,5,2,East,True,WRAP_AROUND_OPEN_PLAN,0.151
58.3,140.0,8162.0,2.401,2,6,8,2,West,True,CENTRAL_SPINE_SPLIT,0.167
70.9,140.0,9926.0,1.975,3,5,7,2,West,True,CENTRAL_SPINE_SPLIT,0.139
74.9,140.0,10486.0,1.869,3,4,6,2,East,False,CENTRAL_SPINE_SPLIT,0.159
42.1,67.3,2833.3,1.599,1,3,6,2,North,False,WRAP_AROUND_OPEN_PLAN,0.136
66.9,119.6,8001.2,1.788,2,5,8,1,North,True,CENTRAL_SPINE_SPLIT,0.145
60.5,116.5,7048.2,1.926,2,4,5,2,East,False,CENTRAL_SPINE_SPLIT,0.179
56.2,97.9,5502.0,1.742,2,5,8,2,East,True,VILLA_PERIMETER,0.186
42.8,89.7,3839.2,2.096,2,5,6,2,East,True,CENTRAL_SPINE_SPLIT,0.15
32.5,74.6,2424.5,2.295,2,5,7,3,East,True,L_SHAPED_COURTYARD,0.166
61.4,96.8,5943.5,1.577,2,4,4,1,North,True,VILLA_PERIMETER,0.202
45.2,87.0,3932.4,1.925,3,4,3,1,East,True,CENTRAL_SPINE_SPLIT,0.158
68.6,140.0,9604.0,2.041,1,6,7,2,South,False,CENTRAL_SPINE_SPLIT,0.146
30.6,40.1,1227.1,1.31,1,2,3,1,North,True,WRAP_AROUND_OPEN_PLAN,0.159
47.1,130.6,6151.3,2.773,3,5,7,2,West,False,CENTRAL_SPINE_SPLIT,0.149
22.9,33.6,769.4,1.467,2,1,1,1,East,True,COMPACT_LINEAR,0.093
32.9,43.5,1431.1,1.322,1,3,5,1,North,True,WRAP_AROUND_OPEN_PLAN,0.148
30.3,39.3,1190.8,1.297,2,1,2,1,East,True,COMPACT_LINEAR,0.126
40.6,75.9,3081.5,1.869,2,3,6,1,North,True,CENTRAL_SPINE_SPLIT,0.165
61.6,140.0,8624.0,2.273,2,5,8,3,South,True,CENTRAL_SPINE_SPLIT,0.154
19.5,48.9,953.5,2.508,2,2,5,1,North,False,CENTRAL_SPINE_SPLIT,0.176
48.0,90.2,4329.6,1.879,2,5,8,1,West,False,CENTRAL_SPINE_SPLIT,0.151
72.2,63.3,4570.3,0.877,2,5,7,3,North,False,L_SHAPED_COURTYARD,0.189
47.4,70.4,3337.0,1.485,1,3,4,2,South,True,WRAP_AROUND_OPEN_PLAN,0.108
60.9,45.6,2777.0,0.749,3,5,6,2,East,True,VILLA_PERIMETER,0.21
40.6,83.1,3373.9,2.047,2,4,6,3,South,True,COMPACT_LINEAR,0.167
65.9,83.8,5522.4,1.272,1,6,9,2,East,False,L_SHAPED_COURTYARD,0.181
31.0,59.0,1829.0,1.903,3,4,5,1,East,False,CENTRAL_SPINE_SPLIT,0.163
39.9,74.2,2960.6,1.86,3,3,6,1,North,True,COMPACT_LINEAR,0.142
25.8,39.1,1008.8,1.516,1,2,3,1,North,False,COMPACT_LINEAR,0.133
36.6,39.3,1438.4,1.074,2,4,9,1,South,True,WRAP_AROUND_OPEN_PLAN,0.149
19.3,38.9,750.8,2.016,2,2,3,1,East,False,CENTRAL_SPINE_SPLIT,0.151
32.2,29.5,949.9,0.916,2,2,4,1,South,True,COMPACT_LINEAR,0.129
56.6,97.7,5529.8,1.726,1,6,9,2,West,True,WRAP_AROUND_OPEN_PLAN,0.139
36.1,32.1,1158.8,0.889,2,2,5,1,West,True,COMPACT_LINEAR,0.132
20.8,22.0,457.6,1.058,3,1,2,0,North,True,COMPACT_LINEAR,0.104
31.9,50.5,1610.9,1.583,1,2,4,1,East,False,WRAP_AROUND_OPEN_PLAN,0.143
58.4,133.4,7790.6,2.284,3,4,6,2,East,True,CENTRAL_SPINE_SPLIT,0.16
45.5,70.1,3189.5,1.541,3,5,7,2,South,True,CENTRAL_SPINE_SPLIT,0.207
33.7,43.5,1466.0,1.291,1,3,7,1,South,False,WRAP_AROUND_OPEN_PLAN,0.157
30.4,56.0,1702.4,1.842,2,3,5,1,South,True,CENTRAL_SPINE_SPLIT,0.14
34.7,75.7,2626.8,2.182,1,4,7,2,North,True,VILLA_PERIMETER,0.156
21.0,27.6,579.6,1.314,3,2,2,0,North,True,COMPACT_LINEAR,0.103
66.6,53.0,3529.8,0.796,2,4,6,2,West,False,VILLA_PERIMETER,0.215
25.3,26.8,678.0,1.059,2,1,5,0,North,False,COMPACT_LINEAR,0.133
23.2,52.6,1220.3,2.267,1,3,6,1,East,False,CENTRAL_SPINE_SPLIT,0.18
58.2,86.8,5051.8,1.491,3,4,5,2,East,False,VILLA_PERIMETER,0.202
40.5,49.8,2016.9,1.23,2,3,6,1,East,False,L_SHAPED_COURTYARD,0.194
33.4,80.3,2682.0,2.404,2,4,4,2,East,False,CENTRAL_SPINE_SPLIT,0.166
33.8,30.1,1017.4,0.891,1,2,6,1,South,False,COMPACT_LINEAR,0.105
44.4,60.0,2664.0,1.351,3,5,6,2,East,False,VILLA_PERIMETER,0.203
68.9,140.0,9646.0,2.032,2,4,6,1,South,True,CENTRAL_SPINE_SPLIT,0.175
22.1,31.9,705.0,1.443,3,2,4,1,North,True,COMPACT_LINEAR,0.123
52.3,140.0,7322.0,2.677,2,5,9,2,East,False,CENTRAL_SPINE_SPLIT,0.184
47.6,46.8,2227.7,0.983,2,3,4,1,North,True,L_SHAPED_COURTYARD,0.206
32.8,53.7,1761.4,1.637,1,3,3,1,North,True,WRAP_AROUND_OPEN_PLAN,0.13
58.7,117.6,6903.1,2.003,2,4,7,3,East,True,CENTRAL_SPINE_SPLIT,0.161
28.2,61.0,1720.2,2.163,1,3,5,1,North,True,CENTRAL_SPINE_SPLIT,0.15
58.9,61.5,3622.3,1.044,2,4,4,1,South,False,VILLA_PERIMETER,0.207
60.5,101.8,6158.9,1.683,2,6,10,1,North,True,VILLA_PERIMETER,0.211
49.2,43.4,2135.3,0.882,1,3,5,1,North,True,L_SHAPED_COURTYARD,0.173
50.0,52.6,2630.0,1.052,2,3,5,1,West,True,WRAP_AROUND_OPEN_PLAN,0.122
60.1,73.4,4411.3,1.221,2,4,4,2,North,True,L_SHAPED_COURTYARD,0.182
70.1,117.4,8229.7,1.675,1,6,10,1,North,True,WRAP_AROUND_OPEN_PLAN,0.134
66.1,140.0,9254.0,2.118,2,5,8,3,South,True,CENTRAL_SPINE_SPLIT,0.179
38.1,54.1,2061.2,1.42,3,3,4,1,West,False,WRAP_AROUND_OPEN_PLAN,0.123
58.3,91.7,5346.1,1.573,2,6,10,3,South,True,VILLA_PERIMETER,0.2
56.9,124.0,7055.6,2.179,2,5,8,2,East,True,CENTRAL_SPINE_SPLIT,0.17
62.5,76.7,4793.8,1.227,1,5,7,2,South,True,WRAP_AROUND_OPEN_PLAN,0.152
36.6,65.5,2397.3,1.79,2,3,5,2,East,True,CENTRAL_SPINE_SPLIT,0.152
22.9,60.3,1380.9,2.633,3,4,8,1,East,True,CENTRAL_SPINE_SPLIT,0.166
62.2,139.3,8664.5,2.24,3,6,7,2,North,False,CENTRAL_SPINE_SPLIT,0.155
55.2,125.1,6905.5,2.266,3,4,6,2,North,True,CENTRAL_SPINE_SPLIT,0.153
52.9,140.0,7406.0,2.647,2,5,8,1,North,True,CENTRAL_SPINE_SPLIT,0.152
21.5,41.1,883.6,1.912,2,1,2,1,East,False,CENTRAL_SPINE_SPLIT,0.181
53.3,73.5,3917.5,1.379,1,5,8,2,West,True,WRAP_AROUND_OPEN_PLAN,0.131
53.7,96.7,5192.8,1.801,2,6,10,2,South,True,CENTRAL_SPINE_SPLIT,0.164
53.1,47.0,2495.7,0.885,3,5,8,3,North,True,L_SHAPED_COURTYARD,0.191
18.4,50.2,923.7,2.728,2,1,1,1,North,True,CENTRAL_SPINE_SPLIT,0.157
71.6,86.9,6222.0,1.214,2,4,8,3,West,False,VILLA_PERIMETER,0.197
51.4,92.8,4769.9,1.805,2,5,8,1,North,True,CENTRAL_SPINE_SPLIT,0.149
67.5,123.8,8356.5,1.834,1,6,7,2,West,True,CENTRAL_SPINE_SPLIT,0.158
63.2,140.0,8848.0,2.215,1,4,6,2,South,True,CENTRAL_SPINE_SPLIT,0.179
53.7,50.3,2701.1,0.937,2,5,7,2,West,False,VILLA_PERIMETER,0.201
68.1,89.6,6101.8,1.316,2,6,10,2,North,True,L_SHAPED_COURTYARD,0.177
61.2,87.8,5373.4,1.435,2,4,6,2,North,True,VILLA_PERIMETER,0.196
23.0,56.9,1308.7,2.474,2,2,2,1,West,True,CENTRAL_SPINE_SPLIT,0.169
69.4,140.0,9716.0,2.017,2,5,9,1,South,True,CENTRAL_SPINE_SPLIT,0.149
59.0,140.0,8260.0,2.373,2,6,8,2,East,True,CENTRAL_SPINE_SPLIT,0.156
70.3,140.0,9842.0,1.991,2,5,6,2,West,False,CENTRAL_SPINE_SPLIT,0.158
65.8,140.0,9212.0,2.128,3,6,8,3,South,True,CENTRAL_SPINE_SPLIT,0.17
36.1,27.2,981.9,0.753,3,2,4,1,North,True,COMPACT_LINEAR,0.107
47.6,116.9,5564.4,2.456,2,5,9,2,North,False,CENTRAL_SPINE_SPLIT,0.154
36.0,77.2,2779.2,2.144,3,4,7,2,West,True,VILLA_PERIMETER,0.165
73.0,133.7,9760.1,1.832,3,4,7,1,East,True,CENTRAL_SPINE_SPLIT,0.156
28.5,44.4,1265.4,1.558,3,2,3,1,South,True,WRAP_AROUND_OPEN_PLAN,0.121
23.2,50.6,1173.9,2.181,1,2,5,1,South,True,COMPACT_LINEAR,0.16
23.1,34.9,806.2,1.511,2,2,6,1,West,True,COMPACT_LINEAR,0.107
48.8,40.0,1952.0,0.82,1,3,4,1,East,False,L_SHAPED_COURTYARD,0.197
45.5,53.4,2429.7,1.174,2,5,7,1,South,True,WRAP_AROUND_OPEN_PLAN,0.111
46.0,123.8,5694.8,2.691,2,5,8,2,North,True,CENTRAL_SPINE_SPLIT,0.154
41.0,100.9,4136.9,2.461,2,4,7,2,West,True,CENTRAL_SPINE_SPLIT,0.163
21.9,42.6,932.9,1.945,3,2,2,1,East,True,CENTRAL_SPINE_SPLIT,0.159
48.5,45.8,2221.3,0.944,3,4,6,1,South,True,WRAP_AROUND_OPEN_PLAN,0.139
18.4,45.7,840.9,2.484,2,3,5,1,East,True,CENTRAL_SPINE_SPLIT,0.155
37.1,35.0,1298.5,0.943,1,2,2,1,West,True,WRAP_AROUND_OPEN_PLAN,0.15
51.9,54.6,2833.7,1.052,1,3,5,2,East,True,L_SHAPED_COURTYARD,0.175
65.5,140.0,9170.0,2.137,2,4,7,2,South,True,CENTRAL_SPINE_SPLIT,0.141
59.6,113.2,6746.7,1.899,3,4,6,1,North,False,CENTRAL_SPINE_SPLIT,0.162
23.0,35.3,811.9,1.535,2,1,1,1,South,True,COMPACT_LINEAR,0.109
64.6,87.1,5626.7,1.348,3,4,5,1,North,True,COMPACT_LINEAR,0.201
55.8,128.9,7192.6,2.31,1,4,6,3,South,True,CENTRAL_SPINE_SPLIT,0.186
62.6,46.2,2892.1,0.738,2,5,8,2,South,True,VILLA_PERIMETER,0.183
72.4,140.0,10136.0,1.934,2,4,7,1,North,True,CENTRAL_SPINE_SPLIT,0.179
59.3,68.0,4032.4,1.147,3,6,8,2,South,True,VILLA_PERIMETER,0.197
74.6,63.0,4699.8,0.845,2,4,5,3,East,True,L_SHAPED_COURTYARD,0.185
59.8,137.2,8204.6,2.294,2,4,7,2,East,True,CENTRAL_SPINE_SPLIT,0.157
57.3,47.1,2698.8,0.822,3,4,6,3,North,True,L_SHAPED_COURTYARD,0.169
69.8,140.0,9772.0,2.006,1,6,9,2,East,True,CENTRAL_SPINE_SPLIT,0.154
49.1,132.0,6481.2,2.688,2,5,9,2,East,False,CENTRAL_SPINE_SPLIT,0.154
71.9,140.0,10066.0,1.947,2,4,7,2,East,True,CENTRAL_SPINE_SPLIT,0.143
44.9,83.4,3744.7,1.857,2,5,9,1,West,True,CENTRAL_SPINE_SPLIT,0.153
57.1,56.4,3220.4,0.988,2,5,9,2,East,False,L_SHAPED_COURTYARD,0.175
60.7,139.1,8443.4,2.292,2,6,9,1,North,True,CENTRAL_SPINE_SPLIT,0.171
39.9,99.3,3962.1,2.489,1,5,7,2,North,True,CENTRAL_SPINE_SPLIT,0.166
66.8,61.1,4081.5,0.915,2,5,9,1,West,False,VILLA_PERIMETER,0.2
43.7,32.9,1437.7,0.753,2,3,5,1,East,True,WRAP_AROUND_OPEN_PLAN,0.148
26.9,28.5,766.6,1.059,2,1,4,1,North,False,COMPACT_LINEAR,0.1
53.0,98.6,5225.8,1.86,2,4,7,2,West,True,CENTRAL_SPINE_SPLIT,0.142
50.0,72.5,3625.0,1.45,2,4,7,1,South,True,VILLA_PERIMETER,0.201
67.4,84.3,5681.8,1.251,3,4,6,2,East,True,L_SHAPED_COURTYARD,0.202
67.4,76.5,5156.1,1.135,2,6,9,2,South,True,VILLA_PERIMETER,0.207
54.0,91.1,4919.4,1.687,1,5,7,2,West,True,WRAP_AROUND_OPEN_PLAN,0.134
56.5,64.1,3621.6,1.135,2,5,7,2,East,True,L_SHAPED_COURTYARD,0.183
34.0,47.3,1608.2,1.391,1,3,3,1,North,False,WRAP_AROUND_OPEN_PLAN,0.161
50.0,67.9,3395.0,1.358,2,4,10,1,South,False,VILLA_PERIMETER,0.194
61.7,140.0,8638.0,2.269,2,4,4,1,South,True,CENTRAL_SPINE_SPLIT,0.158
65.2,80.3,5235.6,1.232,1,4,7,3,North,True,L_SHAPED_COURTYARD,0.18
44.4,106.4,4724.2,2.396,3,5,7,1,North,True,CENTRAL_SPINE_SPLIT,0.173
31.7,31.0,982.7,0.978,2,2,4,1,East,True,COMPACT_LINEAR,0.119
49.5,99.9,4945.1,2.018,3,4,3,1,North,True,CENTRAL_SPINE_SPLIT,0.168
26.8,68.7,1841.2,2.563,2,3,4,1,South,False,CENTRAL_SPINE_SPLIT,0.155
29.7,22.2,659.3,0.747,2,1,2,0,East,True,COMPACT_LINEAR,0.09
32.8,90.9,2981.5,2.771,2,4,7,3,East,False,CENTRAL_SPINE_SPLIT,0.146
36.7,67.2,2466.2,1.831,1,4,6,2,East,True,CENTRAL_SPINE_SPLIT,0.16
53.6,116.0,6217.6,2.164,3,4,8,2,North,False,CENTRAL_SPINE_SPLIT,0.179
64.0,140.0,8960.0,2.188,1,4,4,2,West,False,CENTRAL_SPINE_SPLIT,0.173
73.7,132.3,9750.5,1.795,2,4,5,2,North,True,CENTRAL_SPINE_SPLIT,0.143
38.8,36.0,1396.8,0.928,2,3,5,1,East,True,COMPACT_LINEAR,0.129
41.8,73.9,3089.0,1.768,3,3,4,1,North,True,CENTRAL_SPINE_SPLIT,0.166
33.5,58.5,1959.8,1.746,1,3,3,1,North,False,WRAP_AROUND_OPEN_PLAN,0.147
21.5,58.4,1255.6,2.716,1,2,3,1,West,True,CENTRAL_SPINE_SPLIT,0.164
55.5,41.4,2297.7,0.746,2,2,5,2,South,True,WRAP_AROUND_OPEN_PLAN,0.138
36.1,42.2,1523.4,1.169,1,2,5,1,North,True,L_SHAPED_COURTYARD,0.169
54.4,140.0,7616.0,2.574,1,6,9,2,East,False,CENTRAL_SPINE_SPLIT,0.169
42.2,39.5,1666.9,0.936,1,3,5,1,South,True,WRAP_AROUND_OPEN_PLAN,0.161
71.6,89.9,6436.8,1.256,3,6,9,2,North,True,L_SHAPED_COURTYARD,0.182
71.7,136.1,9758.4,1.898,2,5,7,2,North,True,CENTRAL_SPINE_SPLIT,0.154
63.0,121.1,7629.3,1.922,2,6,10,3,South,True,CENTRAL_SPINE_SPLIT,0.144
64.4,82.5,5313.0,1.281,2,4,6,1,North,True,L_SHAPED_COURTYARD,0.174
24.5,59.7,1462.7,2.437,2,2,3,1,North,True,CENTRAL_SPINE_SPLIT,0.163
45.2,111.0,5017.2,2.456,2,4,6,3,North,True,CENTRAL_SPINE_SPLIT,0.152
38.6,30.6,1181.2,0.793,2,2,3,1,North,True,COMPACT_LINEAR,0.118
47.4,44.0,2085.6,0.928,1,3,4,1,West,True,WRAP_AROUND_OPEN_PLAN,0.139
67.2,140.0,9408.0,2.083,1,6,10,1,East,True,CENTRAL_SPINE_SPLIT,0.165
70.0,128.2,8974.0,1.831,3,4,8,2,South,True,CENTRAL_SPINE_SPLIT,0.17
59.7,120.3,7181.9,2.015,2,5,8,1,South,True,CENTRAL_SPINE_SPLIT,0.17
21.5,49.5,1064.2,2.302,1,1,3,1,East,True,CENTRAL_SPINE_SPLIT,0.163
30.7,58.9,1808.2,1.919,1,3,5,1,East,False,CENTRAL_SPINE_SPLIT,0.145
39.3,84.2,3309.1,2.142,2,4,7,2,East,True,CENTRAL_SPINE_SPLIT,0.138
27.5,71.3,1960.8,2.593,1,3,6,1,East,True,CENTRAL_SPINE_SPLIT,0.174
24.8,43.9,1088.7,1.77,1,2,5,1,South,False,CENTRAL_SPINE_SPLIT,0.155
61.7,140.0,8638.0,2.269,2,5,8,2,North,False,CENTRAL_SPINE_SPLIT,0.182
48.5,59.4,2880.9,1.225,3,4,7,2,South,True,VILLA_PERIMETER,0.215
41.2,110.6,4556.7,2.684,2,5,8,1,South,True,CENTRAL_SPINE_SPLIT,0.17
34.9,78.0,2722.2,2.235,2,5,8,2,South,True,CENTRAL_SPINE_SPLIT,0.149
70.7,108.8,7692.2,1.539,3,4,6,1,East,True,VILLA_PERIMETER,0.186
34.2,89.0,3043.8,2.602,2,4,6,1,North,False,CENTRAL_SPINE_SPLIT,0.167
70.4,140.0,9856.0,1.989,1,4,6,2,East,True,CENTRAL_SPINE_SPLIT,0.169
54.4,49.5,2692.8,0.91,2,3,3,1,West,True,VILLA_PERIMETER,0.146
47.5,123.0,5842.5,2.589,3,4,5,2,North,True,CENTRAL_SPINE_SPLIT,0.173
26.8,53.7,1439.2,2.004,1,3,6,1,West,False,CENTRAL_SPINE_SPLIT,0.149
19.9,33.7,670.6,1.693,2,1,2,0,South,False,COMPACT_LINEAR,0.137
45.8,87.2,3993.8,1.904,2,4,6,2,North,True,CENTRAL_SPINE_SPLIT,0.173
70.5,128.1,9031.0,1.817,2,5,8,1,East,True,CENTRAL_SPINE_SPLIT,0.15
69.9,71.2,4976.9,1.019,2,4,6,3,East,False,L_SHAPED_COURTYARD,0.188
50.6,103.6,5242.2,2.047,2,5,9,2,East,True,CENTRAL_SPINE_SPLIT,0.152
25.5,69.4,1769.7,2.722,2,2,5,1,South,True,CENTRAL_SPINE_SPLIT,0.151
73.1,51.8,3786.6,0.709,2,5,8,2,East,True,VILLA_PERIMETER,0.184
53.2,79.4,4224.1,1.492,1,5,7,3,North,True,WRAP_AROUND_OPEN_PLAN,0.138
26.3,24.4,641.7,0.928,1,2,4,0,West,True,COMPACT_LINEAR,0.108
35.5,87.1,3092.0,2.454,2,4,6,2,North,True,L_SHAPED_COURTYARD,0.149
68.8,64.5,4437.6,0.938,1,4,6,2,South,True,WRAP_AROUND_OPEN_PLAN,0.125
46.1,87.0,4010.7,1.887,2,4,7,2,North,True,CENTRAL_SPINE_SPLIT,0.154
42.4,39.5,1674.8,0.932,2,3,3,1,North,False,L_SHAPED_COURTYARD,0.163
22.9,34.2,783.2,1.493,2,3,6,1,North,True,COMPACT_LINEAR,0.093
66.7,140.0,9338.0,2.099,2,4,6,1,West,True,CENTRAL_SPINE_SPLIT,0.171
35.5,53.2,1888.6,1.499,1,3,5,1,East,False,WRAP_AROUND_OPEN_PLAN,0.134
22.9,42.6,975.5,1.86,1,1,2,1,South,True,CENTRAL_SPINE_SPLIT,0.176
20.9,25.7,537.1,1.23,3,1,2,0,North,True,COMPACT_LINEAR,0.13
71.9,55.1,3961.7,0.766,2,6,9,2,South,False,VILLA_PERIMETER,0.198
56.7,53.8,3050.5,0.949,1,3,6,1,South,False,WRAP_AROUND_OPEN_PLAN,0.153
70.5,140.0,9870.0,1.986,2,5,6,2,North,False,CENTRAL_SPINE_SPLIT,0.17
20.6,38.2,786.9,1.854,3,2,5,1,North,True,CENTRAL_SPINE_SPLIT,0.144
27.4,54.8,1501.5,2.0,3,3,5,1,West,False,CENTRAL_SPINE_SPLIT,0.185
47.1,126.1,5939.3,2.677,2,5,8,1,North,False,CENTRAL_SPINE_SPLIT,0.154
41.2,66.2,2727.4,1.607,1,3,4,2,East,True,WRAP_AROUND_OPEN_PLAN,0.135
69.4,140.0,9716.0,2.017,1,4,5,2,South,False,CENTRAL_SPINE_SPLIT,0.178
20.7,28.9,598.2,1.396,1,1,5,0,North,True,COMPACT_LINEAR,0.115
71.6,140.0,10024.0,1.955,3,6,8,1,South,True,CENTRAL_SPINE_SPLIT,0.126
19.4,23.2,450.1,1.196,3,1,3,0,North,True,COMPACT_LINEAR,0.1
30.9,34.8,1075.3,1.126,2,2,1,1,East,True,COMPACT_LINEAR,0.127
56.3,63.6,3580.7,1.13,2,4,7,1,North,True,L_SHAPED_COURTYARD,0.161
29.3,68.1,1995.3,2.324,1,3,6,1,North,False,CENTRAL_SPINE_SPLIT,0.17
24.9,51.5,1282.3,2.068,1,1,3,1,East,True,CENTRAL_SPINE_SPLIT,0.154
44.6,60.4,2693.8,1.354,2,5,4,3,East,True,VILLA_PERIMETER,0.184
34.4,95.4,3281.8,2.773,1,4,4,2,North,True,CENTRAL_SPINE_SPLIT,0.15
34.1,48.8,1664.1,1.431,2,4,6,1,North,False,VILLA_PERIMETER,0.153
47.6,122.0,5807.2,2.563,2,5,6,2,West,True,CENTRAL_SPINE_SPLIT,0.162
41.1,70.5,2897.6,1.715,1,4,7,2,South,True,WRAP_AROUND_OPEN_PLAN,0.118
29.7,38.4,1140.5,1.293,2,2,3,1,West,False,COMPACT_LINEAR,0.12
58.9,121.8,7174.0,2.068,2,4,7,3,West,True,CENTRAL_SPINE_SPLIT,0.168
55.1,140.0,7714.0,2.541,2,4,4,1,West,True,CENTRAL_SPINE_SPLIT,0.144
32.3,67.3,2173.8,2.084,1,4,6,1,West,True,CENTRAL_SPINE_SPLIT,0.164
39.3,51.5,2023.9,1.31,2,3,5,1,North,True,L_SHAPED_COURTYARD,0.202
66.7,92.1,6143.1,1.381,2,5,7,2,East,False,VILLA_PERIMETER,0.201
72.3,140.0,10122.0,1.936,2,5,6,2,South,True,CENTRAL_SPINE_SPLIT,0.165
32.0,29.4,940.8,0.919,2,2,3,1,North,True,COMPACT_LINEAR,0.104
44.8,33.1,1482.9,0.739,2,2,1,1,North,True,WRAP_AROUND_OPEN_PLAN,0.127
37.4,101.9,3811.1,2.725,2,4,5,2,East,False,CENTRAL_SPINE_SPLIT,0.156
23.2,48.0,1113.6,2.069,1,1,1,1,West,True,CENTRAL_SPINE_SPLIT,0.153
47.4,114.9,5446.3,2.424,3,5,6,1,West,True,CENTRAL_SPINE_SPLIT,0.165
60.4,71.1,4294.4,1.177,2,6,10,2,East,True,L_SHAPED_COURTYARD,0.179
64.9,108.6,7048.1,1.673,2,4,4,2,East,True,VILLA_PERIMETER,0.216
38.5,87.8,3380.3,2.281,2,5,6,1,South,True,CENTRAL_SPINE_SPLIT,0.149
57.4,46.5,2669.1,0.81,2,4,7,1,North,True,L_SHAPED_COURTYARD,0.172
20.7,22.0,455.4,1.063,3,1,1,0,North,True,COMPACT_LINEAR,0.101
50.9,75.0,3817.5,1.473,2,4,5,2,North,False,VILLA_PERIMETER,0.184
46.0,86.3,3969.8,1.876,3,4,6,2,East,False,CENTRAL_SPINE_SPLIT,0.157
34.4,80.4,2765.8,2.337,2,5,8,3,East,True,CENTRAL_SPINE_SPLIT,0.168
21.9,38.3,838.8,1.749,1,2,2,1,North,True,COMPACT_LINEAR,0.097
63.4,52.1,3303.1,0.822,1,4,7,1,North,True,L_SHAPED_COURTYARD,0.172
54.4,127.4,6930.6,2.342,2,4,7,2,South,True,CENTRAL_SPINE_SPLIT,0.159
43.1,87.6,3775.6,2.032,2,4,7,3,South,True,CENTRAL_SPINE_SPLIT,0.152
40.8,62.4,2545.9,1.529,2,3,4,1,South,True,WRAP_AROUND_OPEN_PLAN,0.14
39.9,105.0,4189.5,2.632,2,5,7,2,North,True,CENTRAL_SPINE_SPLIT,0.171
42.4,39.2,1662.1,0.925,2,3,5,1,East,True,L_SHAPED_COURTYARD,0.17
59.7,100.3,5987.9,1.68,2,5,9,2,East,True,VILLA_PERIMETER,0.203
42.4,112.0,4748.8,2.642,2,5,9,3,North,False,CENTRAL_SPINE_SPLIT,0.185
25.3,37.5,948.8,1.482,1,2,2,1,South,True,COMPACT_LINEAR,0.114
66.2,140.0,9268.0,2.115,2,6,7,2,North,True,CENTRAL_SPINE_SPLIT,0.184
62.3,76.0,4734.8,1.22,2,4,7,3,North,True,L_SHAPED_COURTYARD,0.189
27.7,22.0,609.4,0.794,2,1,1,0,South,True,COMPACT_LINEAR,0.11
31.0,35.4,1097.4,1.142,3,2,3,1,North,True,COMPACT_LINEAR,0.109
62.1,122.7,7619.7,1.976,2,5,10,1,East,True,CENTRAL_SPINE_SPLIT,0.172
28.1,58.4,1641.0,2.078,1,2,3,1,South,False,CENTRAL_SPINE_SPLIT,0.172
55.3,64.5,3566.8,1.166,1,3,5,1,South,True,WRAP_AROUND_OPEN_PLAN,0.157
50.9,140.0,7126.0,2.75,1,4,8,2,West,True,CENTRAL_SPINE_SPLIT,0.159
55.6,102.5,5699.0,1.844,2,5,5,1,South,True,CENTRAL_SPINE_SPLIT,0.165
42.3,58.7,2483.0,1.388,2,4,8,3,West,True,WRAP_AROUND_OPEN_PLAN,0.143
59.6,122.5,7301.0,2.055,2,4,7,3,North,True,CENTRAL_SPINE_SPLIT,0.159
18.5,22.0,407.0,1.189,2,2,5,0,North,True,COMPACT_LINEAR,0.116
66.4,85.9,5703.8,1.294,3,5,5,3,North,True,L_SHAPED_COURTYARD,0.195
57.0,134.3,7655.1,2.356,2,5,7,3,West,True,CENTRAL_SPINE_SPLIT,0.166
23.1,42.0,970.2,1.818,1,2,5,1,South,True,CENTRAL_SPINE_SPLIT,0.143
39.7,93.3,3704.0,2.35,2,4,6,2,North,False,CENTRAL_SPINE_SPLIT,0.146
26.5,41.6,1102.4,1.57,1,1,4,1,South,True,COMPACT_LINEAR,0.097
47.9,107.8,5163.6,2.251,2,5,8,1,North,True,CENTRAL_SPINE_SPLIT,0.163
18.3,30.2,552.7,1.65,2,1,3,0,North,False,COMPACT_LINEAR,0.107
66.9,140.0,9366.0,2.093,1,4,5,3,North,True,VILLA_PERIMETER,0.168
30.8,43.1,1327.5,1.399,2,3,6,1,East,True,WRAP_AROUND_OPEN_PLAN,0.151
39.6,76.8,3041.3,1.939,1,5,9,2,East,True,CENTRAL_SPINE_SPLIT,0.154
37.3,66.5,2480.4,1.783,2,4,4,3,East,True,CENTRAL_SPINE_SPLIT,0.167
69.7,112.5,7841.2,1.614,1,6,7,1,West,True,VILLA_PERIMETER,0.141
41.4,100.5,4160.7,2.428,3,4,7,2,East,False,CENTRAL_SPINE_SPLIT,0.182
29.3,35.3,1034.3,1.205,1,1,2,1,North,False,COMPACT_LINEAR,0.109
18.5,22.0,407.0,1.189,3,1,3,0,West,False,COMPACT_LINEAR,0.11
45.1,125.7,5669.1,2.787,2,4,5,3,East,False,CENTRAL_SPINE_SPLIT,0.141
48.2,113.9,5490.0,2.363,3,6,9,1,North,True,CENTRAL_SPINE_SPLIT,0.178
25.4,29.8,756.9,1.173,2,1,3,1,North,True,COMPACT_LINEAR,0.103
22.9,63.6,1456.4,2.777,1,3,6,1,East,True,CENTRAL_SPINE_SPLIT,0.156
62.9,140.0,8806.0,2.226,2,6,10,3,North,True,CENTRAL_SPINE_SPLIT,0.14
29.1,26.7,777.0,0.918,3,2,4,1,East,True,COMPACT_LINEAR,0.1
32.3,72.2,2332.1,2.235,1,3,5,3,North,True,CENTRAL_SPINE_SPLIT,0.18
35.9,88.8,3187.9,2.474,2,4,6,2,North,True,CENTRAL_SPINE_SPLIT,0.152
28.2,70.8,1996.6,2.511,2,2,3,1,North,False,WRAP_AROUND_OPEN_PLAN,0.177
33.1,59.5,1969.5,1.798,2,3,5,1,South,True,CENTRAL_SPINE_SPLIT,0.147
64.9,98.1,6366.7,1.512,2,5,6,3,East,True,COMPACT_LINEAR,0.223
61.4,126.6,7773.2,2.062,3,5,7,1,East,False,CENTRAL_SPINE_SPLIT,0.144
38.3,79.8,3056.3,2.084,1,3,5,2,North,True,CENTRAL_SPINE_SPLIT,0.133
19.5,41.5,809.2,2.128,3,2,5,1,East,True,CENTRAL_SPINE_SPLIT,0.178
47.6,77.1,3670.0,1.62,1,3,6,3,North,True,WRAP_AROUND_OPEN_PLAN,0.129
57.4,140.0,8036.0,2.439,3,4,6,1,North,True,CENTRAL_SPINE_SPLIT,0.164
38.7,89.0,3444.3,2.3,2,5,7,2,West,True,CENTRAL_SPINE_SPLIT,0.164
63.1,132.3,8348.1,2.097,3,5,5,1,South,True,CENTRAL_SPINE_SPLIT,0.169
53.4,133.5,7128.9,2.5,2,4,7,2,South,False,CENTRAL_SPINE_SPLIT,0.144
31.6,43.1,1362.0,1.364,2,3,6,1,East,True,WRAP_AROUND_OPEN_PLAN,0.14
46.8,57.7,2700.4,1.233,3,4,8,2,South,False,VILLA_PERIMETER,0.198
22.1,28.4,627.6,1.285,2,1,2,0,East,True,COMPACT_LINEAR,0.113
37.6,40.8,1534.1,1.085,2,3,7,1,South,True,WRAP_AROUND_OPEN_PLAN,0.128
61.1,81.0,4949.1,1.326,1,5,7,2,East,True,L_SHAPED_COURTYARD,0.169
54.1,91.2,4933.9,1.686,3,4,6,3,East,True,VILLA_PERIMETER,0.176
35.7,63.1,2252.7,1.768,1,3,5,1,North,True,CENTRAL_SPINE_SPLIT,0.151
46.9,47.8,2241.8,1.019,2,4,7,1,North,True,L_SHAPED_COURTYARD,0.203
65.6,59.4,3896.6,0.905,3,6,8,2,South,True,VILLA_PERIMETER,0.211
65.6,51.5,3378.4,0.785,3,4,5,1,South,True,L_SHAPED_COURTYARD,0.206
65.4,106.2,6945.5,1.624,3,5,8,2,West,True,VILLA_PERIMETER,0.203
27.2,24.6,669.1,0.904,2,1,4,0,South,False,COMPACT_LINEAR,0.091
51.8,127.9,6625.2,2.469,2,6,8,3,North,True,CENTRAL_SPINE_SPLIT,0.156
48.1,102.1,4911.0,2.123,2,5,7,2,East,True,CENTRAL_SPINE_SPLIT,0.153
66.0,140.0,9240.0,2.121,2,4,5,3,North,True,CENTRAL_SPINE_SPLIT,0.158
66.8,140.0,9352.0,2.096,2,5,8,1,North,False,CENTRAL_SPINE_SPLIT,0.158
46.0,87.9,4043.4,1.911,3,6,8,3,North,True,CENTRAL_SPINE_SPLIT,0.172
20.0,39.9,798.0,1.995,1,1,4,1,East,False,CENTRAL_SPINE_SPLIT,0.166
44.9,108.9,4889.6,2.425,2,5,8,3,North,True,CENTRAL_SPINE_SPLIT,0.16
29.3,48.4,1418.1,1.652,1,3,5,1,South,True,WRAP_AROUND_OPEN_PLAN,0.145
38.5,80.5,3099.2,2.091,2,4,8,3,South,True,CENTRAL_SPINE_SPLIT,0.163
37.4,89.2,3336.1,2.385,1,4,6,3,East,True,CENTRAL_SPINE_SPLIT,0.161
60.1,140.0,8414.0,2.329,1,6,9,2,North,False,CENTRAL_SPINE_SPLIT,0.151
57.2,61.8,3535.0,1.08,2,4,5,2,North,True,L_SHAPED_COURTYARD,0.2
54.3,38.9,2112.3,0.716,2,3,6,1,North,True,WRAP_AROUND_OPEN_PLAN,0.142
52.4,140.0,7336.0,2.672,2,4,6,2,North,True,CENTRAL_SPINE_SPLIT,0.158
63.3,98.0,6203.4,1.548,2,5,7,2,South,True,VILLA_PERIMETER,0.183
72.0,95.4,6868.8,1.325,2,5,8,2,North,True,L_SHAPED_COURTYARD,0.195
44.5,122.6,5455.7,2.755,2,4,5,1,South,False,CENTRAL_SPINE_SPLIT,0.176
33.7,88.8,2992.6,2.635,2,5,9,2,North,True,CENTRAL_SPINE_SPLIT,0.15
45.0,102.2,4599.0,2.271,3,5,8,2,South,True,CENTRAL_SPINE_SPLIT,0.151
53.9,97.8,5271.4,1.814,2,5,8,1,East,True,CENTRAL_SPINE_SPLIT,0.148
50.8,81.5,4140.2,1.604,1,4,7,2,South,True,WRAP_AROUND_OPEN_PLAN,0.144
21.4,41.5,888.1,1.939,2,1,4,1,South,True,CENTRAL_SPINE_SPLIT,0.155
62.7,91.6,5743.3,1.461,2,4,7,2,North,True,VILLA_PERIMETER,0.195
26.4,60.3,1591.9,2.284,1,3,4,1,South,False,CENTRAL_SPINE_SPLIT,0.153
29.4,50.1,1472.9,1.704,1,3,5,1,East,True,WRAP_AROUND_OPEN_PLAN,0.143
47.1,113.4,5341.1,2.408,3,4,6,1,South,True,CENTRAL_SPINE_SPLIT,0.146
49.1,81.7,4011.5,1.664,3,4,6,1,North,True,VILLA_PERIMETER,0.214
59.8,140.0,8372.0,2.341,2,6,8,2,North,True,CENTRAL_SPINE_SPLIT,0.172
74.3,103.5,7690.0,1.393,2,5,7,3,South,True,VILLA_PERIMETER,0.198
61.9,112.8,6982.3,1.822,2,5,6,1,West,True,CENTRAL_SPINE_SPLIT,0.162
46.6,110.8,5163.3,2.378,2,4,8,2,East,False,CENTRAL_SPINE_SPLIT,0.17
28.5,67.6,1926.6,2.372,2,2,4,1,North,True,CENTRAL_SPINE_SPLIT,0.141
59.7,60.7,3623.8,1.017,2,4,8,2,North,True,L_SHAPED_COURTYARD,0.187
28.6,42.6,1218.4,1.49,1,2,2,1,West,True,WRAP_AROUND_OPEN_PLAN,0.13
60.7,47.4,2877.2,0.781,3,4,7,3,East,True,VILLA_PERIMETER,0.208
46.5,33.9,1576.3,0.729,2,3,6,1,South,False,WRAP_AROUND_OPEN_PLAN,0.162
52.9,42.1,2227.1,0.796,2,3,4,2,South,False,WRAP_AROUND_OPEN_PLAN,0.153
45.6,51.6,2353.0,1.132,1,3,4,2,South,True,WRAP_AROUND_OPEN_PLAN,0.145
38.4,56.5,2169.6,1.471,2,2,5,1,South,False,WRAP_AROUND_OPEN_PLAN,0.136
33.2,50.6,1679.9,1.524,3,3,7,1,North,True,WRAP_AROUND_OPEN_PLAN,0.145
51.1,62.9,3214.2,1.231,2,4,7,3,North,True,L_SHAPED_COURTYARD,0.181
21.2,38.2,809.8,1.802,2,1,2,1,North,True,WRAP_AROUND_OPEN_PLAN,0.168
52.3,95.8,5010.3,1.832,1,4,5,2,North,True,CENTRAL_SPINE_SPLIT,0.163
34.1,62.0,2114.2,1.818,1,2,3,1,North,True,CENTRAL_SPINE_SPLIT,0.156
23.3,58.7,1367.7,2.519,2,2,6,1,East,True,CENTRAL_SPINE_SPLIT,0.171
65.9,91.5,6029.9,1.388,2,6,9,2,East,True,VILLA_PERIMETER,0.196
70.3,113.7,7993.1,1.617,2,4,6,3,North,False,VILLA_PERIMETER,0.206
38.5,66.9,2575.7,1.738,2,4,6,1,South,False,VILLA_PERIMETER,0.202
54.6,98.7,5389.0,1.808,2,5,6,1,West,True,CENTRAL_SPINE_SPLIT,0.166
20.6,35.9,739.5,1.743,3,2,5,1,West,True,COMPACT_LINEAR,0.1
21.6,44.2,954.7,2.046,1,2,3,1,North,True,CENTRAL_SPINE_SPLIT,0.165
72.4,75.2,5444.5,1.039,2,5,7,1,South,True,VILLA_PERIMETER,0.201
19.7,22.0,433.4,1.117,3,1,1,0,North,True,COMPACT_LINEAR,0.101
69.5,70.5,4899.8,1.014,2,5,8,3,South,True,VILLA_PERIMETER,0.212
59.9,53.3,3192.7,0.89,2,5,9,2,South,True,VILLA_PERIMETER,0.182
72.2,51.2,3696.6,0.709,1,4,8,2,South,True,WRAP_AROUND_OPEN_PLAN,0.141
32.8,61.7,2023.8,1.881,1,3,6,1,South,True,CENTRAL_SPINE_SPLIT,0.168
22.6,45.9,1037.3,2.031,2,2,3,1,West,True,CENTRAL_SPINE_SPLIT,0.152
21.6,22.0,475.2,1.019,2,1,3,0,East,True,COMPACT_LINEAR,0.107
61.0,136.7,8338.7,2.241,2,4,5,1,West,False,CENTRAL_SPINE_SPLIT,0.148
33.8,23.7,801.1,0.701,2,1,1,1,North,False,COMPACT_LINEAR,0.103
24.1,55.7,1342.4,2.311,1,3,5,1,North,False,WRAP_AROUND_OPEN_PLAN,0.154
53.9,140.0,7546.0,2.597,2,4,5,3,East,True,CENTRAL_SPINE_SPLIT,0.175
74.1,140.0,10374.0,1.889,3,5,6,1,South,True,CENTRAL_SPINE_SPLIT,0.164
26.0,55.4,1440.4,2.131,3,3,8,1,East,True,CENTRAL_SPINE_SPLIT,0.153
27.4,42.0,1150.8,1.533,1,2,1,1,North,True,COMPACT_LINEAR,0.129
35.3,31.0,1094.3,0.878,1,2,4,1,North,True,COMPACT_LINEAR,0.117
59.4,140.0,8316.0,2.357,2,6,7,2,South,True,CENTRAL_SPINE_SPLIT,0.163
74.1,140.0,10374.0,1.889,2,5,6,1,North,True,CENTRAL_SPINE_SPLIT,0.165
27.1,30.4,823.8,1.122,2,2,4,1,East,True,COMPACT_LINEAR,0.128
37.6,89.5,3365.2,2.38,1,5,7,3,East,True,CENTRAL_SPINE_SPLIT,0.172
41.1,54.0,2219.4,1.314,3,4,9,3,North,False,L_SHAPED_COURTYARD,0.192
73.8,140.0,10332.0,1.897,3,4,5,1,South,True,CENTRAL_SPINE_SPLIT,0.165
32.3,67.6,2183.5,2.093,1,3,5,1,East,True,CENTRAL_SPINE_SPLIT,0.144
55.2,124.4,6866.9,2.254,2,4,5,3,East,False,CENTRAL_SPINE_SPLIT,0.154
73.7,108.1,7967.0,1.467,2,5,7,1,North,True,VILLA_PERIMETER,0.205
53.2,122.0,6490.4,2.293,2,5,7,3,East,True,CENTRAL_SPINE_SPLIT,0.15
35.1,67.1,2355.2,1.912,2,3,2,1,North,True,CENTRAL_SPINE_SPLIT,0.151
24.9,22.9,570.2,0.92,2,1,2,0,South,False,COMPACT_LINEAR,0.09
35.6,33.3,1185.5,0.935,2,2,5,1,East,True,COMPACT_LINEAR,0.117
20.9,22.0,459.8,1.053,3,1,2,0,South,True,COMPACT_LINEAR,0.126
38.5,55.2,2125.2,1.434,2,3,7,1,East,False,WRAP_AROUND_OPEN_PLAN,0.134
60.9,140.0,8526.0,2.299,1,4,8,1,East,True,CENTRAL_SPINE_SPLIT,0.17
55.9,136.9,7652.7,2.449,3,5,7,2,North,True,CENTRAL_SPINE_SPLIT,0.15
69.7,54.1,3770.8,0.776,2,4,6,2,East,True,VILLA_PERIMETER,0.213
46.4,126.7,5878.9,2.731,3,6,8,3,East,True,CENTRAL_SPINE_SPLIT,0.174
63.6,140.0,8904.0,2.201,3,4,6,1,South,False,CENTRAL_SPINE_SPLIT,0.173
33.9,52.7,1786.5,1.555,3,4,6,1,West,True,CENTRAL_SPINE_SPLIT,0.127
61.1,132.3,8083.5,2.165,2,5,8,2,North,False,CENTRAL_SPINE_SPLIT,0.189
51.9,65.5,3399.4,1.262,1,3,5,1,North,True,L_SHAPED_COURTYARD,0.173
29.8,50.0,1490.0,1.678,3,4,5,1,North,True,WRAP_AROUND_OPEN_PLAN,0.127
37.4,84.7,3167.8,2.265,2,4,7,2,East,True,CENTRAL_SPINE_SPLIT,0.141
32.0,61.1,1955.2,1.909,2,2,3,1,East,True,CENTRAL_SPINE_SPLIT,0.152
53.1,119.7,6356.1,2.254,2,4,7,1,East,False,CENTRAL_SPINE_SPLIT,0.161
36.1,75.8,2736.4,2.1,1,3,4,1,East,False,CENTRAL_SPINE_SPLIT,0.151
20.8,46.0,956.8,2.212,2,2,4,1,North,True,CENTRAL_SPINE_SPLIT,0.163
46.0,121.6,5593.6,2.643,3,6,10,2,West,True,CENTRAL_SPINE_SPLIT,0.149
66.0,140.0,9240.0,2.121,1,6,9,2,East,False,CENTRAL_SPINE_SPLIT,0.169
25.6,46.9,1200.6,1.832,1,2,4,1,North,True,CENTRAL_SPINE_SPLIT,0.148
27.2,38.7,1052.6,1.423,1,2,4,1,East,True,COMPACT_LINEAR,0.107
46.7,36.0,1681.2,0.771,2,4,7,1,East,True,WRAP_AROUND_OPEN_PLAN,0.149
22.8,54.5,1242.6,2.39,1,2,2,1,North,True,CENTRAL_SPINE_SPLIT,0.175
72.2,105.3,7602.7,1.458,3,5,6,1,West,False,VILLA_PERIMETER,0.185
37.0,97.0,3589.0,2.622,2,4,8,3,East,False,CENTRAL_SPINE_SPLIT,0.168
20.6,22.0,453.2,1.068,1,2,4,0,South,True,COMPACT_LINEAR,0.115
20.8,47.1,979.7,2.264,3,1,3,1,North,True,CENTRAL_SPINE_SPLIT,0.152
19.7,40.9,805.7,2.076,1,3,6,1,West,True,CENTRAL_SPINE_SPLIT,0.147
18.5,22.0,407.0,1.189,2,1,1,0,North,True,WRAP_AROUND_OPEN_PLAN,0.09
45.5,125.0,5687.5,2.747,2,5,9,3,West,False,CENTRAL_SPINE_SPLIT,0.179
39.2,98.7,3869.0,2.518,1,5,8,2,East,False,CENTRAL_SPINE_SPLIT,0.166
34.3,58.8,2016.8,1.714,3,3,4,1,South,True,WRAP_AROUND_OPEN_PLAN,0.128
28.5,62.7,1787.0,2.2,1,4,5,1,South,True,CENTRAL_SPINE_SPLIT,0.166
40.9,77.4,3165.7,1.892,2,4,6,2,East,True,CENTRAL_SPINE_SPLIT,0.167
20.3,32.4,657.7,1.596,3,1,1,0,South,False,COMPACT_LINEAR,0.104
66.3,91.8,6086.3,1.385,1,5,8,2,South,True,WRAP_AROUND_OPEN_PLAN,0.139
27.8,37.0,1028.6,1.331,2,2,4,1,East,True,COMPACT_LINEAR,0.129
18.5,29.2,540.2,1.578,1,1,4,0,South,False,COMPACT_LINEAR,0.094
32.4,57.7,1869.5,1.781,1,3,5,1,East,False,CENTRAL_SPINE_SPLIT,0.167
63.0,140.0,8820.0,2.222,1,6,8,3,South,True,CENTRAL_SPINE_SPLIT,0.166
34.1,51.7,1763.0,1.516,1,3,8,1,North,True,WRAP_AROUND_OPEN_PLAN,0.148
68.7,140.0,9618.0,2.038,3,5,8,3,West,True,CENTRAL_SPINE_SPLIT,0.169
24.5,52.3,1281.3,2.135,2,2,3,1,North,True,CENTRAL_SPINE_SPLIT,0.185
65.5,140.0,9170.0,2.137,3,6,8,2,North,True,CENTRAL_SPINE_SPLIT,0.153
19.3,36.7,708.3,1.902,2,2,3,1,East,False,CENTRAL_SPINE_SPLIT,0.147
19.5,43.8,854.1,2.246,2,2,3,1,North,True,L_SHAPED_COURTYARD,0.154
72.2,69.5,5017.9,0.963,2,4,6,2,East,False,L_SHAPED_COURTYARD,0.177
47.5,85.1,4042.2,1.792,1,6,10,1,North,True,CENTRAL_SPINE_SPLIT,0.156
44.6,108.0,4816.8,2.422,2,5,9,2,North,True,CENTRAL_SPINE_SPLIT,0.152
38.4,59.4,2281.0,1.547,1,3,6,2,South,True,WRAP_AROUND_OPEN_PLAN,0.133
20.4,22.0,448.8,1.078,2,1,4,0,North,True,COMPACT_LINEAR,0.104
18.2,22.0,400.4,1.209,2,1,5,0,North,True,COMPACT_LINEAR,0.114
27.3,58.0,1583.4,2.125,2,4,5,1,South,True,CENTRAL_SPINE_SPLIT,0.149
20.4,33.6,685.4,1.647,2,1,3,0,West,True,COMPACT_LINEAR,0.11
18.0,28.1,505.8,1.561,2,1,3,0,North,False,COMPACT_LINEAR,0.1
65.9,133.1,8771.3,2.02,2,6,8,2,North,True,CENTRAL_SPINE_SPLIT,0.171
31.4,48.2,1513.5,1.535,1,3,5,1,North,True,WRAP_AROUND_OPEN_PLAN,0.134
33.9,48.3,1637.4,1.425,2,3,6,1,West,True,WRAP_AROUND_OPEN_PLAN,0.128
70.2,59.7,4190.9,0.85,2,5,6,3,South,True,VILLA_PERIMETER,0.2
65.6,140.0,9184.0,2.134,1,5,9,2,North,False,CENTRAL_SPINE_SPLIT,0.164
49.7,133.4,6630.0,2.684,2,6,9,1,South,True,CENTRAL_SPINE_SPLIT,0.17
31.1,79.3,2466.2,2.55,2,4,7,1,West,True,CENTRAL_SPINE_SPLIT,0.167
25.9,54.4,1409.0,2.1,2,4,6,1,East,True,CENTRAL_SPINE_SPLIT,0.136
44.5,75.7,3368.7,1.701,1,3,6,2,North,True,WRAP_AROUND_OPEN_PLAN,0.129
45.4,40.7,1847.8,0.896,1,2,3,1,South,True,WRAP_AROUND_OPEN_PLAN,0.16
29.5,26.3,775.9,0.892,2,2,4,1,West,True,COMPACT_LINEAR,0.117
49.8,88.1,4387.4,1.769,2,4,5,1,East,False,CENTRAL_SPINE_SPLIT,0.156
18.2,46.8,851.8,2.571,2,1,1,1,East,False,CENTRAL_SPINE_SPLIT,0.155
73.5,80.9,5946.2,1.101,2,6,8,3,East,True,L_SHAPED_COURTYARD,0.176
66.2,140.0,9268.0,2.115,2,5,7,1,South,False,CENTRAL_SPINE_SPLIT,0.152
47.0,34.6,1626.2,0.736,2,2,2,1,North,True,WRAP_AROUND_OPEN_PLAN,0.126
41.5,83.4,3461.1,2.01,2,4,6,1,East,True,CENTRAL_SPINE_SPLIT,0.158
69.4,140.0,9716.0,2.017,2,6,8,3,North,True,CENTRAL_SPINE_SPLIT,0.149
60.1,140.0,8414.0,2.329,2,6,8,2,South,True,CENTRAL_SPINE_SPLIT,0.135
38.9,106.4,4139.0,2.735,2,6,9,2,South,False,CENTRAL_SPINE_SPLIT,0.158
70.1,83.7,5867.4,1.194,2,6,10,2,South,True,VILLA_PERIMETER,0.175
72.8,94.0,6843.2,1.291,3,4,5,2,East,True,L_SHAPED_COURTYARD,0.178
73.5,140.0,10290.0,1.905,3,5,8,3,North,False,CENTRAL_SPINE_SPLIT,0.156
51.8,82.5,4273.5,1.593,2,5,9,2,South,True,VILLA_PERIMETER,0.204
62.4,140.0,8736.0,2.244,2,4,7,3,South,True,CENTRAL_SPINE_SPLIT,0.161
47.8,43.3,2069.7,0.906,1,3,3,1,East,True,COMPACT_LINEAR,0.195
69.2,140.0,9688.0,2.023,2,5,6,1,East,True,CENTRAL_SPINE_SPLIT,0.165
38.1,32.0,1219.2,0.84,3,2,4,1,South,True,WRAP_AROUND_OPEN_PLAN,0.146
32.6,49.4,1610.4,1.515,3,3,6,1,South,True,WRAP_AROUND_OPEN_PLAN,0.14
67.1,122.8,8239.9,1.83,2,5,5,1,North,True,CENTRAL_SPINE_SPLIT,0.165
65.3,68.1,4446.9,1.043,2,5,10,1,West,False,VILLA_PERIMETER,0.211
58.1,44.7,2597.1,0.769,3,3,4,2,East,False,VILLA_PERIMETER,0.154
26.0,69.5,1807.0,2.673,2,3,3,1,South,True,CENTRAL_SPINE_SPLIT,0.159
52.1,43.0,2240.3,0.825,3,4,5,1,East,True,L_SHAPED_COURTYARD,0.186
22.3,49.2,1097.2,2.206,1,2,6,1,South,True,CENTRAL_SPINE_SPLIT,0.165
36.1,95.1,3433.1,2.634,2,5,6,2,West,True,CENTRAL_SPINE_SPLIT,0.159
22.3,22.0,490.6,0.987,3,1,4,0,North,True,COMPACT_LINEAR,0.121
69.4,67.9,4712.3,0.978,2,5,6,2,East,False,L_SHAPED_COURTYARD,0.19
35.1,53.1,1863.8,1.513,3,3,4,1,East,True,VILLA_PERIMETER,0.145
69.4,87.7,6086.4,1.264,2,5,7,1,South,False,VILLA_PERIMETER,0.198
29.7,37.6,1116.7,1.266,1,2,3,1,South,True,COMPACT_LINEAR,0.124
38.7,101.3,3920.3,2.618,1,4,7,1,North,True,CENTRAL_SPINE_SPLIT,0.156
18.2,31.3,569.7,1.72,1,1,4,0,West,False,COMPACT_LINEAR,0.113
58.1,125.5,7291.6,2.16,1,5,5,2,East,True,CENTRAL_SPINE_SPLIT,0.168
51.3,138.9,7125.6,2.708,2,5,10,3,North,True,CENTRAL_SPINE_SPLIT,0.152
40.7,98.7,4017.1,2.425,2,4,6,2,East,True,CENTRAL_SPINE_SPLIT,0.15
31.6,40.7,1286.1,1.288,2,2,5,1,East,False,WRAP_AROUND_OPEN_PLAN,0.14
66.8,74.5,4976.6,1.115,2,4,7,2,North,True,L_SHAPED_COURTYARD,0.177
48.7,80.1,3900.9,1.645,3,6,9,1,East,False,VILLA_PERIMETER,0.22
51.2,102.2,5232.6,1.996,3,5,8,2,East,True,CENTRAL_SPINE_SPLIT,0.153
25.1,22.3,559.7,0.888,3,1,2,0,North,True,VILLA_PERIMETER,0.111
37.4,82.2,3074.3,2.198,2,4,6,1,South,True,CENTRAL_SPINE_SPLIT,0.152
34.4,24.2,832.5,0.703,2,2,5,1,South,True,COMPACT_LINEAR,0.101
73.1,140.0,10234.0,1.915,2,5,6,2,West,True,CENTRAL_SPINE_SPLIT,0.143
42.6,66.4,2828.6,1.559,1,3,7,2,South,True,WRAP_AROUND_OPEN_PLAN,0.14
32.1,29.5,947.0,0.919,2,2,3,1,East,True,COMPACT_LINEAR,0.101
44.5,36.0,1602.0,0.809,1,3,4,1,North,False,L_SHAPED_COURTYARD,0.173
24.2,46.8,1132.6,1.934,2,2,4,1,East,True,CENTRAL_SPINE_SPLIT,0.154
40.3,28.5,1148.5,0.707,2,2,4,1,East,False,COMPACT_LINEAR,0.112
54.0,57.4,3099.6,1.063,3,4,7,3,North,True,L_SHAPED_COURTYARD,0.197
62.2,140.0,8708.0,2.251,3,5,8,2,East,True,CENTRAL_SPINE_SPLIT,0.18
33.2,85.6,2841.9,2.578,2,5,8,2,East,True,CENTRAL_SPINE_SPLIT,0.17
18.9,22.0,415.8,1.164,1,1,3,0,South,True,COMPACT_LINEAR,0.127
32.0,59.8,1913.6,1.869,1,4,6,1,East,True,CENTRAL_SPINE_SPLIT,0.143
47.6,75.6,3598.6,1.588,2,4,3,2,East,False,VILLA_PERIMETER,0.185
50.7,49.2,2494.4,0.97,2,5,7,1,South,True,WRAP_AROUND_OPEN_PLAN,0.16
36.3,40.9,1484.7,1.127,2,2,3,1,South,True,WRAP_AROUND_OPEN_PLAN,0.151
33.8,36.9,1247.2,1.092,2,3,7,1,South,True,WRAP_AROUND_OPEN_PLAN,0.133
30.5,66.6,2031.3,2.184,2,3,7,1,North,True,CENTRAL_SPINE_SPLIT,0.157
60.7,140.0,8498.0,2.306,2,5,6,2,East,False,CENTRAL_SPINE_SPLIT,0.163
41.6,101.7,4230.7,2.445,3,5,8,1,East,True,CENTRAL_SPINE_SPLIT,0.164
53.8,39.5,2125.1,0.734,1,3,4,1,North,True,L_SHAPED_COURTYARD,0.139
70.8,114.6,8113.7,1.619,2,6,10,2,North,True,VILLA_PERIMETER,0.171
70.2,67.3,4724.5,0.959,1,5,5,1,North,True,L_SHAPED_COURTYARD,0.183
20.7,51.5,1066.0,2.488,2,2,3,1,South,False,L_SHAPED_COURTYARD,0.158
57.4,97.6,5602.2,1.7,1,5,7,2,North,False,WRAP_AROUND_OPEN_PLAN,0.13
55.7,140.0,7798.0,2.513,2,5,7,1,East,True,CENTRAL_SPINE_SPLIT,0.143
34.8,56.1,1952.3,1.612,1,3,6,1,East,True,WRAP_AROUND_OPEN_PLAN,0.12
32.9,72.2,2375.4,2.195,2,2,6,1,South,False,CENTRAL_SPINE_SPLIT,0.144
31.5,45.4,1430.1,1.441,1,2,3,1,East,True,WRAP_AROUND_OPEN_PLAN,0.132
61.0,117.9,7191.9,1.933,3,5,7,3,North,True,CENTRAL_SPINE_SPLIT,0.193
64.7,140.0,9058.0,2.164,2,5,7,3,South,False,CENTRAL_SPINE_SPLIT,0.179
42.3,30.0,1269.0,0.709,2,2,1,1,South,True,WRAP_AROUND_OPEN_PLAN,0.12
39.4,102.8,4050.3,2.609,3,5,6,3,North,True,CENTRAL_SPINE_SPLIT,0.168
48.6,64.6,3139.6,1.329,3,4,5,2,West,True,VILLA_PERIMETER,0.216
25.5,44.3,1129.6,1.737,2,2,6,1,East,True,COMPACT_LINEAR,0.106
35.8,51.0,1825.8,1.425,2,4,6,1,North,True,L_SHAPED_COURTYARD,0.157
62.6,73.2,4582.3,1.169,2,4,8,2,East,True,CENTRAL_SPINE_SPLIT,0.158
63.3,77.2,4886.8,1.22,2,4,6,2,North,False,L_SHAPED_COURTYARD,0.165
30.5,55.1,1680.5,1.807,1,3,5,1,East,True,CENTRAL_SPINE_SPLIT,0.146
70.7,140.0,9898.0,1.98,2,5,8,1,East,True,CENTRAL_SPINE_SPLIT,0.16
58.9,110.8,6526.1,1.881,3,6,9,2,North,True,CENTRAL_SPINE_SPLIT,0.163
49.5,74.6,3692.7,1.507,3,4,6,2,North,False,VILLA_PERIMETER,0.2
60.3,140.0,8442.0,2.322,3,4,7,1,North,True,COMPACT_LINEAR,0.148
36.6,92.8,3396.5,2.536,2,4,4,1,North,True,CENTRAL_SPINE_SPLIT,0.164
27.4,71.4,1956.4,2.606,2,3,5,1,East,True,CENTRAL_SPINE_SPLIT,0.159
58.9,94.5,5566.1,1.604,2,6,9,2,North,True,VILLA_PERIMETER,0.197
35.9,34.6,1242.1,0.964,2,1,2,1,South,False,WRAP_AROUND_OPEN_PLAN,0.132
27.2,24.1,655.5,0.886,1,1,2,0,South,True,COMPACT_LINEAR,0.118
39.8,30.7,1221.9,0.771,1,3,5,1,East,True,WRAP_AROUND_OPEN_PLAN,0.142
38.5,72.8,2802.8,1.891,1,4,6,1,West,False,CENTRAL_SPINE_SPLIT,0.178
73.3,140.0,10262.0,1.91,1,6,8,3,West,False,CENTRAL_SPINE_SPLIT,0.14
27.2,22.0,598.4,0.809,3,1,3,0,East,True,COMPACT_LINEAR,0.09
53.6,101.7,5451.1,1.897,2,5,6,1,East,True,CENTRAL_SPINE_SPLIT,0.167
47.3,102.1,4829.3,2.159,1,6,9,2,West,True,CENTRAL_SPINE_SPLIT,0.152
22.3,42.8,954.4,1.919,1,2,3,1,West,True,CENTRAL_SPINE_SPLIT,0.151
74.7,127.7,9539.2,1.71,2,4,8,1,West,True,VILLA_PERIMETER,0.198
57.8,107.2,6196.2,1.855,3,4,4,2,North,True,CENTRAL_SPINE_SPLIT,0.153
42.8,31.8,1361.0,0.743,2,4,6,1,North,False,WRAP_AROUND_OPEN_PLAN,0.135
30.3,82.9,2511.9,2.736,2,4,5,2,East,True,CENTRAL_SPINE_SPLIT,0.147
27.1,25.6,693.8,0.945,2,1,3,0,East,True,COMPACT_LINEAR,0.108
37.6,104.3,3921.7,2.774,3,5,6,2,North,True,CENTRAL_SPINE_SPLIT,0.157
40.1,36.5,1463.7,0.91,3,3,4,1,East,True,WRAP_AROUND_OPEN_PLAN,0.138
40.6,104.5,4242.7,2.574,2,6,8,2,North,True,CENTRAL_SPINE_SPLIT,0.16
67.4,140.0,9436.0,2.077,2,5,9,2,North,True,CENTRAL_SPINE_SPLIT,0.159
47.7,77.5,3696.8,1.625,1,4,5,3,East,True,WRAP_AROUND_OPEN_PLAN,0.13
64.0,117.7,7532.8,1.839,3,5,7,1,North,True,CENTRAL_SPINE_SPLIT,0.131
45.6,112.7,5139.1,2.471,2,4,9,2,North,False,CENTRAL_SPINE_SPLIT,0.157
35.8,97.1,3476.2,2.712,2,4,5,2,South,True,CENTRAL_SPINE_SPLIT,0.173
19.0,50.0,950.0,2.632,1,2,3,1,North,False,CENTRAL_SPINE_SPLIT,0.172
24.0,62.1,1490.4,2.587,2,4,4,1,North,True,CENTRAL_SPINE_SPLIT,0.162
57.3,61.9,3546.9,1.08,2,4,5,2,East,True,L_SHAPED_COURTYARD,0.182
32.8,87.7,2876.6,2.674,2,4,5,1,East,True,CENTRAL_SPINE_SPLIT,0.177
20.0,41.9,838.0,2.095,1,2,4,1,North,True,CENTRAL_SPINE_SPLIT,0.162
31.1,70.9,2205.0,2.28,3,4,7,2,North,True,CENTRAL_SPINE_SPLIT,0.152
42.3,106.5,4504.9,2.518,2,4,7,3,South,True,CENTRAL_SPINE_SPLIT,0.159
24.3,31.5,765.5,1.296,2,2,2,1,South,True,COMPACT_LINEAR,0.1
27.9,65.7,1833.0,2.355,2,4,7,1,West,True,COMPACT_LINEAR,0.152
57.0,103.3,5888.1,1.812,3,6,10,1,North,True,CENTRAL_SPINE_SPLIT,0.165
55.9,137.8,7703.0,2.465,2,4,6,1,South,True,CENTRAL_SPINE_SPLIT,0.149
18.2,25.7,467.7,1.412,2,2,4,0,South,True,COMPACT_LINEAR,0.115
55.2,81.6,4504.3,1.478,3,5,7,2,North,True,VILLA_PERIMETER,0.197
70.7,122.7,8674.9,1.736,2,5,7,1,East,True,VILLA_PERIMETER,0.198
68.5,140.0,9590.0,2.044,3,6,9,3,East,True,CENTRAL_SPINE_SPLIT,0.178
48.8,88.4,4313.9,1.811,2,4,7,2,East,True,CENTRAL_SPINE_SPLIT,0.152
38.0,85.4,3245.2,2.247,2,4,6,2,North,True,CENTRAL_SPINE_SPLIT,0.143
54.7,129.3,7072.7,2.364,2,6,7,3,South,True,CENTRAL_SPINE_SPLIT,0.159
31.8,58.8,1869.8,1.849,2,4,6,1,West,False,CENTRAL_SPINE_SPLIT,0.161
46.4,48.1,2231.8,1.037,2,3,3,2,South,False,WRAP_AROUND_OPEN_PLAN,0.154
49.4,40.6,2005.6,0.822,1,3,5,1,South,True,WRAP_AROUND_OPEN_PLAN,0.136
22.1,29.3,647.5,1.326,2,1,2,0,West,True,COMPACT_LINEAR,0.122
70.7,129.6,9162.7,1.833,3,4,7,1,West,True,CENTRAL_SPINE_SPLIT,0.166
35.8,43.5,1557.3,1.215,2,3,5,1,East,True,L_SHAPED_COURTYARD,0.205
32.3,52.9,1708.7,1.638,2,3,5,1,North,True,WRAP_AROUND_OPEN_PLAN,0.14
47.0,74.8,3515.6,1.591,2,4,5,3,East,False,VILLA_PERIMETER,0.195
41.0,109.3,4481.3,2.666,3,6,7,2,East,False,CENTRAL_SPINE_SPLIT,0.168
29.4,37.0,1087.8,1.259,2,2,3,1,North,True,COMPACT_LINEAR,0.124
55.9,103.7,5796.8,1.855,3,4,4,3,West,False,CENTRAL_SPINE_SPLIT,0.132
65.8,109.0,7172.2,1.657,3,4,7,2,East,True,COMPACT_LINEAR,0.19
73.5,140.0,10290.0,1.905,2,5,8,2,South,True,CENTRAL_SPINE_SPLIT,0.148
27.5,36.3,998.2,1.32,3,2,5,1,North,True,COMPACT_LINEAR,0.109
47.1,41.9,1973.5,0.89,1,3,2,1,North,True,L_SHAPED_COURTYARD,0.17
29.3,71.4,2092.0,2.437,1,3,3,1,West,True,CENTRAL_SPINE_SPLIT,0.16
23.1,61.3,1416.0,2.654,1,2,4,1,West,False,CENTRAL_SPINE_SPLIT,0.184
53.2,43.1,2292.9,0.81,2,3,6,2,South,True,WRAP_AROUND_OPEN_PLAN,0.133
48.3,49.6,2395.7,1.027,2,3,4,2,South,False,WRAP_AROUND_OPEN_PLAN,0.13
41.0,58.3,2390.3,1.422,2,3,2,2,East,True,WRAP_AROUND_OPEN_PLAN,0.15
22.4,41.1,920.6,1.835,2,2,4,1,North,True,CENTRAL_SPINE_SPLIT,0.177
61.3,75.2,4609.8,1.227,2,5,9,3,South,True,VILLA_PERIMETER,0.202
72.1,70.9,5111.9,0.983,2,6,9,2,East,True,L_SHAPED_COURTYARD,0.188
59.8,50.3,3007.9,0.841,1,3,6,1,South,True,WRAP_AROUND_OPEN_PLAN,0.123
71.3,140.0,9982.0,1.964,2,6,10,1,West,True,CENTRAL_SPINE_SPLIT,0.16
59.5,120.2,7151.9,2.02,2,6,6,2,South,False,CENTRAL_SPINE_SPLIT,0.174
48.6,84.4,4101.8,1.737,2,5,8,2,East,False,VILLA_PERIMETER,0.196
57.6,139.0,8006.4,2.413,2,6,9,2,South,True,CENTRAL_SPINE_SPLIT,0.158
53.0,97.2,5151.6,1.834,3,4,2,1,North,True,CENTRAL_SPINE_SPLIT,0.142
23.6,33.0,778.8,1.398,2,3,5,1,North,False,WRAP_AROUND_OPEN_PLAN,0.127
68.6,139.0,9535.4,2.026,2,6,9,1,West,True,CENTRAL_SPINE_SPLIT,0.148
40.8,43.2,1762.6,1.059,1,4,8,1,North,True,L_SHAPED_COURTYARD,0.178
72.3,66.2,4786.3,0.916,2,4,4,1,East,False,L_SHAPED_COURTYARD,0.161
30.3,63.9,1936.2,2.109,2,2,2,1,South,True,CENTRAL_SPINE_SPLIT,0.143
71.9,133.1,9569.9,1.851,1,5,8,1,North,True,CENTRAL_SPINE_SPLIT,0.18
55.5,140.0,7770.0,2.523,2,5,5,2,South,True,CENTRAL_SPINE_SPLIT,0.143
40.3,29.4,1184.8,0.73,1,1,1,1,North,True,COMPACT_LINEAR,0.112
72.1,97.8,7051.4,1.356,2,4,7,1,West,False,VILLA_PERIMETER,0.182
58.3,93.0,5421.9,1.595,2,6,8,1,East,True,VILLA_PERIMETER,0.196
39.8,102.0,4059.6,2.563,2,5,9,1,North,True,CENTRAL_SPINE_SPLIT,0.162
42.7,61.5,2626.1,1.44,2,4,6,2,East,True,COMPACT_LINEAR,0.206
50.0,124.7,6235.0,2.494,3,4,3,2,West,True,CENTRAL_SPINE_SPLIT,0.143
23.1,62.5,1443.8,2.706,3,3,4,1,North,True,CENTRAL_SPINE_SPLIT,0.163
60.6,42.5,2575.5,0.701,2,4,5,2,West,True,VILLA_PERIMETER,0.184
36.4,44.3,1612.5,1.217,2,4,6,1,South,False,WRAP_AROUND_OPEN_PLAN,0.143
69.8,135.6,9464.9,1.943,2,5,6,1,South,True,CENTRAL_SPINE_SPLIT,0.164
59.2,111.5,6600.8,1.883,2,5,9,3,North,True,CENTRAL_SPINE_SPLIT,0.167
66.3,116.3,7710.7,1.754,2,5,8,2,East,True,CENTRAL_SPINE_SPLIT,0.148
22.6,52.4,1184.2,2.319,1,2,5,1,North,True,CENTRAL_SPINE_SPLIT,0.175
35.4,97.6,3455.0,2.757,1,4,8,1,South,True,CENTRAL_SPINE_SPLIT,0.15
20.6,24.2,498.5,1.175,2,1,1,0,North,True,COMPACT_LINEAR,0.096
37.7,82.0,3091.4,2.175,2,4,5,1,East,True,CENTRAL_SPINE_SPLIT,0.176
46.6,55.4,2581.6,1.189,1,5,7,1,North,True,CENTRAL_SPINE_SPLIT,0.185
28.1,28.5,800.9,1.014,1,2,4,1,North,True,COMPACT_LINEAR,0.107
43.3,44.6,1931.2,1.03,1,3,7,1,West,True,WRAP_AROUND_OPEN_PLAN,0.122
25.6,41.2,1054.7,1.609,1,2,4,1,West,True,COMPACT_LINEAR,0.109
49.7,117.5,5839.8,2.364,2,4,6,3,South,False,CENTRAL_SPINE_SPLIT,0.157
48.4,34.6,1674.6,0.715,2,3,2,1,East,True,WRAP_AROUND_OPEN_PLAN,0.145
28.5,71.5,2037.8,2.509,1,3,6,1,West,True,CENTRAL_SPINE_SPLIT,0.156
23.9,22.0,525.8,0.921,1,1,3,0,East,True,COMPACT_LINEAR,0.097
22.4,22.0,492.8,0.982,3,1,3,0,West,True,VILLA_PERIMETER,0.1
26.7,59.0,1575.3,2.21,1,4,8,1,North,True,CENTRAL_SPINE_SPLIT,0.158
23.5,26.9,632.1,1.145,2,1,1,0,North,True,COMPACT_LINEAR,0.105
59.8,61.5,3677.7,1.028,2,3,2,2,South,True,COMPACT_LINEAR,0.144
18.3,48.3,883.9,2.639,1,2,5,1,North,False,CENTRAL_SPINE_SPLIT,0.174
22.1,22.0,486.2,0.995,2,1,4,0,North,True,COMPACT_LINEAR,0.119
74.8,140.0,10472.0,1.872,2,4,6,1,West,False,CENTRAL_SPINE_SPLIT,0.15
29.7,23.6,700.9,0.795,3,2,3,1,North,True,COMPACT_LINEAR,0.12
70.2,114.6,8044.9,1.632,2,6,8,3,East,True,COMPACT_LINEAR,0.2
73.4,57.5,4220.5,0.783,2,5,7,2,East,True,VILLA_PERIMETER,0.194
27.6,25.7,709.3,0.931,3,1,2,1,North,True,COMPACT_LINEAR,0.124
50.8,111.0,5638.8,2.185,1,5,8,2,North,False,CENTRAL_SPINE_SPLIT,0.156
41.3,52.9,2184.8,1.281,2,4,7,1,West,True,WRAP_AROUND_OPEN_PLAN,0.139
59.0,119.1,7026.9,2.019,2,5,7,1,South,True,CENTRAL_SPINE_SPLIT,0.148
73.8,140.0,10332.0,1.897,3,5,8,1,West,True,CENTRAL_SPINE_SPLIT,0.13
63.6,124.0,7886.4,1.95,2,4,5,2,West,False,CENTRAL_SPINE_SPLIT,0.167
19.4,30.7,595.6,1.582,3,1,4,0,North,True,COMPACT_LINEAR,0.123
57.3,96.4,5523.7,1.682,2,4,7,1,North,True,VILLA_PERIMETER,0.202
27.7,29.8,825.5,1.076,2,2,4,1,East,True,COMPACT_LINEAR,0.121
55.0,63.5,3492.5,1.155,2,4,8,2,West,False,VILLA_PERIMETER,0.211
68.1,50.4,3432.2,0.74,1,4,6,3,South,True,WRAP_AROUND_OPEN_PLAN,0.124
52.4,126.4,6623.4,2.412,3,4,6,3,East,True,CENTRAL_SPINE_SPLIT,0.154
34.5,28.1,969.5,0.814,1,2,5,1,North,True,COMPACT_LINEAR,0.104
36.6,30.6,1120.0,0.836,3,2,2,1,South,True,COMPACT_LINEAR,0.115
68.5,140.0,9590.0,2.044,2,6,10,2,North,True,CENTRAL_SPINE_SPLIT,0.154
69.3,95.6,6625.1,1.38,2,6,8,2,North,True,VILLA_PERIMETER,0.208
48.1,116.6,5608.5,2.424,1,5,9,2,North,True,CENTRAL_SPINE_SPLIT,0.16
27.8,59.3,1648.5,2.133,1,3,7,1,South,True,CENTRAL_SPINE_SPLIT,0.163
22.0,53.9,1185.8,2.45,3,3,7,1,West,True,CENTRAL_SPINE_SPLIT,0.147
74.4,91.2,6785.3,1.226,2,5,6,2,East,False,L_SHAPED_COURTYARD,0.161
31.3,43.8,1370.9,1.399,2,4,6,1,North,True,WRAP_AROUND_OPEN_PLAN,0.136
68.4,111.7,7640.3,1.633,1,6,9,2,North,True,WRAP_AROUND_OPEN_PLAN,0.135
27.7,56.1,1554.0,2.025,3,4,5,1,East,False,CENTRAL_SPINE_SPLIT,0.166
33.4,49.6,1656.6,1.485,1,2,3,1,South,True,WRAP_AROUND_OPEN_PLAN,0.163
74.5,140.0,10430.0,1.879,2,5,7,3,East,True,CENTRAL_SPINE_SPLIT,0.173
63.4,58.4,3702.6,0.921,2,4,6,1,East,False,L_SHAPED_COURTYARD,0.192
67.7,140.0,9478.0,2.068,1,5,6,3,West,False,CENTRAL_SPINE_SPLIT,0.18
57.9,110.1,6374.8,1.902,2,4,6,2,East,True,CENTRAL_SPINE_SPLIT,0.15
45.3,87.1,3945.6,1.923,2,4,5,1,West,True,CENTRAL_SPINE_SPLIT,0.164
54.1,87.9,4755.4,1.625,1,5,6,2,South,False,WRAP_AROUND_OPEN_PLAN,0.146
39.5,97.9,3867.1,2.478,3,5,8,1,West,True,CENTRAL_SPINE_SPLIT,0.142
56.7,140.0,7938.0,2.469,2,4,6,3,East,True,CENTRAL_SPINE_SPLIT,0.146
51.3,113.8,5837.9,2.218,2,5,5,3,South,True,CENTRAL_SPINE_SPLIT,0.174
32.3,27.1,875.3,0.839,2,3,4,1,South,True,COMPACT_LINEAR,0.095
40.6,95.0,3857.0,2.34,2,4,4,3,East,True,CENTRAL_SPINE_SPLIT,0.153
64.9,140.0,9086.0,2.157,2,5,7,2,East,True,CENTRAL_SPINE_SPLIT,0.161
70.8,75.1,5317.1,1.061,1,4,8,2,North,True,L_SHAPED_COURTYARD,0.18
49.8,130.5,6498.9,2.62,2,6,10,2,North,True,CENTRAL_SPINE_SPLIT,0.174
64.7,101.6,6573.5,1.57,3,4,5,2,West,True,VILLA_PERIMETER,0.216
34.8,43.7,1520.8,1.256,2,4,6,1,North,True,L_SHAPED_COURTYARD,0.176
35.4,95.6,3384.2,2.701,2,4,8,2,North,True,CENTRAL_SPINE_SPLIT,0.152
74.6,97.2,7251.1,1.303,2,4,6,3,North,False,L_SHAPED_COURTYARD,0.182
47.3,102.2,4834.1,2.161,2,5,7,2,East,False,CENTRAL_SPINE_SPLIT,0.178
33.9,78.0,2644.2,2.301,2,4,5,1,East,True,CENTRAL_SPINE_SPLIT,0.156
32.6,27.9,909.5,0.856,2,3,5,1,East,True,COMPACT_LINEAR,0.108
41.7,102.8,4286.8,2.465,2,5,8,3,East,True,CENTRAL_SPINE_SPLIT,0.183
72.9,140.0,10206.0,1.92,2,5,9,1,East,True,CENTRAL_SPINE_SPLIT,0.166
42.8,92.1,3941.9,2.152,2,4,6,1,East,True,CENTRAL_SPINE_SPLIT,0.171
38.1,94.0,3581.4,2.467,2,3,5,3,West,False,CENTRAL_SPINE_SPLIT,0.184
47.6,60.2,2865.5,1.265,2,3,5,2,North,True,L_SHAPED_COURTYARD,0.177
57.8,105.1,6074.8,1.818,2,5,8,2,North,True,CENTRAL_SPINE_SPLIT,0.145
51.9,49.1,2548.3,0.946,1,4,5,2,South,True,WRAP_AROUND_OPEN_PLAN,0.132
26.8,32.0,857.6,1.194,2,2,5,1,East,True,COMPACT_LINEAR,0.099
67.8,57.6,3905.3,0.85,1,5,9,2,North,False,L_SHAPED_COURTYARD,0.165
25.9,51.6,1336.4,1.992,1,4,7,1,North,False,CENTRAL_SPINE_SPLIT,0.153
45.5,64.1,2916.5,1.409,2,4,4,3,East,True,VILLA_PERIMETER,0.214
61.1,140.0,8554.0,2.291,1,4,3,3,North,True,CENTRAL_SPINE_SPLIT,0.155
28.1,22.6,635.1,0.804,1,1,3,0,East,True,COMPACT_LINEAR,0.107
44.0,112.5,4950.0,2.557,1,5,8,2,North,True,CENTRAL_SPINE_SPLIT,0.154
64.5,140.0,9030.0,2.171,2,4,7,2,North,False,CENTRAL_SPINE_SPLIT,0.167
24.4,65.0,1586.0,2.664,2,4,7,1,South,True,CENTRAL_SPINE_SPLIT,0.177
39.0,67.5,2632.5,1.731,2,4,7,2,East,True,VILLA_PERIMETER,0.197
64.7,140.0,9058.0,2.164,3,4,7,3,South,True,CENTRAL_SPINE_SPLIT,0.161
39.9,31.6,1260.8,0.792,1,2,3,1,West,True,WRAP_AROUND_OPEN_PLAN,0.152
64.0,62.9,4025.6,0.983,1,4,7,3,South,True,WRAP_AROUND_OPEN_PLAN,0.135
64.5,137.9,8894.6,2.138,1,4,6,2,East,True,CENTRAL_SPINE_SPLIT,0.151
67.2,140.0,9408.0,2.083,2,5,8,3,East,True,CENTRAL_SPINE_SPLIT,0.158
19.5,41.4,807.3,2.123,2,2,4,1,East,True,CENTRAL_SPINE_SPLIT,0.156
27.3,25.4,693.4,0.93,2,1,2,0,South,False,COMPACT_LINEAR,0.102
32.8,68.4,2243.5,2.085,1,3,4,2,North,True,CENTRAL_SPINE_SPLIT,0.149
50.6,80.7,4083.4,1.595,2,5,9,2,North,False,VILLA_PERIMETER,0.214
48.5,45.4,2201.9,0.936,1,3,6,2,South,True,WRAP_AROUND_OPEN_PLAN,0.147
61.0,109.8,6697.8,1.8,2,5,9,2,North,True,CENTRAL_SPINE_SPLIT,0.175
23.4,63.6,1488.2,2.718,3,3,5,1,North,True,CENTRAL_SPINE_SPLIT,0.166
64.2,70.2,4506.8,1.093,2,5,9,2,East,True,L_SHAPED_COURTYARD,0.178
18.3,27.9,510.6,1.525,1,2,4,0,West,True,L_SHAPED_COURTYARD,0.092
55.5,136.3,7564.7,2.456,2,6,10,3,East,True,CENTRAL_SPINE_SPLIT,0.168
64.9,140.0,9086.0,2.157,2,4,6,1,North,False,CENTRAL_SPINE_SPLIT,0.161
49.1,120.1,5896.9,2.446,1,4,6,1,East,False,CENTRAL_SPINE_SPLIT,0.163
33.7,55.3,1863.6,1.641,1,3,3,1,North,False,WRAP_AROUND_OPEN_PLAN,0.156
35.9,78.9,2832.5,2.198,2,4,7,1,East,True,CENTRAL_SPINE_SPLIT,0.161
22.5,57.4,1291.5,2.551,1,2,3,1,North,True,CENTRAL_SPINE_SPLIT,0.168
32.1,89.6,2876.2,2.791,1,3,5,2,South,True,CENTRAL_SPINE_SPLIT,0.171
53.1,46.1,2447.9,0.868,2,5,7,3,South,True,WRAP_AROUND_OPEN_PLAN,0.128
55.1,116.8,6435.7,2.12,2,4,7,1,North,True,CENTRAL_SPINE_SPLIT,0.158
26.5,65.6,1738.4,2.475,2,4,6,1,West,True,CENTRAL_SPINE_SPLIT,0.151
