built_up_area_sqft,floors,bhk,city_tier,soil_type,seismic_zone,climate_zone,finishing_tier,has_basement,has_lift,cost_per_sqft_inr,total_cost_inr
5187.5,3,3,2,Sandy Loam,II,Hot-Dry,Standard,False,False,1736.8,9009650.0
1623.1,1,2,3,Clay,III,Cold,Premium,False,False,2826.4,4587530.0
1205.6,2,4,1,Clay,III,Moderate,Luxury,False,False,4844.7,5840770.0
1587.0,2,3,2,Black Cotton,IV,Moderate,Standard,True,False,2752.9,4368852.0
3791.1,3,4,1,Sandy Loam,II,Composite,Premium,False,False,2641.3,10013432.0
4778.0,2,1,1,Sandy Loam,III,Moderate,Standard,False,False,1843.0,8805854.0
1133.4,1,3,1,Rocky,III,Moderate,Standard,False,False,2009.5,2277567.0
1147.7,1,3,1,Rocky,II,Composite,Premium,False,False,2957.7,3394552.0
6117.2,3,2,1,Sandy Loam,V,Hot-Dry,Basic,False,False,1518.6,9289580.0
4593.3,2,3,2,Sandy Loam,III,Composite,Basic,False,False,1329.5,6106792.0
1082.1,2,1,2,Clay,III,Composite,Standard,False,False,1833.5,1984030.0
2943.7,2,3,3,Sandy Loam,II,Composite,Luxury,False,False,3554.2,10462499.0
1799.6,2,2,1,Sandy Loam,III,Moderate,Standard,False,False,1869.4,3364172.0
719.5,1,4,1,Black Cotton,IV,Warm-Humid,Basic,False,False,2001.7,1440223.0
1717.2,1,1,3,Clay,II,Composite,Basic,False,False,1354.2,2325432.0
950.5,2,4,1,Black Cotton,II,Composite,Premium,False,False,3424.3,3254797.0
1417.6,2,3,2,Rocky,IV,Warm-Humid,Premium,True,False,3083.4,4371028.0
3879.2,2,4,2,Rocky,III,Composite,Standard,False,False,1643.0,6373526.0
7166.6,3,2,2,Clay,III,Moderate,Standard,False,True,1941.5,14363954.0
727.3,1,4,1,Sandy Loam,III,Composite,Premium,False,False,3241.8,2357761.0
1300.3,1,3,1,Sandy Loam,III,Composite,Standard,False,False,2024.8,2632847.0
3095.9,2,3,3,Sandy Loam,IV,Composite,Basic,False,False,1351.2,4183180.0
3788.1,2,2,1,Clay,II,Hot-Dry,Premium,False,False,2941.8,11143833.0
2583.1,2,2,2,Clay,II,Warm-Humid,Basic,False,False,1397.8,3610657.0
650.4,1,2,1,Rocky,III,Moderate,Standard,False,False,1976.5,1285516.0
2374.8,1,3,2,Sandy Loam,IV,Composite,Basic,False,False,1427.6,3390264.0
1142.1,1,3,2,Clay,IV,Composite,Basic,False,False,1619.3,1849403.0
2282.0,1,5,2,Sandy Loam,IV,Warm-Humid,Premium,False,False,2947.8,6726880.0
2720.5,2,2,2,Rocky,III,Cold,Standard,False,False,1649.1,4486377.0
1744.4,1,2,1,Sandy Loam,III,Warm-Humid,Standard,False,False,2010.0,3506244.0
2474.0,2,3,1,Clay,III,Composite,Standard,False,False,2116.1,5235231.0
1638.8,1,3,2,Sandy Loam,II,Warm-Humid,Standard,False,False,1752.3,2871669.0
3108.1,3,3,1,Rocky,II,Warm-Humid,Standard,False,False,1808.4,5620688.0
4796.1,2,3,3,Rocky,II,Composite,Standard,False,False,1494.8,7169210.0
2370.9,1,2,2,Black Cotton,II,Moderate,Basic,False,False,1463.3,3469338.0
4254.8,2,3,1,Clay,IV,Composite,Standard,False,False,2272.7,9669884.0
1303.9,2,2,2,Clay,III,Warm-Humid,Premium,False,False,2862.5,3732414.0
1371.6,1,4,3,Clay,III,Composite,Basic,False,False,1450.2,1989094.0
6696.9,3,1,3,Sandy Loam,IV,Warm-Humid,Standard,True,False,1966.9,13172133.0
1664.6,2,4,2,Rocky,III,Hot-Dry,Standard,False,False,1858.7,3093992.0
4430.7,2,3,1,Black Cotton,V,Hot-Dry,Standard,False,False,2454.7,10876039.0
476.5,1,2,1,Clay,III,Hot-Dry,Standard,False,False,2374.5,1131449.0
4710.8,2,1,2,Black Cotton,IV,Hot-Dry,Premium,False,False,3059.6,14413164.0
2726.0,2,3,1,Sandy Loam,IV,Hot-Dry,Standard,False,False,2099.4,5722964.0
3717.6,2,3,1,Clay,III,Hot-Dry,Basic,False,False,1472.9,5475653.0
2180.7,1,3,1,Sandy Loam,IV,Composite,Standard,False,False,2193.4,4783147.0
2565.7,2,1,1,Clay,III,Composite,Basic,False,False,1555.4,3990690.0
4086.8,2,3,2,Sandy Loam,II,Moderate,Basic,False,False,1158.2,4733332.0
2224.9,2,3,2,Sandy Loam,III,Composite,Standard,True,False,1948.0,4334105.0
1430.2,2,2,3,Sandy Loam,III,Composite,Premium,False,False,2578.1,3687199.0
4145.3,2,5,1,Sandy Loam,III,Warm-Humid,Basic,False,False,1347.7,5586621.0
4115.5,3,2,2,Black Cotton,IV,Moderate,Basic,False,False,1754.2,7219410.0
1911.7,1,5,1,Clay,II,Moderate,Standard,False,False,2061.3,3940587.0
1181.1,1,2,1,Clay,IV,Warm-Humid,Standard,False,False,2403.3,2838538.0
3200.8,3,1,3,Clay,IV,Moderate,Premium,False,True,2721.4,9160657.0
2308.0,1,3,2,Black Cotton,IV,Composite,Premium,False,False,3504.0,8087232.0
2365.5,1,2,3,Clay,III,Moderate,Standard,False,False,1811.4,4284867.0
1218.9,2,3,2,Rocky,III,Cold,Premium,False,False,2555.3,3114655.0
3370.6,2,4,2,Clay,II,Hot-Dry,Premium,False,False,2650.8,8934786.0
943.2,1,2,1,Clay,IV,Hot-Dry,Basic,False,False,1740.9,1642017.0
4435.2,2,2,2,Clay,IV,Composite,Standard,False,False,2000.9,8874392.0
4662.2,2,3,1,Clay,IV,Cold,Premium,False,False,3152.6,14698052.0
1151.6,1,4,2,Clay,IV,Hot-Dry,Standard,False,False,2010.1,2314831.0
1298.7,1,5,1,Sandy Loam,II,Moderate,Basic,False,False,1504.1,1953375.0
1109.8,1,2,1,Sandy Loam,IV,Composite,Premium,False,False,3365.9,3735476.0
1367.9,2,3,2,Sandy Loam,V,Hot-Dry,Premium,False,False,2954.8,4041871.0
5850.6,3,5,1,Sandy Loam,IV,Moderate,Premium,False,True,3181.5,19063684.0
2317.1,1,3,1,Rocky,V,Composite,Premium,False,False,3023.5,7005752.0
1529.3,1,2,2,Sandy Loam,IV,Warm-Humid,Standard,False,False,2012.0,3076952.0
1936.5,1,1,1,Black Cotton,II,Warm-Humid,Standard,False,False,2266.5,4389077.0
1504.2,2,2,2,Clay,II,Warm-Humid,Standard,True,False,2146.8,3229217.0
1946.1,2,2,1,Black Cotton,III,Composite,Standard,False,False,2280.4,4437886.0
1957.5,1,3,1,Clay,II,Warm-Humid,Premium,False,False,3343.5,6544901.0
1584.0,1,2,3,Sandy Loam,III,Composite,Basic,False,False,1255.3,1988395.0
4087.2,2,1,2,Clay,II,Composite,Standard,False,False,1748.0,7144426.0
1059.4,1,2,3,Clay,IV,Warm-Humid,Basic,False,False,1398.5,1481571.0
1313.0,1,2,1,Clay,II,Moderate,Standard,False,False,2182.5,2865622.0
2452.6,3,2,1,Sandy Loam,IV,Moderate,Basic,False,False,1573.6,3859411.0
4252.8,2,2,1,Sandy Loam,III,Composite,Premium,False,False,2938.5,12496853.0
1431.1,1,4,2,Sandy Loam,II,Composite,Standard,False,False,1937.7,2773042.0
1075.3,2,5,1,Sandy Loam,III,Moderate,Premium,False,False,2970.3,3193964.0
920.1,2,2,1,Sandy Loam,III,Moderate,Premium,False,False,2855.9,2627714.0
746.1,1,5,1,Rocky,IV,Moderate,Standard,False,False,2187.9,1632392.0
4187.5,2,4,3,Black Cotton,IV,Hot-Dry,Basic,False,False,1524.3,6383006.0
1881.0,1,3,1,Clay,IV,Composite,Standard,False,False,2250.7,4233567.0
4671.9,2,3,1,Clay,III,Cold,Standard,False,False,1933.5,9033119.0
1581.3,1,3,1,Sandy Loam,III,Composite,Luxury,False,False,4735.7,7488562.0
631.6,1,3,1,Black Cotton,II,Composite,Standard,False,False,2416.5,1526261.0
4572.4,2,2,1,Rocky,IV,Moderate,Standard,False,False,1829.9,8367035.0
3677.9,3,2,2,Sandy Loam,IV,Composite,Basic,False,False,1467.7,5398054.0
742.4,1,2,2,Clay,III,Composite,Standard,False,False,2105.3,1562975.0
3472.1,2,4,1,Sandy Loam,II,Warm-Humid,Standard,False,False,1839.5,6386928.0
3117.7,2,3,2,Sandy Loam,III,Hot-Dry,Premium,False,False,2493.7,7774608.0
2796.2,2,3,2,Sandy Loam,II,Warm-Humid,Luxury,False,False,3922.4,10967815.0
6971.7,3,3,1,Sandy Loam,II,Hot-Dry,Standard,True,True,2142.8,15388959.0
733.0,1,4,2,Sandy Loam,IV,Cold,Standard,False,False,2072.4,1519069.0
2375.8,1,2,1,Sandy Loam,III,Warm-Humid,Basic,False,False,1418.9,3371023.0
810.1,1,2,1,Black Cotton,III,Hot-Dry,Premium,False,False,3545.8,2872453.0
4334.5,2,4,2,Black Cotton,II,Composite,Standard,False,False,2018.3,8748321.0
6225.0,3,3,2,Clay,V,Composite,Standard,False,False,2286.3,14232218.0
4014.5,2,2,3,Rocky,III,Moderate,Premium,False,False,2303.2,9246196.0
5782.2,3,2,2,Clay,V,Warm-Humid,Premium,False,False,3426.0,19809817.0
1352.4,2,3,1,Clay,V,Warm-Humid,Premium,False,False,3621.6,4897852.0
1611.7,1,3,3,Sandy Loam,V,Composite,Premium,False,False,2789.2,4495354.0
4247.0,3,1,2,Black Cotton,IV,Composite,Standard,False,False,2371.1,10070062.0
1648.9,1,2,1,Black Cotton,II,Moderate,Premium,False,False,3596.6,5930434.0
2991.4,2,4,1,Sandy Loam,III,Cold,Standard,True,False,2257.1,6751889.0
4087.8,2,2,1,Sandy Loam,II,Moderate,Standard,False,False,1759.6,7192893.0
1270.2,2,3,1,Clay,II,Composite,Luxury,False,False,4729.1,6006903.0
466.0,1,3,3,Sandy Loam,V,Warm-Humid,Basic,False,False,1498.3,698208.0
1958.3,1,3,1,Sandy Loam,III,Composite,Standard,False,False,2054.1,4022544.0
1072.6,1,3,2,Sandy Loam,II,Composite,Standard,False,False,1861.9,1997074.0
513.9,1,4,1,Black Cotton,IV,Composite,Basic,False,False,1916.5,984889.0
4235.9,2,1,1,Sandy Loam,III,Moderate,Basic,False,False,1419.9,6014554.0
943.3,2,2,1,Clay,III,Moderate,Premium,False,False,3381.4,3189675.0
2154.7,1,2,2,Clay,III,Warm-Humid,Standard,False,False,2032.6,4379643.0
1675.7,1,2,1,Black Cotton,V,Warm-Humid,Luxury,False,False,6167.9,10335550.0
550.1,1,2,1,Clay,III,Warm-Humid,Premium,False,False,3409.1,1875346.0
4134.7,2,1,2,Sandy Loam,IV,Composite,Standard,False,False,1930.7,7982865.0
6883.9,3,3,1,Sandy Loam,III,Hot-Dry,Standard,False,False,2001.5,13778126.0
5871.9,3,3,1,Sandy Loam,V,Warm-Humid,Luxury,False,False,4725.8,27749425.0
3722.7,3,3,1,Clay,III,Hot-Dry,Standard,False,False,2041.8,7601009.0
1081.7,2,1,2,Sandy Loam,IV,Composite,Luxury,False,False,4310.7,4662884.0
2238.7,1,2,1,Sandy Loam,II,Hot-Dry,Standard,False,False,1939.7,4342406.0
2957.0,2,2,1,Sandy Loam,IV,Composite,Standard,True,False,2180.6,6448034.0
2253.5,2,2,1,Clay,III,Warm-Humid,Standard,False,False,2045.3,4609084.0
1536.1,1,2,2,Sandy Loam,IV,Moderate,Premium,False,False,2775.5,4263446.0
4234.2,3,1,2,Sandy Loam,II,Composite,Standard,False,False,1656.8,7015223.0
1600.0,1,2,2,Rocky,II,Hot-Dry,Standard,False,False,1668.0,2668800.0
581.0,1,1,1,Sandy Loam,II,Warm-Humid,Standard,False,False,1933.1,1123131.0
1912.5,2,2,1,Sandy Loam,III,Warm-Humid,Premium,False,False,2925.4,5594828.0
5280.0,3,2,1,Sandy Loam,IV,Hot-Dry,Premium,False,False,3186.4,16824192.0
1792.0,1,4,1,Sandy Loam,IV,Composite,Standard,False,False,2145.3,3844378.0
893.1,1,1,1,Rocky,IV,Hot-Dry,Basic,False,False,1480.1,1321877.0
4315.0,2,2,1,Sandy Loam,IV,Warm-Humid,Basic,False,False,1465.4,6323201.0
3861.7,2,3,1,Clay,II,Composite,Standard,False,False,1991.0,7688645.0
3553.8,3,4,2,Sandy Loam,V,Composite,Basic,False,False,1522.6,5411016.0
528.1,1,1,1,Sandy Loam,III,Hot-Dry,Standard,False,False,2086.2,1101722.0
1216.2,1,2,3,Sandy Loam,III,Hot-Dry,Standard,False,False,1681.0,2044432.0
774.7,1,4,3,Clay,II,Warm-Humid,Premium,False,False,2792.7,2163505.0
5882.5,3,2,2,Black Cotton,III,Warm-Humid,Standard,False,False,2267.5,13338569.0
3531.6,2,1,2,Black Cotton,IV,Moderate,Standard,False,False,2182.1,7706304.0
1218.8,2,2,2,Rocky,IV,Hot-Dry,Standard,False,False,1897.5,2312673.0
4155.6,2,3,2,Sandy Loam,III,Composite,Premium,False,False,2504.9,10409362.0
6070.4,3,4,3,Sandy Loam,II,Composite,Standard,False,False,1724.6,10469012.0
1881.6,1,1,2,Sandy Loam,IV,Composite,Premium,False,False,2802.1,5272431.0
1026.4,2,4,2,Sandy Loam,III,Composite,Premium,False,False,2693.9,2765019.0
2223.6,1,4,2,Black Cotton,IV,Moderate,Premium,False,False,3690.9,8207085.0
1321.4,1,2,1,Sandy Loam,II,Composite,Premium,False,False,2828.6,3737712.0
3121.3,2,3,1,Clay,III,Moderate,Premium,False,False,2926.7,9135109.0
3208.0,2,3,1,Sandy Loam,II,Hot-Dry,Standard,True,False,2115.9,6787807.0
1561.5,1,3,1,Rocky,II,Composite,Premium,False,False,2899.5,4527569.0
2374.6,1,2,2,Rocky,IV,Cold,Basic,False,False,1365.6,3242754.0
1408.8,1,1,1,Clay,IV,Cold,Standard,False,False,2384.4,3359143.0
1013.2,2,3,2,Sandy Loam,II,Hot-Dry,Luxury,False,False,3992.9,4045606.0
1674.4,2,2,1,Sandy Loam,II,Warm-Humid,Basic,False,False,1392.9,2332272.0
1228.4,2,3,1,Sandy Loam,V,Composite,Standard,False,False,2098.6,2577920.0
2343.3,1,2,2,Sandy Loam,II,Composite,Premium,False,False,2676.6,6272077.0
1551.4,1,3,1,Black Cotton,V,Composite,Premium,False,False,3733.0,5791376.0
3134.9,2,5,2,Sandy Loam,II,Hot-Dry,Standard,False,False,1692.6,5306132.0
1853.2,1,3,2,Black Cotton,IV,Composite,Basic,False,False,1782.0,3302402.0
657.5,1,3,2,Clay,III,Hot-Dry,Premium,False,False,2939.3,1932590.0
7183.1,3,3,2,Sandy Loam,V,Composite,Standard,False,False,1851.6,13300228.0
1275.2,1,3,3,Sandy Loam,III,Moderate,Basic,False,False,1209.0,1541717.0
3539.4,3,4,2,Rocky,II,Moderate,Standard,False,False,1608.4,5692771.0
1676.5,1,2,1,Rocky,IV,Composite,Standard,False,False,1989.6,3335564.0
1754.1,1,2,3,Black Cotton,III,Warm-Humid,Standard,False,False,2078.5,3645897.0
4010.8,2,3,1,Rocky,III,Composite,Standard,False,False,1761.6,7065425.0
973.5,2,3,3,Clay,III,Warm-Humid,Standard,False,False,1848.1,1799125.0
997.5,1,2,1,Clay,II,Warm-Humid,Premium,False,False,3310.6,3302324.0
2313.1,1,2,1,Sandy Loam,II,Warm-Humid,Basic,False,False,1491.6,3450220.0
3987.6,2,1,2,Rocky,II,Warm-Humid,Standard,False,False,1603.4,6393718.0
3721.4,2,2,2,Sandy Loam,III,Composite,Premium,False,False,2666.9,9924602.0
2535.8,2,5,2,Black Cotton,II,Warm-Humid,Standard,False,False,2070.6,5250627.0
1107.1,1,1,2,Sandy Loam,III,Cold,Standard,False,False,2007.6,2222614.0
2086.8,1,2,3,Black Cotton,III,Composite,Standard,False,False,2037.0,4250812.0
1696.8,2,5,2,Sandy Loam,II,Moderate,Luxury,False,False,3941.3,6687598.0
1884.4,2,3,1,Black Cotton,II,Hot-Dry,Standard,False,False,2156.6,4063897.0
3293.8,2,3,2,Sandy Loam,III,Composite,Standard,False,False,1720.6,5667312.0
4327.3,2,3,3,Clay,II,Composite,Luxury,False,False,3624.6,15684732.0
2328.4,2,3,1,Sandy Loam,IV,Composite,Luxury,True,False,5110.2,11898590.0
6385.5,3,2,1,Rocky,IV,Hot-Dry,Standard,False,False,2062.3,13168817.0
4533.1,2,2,2,Black Cotton,III,Hot-Dry,Basic,True,False,1773.0,8037186.0
3760.4,2,4,2,Clay,II,Warm-Humid,Premium,False,False,2672.7,10050421.0
6746.1,3,3,1,Rocky,II,Warm-Humid,Luxury,False,False,4205.1,28368025.0
2013.0,2,1,1,Sandy Loam,II,Composite,Standard,False,False,1880.9,3786252.0
556.3,1,1,1,Black Cotton,IV,Cold,Standard,False,False,2924.4,1626844.0
1137.5,1,3,1,Clay,II,Warm-Humid,Standard,False,False,2184.4,2484755.0
3439.3,2,2,1,Sandy Loam,III,Cold,Premium,False,False,2688.7,9247246.0
2523.7,2,1,2,Rocky,II,Composite,Standard,False,False,1664.9,4201708.0
3352.6,2,4,1,Sandy Loam,IV,Composite,Standard,False,False,1945.1,6521142.0
1054.5,2,2,1,Clay,IV,Composite,Standard,False,False,2158.8,2276455.0
1577.4,1,2,3,Clay,III,Moderate,Luxury,False,False,4382.2,6912482.0
1101.9,1,3,1,Sandy Loam,II,Composite,Basic,False,False,1517.5,1672133.0
2972.9,2,2,1,Sandy Loam,III,Moderate,Premium,False,False,2760.2,8205799.0
5814.3,3,3,2,Black Cotton,III,Warm-Humid,Premium,False,True,3339.8,19868599.0
835.3,1,4,1,Clay,IV,Moderate,Basic,False,False,1741.6,1454758.0
1803.9,1,1,1,Rocky,IV,Moderate,Standard,False,False,2155.8,3888848.0
2366.7,1,2,2,Clay,II,Composite,Luxury,False,False,4501.5,10653700.0
3867.4,2,2,2,Rocky,II,Warm-Humid,Standard,False,False,1568.7,6066790.0
2764.1,2,2,2,Black Cotton,V,Composite,Premium,False,False,3607.4,9971214.0
2374.6,3,3,1,Clay,II,Warm-Humid,Standard,True,True,2547.0,6498106.0
1329.9,1,3,2,Sandy Loam,IV,Warm-Humid,Premium,False,False,2848.3,3787954.0
1112.0,2,2,2,Black Cotton,IV,Composite,Standard,False,False,2314.1,2573279.0
3172.4,2,1,1,Sandy Loam,III,Warm-Humid,Standard,True,False,2117.7,6718191.0
812.7,1,3,2,Sandy Loam,III,Moderate,Standard,False,False,2080.9,1691147.0
3270.0,3,2,2,Sandy Loam,IV,Cold,Premium,False,False,2895.9,9469593.0
6010.7,3,5,1,Clay,IV,Composite,Standard,False,False,2334.7,14033181.0
2235.6,1,3,2,Clay,V,Warm-Humid,Luxury,False,False,4723.6,10560080.0
2399.1,1,5,1,Sandy Loam,II,Hot-Dry,Basic,False,False,1447.0,3471498.0
1222.0,1,3,2,Sandy Loam,II,Composite,Premium,False,False,2809.4,3433087.0
3987.3,2,3,2,Clay,IV,Hot-Dry,Standard,False,False,2011.2,8019258.0
2086.4,2,3,2,Sandy Loam,IV,Hot-Dry,Standard,False,False,1934.7,4036558.0
717.8,1,2,1,Sandy Loam,II,Composite,Standard,False,False,2010.0,1442778.0
4438.6,2,4,1,Sandy Loam,III,Composite,Standard,False,False,1892.6,8400494.0
884.4,1,2,1,Clay,III,Moderate,Basic,False,False,1528.6,1351894.0
4882.1,3,4,3,Clay,III,Composite,Standard,False,False,1843.9,9002104.0
1874.5,1,3,2,Sandy Loam,IV,Composite,Standard,False,False,2064.1,3869155.0
3931.6,2,3,2,Sandy Loam,IV,Composite,Luxury,False,False,4176.6,16420721.0
3026.9,2,4,3,Sandy Loam,IV,Warm-Humid,Standard,False,False,1737.8,5260147.0
1696.9,2,2,3,Clay,II,Moderate,Premium,False,False,2532.9,4298078.0
1938.6,2,2,2,Rocky,III,Composite,Basic,False,False,1211.6,2348808.0
1274.1,1,2,1,Sandy Loam,II,Warm-Humid,Standard,False,False,2042.8,2602731.0
5946.8,3,2,1,Clay,III,Warm-Humid,Basic,False,False,1626.2,9670686.0
2031.9,1,4,2,Sandy Loam,III,Composite,Basic,False,False,1312.8,2667478.0
2916.9,3,1,2,Sandy Loam,III,Warm-Humid,Standard,False,False,1886.6,5503024.0
4748.1,2,3,2,Sandy Loam,IV,Warm-Humid,Standard,False,False,1806.6,8577917.0
3370.7,2,2,1,Rocky,III,Warm-Humid,Premium,False,False,2629.4,8862919.0
1907.2,1,2,1,Rocky,III,Warm-Humid,Premium,False,False,2935.4,5598395.0
1005.8,1,2,1,Clay,II,Composite,Premium,False,False,3139.0,3157206.0
1192.6,1,2,2,Sandy Loam,III,Warm-Humid,Basic,False,False,1425.2,1699694.0
1040.1,2,3,2,Clay,III,Composite,Premium,False,False,3034.1,3155767.0
3288.9,2,3,2,Black Cotton,II,Warm-Humid,Standard,False,False,1886.9,6205825.0
4531.3,2,2,1,Sandy Loam,II,Hot-Dry,Standard,False,False,1836.1,8319920.0
2040.9,1,2,1,Sandy Loam,III,Composite,Standard,False,False,1947.5,3974653.0
1778.2,1,1,2,Sandy Loam,III,Warm-Humid,Standard,False,False,1832.2,3258018.0
3392.2,3,2,1,Black Cotton,II,Warm-Humid,Basic,False,False,1678.0,5692112.0
1289.6,2,2,2,Sandy Loam,V,Warm-Humid,Basic,False,False,1392.4,1795639.0
1005.7,1,1,3,Black Cotton,III,Moderate,Premium,False,False,3319.2,3338119.0
2245.9,3,3,2,Sandy Loam,IV,Moderate,Standard,False,False,1964.2,4411397.0
2635.6,2,2,1,Rocky,II,Cold,Premium,False,False,2578.8,6796685.0
1891.2,1,4,3,Black Cotton,IV,Warm-Humid,Standard,False,False,2215.0,4189008.0
3887.6,2,2,3,Sandy Loam,II,Warm-Humid,Basic,False,False,1106.2,4300463.0
1044.8,1,3,2,Black Cotton,III,Warm-Humid,Standard,False,False,2236.5,2336695.0
1154.9,1,4,1,Sandy Loam,II,Composite,Premium,False,False,3062.6,3536997.0
1263.4,2,2,1,Sandy Loam,V,Composite,Standard,True,False,2557.6,3231272.0
2219.4,2,2,2,Sandy Loam,II,Composite,Premium,True,False,2855.3,6337053.0
1823.2,1,4,2,Sandy Loam,III,Composite,Standard,False,False,1931.1,3520782.0
2784.3,2,2,3,Sandy Loam,V,Composite,Standard,False,False,1798.8,5008399.0
3058.9,2,3,1,Sandy Loam,IV,Composite,Premium,False,False,3078.6,9417130.0
4346.2,2,2,3,Sandy Loam,IV,Composite,Basic,True,False,1367.1,5941690.0
1836.6,2,1,1,Black Cotton,III,Composite,Basic,False,False,1657.5,3044164.0
1895.5,1,2,1,Rocky,V,Warm-Humid,Basic,False,False,1466.0,2778803.0
2049.6,1,4,2,Black Cotton,III,Moderate,Premium,False,False,3460.5,7092641.0
1107.4,1,2,1,Clay,III,Hot-Dry,Standard,False,False,2336.2,2587108.0
799.4,1,3,1,Black Cotton,III,Moderate,Standard,False,False,2433.0,1944940.0
4655.1,2,4,1,Black Cotton,IV,Moderate,Luxury,False,False,5378.3,25036524.0
2157.9,1,3,1,Sandy Loam,II,Composite,Standard,False,False,1929.1,4162805.0
1102.8,1,3,3,Sandy Loam,IV,Hot-Dry,Standard,False,False,1884.0,2077675.0
1298.1,2,4,2,Clay,IV,Moderate,Standard,False,False,2109.9,2738861.0
4942.0,3,2,2,Rocky,IV,Composite,Standard,False,False,1910.6,9442185.0
1110.8,1,2,1,Clay,III,Composite,Basic,False,False,1695.5,1883361.0
3806.4,3,3,2,Sandy Loam,III,Composite,Standard,False,False,1717.3,6536731.0
4407.0,2,4,1,Sandy Loam,II,Hot-Dry,Standard,False,False,1799.1,7928634.0
4377.8,3,3,1,Sandy Loam,III,Composite,Premium,False,False,3038.3,13301070.0
687.8,1,5,1,Sandy Loam,II,Moderate,Luxury,False,False,4512.3,3103560.0
1864.5,2,1,1,Black Cotton,III,Composite,Basic,False,False,1593.0,2970148.0
4352.4,3,1,2,Black Cotton,IV,Composite,Premium,False,False,3351.8,14588374.0
3450.9,2,1,3,Sandy Loam,IV,Cold,Standard,True,False,1882.0,6494594.0
3101.3,2,1,3,Clay,IV,Moderate,Standard,False,False,1807.0,5604049.0
1217.4,1,1,1,Black Cotton,II,Composite,Standard,False,False,2326.0,2831672.0
3892.5,2,3,1,Black Cotton,II,Composite,Standard,False,False,2094.4,8152452.0
2937.2,2,3,3,Sandy Loam,IV,Warm-Humid,Standard,True,False,1930.0,5668796.0
855.8,1,1,2,Clay,III,Warm-Humid,Standard,False,False,1930.9,1652464.0
1644.6,1,4,3,Black Cotton,III,Warm-Humid,Standard,False,False,2090.9,3438694.0
3146.0,2,4,1,Sandy Loam,III,Hot-Dry,Basic,False,False,1342.6,4223820.0
6658.3,3,3,1,Clay,III,Composite,Basic,False,True,1590.1,11037363.0
2377.0,2,3,1,Rocky,III,Warm-Humid,Standard,False,False,1825.7,4339689.0
3752.1,2,3,1,Sandy Loam,III,Composite,Premium,False,False,2819.3,10578296.0
1428.6,1,4,1,Rocky,IV,Warm-Humid,Standard,False,False,2225.1,3178778.0
3486.9,3,3,2,Sandy Loam,III,Hot-Dry,Standard,False,False,1750.2,6102772.0
4402.7,2,3,2,Sandy Loam,IV,Hot-Dry,Premium,True,False,3148.6,13862341.0
2605.8,2,2,2,Sandy Loam,III,Composite,Premium,False,False,2558.2,6666158.0
1554.6,2,1,1,Sandy Loam,IV,Hot-Dry,Standard,False,False,2117.9,3292487.0
744.3,1,1,2,Clay,III,Warm-Humid,Basic,False,False,1575.0,1172272.0
2025.6,2,2,2,Black Cotton,III,Composite,Basic,False,False,1637.2,3316312.0
1480.2,1,3,1,Rocky,IV,Warm-Humid,Standard,False,False,2135.6,3161115.0
1313.1,1,2,1,Clay,IV,Moderate,Premium,False,False,3558.1,4672141.0
1768.2,1,3,3,Sandy Loam,III,Composite,Premium,False,False,2524.8,4464351.0
1467.3,2,2,1,Clay,IV,Warm-Humid,Luxury,False,False,4781.1,7015308.0
1038.3,1,3,2,Clay,II,Warm-Humid,Standard,False,False,1847.0,1917740.0
1667.1,1,3,2,Rocky,II,Composite,Standard,False,False,1725.7,2876914.0
1471.9,3,2,2,Rocky,V,Moderate,Premium,False,False,2966.9,4366980.0
2186.1,2,2,3,Rocky,II,Warm-Humid,Premium,False,False,2163.9,4730502.0
4267.6,2,2,1,Sandy Loam,V,Warm-Humid,Basic,False,False,1477.2,6304099.0
4765.0,2,4,3,Sandy Loam,III,Warm-Humid,Premium,False,False,2504.1,11932036.0
6115.4,3,2,1,Sandy Loam,IV,Moderate,Premium,True,True,3400.9,21247864.0
1312.6,1,2,1,Sandy Loam,II,Composite,Premium,False,False,3046.4,3998705.0
3803.4,2,2,1,Sandy Loam,II,Hot-Dry,Premium,True,False,3059.6,11636883.0
1042.7,1,3,1,Sandy Loam,IV,Composite,Basic,False,False,1585.7,1653409.0
3768.1,2,3,1,Rocky,IV,Composite,Standard,False,False,1917.3,7224578.0
4569.9,2,3,1,Clay,II,Hot-Dry,Premium,False,False,2790.4,12751849.0
4479.8,2,4,2,Rocky,IV,Composite,Premium,False,False,2605.6,11672567.0
2220.8,1,3,1,Sandy Loam,III,Composite,Premium,False,False,3116.0,6920013.0
1461.1,1,2,2,Rocky,III,Composite,Premium,False,False,2780.8,4063027.0
2306.8,1,3,1,Black Cotton,II,Composite,Standard,False,False,2378.6,5486954.0
4226.2,3,4,1,Sandy Loam,IV,Composite,Premium,False,False,3179.8,13438471.0
1905.3,1,3,1,Sandy Loam,II,Composite,Premium,False,False,3117.2,5939201.0
5500.3,3,2,3,Sandy Loam,II,Composite,Standard,False,False,1696.0,9328509.0
2308.8,1,4,1,Clay,III,Warm-Humid,Premium,False,False,3427.5,7913412.0
3854.9,2,3,2,Sandy Loam,III,Warm-Humid,Luxury,False,False,3880.0,14957012.0
3907.3,2,3,3,Sandy Loam,V,Composite,Standard,True,False,2043.6,7984958.0
2007.8,3,3,3,Sandy Loam,IV,Hot-Dry,Standard,False,False,1855.1,3724670.0
2405.4,2,5,2,Sandy Loam,II,Composite,Standard,False,False,1613.5,3881113.0
1898.8,1,2,1,Clay,II,Composite,Standard,False,False,2047.3,3887413.0
1384.4,1,3,1,Clay,II,Moderate,Standard,False,False,2077.6,2876229.0
4775.6,2,4,1,Sandy Loam,II,Composite,Standard,True,False,2163.6,10332488.0
1425.1,1,4,2,Rocky,III,Warm-Humid,Basic,False,False,1281.6,1826408.0
1553.6,1,3,2,Clay,IV,Composite,Standard,False,False,2041.5,3171674.0
2342.3,1,3,1,Sandy Loam,III,Warm-Humid,Premium,False,False,2933.1,6870200.0
4101.8,3,4,1,Black Cotton,II,Composite,Standard,False,False,2340.8,9601493.0
4308.2,2,3,1,Sandy Loam,III,Composite,Premium,True,False,2989.0,12877210.0
2096.2,3,4,1,Sandy Loam,II,Warm-Humid,Standard,True,False,2286.8,4793590.0
1658.3,2,4,3,Sandy Loam,V,Composite,Standard,False,False,1915.7,3176805.0
671.5,1,3,1,Clay,IV,Warm-Humid,Basic,False,False,1755.0,1178482.0
1747.6,2,5,2,Sandy Loam,V,Composite,Premium,False,False,2956.7,5167129.0
2016.3,1,2,1,Sandy Loam,IV,Hot-Dry,Premium,False,False,3135.6,6322310.0
2951.1,2,3,1,Black Cotton,IV,Hot-Dry,Luxury,False,True,5615.1,17020722.0
3041.3,2,2,2,Clay,III,Cold,Standard,False,False,1943.8,5911679.0
3720.3,2,4,2,Clay,V,Moderate,Standard,False,False,1956.3,7278023.0
2320.7,3,3,2,Clay,III,Hot-Dry,Basic,False,False,1441.4,3345057.0
2283.2,1,3,2,Sandy Loam,III,Composite,Basic,False,False,1368.4,3124331.0
3904.3,2,3,1,Black Cotton,III,Hot-Dry,Standard,False,False,2242.2,8754221.0
1832.7,1,2,1,Clay,II,Warm-Humid,Premium,False,False,3289.5,6028667.0
2961.6,3,3,3,Sandy Loam,II,Composite,Premium,False,True,2307.4,7283596.0
1870.8,3,3,3,Sandy Loam,IV,Hot-Dry,Standard,True,False,2129.0,3982933.0
1574.7,1,3,3,Sandy Loam,IV,Composite,Standard,False,False,1854.4,2920124.0
954.3,2,2,1,Clay,II,Moderate,Basic,False,False,1473.9,1406543.0
1336.0,2,1,1,Sandy Loam,IV,Composite,Standard,False,False,2178.2,2910075.0
876.5,1,1,2,Black Cotton,III,Hot-Dry,Standard,False,False,2400.4,2103951.0
1072.8,2,1,1,Sandy Loam,II,Hot-Dry,Premium,False,False,2789.0,2992039.0
2515.2,2,3,1,Rocky,IV,Composite,Premium,False,False,2847.9,7163038.0
5134.6,3,3,2,Sandy Loam,V,Warm-Humid,Standard,False,False,2050.6,10529011.0
1789.0,2,2,1,Sandy Loam,III,Composite,Luxury,False,False,4749.8,8497392.0
2110.2,1,1,3,Sandy Loam,V,Moderate,Premium,False,False,2852.4,6019134.0
526.3,1,3,2,Clay,IV,Moderate,Basic,False,False,1465.1,771082.0
2033.9,1,4,3,Sandy Loam,V,Warm-Humid,Premium,False,False,2957.4,6015056.0
841.6,1,3,1,Black Cotton,III,Cold,Premium,False,False,3691.1,3106430.0
956.1,2,1,1,Sandy Loam,III,Composite,Standard,False,False,2035.9,1946524.0
4499.6,2,3,1,Clay,IV,Hot-Dry,Premium,False,False,3048.4,13716581.0
2379.2,1,2,2,Clay,IV,Warm-Humid,Standard,False,False,2118.6,5040573.0
1213.1,2,2,3,Black Cotton,IV,Moderate,Standard,False,False,2283.4,2769993.0
4599.0,2,4,3,Rocky,II,Warm-Humid,Standard,False,False,1450.5,6670850.0
3990.7,2,5,1,Sandy Loam,II,Composite,Luxury,False,True,3997.7,16403621.0
603.5,1,4,1,Black Cotton,III,Composite,Premium,False,False,3934.9,2374712.0
1235.4,1,3,1,Sandy Loam,III,Warm-Humid,Standard,False,False,2148.8,2654628.0
1843.5,2,1,1,Black Cotton,II,Composite,Standard,False,False,2088.0,3849228.0
2006.4,2,3,2,Clay,IV,Hot-Dry,Premium,False,False,2917.4,5853471.0
961.8,1,3,2,Sandy Loam,II,Cold,Premium,False,False,2910.1,2798934.0
3559.5,2,3,2,Sandy Loam,II,Warm-Humid,Standard,False,False,1762.0,6271839.0
2396.1,2,5,2,Sandy Loam,II,Composite,Basic,True,False,1437.0,3443196.0
718.6,1,3,3,Clay,III,Warm-Humid,Standard,False,False,1951.4,1402276.0
4587.9,2,3,1,Black Cotton,II,Warm-Humid,Standard,False,False,2204.2,10112649.0
631.0,1,3,2,Sandy Loam,III,Warm-Humid,Standard,False,False,1862.8,1175427.0
2490.7,2,2,2,Clay,IV,Moderate,Premium,False,False,2901.1,7225770.0
1766.6,2,4,3,Sandy Loam,III,Composite,Premium,False,False,2353.5,4157693.0
4195.5,2,3,2,Rocky,III,Moderate,Standard,True,False,1838.5,7713427.0
1017.5,1,4,1,Sandy Loam,II,Hot-Dry,Standard,False,False,2096.6,2133290.0
1294.7,2,2,1,Clay,V,Composite,Standard,False,False,2272.4,2942076.0
1825.2,1,3,2,Rocky,III,Composite,Standard,False,False,1820.3,3322412.0
6944.7,3,2,3,Sandy Loam,II,Cold,Basic,False,True,1175.6,8614189.0
2048.2,1,3,2,Black Cotton,IV,Composite,Premium,False,False,3630.6,7436195.0
6260.1,3,2,1,Clay,IV,Warm-Humid,Premium,False,False,3417.0,21390762.0
3088.2,3,3,1,Sandy Loam,III,Moderate,Standard,False,False,1988.7,6141503.0
5723.5,3,2,3,Clay,IV,Composite,Luxury,False,False,4162.6,23824641.0
1373.0,2,1,1,Clay,II,Composite,Standard,False,False,1997.1,2742018.0
656.4,1,3,2,Sandy Loam,IV,Composite,Standard,False,False,2060.4,1352447.0
1145.4,1,2,1,Sandy Loam,II,Warm-Humid,Luxury,False,False,4371.5,5007116.0
1329.7,1,3,3,Sandy Loam,III,Warm-Humid,Basic,False,False,1343.0,1785787.0
4873.4,3,3,2,Sandy Loam,II,Composite,Basic,False,False,1317.7,6421679.0
2593.2,2,3,1,Sandy Loam,III,Warm-Humid,Standard,False,False,1880.0,4875216.0
4007.0,3,2,1,Rocky,III,Composite,Standard,False,False,1872.6,7503508.0
876.2,1,4,2,Black Cotton,II,Moderate,Standard,False,False,2327.8,2039618.0
6718.0,3,2,1,Sandy Loam,V,Composite,Premium,False,True,3274.9,22450778.0
924.5,2,3,1,Rocky,II,Composite,Luxury,False,False,4062.4,3755689.0
4117.6,2,2,1,Sandy Loam,II,Moderate,Basic,False,False,1292.4,5321586.0
1772.2,3,3,2,Clay,IV,Composite,Luxury,False,False,5308.1,9407015.0
1774.3,1,2,2,Rocky,II,Composite,Standard,False,False,1794.6,3184159.0
3105.1,2,3,2,Clay,II,Composite,Premium,False,False,2722.9,8454877.0
6450.3,3,2,1,Sandy Loam,III,Hot-Dry,Luxury,False,True,4426.6,29002898.0
1215.0,1,2,2,Black Cotton,III,Warm-Humid,Standard,False,False,2439.9,2964478.0
1449.7,2,3,2,Clay,IV,Moderate,Standard,False,False,1903.6,2759649.0
2178.2,3,2,1,Black Cotton,III,Warm-Humid,Standard,False,False,2341.7,5100691.0
1811.8,2,3,2,Black Cotton,III,Composite,Luxury,False,False,5046.4,9143068.0
4571.5,2,3,1,Black Cotton,IV,Moderate,Standard,False,False,2331.6,10658909.0
1347.9,1,3,2,Sandy Loam,III,Moderate,Standard,False,False,1832.7,2470296.0
1001.4,2,2,3,Sandy Loam,II,Composite,Standard,False,False,1749.7,1752150.0
1821.3,1,4,2,Clay,II,Hot-Dry,Premium,False,False,2966.3,5402522.0
783.6,1,3,1,Black Cotton,III,Composite,Standard,False,False,2655.0,2080458.0
1674.2,1,4,2,Sandy Loam,V,Composite,Standard,False,False,2162.3,3620123.0
1086.9,2,3,3,Black Cotton,II,Composite,Premium,False,False,2747.2,2985932.0
2579.5,2,2,1,Sandy Loam,II,Warm-Humid,Standard,False,False,1777.9,4586093.0
855.1,1,2,1,Clay,II,Composite,Standard,False,False,2156.1,1843681.0
2291.7,2,3,1,Clay,IV,Hot-Dry,Premium,True,False,3507.8,8038825.0
1251.9,1,2,2,Clay,III,Warm-Humid,Standard,False,False,2129.2,2665545.0
1293.8,1,1,3,Rocky,II,Warm-Humid,Premium,False,False,2567.2,3321443.0
1602.7,2,3,3,Clay,III,Warm-Humid,Standard,False,False,1788.8,2866910.0
2897.9,2,2,1,Rocky,III,Composite,Luxury,True,False,4542.3,13163131.0
1540.2,1,2,2,Clay,V,Warm-Humid,Luxury,False,False,5191.2,7995486.0
3005.4,3,3,2,Rocky,IV,Warm-Humid,Standard,False,False,1811.8,5445184.0
1081.8,1,2,1,Sandy Loam,V,Warm-Humid,Standard,False,False,2321.0,2510858.0
811.5,1,3,2,Sandy Loam,IV,Composite,Basic,False,False,1337.6,1085462.0
3706.4,2,4,2,Sandy Loam,IV,Composite,Luxury,False,False,4352.4,16131735.0
6570.5,3,3,2,Black Cotton,IV,Composite,Luxury,False,False,5207.1,34213251.0
2810.6,2,1,2,Sandy Loam,II,Moderate,Standard,False,False,1710.8,4808374.0
3088.8,2,5,1,Black Cotton,II,Moderate,Premium,False,False,3258.2,10063928.0
4665.0,3,2,1,Sandy Loam,II,Moderate,Standard,False,False,1928.7,8997386.0
2947.6,2,3,1,Sandy Loam,II,Warm-Humid,Basic,False,False,1369.3,4036149.0
1635.4,1,4,3,Black Cotton,III,Warm-Humid,Basic,False,False,1502.4,2457025.0
1461.0,3,2,3,Clay,III,Cold,Standard,False,False,1888.7,2759391.0
6097.2,3,3,1,Black Cotton,IV,Composite,Standard,False,False,2573.5,15691144.0
1882.6,2,2,2,Clay,II,Composite,Standard,False,False,1710.2,3219623.0
2887.6,2,1,3,Sandy Loam,II,Moderate,Standard,False,False,1493.1,4311476.0
1211.6,1,2,1,Rocky,II,Composite,Standard,False,False,1754.7,2125995.0
959.5,1,3,1,Clay,III,Composite,Standard,False,False,2156.9,2069546.0
3743.8,2,3,1,Clay,IV,Hot-Dry,Luxury,False,False,4681.6,17526974.0
1199.2,1,1,3,Sandy Loam,IV,Moderate,Standard,False,False,1910.2,2290712.0
642.9,1,3,2,Sandy Loam,III,Warm-Humid,Luxury,False,True,4582.2,3395896.0
1664.4,1,1,2,Rocky,II,Warm-Humid,Luxury,False,False,4153.8,6913585.0
3199.6,2,2,2,Sandy Loam,III,Moderate,Premium,False,False,2698.0,8632521.0
4134.0,2,4,2,Sandy Loam,III,Composite,Standard,True,False,1829.8,7564393.0
3949.0,2,3,1,Clay,IV,Moderate,Standard,False,False,2154.4,8507726.0
2331.6,2,2,2,Rocky,II,Composite,Standard,False,False,1601.7,3734524.0
6823.6,3,3,2,Black Cotton,II,Moderate,Luxury,False,False,4873.1,33252085.0
1460.6,2,2,1,Clay,II,Composite,Standard,False,False,2135.2,3118673.0
998.5,2,1,2,Sandy Loam,IV,Composite,Basic,False,False,1400.1,1398000.0
1968.7,2,2,2,Black Cotton,IV,Moderate,Luxury,False,False,5058.1,9957881.0
666.9,1,2,1,Black Cotton,III,Hot-Dry,Luxury,False,False,5677.9,3786592.0
2354.8,2,2,2,Sandy Loam,II,Warm-Humid,Basic,False,False,1247.1,2936671.0
3700.7,2,4,2,Clay,II,Composite,Premium,False,False,2770.0,10250939.0
3030.5,2,2,2,Sandy Loam,III,Hot-Dry,Standard,False,False,1775.6,5380956.0
750.2,1,4,3,Black Cotton,II,Cold,Standard,False,False,2125.5,1594550.0
7100.3,3,4,2,Clay,III,Composite,Standard,False,False,2083.5,14793475.0
563.5,1,3,2,Sandy Loam,II,Composite,Premium,False,False,3077.3,1734059.0
2855.0,2,1,1,Clay,III,Warm-Humid,Standard,True,False,2257.3,6444592.0
1400.7,1,2,1,Black Cotton,IV,Warm-Humid,Basic,False,False,2009.0,2814006.0
2284.5,1,1,1,Clay,V,Composite,Standard,False,False,2596.8,5932390.0
3349.1,3,2,2,Sandy Loam,II,Warm-Humid,Premium,False,True,2649.2,9322436.0
972.7,1,3,1,Sandy Loam,IV,Cold,Luxury,False,False,5209.4,5067183.0
1341.0,1,4,1,Sandy Loam,II,Moderate,Basic,False,False,1508.6,2023033.0
4058.6,2,3,1,Clay,V,Composite,Premium,False,False,3188.6,12941252.0
1005.7,2,2,2,Clay,III,Warm-Humid,Standard,False,False,1974.6,1985855.0
1256.5,1,3,1,Clay,II,Composite,Standard,False,False,2163.1,2717935.0
2003.6,1,1,3,Sandy Loam,II,Composite,Standard,False,False,1712.0,3430163.0
1472.8,2,3,3,Sandy Loam,IV,Warm-Humid,Standard,False,False,1687.6,2485497.0
2283.1,1,2,1,Sandy Loam,II,Hot-Dry,Basic,False,False,1457.6,3327847.0
1533.8,1,3,2,Sandy Loam,III,Composite,Standard,False,False,1824.7,2798725.0
4243.2,2,4,3,Sandy Loam,V,Composite,Premium,True,False,3255.7,13814586.0
3341.0,3,2,2,Rocky,III,Hot-Dry,Standard,False,True,1751.5,6301762.0
691.6,1,3,2,Clay,III,Composite,Premium,False,False,3172.1,2193824.0
1024.9,1,3,3,Sandy Loam,II,Composite,Luxury,False,False,3761.8,3855469.0
7059.4,3,3,2,Black Cotton,V,Composite,Luxury,False,False,5561.0,39257323.0
3307.3,2,2,2,Black Cotton,IV,Composite,Premium,False,False,3383.1,11188927.0
1484.0,2,2,1,Rocky,IV,Composite,Standard,True,False,2332.2,3460985.0
4625.6,3,3,2,Sandy Loam,III,Composite,Basic,False,False,1330.9,6156211.0
2119.1,1,3,3,Rocky,II,Composite,Standard,False,False,1662.0,3521944.0
3072.0,3,3,2,Black Cotton,III,Warm-Humid,Luxury,False,False,4928.8,15141274.0
4870.0,3,2,2,Sandy Loam,II,Warm-Humid,Standard,False,False,1761.9,8580453.0
542.7,1,2,2,Sandy Loam,IV,Composite,Standard,False,False,2050.1,1112589.0
2341.6,1,2,1,Sandy Loam,II,Warm-Humid,Standard,False,False,1889.0,4423282.0
970.4,1,1,1,Sandy Loam,III,Warm-Humid,Standard,False,False,1898.4,1842207.0
5087.5,3,3,3,Sandy Loam,IV,Moderate,Basic,True,True,1533.7,8252699.0
1245.8,1,3,2,Sandy Loam,II,Composite,Premium,False,False,2798.1,3485873.0
4609.7,3,3,2,Black Cotton,III,Hot-Dry,Standard,False,False,2168.5,9996134.0
3373.1,3,3,2,Sandy Loam,IV,Composite,Standard,False,False,2022.2,6821083.0
4056.9,3,3,1,Black Cotton,IV,Hot-Dry,Basic,False,False,1911.0,7752736.0
557.3,1,2,1,Sandy Loam,IV,Warm-Humid,Standard,False,False,2152.2,1199421.0
1523.0,1,2,1,Sandy Loam,IV,Hot-Dry,Standard,False,False,2162.6,3293640.0
2905.7,3,3,1,Sandy Loam,V,Hot-Dry,Standard,False,True,2141.1,6671394.0
2504.5,3,5,1,Sandy Loam,III,Cold,Premium,False,False,3017.0,7556076.0
3417.5,2,3,3,Rocky,II,Warm-Humid,Premium,False,False,2207.4,7543790.0
3371.1,2,1,1,Sandy Loam,III,Warm-Humid,Standard,False,False,1920.4,6473860.0
2024.4,3,3,2,Clay,V,Composite,Standard,False,False,2153.5,4359545.0
2868.3,3,2,1,Sandy Loam,IV,Warm-Humid,Premium,False,False,3268.4,9374752.0
543.1,1,3,2,Sandy Loam,III,Composite,Standard,False,False,1794.2,974430.0
3670.0,2,3,2,Sandy Loam,II,Warm-Humid,Luxury,False,False,3814.1,13997747.0
746.1,1,2,1,Sandy Loam,II,Warm-Humid,Basic,False,False,1375.3,1026111.0
1038.2,2,5,3,Rocky,IV,Hot-Dry,Standard,True,False,1979.6,2055221.0
878.6,1,1,2,Clay,IV,Warm-Humid,Standard,False,False,2054.5,1805084.0
1374.6,1,1,1,Clay,IV,Composite,Standard,False,False,2403.6,3303989.0
3575.5,2,1,1,Sandy Loam,II,Composite,Standard,False,False,1757.7,6284656.0
2268.8,1,2,2,Clay,III,Composite,Standard,False,False,1947.9,4419396.0
4141.6,2,4,2,Clay,III,Hot-Dry,Standard,False,False,1862.8,7714972.0
524.2,1,4,1,Sandy Loam,II,Moderate,Standard,False,False,2001.7,1049291.0
1989.8,2,1,2,Clay,III,Warm-Humid,Premium,False,False,2957.1,5884038.0
2497.5,2,1,3,Rocky,IV,Composite,Standard,False,False,1490.4,3722274.0
5454.3,3,3,1,Black Cotton,II,Hot-Dry,Basic,False,True,1653.9,9470867.0
791.8,1,4,2,Sandy Loam,IV,Warm-Humid,Premium,False,False,3031.7,2400500.0
1597.8,1,3,1,Sandy Loam,II,Warm-Humid,Premium,False,False,2952.5,4717504.0
3322.2,2,3,2,Black Cotton,III,Composite,Standard,True,False,2314.4,7688900.0
529.9,1,4,2,Sandy Loam,III,Composite,Standard,False,False,1954.9,1035902.0
4444.7,2,3,2,Black Cotton,II,Composite,Premium,False,False,2771.0,12316264.0
2426.8,2,4,2,Sandy Loam,IV,Composite,Standard,False,False,1871.7,4542242.0
2220.1,1,4,2,Sandy Loam,IV,Moderate,Standard,False,False,1927.3,4278799.0
4577.9,2,2,2,Rocky,II,Moderate,Standard,False,False,1538.7,7044015.0
1077.7,1,2,2,Clay,IV,Warm-Humid,Luxury,False,False,5048.1,5440337.0
3225.9,2,2,1,Rocky,II,Composite,Basic,False,False,1184.8,3822046.0
2106.1,1,4,1,Black Cotton,II,Moderate,Basic,False,False,1817.0,3826784.0
2245.2,2,2,2,Clay,IV,Warm-Humid,Luxury,False,False,4692.7,10536050.0
3884.3,3,3,2,Sandy Loam,II,Composite,Standard,False,True,1795.3,7423484.0
2841.8,3,5,1,Sandy Loam,III,Composite,Premium,False,False,2945.9,8371659.0
530.7,1,3,3,Clay,IV,Cold,Standard,False,False,2203.5,1169397.0
3877.1,2,3,1,Sandy Loam,III,Warm-Humid,Luxury,False,True,4168.1,16610141.0
1341.2,1,3,2,Rocky,II,Moderate,Standard,False,False,1743.2,2337980.0
675.5,1,5,2,Clay,II,Composite,Standard,False,False,1912.8,1292096.0
1886.2,1,3,2,Sandy Loam,II,Composite,Standard,False,False,1894.7,3573783.0
5622.6,3,3,2,Black Cotton,III,Warm-Humid,Premium,False,True,3388.9,19504429.0
707.8,1,1,3,Sandy Loam,III,Composite,Premium,False,False,2678.6,1895913.0
518.0,1,4,2,Black Cotton,II,Composite,Luxury,False,False,5223.9,2705980.0
2487.9,2,2,1,Sandy Loam,III,Warm-Humid,Standard,False,False,1936.0,4816574.0
1136.9,1,3,1,Clay,II,Warm-Humid,Luxury,False,False,5032.4,5721336.0
1180.2,2,5,1,Black Cotton,III,Cold,Standard,False,False,2340.1,2761786.0
3340.7,2,3,1,Sandy Loam,III,Composite,Premium,False,False,2768.6,9249062.0
1980.9,1,4,1,Clay,III,Composite,Premium,False,False,3215.3,6369188.0
483.1,1,2,1,Clay,IV,Composite,Standard,False,False,2321.2,1121372.0
2059.7,2,2,1,Black Cotton,IV,Composite,Standard,False,False,2367.7,4876752.0
3108.6,2,5,2,Clay,III,Composite,Premium,False,False,2743.3,8527822.0
1594.8,1,2,2,Sandy Loam,III,Warm-Humid,Basic,False,False,1343.2,2142135.0
1789.1,1,4,3,Black Cotton,II,Moderate,Standard,False,False,1994.8,3568897.0
3860.3,2,2,2,Black Cotton,III,Hot-Dry,Premium,False,False,3055.2,11793989.0
4354.0,2,2,2,Clay,III,Composite,Standard,False,False,1891.3,8234720.0
4669.2,2,3,3,Sandy Loam,V,Composite,Premium,False,False,2768.2,12925279.0
1167.7,1,2,1,Black Cotton,II,Hot-Dry,Standard,False,False,2417.7,2823148.0
1046.3,1,2,2,Clay,IV,Hot-Dry,Premium,False,False,3402.1,3559617.0
489.1,1,3,2,Clay,V,Moderate,Premium,False,False,3389.7,1657902.0
2421.6,2,2,1,Black Cotton,II,Warm-Humid,Premium,True,False,3607.9,8736891.0
3096.4,2,2,1,Rocky,V,Composite,Standard,True,False,2245.1,6951728.0
1616.1,1,2,1,Clay,V,Composite,Basic,False,False,1807.3,2920778.0
681.6,1,3,1,Sandy Loam,II,Composite,Standard,False,False,2152.6,1467212.0
4208.4,2,2,1,Clay,V,Composite,Standard,False,False,2204.2,9276155.0
1319.6,1,4,2,Clay,III,Warm-Humid,Standard,False,False,2053.0,2709139.0
2207.7,1,3,2,Sandy Loam,V,Composite,Standard,False,False,2104.1,4645222.0
3626.4,3,1,1,Black Cotton,IV,Warm-Humid,Premium,False,False,3792.2,13752034.0
3728.3,2,3,2,Clay,III,Cold,Luxury,False,False,4066.4,15160759.0
670.5,1,3,2,Sandy Loam,II,Cold,Premium,False,False,2909.6,1950887.0
1649.4,2,2,3,Sandy Loam,II,Moderate,Premium,False,False,2242.5,3698780.0
1210.1,2,1,1,Black Cotton,V,Hot-Dry,Luxury,False,False,5833.0,7058513.0
4503.7,3,2,2,Rocky,V,Composite,Standard,False,False,1936.7,8722316.0
978.8,2,3,1,Clay,IV,Composite,Standard,False,False,2198.2,2151598.0
4712.6,2,2,2,Black Cotton,II,Cold,Basic,False,False,1411.7,6652777.0
1329.9,2,4,1,Rocky,II,Moderate,Premium,True,False,2943.6,3914694.0
1671.9,1,2,1,Rocky,II,Warm-Humid,Standard,False,False,2010.5,3361355.0
1985.7,1,3,2,Sandy Loam,II,Moderate,Luxury,False,False,3911.1,7766271.0
6246.7,3,1,2,Sandy Loam,V,Warm-Humid,Standard,False,False,2127.0,13286731.0
4746.7,2,2,3,Sandy Loam,III,Composite,Standard,False,False,1573.7,7469882.0
2733.2,2,2,2,Sandy Loam,III,Moderate,Standard,False,False,1738.2,4750848.0
797.3,1,3,1,Clay,II,Moderate,Basic,False,False,1611.1,1284530.0
530.1,1,2,1,Black Cotton,IV,Moderate,Standard,False,False,2691.6,1426817.0
2687.1,2,4,1,Clay,III,Composite,Standard,False,False,2055.2,5522528.0
2163.9,1,2,1,Clay,II,Composite,Standard,False,False,2085.4,4512597.0
3049.9,2,3,1,Sandy Loam,II,Moderate,Standard,False,False,1755.3,5353489.0
3407.4,2,3,1,Clay,III,Warm-Humid,Standard,False,False,1829.0,6232135.0
1265.9,1,4,2,Sandy Loam,III,Hot-Dry,Basic,False,False,1368.7,1732637.0
3479.9,2,4,1,Clay,II,Warm-Humid,Premium,True,False,3323.8,11566492.0
1037.6,1,3,2,Rocky,IV,Warm-Humid,Premium,False,False,2859.4,2966913.0
525.9,1,2,1,Rocky,II,Warm-Humid,Premium,False,False,2929.2,1540466.0
3544.6,2,2,2,Sandy Loam,III,Warm-Humid,Premium,False,False,2504.1,8876033.0
2966.6,2,3,1,Sandy Loam,III,Cold,Luxury,False,False,4198.3,12454677.0
3424.8,2,3,1,Rocky,III,Hot-Dry,Standard,False,False,1791.1,6134159.0
2393.2,1,3,2,Sandy Loam,III,Warm-Humid,Basic,False,False,1340.7,3208563.0
5237.7,3,3,2,Clay,V,Composite,Luxury,False,False,4915.8,25747486.0
989.0,2,1,2,Rocky,IV,Composite,Premium,False,False,2741.2,2711047.0
6231.8,3,2,1,Black Cotton,III,Composite,Basic,False,True,1629.1,10602225.0
5840.8,3,2,1,Rocky,IV,Warm-Humid,Luxury,False,False,4554.4,26601340.0
527.6,1,2,1,Black Cotton,II,Composite,Premium,False,False,3595.4,1896933.0
3380.7,2,4,1,Clay,II,Warm-Humid,Luxury,False,False,4438.2,15004223.0
1167.8,1,2,1,Black Cotton,III,Warm-Humid,Premium,False,False,3401.1,3971805.0
2749.0,2,3,1,Clay,II,Composite,Basic,False,False,1439.4,3956911.0
4295.0,2,3,2,Rocky,II,Composite,Luxury,False,False,3519.0,15114105.0
2196.2,2,1,1,Sandy Loam,III,Moderate,Premium,False,False,2902.2,6373812.0
3851.1,2,3,2,Sandy Loam,III,Composite,Standard,False,False,1695.9,6531080.0
4110.6,3,2,2,Sandy Loam,III,Composite,Luxury,False,False,4055.1,16668894.0
1928.0,1,2,2,Rocky,V,Cold,Standard,False,False,2025.5,3905164.0
488.0,1,4,2,Sandy Loam,III,Moderate,Standard,False,False,2051.9,1001327.0
2189.1,1,4,2,Clay,III,Composite,Premium,False,False,2950.6,6459158.0
5716.4,3,5,2,Black Cotton,III,Cold,Standard,False,True,2145.2,12712821.0
1451.6,1,4,2,Rocky,III,Composite,Basic,False,False,1246.7,1809710.0
4624.8,2,2,3,Black Cotton,V,Warm-Humid,Standard,False,False,2174.6,10057090.0
911.4,1,2,2,Black Cotton,IV,Hot-Dry,Luxury,False,False,5377.9,4901418.0
2663.9,2,1,1,Clay,II,Composite,Standard,False,False,1985.9,5290239.0
1585.4,1,3,1,Rocky,II,Hot-Dry,Standard,False,False,1856.0,2942502.0
1193.3,2,4,2,Black Cotton,IV,Composite,Standard,False,False,2256.1,2692204.0
2381.3,1,3,1,Clay,III,Composite,Standard,False,False,2085.8,4966916.0
5638.6,3,4,2,Rocky,IV,Moderate,Standard,False,False,1866.4,10523883.0
4176.2,2,2,2,Sandy Loam,IV,Warm-Humid,Standard,False,False,1823.6,7615718.0
650.0,1,2,1,Black Cotton,III,Hot-Dry,Basic,False,False,1755.5,1141075.0
4247.6,2,2,1,Black Cotton,II,Composite,Premium,False,False,3183.0,13520111.0
1165.4,1,2,2,Sandy Loam,IV,Cold,Luxury,False,False,4392.9,5119486.0
3599.5,2,4,3,Rocky,III,Composite,Premium,False,False,2153.5,7751523.0
2499.9,2,4,2,Clay,IV,Composite,Standard,False,False,1933.9,4834557.0
1893.9,2,2,2,Black Cotton,II,Moderate,Standard,False,False,2138.8,4050673.0
2885.7,2,2,2,Sandy Loam,III,Moderate,Luxury,False,False,4049.8,11686508.0
2491.2,2,4,1,Sandy Loam,III,Warm-Humid,Premium,False,False,2977.2,7416801.0
4332.3,2,3,1,Clay,IV,Composite,Standard,False,False,2165.6,9382029.0
4658.5,2,4,1,Clay,IV,Hot-Dry,Luxury,False,False,5005.0,23315792.0
1299.5,1,2,1,Black Cotton,II,Warm-Humid,Standard,False,False,2479.5,3222110.0
3304.6,2,3,1,Rocky,III,Composite,Premium,False,False,2608.3,8619388.0
1414.2,1,3,2,Rocky,II,Moderate,Standard,False,False,1836.6,2597320.0
1665.2,1,2,2,Black Cotton,II,Moderate,Premium,False,False,3255.2,5420559.0
1829.1,1,2,1,Sandy Loam,IV,Composite,Standard,False,False,2274.6,4160471.0
4037.7,2,2,3,Sandy Loam,III,Composite,Standard,True,False,1884.1,7607431.0
1009.3,1,3,1,Black Cotton,II,Composite,Standard,False,False,2389.8,2412025.0
2284.0,1,2,1,Black Cotton,II,Composite,Standard,False,False,2483.5,5672314.0
3319.3,2,4,1,Sandy Loam,III,Moderate,Standard,False,False,1804.8,5990673.0
4046.5,2,4,2,Black Cotton,II,Warm-Humid,Premium,False,False,2968.7,12012845.0
4369.3,2,2,1,Clay,II,Cold,Standard,False,False,2031.8,8877544.0
6721.2,3,4,3,Rocky,III,Composite,Basic,False,False,1179.7,7929000.0
4901.3,3,3,1,Sandy Loam,V,Composite,Basic,False,False,1570.1,7695531.0
3770.7,2,2,2,Rocky,II,Warm-Humid,Standard,False,False,1470.8,5545946.0
1564.8,2,1,1,Sandy Loam,IV,Warm-Humid,Basic,False,False,1502.8,2351581.0
4642.4,2,2,1,Black Cotton,IV,Composite,Basic,False,False,1808.2,8394388.0
4256.0,2,2,3,Clay,III,Composite,Premium,False,False,2433.9,10358678.0
1383.9,2,2,1,Sandy Loam,III,Composite,Standard,False,False,1981.7,2742475.0
6001.9,3,2,1,Black Cotton,II,Cold,Standard,False,False,2200.5,13207181.0
673.1,1,3,1,Sandy Loam,III,Composite,Premium,False,False,3058.3,2058542.0
7026.3,3,3,1,Black Cotton,II,Cold,Standard,False,False,2469.7,17352853.0
895.8,1,3,2,Sandy Loam,II,Moderate,Standard,False,False,1874.1,1678819.0
3264.9,2,2,2,Sandy Loam,V,Hot-Dry,Luxury,True,False,5108.7,16679395.0
1266.4,1,2,2,Sandy Loam,II,Composite,Basic,False,False,1353.1,1713566.0
4610.3,2,3,3,Rocky,III,Cold,Standard,True,False,1740.8,8025610.0
1735.5,1,1,3,Rocky,II,Moderate,Premium,False,False,2401.6,4167977.0
1637.1,2,3,2,Black Cotton,III,Warm-Humid,Standard,False,False,2236.6,3661538.0
4764.0,2,3,1,Black Cotton,IV,Moderate,Standard,False,False,2245.2,10696133.0
1009.1,1,1,2,Sandy Loam,III,Hot-Dry,Standard,False,False,1849.4,1866230.0
1929.7,1,3,1,Black Cotton,IV,Warm-Humid,Standard,False,False,2558.6,4937330.0
3491.0,2,1,2,Rocky,III,Composite,Luxury,False,False,3671.5,12817206.0
2273.1,1,1,1,Clay,II,Moderate,Standard,False,False,2127.1,4835111.0
1810.1,1,2,1,Sandy Loam,III,Hot-Dry,Luxury,False,True,4488.3,8574272.0
1913.2,1,2,2,Sandy Loam,II,Warm-Humid,Premium,False,False,2514.1,4809976.0
3271.4,2,4,1,Sandy Loam,II,Composite,Standard,False,False,1854.5,6066811.0
1759.0,2,3,2,Sandy Loam,IV,Composite,Basic,False,False,1396.0,2455564.0
5831.5,3,4,2,Clay,III,Warm-Humid,Standard,False,False,1870.3,10906654.0
1760.3,2,1,1,Rocky,IV,Warm-Humid,Basic,False,False,1477.3,2600491.0
2118.9,1,3,1,Black Cotton,II,Warm-Humid,Premium,False,False,3176.5,6730686.0
2475.7,2,2,3,Sandy Loam,V,Composite,Premium,False,False,2729.8,6758166.0
3312.3,2,1,1,Sandy Loam,IV,Warm-Humid,Standard,False,False,1929.3,6390420.0
1200.5,2,2,1,Sandy Loam,III,Composite,Standard,False,False,1928.4,2315044.0
2526.1,2,4,1,Sandy Loam,II,Moderate,Standard,False,False,1884.9,4761446.0
5763.6,3,3,2,Sandy Loam,II,Composite,Premium,True,True,2964.6,17536769.0
1651.1,1,1,2,Sandy Loam,II,Composite,Luxury,False,False,4266.3,7044088.0
3600.9,3,2,1,Black Cotton,III,Moderate,Standard,False,True,2426.1,9186143.0
6631.1,3,2,3,Black Cotton,IV,Composite,Luxury,False,False,4748.7,31489105.0
2044.6,1,2,1,Clay,III,Composite,Standard,False,False,2086.2,4265445.0
6643.5,3,2,1,Clay,II,Cold,Standard,True,False,2292.3,15228895.0
2946.0,2,2,3,Clay,V,Moderate,Basic,False,False,1456.4,4290554.0
2329.5,1,3,1,Black Cotton,III,Moderate,Standard,False,False,2365.1,5509500.0
2095.0,1,2,1,Black Cotton,II,Warm-Humid,Luxury,False,True,5084.5,11102028.0
7128.5,3,3,2,Rocky,II,Warm-Humid,Basic,False,True,1257.3,9412663.0
1542.1,1,4,1,Sandy Loam,II,Composite,Standard,False,False,1873.0,2888353.0
1222.8,2,5,2,Sandy Loam,III,Moderate,Standard,False,False,1793.7,2193336.0
1768.9,3,3,2,Black Cotton,II,Composite,Standard,False,False,2116.6,3744054.0
4787.5,2,1,2,Sandy Loam,II,Composite,Luxury,False,False,3859.3,18476399.0
948.7,2,2,3,Sandy Loam,II,Warm-Humid,Standard,False,False,1536.6,1457772.0
2815.6,2,4,1,Black Cotton,II,Composite,Basic,True,False,1731.6,4875493.0
6929.0,3,3,1,Black Cotton,III,Warm-Humid,Premium,False,False,3667.4,25411415.0
1782.1,2,4,1,Sandy Loam,V,Moderate,Standard,False,False,2215.4,3948064.0
1375.0,2,3,1,Sandy Loam,II,Composite,Basic,False,False,1378.1,1894887.0
784.2,1,3,1,Black Cotton,II,Composite,Premium,False,False,3642.9,2856762.0
1477.4,1,3,2,Sandy Loam,II,Composite,Standard,False,False,1803.5,2664491.0
539.8,1,3,3,Rocky,II,Moderate,Premium,False,False,2427.7,1310472.0
2555.8,2,3,1,Sandy Loam,II,Composite,Standard,False,False,1847.0,4720563.0
819.5,1,2,2,Black Cotton,III,Composite,Standard,False,False,2308.2,1891570.0
1949.7,1,3,1,Black Cotton,III,Warm-Humid,Premium,False,False,3554.1,6929429.0
917.6,2,3,2,Sandy Loam,II,Hot-Dry,Luxury,False,False,3948.4,3623052.0
1965.2,2,3,2,Sandy Loam,II,Moderate,Standard,False,False,1740.1,3419645.0
1470.7,1,3,2,Sandy Loam,IV,Warm-Humid,Standard,False,False,2091.1,3075381.0
1268.1,1,4,2,Rocky,IV,Cold,Standard,False,False,1949.4,2472034.0
2215.5,2,2,2,Sandy Loam,II,Composite,Standard,False,False,1780.3,3944255.0
1404.8,1,2,1,Black Cotton,IV,Composite,Premium,False,False,3864.2,5428428.0
1416.1,1,3,1,Sandy Loam,III,Composite,Standard,False,False,2034.0,2880347.0
590.3,1,3,2,Sandy Loam,II,Hot-Dry,Basic,False,False,1390.3,820694.0
4314.2,2,2,1,Sandy Loam,II,Composite,Basic,False,False,1215.3,5243047.0
7048.9,3,4,3,Black Cotton,II,Composite,Basic,False,False,1341.7,9457509.0
1247.6,2,4,3,Rocky,III,Warm-Humid,Standard,False,False,1601.7,1998281.0
2332.0,1,5,1,Sandy Loam,II,Hot-Dry,Standard,False,False,2041.6,4761011.0
4064.1,2,5,1,Sandy Loam,IV,Composite,Standard,False,False,2019.6,8207856.0
1351.0,2,3,2,Clay,II,Warm-Humid,Premium,False,False,2889.0,3903039.0
4394.7,2,2,1,Rocky,III,Moderate,Luxury,False,False,4143.7,18210318.0
2345.3,1,2,1,Sandy Loam,II,Composite,Basic,False,False,1445.2,3389428.0
2259.7,1,3,1,Clay,V,Composite,Standard,False,False,2421.7,5472315.0
3031.1,2,3,2,Clay,IV,Cold,Standard,False,False,1993.2,6041589.0
1684.8,1,3,1,Sandy Loam,IV,Warm-Humid,Basic,False,False,1556.0,2621549.0
5408.7,3,1,1,Sandy Loam,III,Warm-Humid,Premium,False,False,3057.7,16538182.0
4125.8,2,1,2,Sandy Loam,III,Warm-Humid,Premium,False,False,2473.0,10203103.0
1876.4,3,4,2,Clay,II,Composite,Standard,False,False,1896.8,3559156.0
1457.7,3,2,2,Sandy Loam,IV,Composite,Luxury,True,False,5285.8,7705111.0
685.2,1,3,2,Sandy Loam,V,Composite,Standard,False,False,2134.2,1462354.0
3185.2,2,2,2,Sandy Loam,IV,Composite,Standard,False,False,1779.0,5666471.0
4686.6,2,2,3,Sandy Loam,III,Composite,Premium,False,False,2445.0,11458737.0
3083.1,2,3,1,Sandy Loam,V,Composite,Standard,False,False,2015.5,6213988.0
1035.1,1,2,1,Clay,II,Hot-Dry,Premium,False,False,3116.2,3225579.0
1556.8,1,2,1,Rocky,II,Hot-Dry,Standard,False,False,1879.7,2926317.0
5232.7,3,2,3,Rocky,V,Hot-Dry,Premium,False,False,2640.1,13814851.0
1719.9,1,3,2,Black Cotton,II,Composite,Standard,False,False,2160.0,3714984.0
1814.9,1,3,1,Sandy Loam,IV,Hot-Dry,Standard,False,False,2097.5,3806753.0
3444.9,2,4,2,Rocky,II,Composite,Standard,False,False,1628.6,5610364.0
4028.9,2,3,2,Sandy Loam,II,Composite,Standard,False,False,1620.0,6526818.0
508.4,1,3,1,Clay,II,Hot-Dry,Standard,False,False,2211.1,1124123.0
1360.1,1,4,3,Clay,II,Composite,Standard,False,False,1750.6,2380991.0
2235.3,2,3,1,Black Cotton,II,Composite,Standard,False,False,2302.7,5147225.0
551.5,1,3,2,Sandy Loam,III,Composite,Standard,False,False,1867.0,1029650.0
1173.7,2,4,1,Clay,IV,Moderate,Premium,False,False,3375.2,3961472.0
1023.1,2,5,2,Black Cotton,V,Moderate,Standard,False,False,2437.1,2493397.0
1796.9,1,2,1,Sandy Loam,III,Composite,Standard,False,False,2103.8,3780318.0
3253.6,2,4,1,Black Cotton,II,Warm-Humid,Standard,False,False,2214.9,7206399.0
1839.5,3,3,2,Clay,III,Cold,Premium,False,False,3076.3,5658854.0
949.4,2,3,1,Sandy Loam,II,Composite,Standard,False,False,1890.2,1794556.0
1318.5,1,1,3,Clay,IV,Warm-Humid,Premium,False,False,2884.4,3803081.0
2308.5,2,3,2,Clay,IV,Composite,Basic,False,False,1391.3,3211816.0
3349.1,2,2,2,Clay,IV,Composite,Standard,False,False,1951.9,6537108.0
1056.6,2,2,1,Rocky,II,Composite,Premium,False,False,2729.6,2884095.0
1572.8,2,3,2,Rocky,IV,Hot-Dry,Luxury,False,True,4064.7,6842960.0
897.6,1,3,1,Sandy Loam,IV,Warm-Humid,Standard,False,False,2215.7,1988812.0
1474.8,1,2,3,Black Cotton,IV,Warm-Humid,Standard,False,False,2304.3,3398382.0
1927.0,1,2,1,Sandy Loam,III,Warm-Humid,Premium,False,False,2933.0,5651891.0
2243.7,3,4,1,Rocky,IV,Moderate,Standard,False,True,2138.6,5248377.0
2119.8,2,3,2,Sandy Loam,IV,Hot-Dry,Premium,False,False,2708.2,5740842.0
1445.8,3,3,2,Sandy Loam,III,Hot-Dry,Standard,False,False,1900.0,2747020.0
1602.8,2,4,2,Sandy Loam,IV,Composite,Standard,False,False,1889.9,3029132.0
6421.1,3,2,1,Clay,II,Composite,Standard,False,True,2095.9,13907983.0
4526.9,2,1,1,Rocky,II,Warm-Humid,Premium,False,False,2498.5,11310460.0
4232.6,2,2,3,Clay,IV,Warm-Humid,Standard,False,False,1679.6,7109075.0
1491.2,1,2,3,Black Cotton,III,Warm-Humid,Standard,False,False,2090.1,3116757.0
1902.9,1,3,2,Sandy Loam,III,Composite,Basic,False,False,1405.1,2673765.0
3998.2,2,5,1,Sandy Loam,II,Composite,Standard,False,False,1818.3,7269927.0
2597.0,2,3,1,Sandy Loam,IV,Warm-Humid,Standard,False,False,1989.3,5166212.0
878.0,1,3,2,Clay,II,Composite,Standard,False,False,1807.5,1586985.0
3170.6,2,2,2,Sandy Loam,II,Composite,Premium,False,False,2540.2,8053958.0
7028.2,3,5,1,Rocky,V,Warm-Humid,Luxury,False,False,4816.1,33848514.0
511.4,1,2,1,Sandy Loam,III,Composite,Premium,False,False,3399.9,1738709.0
2623.8,2,3,3,Sandy Loam,V,Composite,Standard,False,False,1887.0,4951111.0
1252.6,2,2,2,Clay,II,Composite,Luxury,True,False,4912.0,6152771.0
1937.2,1,3,2,Black Cotton,IV,Warm-Humid,Premium,False,False,3339.8,6469861.0
3441.8,2,4,2,Sandy Loam,III,Composite,Luxury,False,False,3773.0,12985911.0
2378.3,1,4,2,Sandy Loam,III,Composite,Standard,False,False,1854.6,4410795.0
893.8,1,2,3,Black Cotton,IV,Warm-Humid,Luxury,False,False,5105.0,4562849.0
4342.9,2,2,2,Black Cotton,II,Warm-Humid,Standard,False,False,1934.4,8400906.0
3227.4,2,1,2,Black Cotton,IV,Warm-Humid,Standard,False,False,2146.7,6928260.0
684.3,1,3,3,Sandy Loam,III,Hot-Dry,Basic,False,False,1245.7,852433.0
761.2,1,2,1,Sandy Loam,II,Warm-Humid,Premium,False,False,2949.6,2245236.0
4296.2,2,2,1,Sandy Loam,IV,Composite,Premium,False,False,2880.6,12375634.0
4283.3,2,5,1,Sandy Loam,II,Composite,Basic,True,False,1466.5,6281459.0
3182.5,2,2,2,Sandy Loam,III,Warm-Humid,Standard,False,False,1706.8,5431891.0
4476.2,2,3,1,Sandy Loam,IV,Warm-Humid,Standard,False,False,2011.2,9002533.0
3771.3,2,2,2,Sandy Loam,IV,Composite,Standard,False,False,1715.4,6469288.0
714.3,1,2,1,Sandy Loam,IV,Composite,Standard,False,False,2218.8,1584889.0
7193.6,3,4,1,Rocky,III,Moderate,Standard,False,False,1830.9,13170762.0
2383.2,3,1,1,Sandy Loam,III,Cold,Basic,False,False,1507.0,3591482.0
1514.8,1,3,1,Sandy Loam,II,Warm-Humid,Standard,False,False,1927.1,2919171.0
1099.7,2,2,1,Clay,IV,Moderate,Standard,False,False,2147.9,2362046.0
4019.0,2,3,3,Clay,III,Warm-Humid,Standard,False,False,1643.9,6606834.0
2971.3,3,3,1,Clay,III,Composite,Standard,True,False,2542.3,7553936.0
1307.6,1,2,2,Sandy Loam,III,Warm-Humid,Basic,False,False,1444.1,1888305.0
2996.9,2,3,2,Black Cotton,II,Composite,Standard,False,False,2002.1,6000093.0
2351.7,1,2,1,Clay,III,Moderate,Standard,False,False,2277.9,5356937.0
1740.9,2,2,2,Rocky,V,Moderate,Standard,False,False,1934.8,3368293.0
1488.6,1,2,2,Clay,II,Warm-Humid,Standard,False,False,2046.7,3046718.0
4336.6,2,2,2,Sandy Loam,II,Cold,Standard,False,False,1776.4,7703536.0
1554.3,1,3,1,Sandy Loam,III,Warm-Humid,Luxury,False,False,4410.3,6854929.0
1530.3,1,5,1,Black Cotton,IV,Composite,Luxury,False,True,5692.3,9160927.0
4376.9,3,3,1,Rocky,IV,Composite,Standard,False,False,2013.5,8812888.0
2917.7,3,3,1,Rocky,II,Warm-Humid,Luxury,True,True,4973.6,14961473.0
2354.2,1,4,3,Rocky,II,Composite,Standard,False,False,1581.5,3723167.0
3029.3,2,1,2,Black Cotton,IV,Hot-Dry,Standard,False,False,2305.2,6983142.0
2315.6,2,2,2,Clay,II,Hot-Dry,Standard,False,False,1891.1,4379031.0
3439.9,2,4,3,Black Cotton,III,Composite,Standard,False,False,1909.9,6569865.0
5139.9,3,3,2,Rocky,V,Hot-Dry,Basic,False,False,1429.6,7348001.0
1125.1,1,3,1,Sandy Loam,II,Composite,Standard,False,False,2119.0,2384087.0
1496.5,1,4,1,Black Cotton,III,Hot-Dry,Standard,False,False,2599.2,3889703.0
495.6,1,2,1,Sandy Loam,IV,Warm-Humid,Standard,False,False,2172.7,1076790.0
1779.6,3,3,1,Sandy Loam,II,Warm-Humid,Standard,False,False,1957.7,3483923.0
4183.0,2,2,1,Sandy Loam,II,Composite,Standard,False,False,1805.1,7550733.0
4465.0,2,1,2,Sandy Loam,III,Cold,Premium,False,False,2528.9,11291538.0
1258.7,1,3,2,Rocky,II,Hot-Dry,Premium,False,False,2673.8,3365512.0
2825.3,3,3,2,Sandy Loam,III,Warm-Humid,Standard,True,False,2090.0,5904877.0
4685.5,2,3,2,Clay,IV,Composite,Standard,False,False,2007.4,9405673.0
2175.1,1,2,1,Black Cotton,II,Composite,Luxury,False,False,5434.6,11820798.0
1493.5,2,4,2,Clay,IV,Composite,Standard,False,False,2124.3,3172642.0
1263.2,1,1,3,Sandy Loam,V,Composite,Standard,False,False,1921.8,2427618.0
2080.4,1,3,1,Clay,V,Warm-Humid,Basic,False,False,1845.4,3839170.0
2020.5,2,5,3,Sandy Loam,III,Hot-Dry,Standard,False,False,1619.9,3273008.0
1666.0,1,3,1,Rocky,II,Hot-Dry,Basic,False,False,1405.9,2342229.0
1129.3,2,1,2,Rocky,IV,Moderate,Standard,True,False,2059.4,2325680.0
679.1,1,2,1,Sandy Loam,II,Composite,Basic,False,False,1496.3,1016137.0
5491.3,3,3,3,Black Cotton,IV,Composite,Standard,False,False,2194.7,12051756.0
1170.4,2,3,2,Black Cotton,II,Composite,Standard,False,False,2106.2,2465096.0
532.2,1,3,1,Sandy Loam,II,Hot-Dry,Luxury,False,False,4616.0,2456635.0
2126.7,1,4,1,Clay,IV,Composite,Standard,False,False,2341.5,4979668.0
2390.7,2,2,1,Sandy Loam,II,Moderate,Standard,False,False,1736.6,4151690.0
3807.9,2,2,1,Black Cotton,III,Moderate,Basic,True,False,1794.4,6832896.0
4520.3,2,2,1,Black Cotton,V,Composite,Standard,False,False,2656.5,12008177.0
503.2,1,4,2,Sandy Loam,II,Composite,Premium,False,False,2953.5,1486201.0
3994.0,3,2,3,Rocky,III,Composite,Standard,False,False,1669.4,6667584.0
4027.4,2,3,3,Sandy Loam,IV,Warm-Humid,Standard,False,False,1729.8,6966597.0
4471.4,3,2,1,Clay,III,Hot-Dry,Standard,False,False,2171.3,9708751.0
2226.1,2,3,1,Rocky,III,Composite,Basic,False,False,1364.8,3038181.0
6014.5,3,5,1,Black Cotton,II,Warm-Humid,Standard,False,True,2275.7,14137198.0
1780.9,2,2,1,Sandy Loam,III,Moderate,Standard,False,False,1957.3,3485756.0
3200.8,3,3,2,Clay,IV,Warm-Humid,Premium,False,False,3110.4,9955768.0
4148.1,2,2,2,Rocky,III,Composite,Standard,False,False,1593.1,6608338.0
744.4,1,3,2,Black Cotton,III,Composite,Standard,False,False,2294.3,1707877.0
1696.0,1,3,1,Sandy Loam,IV,Hot-Dry,Premium,False,False,3282.8,5567629.0
4349.1,2,3,1,Sandy Loam,V,Warm-Humid,Standard,False,False,2112.8,9188778.0
1708.8,2,4,3,Sandy Loam,II,Warm-Humid,Luxury,False,False,3572.8,6105201.0
815.5,1,2,2,Rocky,II,Hot-Dry,Basic,False,False,1190.2,970608.0
1887.2,2,5,1,Black Cotton,III,Moderate,Basic,False,False,1700.3,3208806.0
2232.3,1,1,2,Black Cotton,II,Composite,Standard,False,False,2174.2,4853467.0
1325.6,1,1,2,Sandy Loam,III,Composite,Basic,False,False,1455.9,1929941.0
1210.0,1,3,1,Black Cotton,III,Warm-Humid,Premium,False,False,3916.8,4739328.0
1624.6,1,2,2,Sandy Loam,II,Composite,Standard,False,False,1753.2,2848249.0
704.4,1,2,3,Clay,II,Moderate,Basic,False,False,1450.3,1021591.0
2075.2,1,2,1,Clay,III,Composite,Luxury,False,False,5188.9,10768005.0
679.1,1,4,1,Sandy Loam,IV,Moderate,Standard,False,False,2127.8,1444989.0
3011.0,2,3,2,Sandy Loam,II,Warm-Humid,Premium,False,False,2550.4,7679254.0
1522.6,1,3,2,Black Cotton,IV,Moderate,Standard,False,False,2526.8,3847306.0
1974.1,1,3,2,Black Cotton,IV,Hot-Dry,Basic,False,False,1682.2,3320831.0
1967.5,1,4,1,Sandy Loam,V,Moderate,Standard,False,False,2223.6,4374933.0
6190.2,3,2,3,Sandy Loam,III,Composite,Standard,False,False,1588.4,9832514.0
6283.3,3,3,3,Black Cotton,II,Hot-Dry,Premium,False,False,3052.5,19179773.0
3310.6,2,4,2,Sandy Loam,II,Moderate,Standard,False,False,1680.0,5561808.0
2978.9,2,2,3,Sandy Loam,II,Composite,Standard,False,False,1510.6,4499926.0
2035.1,1,1,2,Clay,III,Hot-Dry,Standard,False,False,1892.6,3851630.0
872.8,1,1,2,Black Cotton,IV,Warm-Humid,Premium,False,False,3586.9,3130646.0
5419.2,3,2,2,Sandy Loam,II,Composite,Standard,False,False,1796.9,9737760.0
1067.8,1,1,2,Sandy Loam,IV,Composite,Premium,False,False,3114.1,3325236.0
2109.1,1,3,1,Black Cotton,IV,Warm-Humid,Premium,False,False,3745.4,7899423.0
6936.7,3,3,3,Clay,II,Composite,Standard,False,False,1793.3,12439584.0
670.1,1,3,3,Sandy Loam,V,Moderate,Basic,False,False,1468.5,984042.0
3009.7,3,2,2,Clay,III,Warm-Humid,Luxury,True,False,5154.5,15513499.0
4192.6,2,5,2,Sandy Loam,II,Composite,Premium,True,False,2783.3,11669264.0
506.3,1,2,2,Black Cotton,II,Warm-Humid,Standard,False,False,2257.6,1143023.0
1794.8,1,2,2,Rocky,II,Composite,Basic,False,False,1304.6,2341496.0
2038.8,2,2,2,Sandy Loam,V,Warm-Humid,Basic,False,False,1451.6,2959522.0
2292.4,1,3,1,Clay,IV,Composite,Luxury,False,False,5167.6,11846206.0
3824.2,2,3,1,Sandy Loam,III,Warm-Humid,Standard,True,False,2127.7,8136750.0
2528.1,2,2,1,Rocky,III,Hot-Dry,Basic,False,False,1337.6,3381587.0
1387.6,1,2,2,Clay,II,Composite,Premium,False,False,2948.7,4091616.0
1990.4,1,3,2,Clay,IV,Moderate,Standard,False,False,2083.5,4146998.0
6034.1,3,4,1,Black Cotton,IV,Warm-Humid,Premium,False,False,3738.8,22560293.0
2977.5,3,4,2,Sandy Loam,II,Composite,Standard,False,True,1885.0,6062588.0
2688.4,2,3,2,Clay,V,Composite,Premium,False,False,2999.6,8064125.0
3466.6,3,4,2,Sandy Loam,V,Composite,Standard,False,False,2056.4,7128716.0
1298.3,1,1,2,Rocky,III,Hot-Dry,Standard,False,False,1764.4,2290721.0
1485.9,1,4,2,Black Cotton,II,Composite,Standard,False,False,2198.7,3267048.0
4099.5,2,1,3,Sandy Loam,II,Hot-Dry,Premium,True,False,2579.4,10574250.0
1192.9,2,4,2,Clay,III,Hot-Dry,Premium,False,False,2702.8,3224170.0
2807.0,2,2,2,Sandy Loam,II,Hot-Dry,Luxury,False,False,3624.4,10173691.0
4397.8,2,4,1,Sandy Loam,III,Cold,Standard,False,False,1849.1,8131972.0
4000.7,3,4,2,Clay,III,Composite,Premium,False,False,2987.3,11951291.0
2349.4,1,3,2,Black Cotton,V,Composite,Standard,False,False,2408.2,5657825.0
1722.8,2,2,2,Sandy Loam,V,Warm-Humid,Standard,False,False,1955.9,3369625.0
6130.2,3,2,1,Black Cotton,II,Moderate,Standard,False,False,2145.4,13151731.0
2274.6,2,3,1,Rocky,II,Composite,Standard,False,False,1775.3,4038097.0
2705.8,2,4,2,Clay,II,Hot-Dry,Luxury,False,False,4333.8,11726396.0
950.8,1,2,1,Sandy Loam,III,Composite,Luxury,False,False,4756.0,4522005.0
1013.7,1,3,1,Sandy Loam,III,Composite,Premium,False,False,3142.3,3185350.0
1910.5,1,2,3,Black Cotton,II,Composite,Premium,False,False,2821.3,5390094.0
2173.1,1,3,2,Black Cotton,III,Composite,Standard,False,False,2153.5,4679771.0
2687.0,3,3,1,Sandy Loam,IV,Hot-Dry,Basic,False,False,1573.8,4228801.0
4193.9,2,2,3,Black Cotton,IV,Composite,Basic,False,False,1473.2,6178453.0
2577.4,2,2,3,Sandy Loam,III,Moderate,Standard,False,False,1774.1,4572565.0
1151.0,1,4,1,Rocky,III,Moderate,Standard,False,False,2090.6,2406281.0
4222.3,2,3,2,Black Cotton,III,Composite,Standard,True,False,2480.0,10471304.0
2285.0,2,4,1,Sandy Loam,IV,Composite,Basic,True,False,1689.5,3860508.0
1123.1,1,5,2,Black Cotton,V,Composite,Standard,False,False,2549.7,2863568.0
5614.3,3,2,2,Black Cotton,III,Hot-Dry,Premium,False,False,3236.4,18170121.0
809.4,1,3,2,Black Cotton,IV,Warm-Humid,Luxury,False,False,5790.9,4687154.0
1932.4,2,3,3,Rocky,II,Moderate,Basic,False,False,1137.0,2197139.0
1949.9,2,4,1,Black Cotton,IV,Warm-Humid,Standard,False,False,2472.5,4821128.0
6110.0,3,3,3,Sandy Loam,II,Warm-Humid,Premium,False,False,2425.2,14817972.0
3718.2,2,2,1,Black Cotton,III,Warm-Humid,Luxury,False,False,5000.2,18591744.0
5155.9,3,1,1,Sandy Loam,IV,Hot-Dry,Standard,False,False,2151.2,11091372.0
2125.0,2,2,3,Sandy Loam,III,Moderate,Standard,False,False,1615.1,3432088.0
2556.0,3,1,1,Sandy Loam,II,Composite,Premium,False,False,3063.5,7830306.0
6209.5,3,1,2,Sandy Loam,III,Warm-Humid,Premium,True,False,3262.5,20258494.0
579.5,1,2,1,Sandy Loam,III,Moderate,Standard,False,False,2101.7,1217935.0
2203.3,2,3,2,Clay,III,Warm-Humid,Premium,False,False,2976.9,6559004.0
1240.0,2,4,1,Rocky,IV,Moderate,Standard,False,False,1948.2,2415768.0
1369.1,2,3,2,Sandy Loam,III,Composite,Standard,False,False,1783.7,2442064.0
1924.0,2,5,2,Sandy Loam,III,Composite,Premium,False,False,2820.3,5426257.0
884.2,1,4,3,Black Cotton,IV,Warm-Humid,Standard,False,False,2303.4,2036666.0
2218.5,1,4,1,Black Cotton,III,Warm-Humid,Premium,False,False,3598.4,7983050.0
1990.7,2,5,1,Clay,III,Composite,Standard,False,False,2005.0,3991354.0
6918.2,3,2,1,Rocky,III,Cold,Standard,False,False,1955.6,13529232.0
6194.2,3,3,1,Rocky,III,Hot-Dry,Basic,False,False,1432.3,8871953.0
4030.4,3,4,1,Clay,II,Warm-Humid,Basic,False,False,1573.1,6340222.0
4733.4,2,2,3,Rocky,II,Hot-Dry,Premium,False,False,2056.2,9732817.0
4460.9,2,1,1,Sandy Loam,III,Hot-Dry,Standard,False,False,1978.3,8824998.0
6813.1,3,1,2,Black Cotton,III,Composite,Premium,False,False,3414.8,23265374.0
1849.8,1,3,2,Sandy Loam,II,Hot-Dry,Premium,False,False,2720.3,5032011.0
2532.9,3,2,1,Clay,III,Cold,Standard,False,True,2104.2,5779728.0
1043.4,2,3,2,Sandy Loam,III,Moderate,Standard,False,False,1756.1,1832315.0
2543.0,3,2,2,Black Cotton,III,Composite,Premium,False,False,3359.0,8541937.0
3569.0,2,3,1,Black Cotton,III,Composite,Premium,False,False,3473.2,12395851.0
2410.7,2,2,1,Sandy Loam,II,Hot-Dry,Standard,False,False,1889.0,4553812.0
1761.6,1,3,2,Sandy Loam,III,Hot-Dry,Standard,False,False,1780.4,3136353.0
1880.3,1,3,1,Sandy Loam,III,Warm-Humid,Standard,False,False,1988.8,3739541.0
5765.1,3,1,1,Black Cotton,V,Hot-Dry,Basic,False,False,1868.9,10774395.0
2211.6,1,2,3,Clay,IV,Composite,Standard,False,False,1847.7,4086373.0
2162.7,2,1,2,Clay,IV,Hot-Dry,Luxury,False,False,4684.6,10131384.0
541.4,1,5,1,Clay,V,Cold,Luxury,False,True,5676.3,3523149.0
1557.1,1,5,3,Sandy Loam,II,Hot-Dry,Basic,False,False,1152.5,1794558.0
5665.6,3,2,2,Rocky,V,Composite,Standard,False,False,1943.0,11008261.0
3970.4,2,3,2,Clay,IV,Warm-Humid,Luxury,True,False,4900.7,19457739.0
1512.8,2,3,1,Rocky,III,Warm-Humid,Standard,True,False,2228.4,3371124.0
2842.8,2,4,2,Black Cotton,III,Composite,Standard,False,False,2063.1,5864981.0
2135.5,2,4,3,Sandy Loam,III,Moderate,Basic,False,False,1283.3,2740487.0
4440.6,3,2,2,Black Cotton,IV,Warm-Humid,Standard,False,False,2404.4,10676979.0
931.1,1,2,2,Black Cotton,II,Composite,Basic,False,False,1645.9,1532497.0
647.7,1,2,1,Clay,III,Composite,Premium,False,False,3270.7,2118432.0
1964.1,2,4,2,Black Cotton,V,Composite,Standard,False,False,2399.3,4712465.0
1860.4,3,3,2,Rocky,II,Cold,Luxury,False,False,4206.9,7826517.0
549.8,1,2,3,Clay,III,Composite,Premium,False,False,2853.8,1569019.0
1231.8,1,3,1,Sandy Loam,IV,Hot-Dry,Basic,False,False,1564.3,1926905.0
1345.7,1,2,2,Clay,II,Composite,Basic,False,False,1496.9,2014378.0
4680.4,2,1,3,Sandy Loam,III,Composite,Premium,False,False,2450.2,11467916.0
560.9,1,2,2,Sandy Loam,II,Hot-Dry,Luxury,False,False,4078.8,2287799.0
2124.3,1,5,3,Sandy Loam,IV,Moderate,Luxury,False,False,4103.4,8716853.0
4421.2,2,2,3,Sandy Loam,III,Composite,Standard,False,False,1648.0,7286138.0
4957.7,3,1,2,Clay,IV,Moderate,Standard,False,False,2123.7,10528667.0
1433.2,2,1,2,Sandy Loam,V,Hot-Dry,Standard,False,False,2014.8,2887611.0
1490.9,1,2,1,Sandy Loam,IV,Composite,Luxury,False,False,4964.1,7400977.0
3562.2,2,2,2,Rocky,V,Warm-Humid,Standard,False,False,1840.2,6555160.0
2928.3,3,3,3,Black Cotton,IV,Moderate,Basic,False,True,1529.8,4929713.0
5122.7,3,2,1,Black Cotton,IV,Hot-Dry,Luxury,False,False,5855.7,29996994.0
1851.5,1,5,2,Sandy Loam,IV,Hot-Dry,Standard,False,False,2056.4,3807425.0
5988.2,3,1,1,Clay,II,Warm-Humid,Standard,False,False,1952.6,11692559.0
476.7,1,3,2,Clay,III,Cold,Standard,False,False,2043.7,974232.0
652.0,1,3,2,Sandy Loam,III,Warm-Humid,Standard,False,False,1975.5,1288026.0
675.3,1,3,1,Sandy Loam,II,Warm-Humid,Premium,False,False,2999.2,2025360.0
2227.8,1,1,1,Clay,II,Warm-Humid,Basic,False,False,1545.8,3443733.0
4707.4,3,3,2,Clay,II,Warm-Humid,Standard,False,False,1976.8,9305588.0
2038.6,1,2,1,Rocky,IV,Composite,Standard,False,False,1926.1,3926547.0
1513.9,3,2,2,Clay,IV,Moderate,Standard,False,False,2144.1,3245953.0
3897.1,2,2,1,Clay,IV,Composite,Standard,False,False,2180.3,8496847.0
1413.0,3,2,2,Black Cotton,III,Warm-Humid,Luxury,False,False,5753.0,8128989.0
3366.1,3,2,1,Clay,III,Composite,Standard,False,False,2182.3,7345840.0
2564.2,2,5,1,Rocky,III,Composite,Standard,False,False,1871.6,4799157.0
1290.6,1,2,3,Black Cotton,III,Composite,Standard,False,False,2015.6,2601333.0
2087.1,3,3,1,Black Cotton,IV,Warm-Humid,Standard,False,False,2564.7,5352785.0
1354.1,2,4,1,Clay,IV,Composite,Standard,False,False,2237.2,3029393.0
2708.2,2,3,2,Clay,III,Composite,Premium,False,False,2765.0,7488173.0
3508.2,2,5,2,Clay,II,Cold,Standard,False,False,1819.2,6382117.0
1438.5,2,1,1,Sandy Loam,III,Warm-Humid,Standard,False,False,1973.6,2839024.0
1602.4,1,3,2,Clay,III,Composite,Standard,False,False,2092.0,3352221.0
1835.5,2,2,2,Sandy Loam,IV,Composite,Premium,False,False,2770.5,5085253.0
3574.3,2,3,2,Black Cotton,III,Moderate,Standard,False,False,2084.3,7449913.0
4334.3,2,2,2,Rocky,II,Moderate,Basic,True,False,1298.6,5628522.0
471.2,1,3,3,Black Cotton,II,Composite,Standard,False,False,2013.3,948667.0
640.3,1,3,1,Clay,IV,Composite,Standard,False,False,2405.1,1539986.0
1081.2,1,2,2,Sandy Loam,IV,Moderate,Standard,False,False,2027.7,2192349.0
1883.0,2,5,1,Sandy Loam,IV,Composite,Standard,False,False,2107.7,3968799.0
7028.5,3,5,2,Sandy Loam,III,Moderate,Standard,False,False,1801.4,12661140.0
3611.4,3,3,2,Rocky,III,Warm-Humid,Premium,False,False,2611.9,9432616.0
614.5,1,2,3,Black Cotton,IV,Composite,Standard,False,False,2266.1,1392518.0
1294.0,2,2,1,Rocky,IV,Composite,Standard,True,False,2187.3,2830366.0
1745.3,1,2,2,Clay,II,Composite,Standard,False,False,1973.0,3443477.0
547.3,1,4,1,Sandy Loam,IV,Warm-Humid,Basic,False,False,1683.8,921544.0
4484.3,2,2,3,Rocky,III,Composite,Luxury,False,True,3506.4,16173750.0
689.9,1,2,2,Clay,III,Composite,Basic,False,False,1481.6,1022156.0
610.7,1,3,1,Sandy Loam,II,Composite,Standard,False,False,2109.6,1288333.0
4307.0,2,3,1,Sandy Loam,II,Warm-Humid,Standard,False,False,1725.8,7433021.0
3947.3,2,2,1,Sandy Loam,II,Composite,Luxury,True,True,4831.3,19520590.0
845.7,1,5,2,Black Cotton,IV,Hot-Dry,Luxury,False,False,5522.8,4670632.0
4197.7,2,2,1,Rocky,V,Warm-Humid,Premium,True,False,3404.1,14289391.0
1090.8,2,3,2,Sandy Loam,III,Hot-Dry,Premium,False,False,2707.0,2952796.0
4307.7,2,4,3,Rocky,IV,Composite,Standard,False,False,1580.4,6807889.0
2057.5,1,3,2,Clay,IV,Composite,Luxury,False,True,4948.6,10631744.0
4289.3,2,4,1,Black Cotton,III,Moderate,Standard,False,False,2334.8,10014658.0
4024.3,3,3,1,Black Cotton,II,Composite,Premium,False,True,3289.8,13689142.0
483.3,1,2,1,Sandy Loam,V,Warm-Humid,Premium,False,False,3479.8,1681787.0
1256.8,1,1,1,Black Cotton,II,Composite,Standard,False,False,2419.0,3040199.0
1034.3,1,3,2,Sandy Loam,II,Moderate,Luxury,False,False,4375.9,4525993.0
2214.4,2,2,2,Sandy Loam,IV,Composite,Luxury,True,False,4916.1,10886212.0
1779.3,2,5,3,Rocky,V,Moderate,Standard,False,False,1778.2,3163951.0
1889.7,1,4,3,Sandy Loam,III,Moderate,Basic,False,False,1290.1,2437902.0
1598.0,3,2,2,Sandy Loam,III,Moderate,Luxury,False,False,4433.1,7084094.0
1179.0,2,2,3,Black Cotton,III,Composite,Standard,False,False,2015.3,2376039.0
2242.1,1,3,2,Rocky,II,Warm-Humid,Standard,False,False,1700.5,3812691.0
3267.5,2,3,2,Clay,III,Composite,Premium,False,False,2686.3,8777485.0
2246.3,2,4,1,Black Cotton,IV,Warm-Humid,Standard,False,False,2399.1,5389098.0
1907.0,1,2,1,Sandy Loam,III,Moderate,Standard,False,False,2075.4,3957788.0
1100.4,2,2,1,Black Cotton,III,Composite,Standard,False,False,2403.7,2645031.0
1860.3,1,2,1,Rocky,II,Composite,Premium,False,False,2755.1,5125313.0
2865.6,2,4,3,Sandy Loam,III,Hot-Dry,Premium,False,False,2140.7,6134390.0
824.9,1,2,2,Clay,II,Composite,Premium,False,False,3124.6,2577483.0
5214.4,3,5,3,Clay,IV,Warm-Humid,Premium,False,True,2897.9,15560810.0
1662.7,1,3,1,Sandy Loam,II,Hot-Dry,Standard,False,False,1951.9,3245424.0
948.5,2,3,3,Sandy Loam,II,Warm-Humid,Standard,False,False,1613.5,1530405.0
1462.2,1,1,2,Clay,II,Composite,Standard,False,False,1997.2,2920306.0
3302.7,2,3,1,Sandy Loam,II,Warm-Humid,Standard,False,False,1811.6,5983171.0
2796.4,3,2,3,Sandy Loam,III,Composite,Basic,False,False,1204.1,3367145.0
1864.1,1,5,2,Clay,II,Composite,Standard,False,False,1885.7,3515133.0
1406.8,2,1,2,Sandy Loam,II,Warm-Humid,Standard,False,False,1698.5,2389450.0
951.4,1,3,2,Sandy Loam,III,Hot-Dry,Standard,False,False,1993.2,1896330.0
1567.8,1,2,1,Sandy Loam,III,Composite,Standard,False,False,2116.1,3317622.0
3431.2,2,3,2,Rocky,IV,Warm-Humid,Standard,True,False,2052.9,7043910.0
1482.5,2,3,1,Clay,III,Composite,Standard,False,False,2125.3,3150757.0
2127.0,1,2,3,Sandy Loam,II,Hot-Dry,Premium,False,False,2429.3,5167121.0
1638.9,2,2,2,Sandy Loam,III,Moderate,Premium,False,False,2651.4,4345379.0
2643.4,2,2,2,Sandy Loam,III,Moderate,Standard,False,False,1748.1,4620928.0
6618.1,3,3,2,Sandy Loam,IV,Cold,Standard,False,False,2067.2,13680936.0
4407.4,2,4,1,Black Cotton,III,Composite,Luxury,False,False,5081.0,22393999.0
3159.8,2,2,1,Sandy Loam,III,Warm-Humid,Basic,False,False,1361.2,4301120.0
996.1,1,5,1,Sandy Loam,IV,Composite,Standard,False,False,1987.5,1979749.0
5177.1,3,4,1,Sandy Loam,III,Moderate,Standard,False,False,2000.5,10356789.0
2058.4,2,3,1,Black Cotton,III,Moderate,Standard,False,False,2255.7,4643133.0
1129.6,2,5,1,Black Cotton,III,Warm-Humid,Standard,False,False,2349.6,2654108.0
2093.1,1,2,2,Sandy Loam,III,Moderate,Standard,False,False,1982.4,4149361.0
2089.3,1,4,2,Sandy Loam,V,Warm-Humid,Basic,False,False,1589.3,3320524.0
3299.7,2,2,1,Sandy Loam,III,Warm-Humid,Premium,False,False,2722.0,8981783.0
2083.5,1,3,1,Black Cotton,III,Composite,Standard,False,False,2390.2,4979982.0
1367.2,3,2,2,Clay,III,Composite,Standard,False,False,2018.4,2759556.0
1805.3,2,3,2,Sandy Loam,III,Composite,Standard,False,False,1837.7,3317600.0
628.7,1,2,2,Black Cotton,II,Warm-Humid,Standard,False,False,2306.3,1449971.0
1143.7,2,3,1,Sandy Loam,II,Hot-Dry,Standard,False,False,1906.2,2180121.0
1405.9,1,3,1,Sandy Loam,IV,Hot-Dry,Standard,False,False,2235.9,3143452.0
4783.9,2,3,2,Sandy Loam,II,Moderate,Premium,False,False,2492.6,11924349.0
1835.4,2,4,1,Clay,III,Composite,Standard,False,False,2164.8,3973274.0
4374.3,2,2,2,Clay,II,Hot-Dry,Standard,False,False,1783.7,7802439.0
1894.2,2,4,2,Black Cotton,IV,Hot-Dry,Standard,True,False,2580.0,4887036.0
3777.6,2,3,1,Sandy Loam,II,Composite,Premium,False,False,2689.4,10159477.0
2046.3,1,3,3,Rocky,II,Composite,Basic,False,False,1179.4,2413406.0
510.8,1,5,2,Clay,IV,Moderate,Standard,False,False,2277.6,1163398.0
5867.1,3,4,2,Sandy Loam,II,Composite,Standard,False,False,1821.5,10686923.0
2479.5,2,2,3,Clay,III,Warm-Humid,Standard,False,False,1579.4,3916122.0
1350.6,2,3,1,Black Cotton,II,Composite,Standard,False,False,2167.8,2927831.0
1315.2,1,3,2,Sandy Loam,IV,Composite,Standard,False,False,2092.4,2751924.0
1991.1,2,3,1,Black Cotton,IV,Warm-Humid,Basic,False,False,1788.1,3560286.0
1114.9,2,2,1,Black Cotton,III,Composite,Luxury,False,False,5112.2,5699592.0
2269.2,1,3,2,Clay,V,Moderate,Premium,False,False,3209.0,7281863.0
1105.4,2,3,2,Clay,II,Hot-Dry,Standard,False,False,1888.3,2087327.0
4267.3,2,1,3,Sandy Loam,V,Hot-Dry,Premium,True,False,3067.0,13087809.0
977.2,1,3,2,Black Cotton,III,Hot-Dry,Standard,False,False,2320.2,2267299.0
2067.8,3,4,2,Black Cotton,V,Warm-Humid,Standard,False,False,2577.7,5330168.0
2581.8,2,4,2,Sandy Loam,III,Hot-Dry,Standard,False,False,1889.5,4878311.0
5876.2,3,2,1,Rocky,IV,Moderate,Standard,False,True,2119.1,12902255.0
1017.6,1,2,2,Black Cotton,IV,Warm-Humid,Premium,False,False,3671.8,3736424.0
1171.6,1,2,3,Sandy Loam,V,Warm-Humid,Standard,False,False,1962.2,2298914.0
1502.4,1,3,1,Sandy Loam,II,Warm-Humid,Basic,False,False,1456.7,2188546.0
2175.0,1,2,2,Sandy Loam,II,Cold,Standard,False,False,1825.4,3970245.0
4000.3,2,1,1,Sandy Loam,II,Warm-Humid,Standard,True,False,2037.0,8148611.0
2217.6,1,3,2,Clay,IV,Warm-Humid,Premium,False,False,3046.8,6756584.0
2117.8,1,4,1,Sandy Loam,II,Hot-Dry,Standard,False,False,1925.6,4078036.0
1079.7,1,3,1,Black Cotton,IV,Moderate,Basic,False,False,1955.6,2111461.0
2941.5,3,3,1,Sandy Loam,IV,Composite,Premium,False,False,3261.2,9592820.0
1472.2,2,3,3,Black Cotton,II,Composite,Standard,False,False,1987.4,2925850.0
2185.8,3,3,1,Black Cotton,III,Moderate,Standard,False,True,2512.3,5941385.0
1890.8,2,3,1,Sandy Loam,II,Warm-Humid,Standard,False,False,1917.5,3625609.0
6389.4,3,2,2,Clay,III,Hot-Dry,Standard,False,False,1897.8,12125803.0
3195.9,2,2,1,Sandy Loam,IV,Moderate,Luxury,True,False,5477.6,17505862.0
1168.8,1,2,1,Sandy Loam,III,Composite,Standard,False,False,2210.9,2584100.0
4148.9,2,4,1,Rocky,IV,Composite,Premium,False,False,2699.0,11197881.0
581.0,1,2,1,Black Cotton,III,Composite,Standard,False,False,2414.6,1402883.0
1717.6,3,4,1,Black Cotton,V,Warm-Humid,Standard,False,False,2819.5,4842773.0
3852.0,2,2,2,Sandy Loam,IV,Composite,Premium,True,False,2984.7,11497064.0
5018.8,3,5,1,Black Cotton,III,Moderate,Standard,False,False,2409.8,12094304.0
5013.5,3,4,2,Clay,II,Composite,Premium,True,False,2969.7,14888591.0
2464.0,2,3,1,Clay,V,Moderate,Standard,False,False,2132.2,5253741.0
2383.6,2,4,2,Black Cotton,III,Warm-Humid,Standard,False,False,2051.8,4890670.0
3427.4,2,2,1,Black Cotton,III,Moderate,Standard,False,False,2274.0,7793908.0
1586.1,2,3,1,Sandy Loam,V,Cold,Basic,False,False,1675.7,2657828.0
738.0,1,3,1,Sandy Loam,V,Hot-Dry,Standard,False,False,2471.7,1824115.0
2358.1,2,3,2,Sandy Loam,III,Cold,Standard,False,False,1838.1,4334424.0
2827.9,2,3,1,Sandy Loam,III,Moderate,Basic,False,False,1326.1,3750078.0
3347.6,2,1,2,Clay,II,Composite,Standard,False,False,1883.1,6303866.0
1931.2,2,3,1,Sandy Loam,IV,Composite,Standard,False,False,2067.6,3992949.0
4393.6,2,2,1,Sandy Loam,II,Warm-Humid,Standard,False,False,1780.2,7821487.0
1318.6,1,2,1,Clay,III,Warm-Humid,Standard,False,False,2363.2,3116116.0
1723.6,1,2,2,Sandy Loam,III,Moderate,Basic,False,False,1331.2,2294456.0
3661.8,2,3,1,Sandy Loam,IV,Composite,Basic,True,False,1641.9,6012309.0
3439.2,2,2,2,Sandy Loam,II,Composite,Standard,False,False,1679.3,5775449.0
1455.0,2,4,2,Rocky,III,Composite,Premium,False,False,2478.0,3605490.0
881.0,1,4,1,Sandy Loam,IV,Warm-Humid,Basic,False,False,1576.1,1388544.0
2917.2,2,4,1,Sandy Loam,II,Warm-Humid,Standard,False,False,1756.5,5124062.0
2279.4,1,5,3,Rocky,III,Hot-Dry,Standard,False,False,1564.9,3567033.0
2083.8,2,2,3,Black Cotton,II,Moderate,Premium,False,False,2853.8,5946748.0
1247.4,2,2,2,Sandy Loam,II,Warm-Humid,Luxury,True,False,4260.4,5314423.0
1889.0,1,3,3,Sandy Loam,II,Composite,Premium,False,False,2397.7,4529255.0
996.6,1,3,1,Sandy Loam,II,Warm-Humid,Standard,False,False,1967.9,1961209.0
687.6,1,3,1,Rocky,IV,Hot-Dry,Standard,False,False,2154.2,1481228.0
1621.5,1,4,3,Sandy Loam,IV,Moderate,Basic,False,False,1291.4,2094005.0
1610.2,2,4,1,Black Cotton,V,Composite,Standard,True,False,3044.4,4902093.0
2060.2,1,3,1,Sandy Loam,IV,Warm-Humid,Standard,False,False,2275.9,4688809.0
2984.1,2,1,2,Clay,III,Composite,Luxury,False,True,4247.5,13124965.0
4465.2,2,4,3,Clay,IV,Composite,Standard,False,False,1725.7,7705596.0
1394.6,2,4,1,Clay,III,Composite,Premium,False,False,3119.7,4350734.0
1830.3,2,3,1,Sandy Loam,III,Warm-Humid,Standard,False,False,1951.6,3572013.0
4867.8,3,1,2,Clay,II,Warm-Humid,Standard,False,False,1985.0,9662583.0
4108.9,2,1,1,Clay,II,Composite,Standard,False,False,1830.2,7520109.0
3764.0,3,2,2,Sandy Loam,II,Composite,Standard,False,False,1762.4,6633674.0
2223.0,1,3,2,Black Cotton,III,Composite,Standard,False,False,2259.3,5022424.0
476.4,1,4,2,Black Cotton,V,Hot-Dry,Basic,False,False,1910.8,910305.0
1247.0,1,1,1,Black Cotton,IV,Composite,Luxury,False,False,5403.2,6737790.0
6002.9,3,5,2,Clay,III,Warm-Humid,Premium,False,False,2881.9,17299758.0
1420.5,1,1,1,Sandy Loam,II,Cold,Standard,False,False,1911.9,2715854.0
1669.5,2,2,2,Sandy Loam,III,Composite,Premium,True,False,3152.1,5262431.0
1502.2,3,1,2,Clay,IV,Moderate,Basic,False,False,1605.1,2411181.0
1689.8,1,1,2,Sandy Loam,II,Composite,Premium,False,False,2542.2,4295810.0
4472.2,2,2,1,Clay,III,Composite,Standard,False,False,2020.0,9033844.0
4038.3,2,3,2,Rocky,V,Composite,Standard,False,False,1911.0,7717191.0
838.3,1,2,1,Rocky,V,Composite,Standard,False,False,2200.4,1844595.0
1352.1,2,2,1,Clay,V,Warm-Humid,Basic,False,False,1790.8,2421341.0
2845.2,2,3,1,Black Cotton,IV,Cold,Standard,False,False,2203.5,6269398.0
6517.9,3,3,1,Rocky,IV,Warm-Humid,Standard,True,True,2399.1,16087094.0
3914.4,2,3,3,Rocky,III,Hot-Dry,Luxury,True,False,3923.2,15356974.0
2659.1,2,3,1,Clay,III,Composite,Standard,False,False,2027.4,5391059.0
2053.3,1,4,1,Black Cotton,IV,Composite,Standard,False,False,2472.4,5076579.0
1468.9,1,1,3,Clay,II,Hot-Dry,Standard,False,False,1645.8,2417516.0
877.4,1,5,2,Black Cotton,IV,Composite,Standard,False,False,2418.4,2121904.0
1975.2,1,3,1,Sandy Loam,III,Composite,Standard,False,False,2021.0,3991879.0
1738.6,1,3,2,Rocky,V,Cold,Premium,False,False,3039.8,5284996.0
1328.4,1,2,2,Sandy Loam,V,Hot-Dry,Standard,False,False,2220.6,2949845.0
3813.1,2,2,1,Clay,IV,Hot-Dry,Basic,False,False,1554.6,5927845.0
2852.8,2,2,1,Black Cotton,IV,Warm-Humid,Standard,False,False,2494.1,7115168.0
2217.1,1,2,1,Clay,III,Hot-Dry,Premium,False,False,3132.5,6945066.0
2555.2,2,2,3,Clay,IV,Composite,Premium,False,False,2763.1,7060273.0
2166.7,3,2,2,Sandy Loam,IV,Composite,Standard,True,False,2212.0,4792740.0
1986.1,1,2,2,Sandy Loam,II,Warm-Humid,Standard,False,False,1886.2,3746182.0
1046.5,1,3,2,Sandy Loam,IV,Hot-Dry,Premium,False,False,3030.0,3170895.0
3669.3,2,1,2,Sandy Loam,II,Moderate,Standard,False,False,1754.7,6438521.0
1228.7,2,5,1,Sandy Loam,III,Composite,Standard,False,False,2022.8,2485414.0
562.6,1,2,1,Sandy Loam,II,Warm-Humid,Premium,False,False,2921.0,1643355.0
2405.8,2,2,1,Sandy Loam,II,Hot-Dry,Luxury,False,False,3848.0,9257518.0
1501.1,1,3,2,Black Cotton,II,Warm-Humid,Standard,False,False,2186.2,3281705.0
4117.5,2,5,2,Sandy Loam,IV,Composite,Standard,False,False,1841.5,7582376.0
1492.9,1,3,1,Rocky,IV,Cold,Basic,False,False,1505.2,2247113.0
1826.8,3,2,1,Black Cotton,II,Moderate,Standard,False,False,2258.0,4124914.0
4847.2,3,2,3,Sandy Loam,II,Moderate,Standard,True,False,1853.3,8983316.0
1920.1,2,3,2,Black Cotton,IV,Composite,Standard,False,False,2369.1,4548909.0
4175.8,2,3,2,Clay,III,Moderate,Standard,False,False,1859.4,7764483.0
1739.7,1,3,3,Rocky,IV,Moderate,Premium,False,False,2433.7,4233908.0
3609.7,2,2,2,Clay,V,Warm-Humid,Luxury,False,False,4798.3,17320424.0
1647.1,2,2,1,Sandy Loam,III,Moderate,Luxury,True,False,4993.5,8224794.0
2414.3,2,3,1,Clay,III,Warm-Humid,Basic,False,False,1502.5,3627486.0
2256.9,2,4,2,Rocky,IV,Warm-Humid,Standard,False,False,1811.5,4088374.0
1678.6,2,3,1,Sandy Loam,III,Composite,Standard,False,False,1973.1,3312046.0
1653.3,1,3,2,Sandy Loam,III,Moderate,Standard,False,False,2043.3,3378188.0
2698.7,2,2,1,Black Cotton,IV,Cold,Standard,False,False,2526.7,6818805.0
1114.2,1,2,2,Sandy Loam,IV,Cold,Standard,False,False,1888.5,2104167.0
859.0,1,2,2,Sandy Loam,IV,Composite,Standard,False,False,2103.1,1806563.0
2269.8,2,3,2,Sandy Loam,V,Hot-Dry,Basic,False,False,1520.9,3452139.0
5698.3,3,2,2,Sandy Loam,IV,Composite,Luxury,False,False,4326.6,24654265.0
690.7,1,3,2,Sandy Loam,IV,Composite,Standard,False,False,1935.3,1336712.0
3396.8,2,5,2,Sandy Loam,III,Composite,Basic,False,False,1282.5,4356396.0
1484.1,1,2,3,Rocky,II,Hot-Dry,Luxury,False,False,3652.7,5420972.0
1849.4,2,3,1,Clay,V,Warm-Humid,Basic,False,False,1723.5,3187441.0
2447.5,2,1,2,Sandy Loam,II,Hot-Dry,Luxury,False,True,3994.5,10226539.0
6913.6,3,1,2,Clay,II,Composite,Premium,False,False,2805.4,19395413.0
2229.9,1,3,3,Sandy Loam,II,Composite,Standard,False,False,1689.6,3767639.0
1649.6,3,2,2,Clay,IV,Moderate,Standard,False,False,2241.5,3697578.0
1750.3,1,3,3,Sandy Loam,V,Moderate,Standard,False,False,2090.2,3658477.0
2383.6,2,3,3,Clay,IV,Moderate,Basic,False,False,1235.4,2944699.0
2258.6,1,2,1,Black Cotton,IV,Moderate,Standard,False,False,2472.8,5585066.0
3394.7,2,3,2,Sandy Loam,III,Composite,Basic,False,False,1226.2,4162581.0
4472.3,2,1,2,Sandy Loam,III,Moderate,Premium,False,False,2591.3,11589071.0
738.7,1,5,1,Sandy Loam,II,Warm-Humid,Standard,False,False,2023.6,1494833.0
2790.1,2,2,1,Sandy Loam,III,Composite,Luxury,True,False,4924.6,13740126.0
3699.6,2,3,1,Black Cotton,IV,Moderate,Premium,False,False,3563.2,13182415.0
2169.2,2,3,1,Sandy Loam,II,Composite,Standard,False,False,1927.8,4181784.0
1756.9,2,2,2,Sandy Loam,III,Composite,Standard,False,False,1828.1,3211789.0
3810.8,3,2,2,Clay,IV,Warm-Humid,Basic,False,False,1364.7,5200599.0
2379.4,1,4,3,Clay,V,Warm-Humid,Premium,False,False,3038.9,7230759.0
4190.1,2,3,2,Clay,V,Composite,Premium,False,False,3099.2,12985958.0
2328.5,1,5,3,Clay,IV,Composite,Premium,False,False,2917.9,6794330.0
1229.3,2,2,2,Sandy Loam,IV,Hot-Dry,Standard,False,False,1895.8,2330507.0
3107.9,3,2,1,Black Cotton,III,Moderate,Premium,False,False,3355.3,10427937.0
1812.2,1,2,1,Sandy Loam,V,Composite,Standard,False,False,2322.3,4208472.0
1493.8,3,4,2,Rocky,III,Hot-Dry,Standard,False,False,1788.9,2672259.0
3261.3,3,4,3,Clay,IV,Composite,Luxury,False,False,4301.8,14029460.0
2318.6,1,2,2,Black Cotton,IV,Hot-Dry,Standard,False,False,2478.5,5746650.0
1774.1,3,3,2,Rocky,III,Composite,Premium,False,False,2644.6,4691785.0
1326.5,1,4,3,Sandy Loam,IV,Composite,Standard,False,False,1875.5,2487851.0
1676.4,1,3,2,Sandy Loam,II,Composite,Standard,False,False,1870.9,3136377.0
3398.0,2,3,1,Rocky,IV,Warm-Humid,Standard,False,False,1813.8,6163292.0
3497.5,2,3,2,Sandy Loam,III,Warm-Humid,Premium,False,False,2767.5,9679331.0
2386.5,1,3,3,Black Cotton,IV,Composite,Premium,False,False,3344.6,7981888.0
1887.9,2,2,1,Sandy Loam,II,Composite,Standard,False,False,1895.5,3578514.0
3830.4,2,4,1,Clay,III,Hot-Dry,Luxury,False,True,4740.7,18608777.0
1675.8,1,3,2,Rocky,IV,Cold,Standard,False,False,1882.1,3154023.0
1954.2,1,3,1,Rocky,III,Composite,Premium,False,False,2714.5,5304676.0
2029.1,2,1,1,Sandy Loam,II,Composite,Standard,False,False,1808.7,3670033.0
3211.6,3,3,2,Sandy Loam,IV,Warm-Humid,Standard,False,True,2053.4,7044699.0
1942.5,1,2,1,Clay,II,Moderate,Premium,False,False,3289.0,6388882.0
1076.8,2,5,2,Clay,IV,Warm-Humid,Standard,False,False,2113.7,2276032.0
6510.8,3,4,2,Sandy Loam,V,Warm-Humid,Standard,False,False,2046.2,13322399.0
3413.5,2,2,1,Rocky,III,Moderate,Premium,False,False,2748.7,9382687.0
1577.1,1,2,2,Clay,III,Composite,Standard,False,False,1986.7,3133225.0
1369.1,2,2,2,Black Cotton,III,Warm-Humid,Premium,False,False,3056.9,4185202.0
4669.4,2,1,1,Rocky,II,Hot-Dry,Premium,True,False,2980.2,13915746.0
1033.5,1,4,1,Rocky,II,Composite,Standard,False,False,1982.1,2048500.0
3330.4,2,3,2,Black Cotton,V,Composite,Standard,True,False,2638.4,8786927.0
1038.3,2,3,1,Sandy Loam,II,Cold,Premium,False,False,2860.2,2969746.0
3162.9,2,2,1,Rocky,IV,Composite,Standard,False,False,1871.9,5920633.0
1055.0,1,2,1,Black Cotton,II,Hot-Dry,Premium,False,False,3599.8,3797789.0
1855.6,1,4,2,Black Cotton,II,Warm-Humid,Premium,False,False,3129.1,5806358.0
4096.2,3,2,1,Black Cotton,III,Hot-Dry,Premium,False,False,3564.5,14600905.0
1837.2,1,3,3,Rocky,III,Composite,Standard,False,False,1657.0,3044240.0
1743.9,1,1,3,Sandy Loam,II,Composite,Premium,False,False,2468.6,4304992.0
1430.1,2,4,2,Sandy Loam,III,Composite,Premium,False,False,2681.6,3834956.0
488.0,1,4,1,Clay,III,Warm-Humid,Standard,False,False,2271.4,1108443.0
881.7,1,4,2,Clay,II,Composite,Basic,False,False,1487.3,1311352.0
1823.6,1,3,2,Black Cotton,V,Warm-Humid,Standard,False,False,2423.5,4419495.0
811.7,1,2,2,Clay,III,Warm-Humid,Standard,False,False,2270.1,1842640.0
1317.2,2,2,2,Sandy Loam,IV,Moderate,Standard,True,False,2115.4,2786405.0
2390.7,2,3,2,Rocky,III,Composite,Standard,False,False,1732.5,4141888.0
1233.5,1,5,1,Rocky,II,Warm-Humid,Premium,False,False,2902.5,3580234.0
1938.4,1,3,2,Sandy Loam,III,Composite,Standard,False,False,1827.5,3542426.0
1036.8,1,3,1,Black Cotton,III,Warm-Humid,Standard,False,False,2499.4,2591378.0
2203.0,1,2,2,Black Cotton,III,Composite,Premium,False,False,3333.0,7342599.0
1284.6,1,3,3,Sandy Loam,II,Warm-Humid,Premium,False,False,2449.4,3146499.0
4339.5,2,1,1,Black Cotton,III,Moderate,Luxury,False,False,5022.8,21796441.0
1979.8,2,4,1,Sandy Loam,II,Moderate,Basic,False,False,1378.7,2729550.0
1566.5,3,2,2,Black Cotton,II,Warm-Humid,Standard,False,False,2157.5,3379724.0
4626.7,2,2,1,Sandy Loam,III,Hot-Dry,Standard,False,False,1763.5,8159185.0
2580.1,2,2,2,Black Cotton,II,Moderate,Premium,False,False,3124.1,8060490.0
3584.2,2,3,1,Black Cotton,II,Hot-Dry,Standard,False,False,2131.3,7639005.0
1513.7,2,2,1,Sandy Loam,V,Warm-Humid,Standard,False,False,2270.3,3436553.0
645.1,1,2,3,Sandy Loam,III,Hot-Dry,Basic,False,False,1251.4,807278.0
1943.4,2,2,1,Sandy Loam,III,Composite,Premium,True,False,3268.5,6352003.0
4714.8,3,1,1,Sandy Loam,II,Composite,Standard,False,False,2076.5,9790282.0
1477.3,1,4,1,Clay,IV,Composite,Basic,False,False,1753.1,2589855.0
1051.4,2,3,2,Clay,II,Moderate,Basic,False,False,1355.8,1425488.0
834.7,1,1,1,Sandy Loam,III,Composite,Basic,False,False,1552.2,1295621.0
3054.9,2,3,1,Black Cotton,III,Warm-Humid,Basic,False,False,1640.4,5011258.0
1998.0,1,3,2,Sandy Loam,IV,Moderate,Standard,False,False,2037.0,4069926.0
1261.4,2,1,2,Sandy Loam,III,Composite,Premium,False,False,2868.5,3618326.0
4201.8,2,3,1,Sandy Loam,III,Moderate,Premium,False,False,2756.3,11581421.0
3853.8,3,3,1,Sandy Loam,V,Composite,Standard,False,False,2316.9,8928869.0
2676.8,2,2,2,Black Cotton,II,Hot-Dry,Standard,False,False,2024.3,5418646.0
1885.6,1,2,1,Black Cotton,III,Warm-Humid,Basic,False,False,1790.9,3376921.0
1067.8,1,4,2,Sandy Loam,IV,Warm-Humid,Basic,False,False,1427.6,1524391.0
5062.4,3,2,1,Sandy Loam,II,Warm-Humid,Standard,False,False,1808.9,9157375.0
2808.8,2,2,2,Rocky,III,Warm-Humid,Premium,False,False,2532.9,7114410.0
3499.3,3,4,1,Rocky,III,Composite,Premium,False,False,2769.9,9692711.0
2675.3,2,1,1,Black Cotton,IV,Composite,Standard,False,False,2301.2,6156400.0
4157.8,2,3,1,Black Cotton,III,Hot-Dry,Standard,False,False,2283.3,9493505.0
1061.1,1,4,2,Sandy Loam,III,Composite,Standard,False,False,1894.4,2010148.0
2071.2,1,3,1,Sandy Loam,II,Warm-Humid,Standard,False,False,1942.0,4022270.0
1309.9,1,2,3,Clay,II,Composite,Standard,False,False,1987.3,2603164.0
4459.1,2,2,1,Sandy Loam,II,Composite,Standard,False,False,1877.0,8369731.0
1630.1,1,1,1,Clay,II,Composite,Standard,False,False,2080.3,3391097.0
1418.9,1,3,3,Clay,II,Warm-Humid,Premium,False,False,2623.5,3722484.0
2358.8,1,2,1,Clay,II,Warm-Humid,Basic,False,False,1624.9,3832814.0
2013.1,2,2,2,Clay,III,Composite,Standard,False,False,1899.1,3823078.0
1010.9,2,4,1,Clay,V,Moderate,Premium,False,False,3515.7,3554021.0
480.7,1,2,3,Clay,II,Composite,Premium,False,False,2881.9,1385329.0
1955.5,1,4,1,Rocky,III,Warm-Humid,Basic,False,False,1384.2,2706803.0
1435.0,1,4,1,Sandy Loam,II,Moderate,Standard,False,False,1950.1,2798394.0
2531.5,2,3,2,Black Cotton,III,Warm-Humid,Standard,True,False,2314.5,5859157.0
3733.0,2,4,2,Black Cotton,II,Warm-Humid,Standard,False,False,2026.9,7566418.0
3475.5,2,3,3,Black Cotton,II,Composite,Premium,False,False,2605.9,9056805.0
1787.0,2,3,3,Sandy Loam,II,Warm-Humid,Premium,False,False,2532.2,4525041.0
4178.6,3,4,2,Clay,IV,Warm-Humid,Standard,False,False,2106.3,8801385.0
3347.4,2,3,2,Clay,III,Warm-Humid,Standard,False,False,1853.6,6204741.0
2453.4,2,2,1,Clay,III,Composite,Standard,False,False,1951.3,4787319.0
3231.8,2,3,3,Black Cotton,III,Cold,Premium,False,False,2832.6,9154397.0
2228.5,1,3,3,Sandy Loam,II,Composite,Standard,False,False,1628.3,3628667.0
4476.5,2,4,3,Sandy Loam,III,Hot-Dry,Luxury,False,False,3478.1,15569715.0
1401.9,1,4,2,Black Cotton,V,Moderate,Premium,False,False,3922.6,5499093.0
1289.4,2,2,1,Sandy Loam,III,Cold,Standard,False,False,1941.0,2502725.0
6126.3,3,3,2,Clay,IV,Moderate,Standard,False,False,2132.8,13066173.0
4645.0,2,2,1,Sandy Loam,II,Moderate,Premium,False,False,2806.3,13035264.0
820.8,1,3,1,Black Cotton,IV,Warm-Humid,Standard,False,False,2702.0,2217802.0
3639.8,2,1,1,Sandy Loam,IV,Composite,Standard,False,False,1901.5,6921080.0
954.3,2,3,1,Clay,V,Moderate,Basic,False,False,1697.8,1620211.0
661.1,1,3,1,Rocky,III,Composite,Basic,False,False,1428.1,944117.0
3788.0,2,4,1,Sandy Loam,II,Composite,Standard,False,False,1814.7,6874084.0
522.6,1,2,3,Sandy Loam,II,Composite,Basic,False,False,1260.5,658737.0
3810.2,2,2,1,Clay,IV,Moderate,Standard,False,False,2204.6,8399967.0
1228.2,2,1,2,Rocky,III,Composite,Standard,False,False,1830.3,2247974.0
2923.6,2,5,1,Sandy Loam,IV,Warm-Humid,Basic,True,False,1685.1,4926558.0
613.0,1,2,3,Sandy Loam,III,Moderate,Standard,False,False,1784.6,1093960.0
963.6,1,4,2,Clay,IV,Moderate,Luxury,False,False,4927.0,4747657.0
2069.2,3,3,3,Black Cotton,III,Moderate,Standard,False,True,2078.2,4750211.0
2432.5,2,4,3,Rocky,IV,Warm-Humid,Premium,False,False,2411.4,5865730.0
1108.9,1,2,1,Sandy Loam,V,Composite,Standard,False,False,2298.2,2548474.0
4056.7,2,2,2,Clay,III,Cold,Standard,False,False,1910.3,7749514.0
1761.1,1,2,2,Sandy Loam,V,Moderate,Premium,False,False,3122.3,5498683.0
4276.5,3,2,2,Sandy Loam,II,Composite,Luxury,False,False,4011.0,17153042.0
6219.4,3,2,2,Clay,IV,Composite,Premium,False,True,3216.2,20452834.0
1189.0,2,3,2,Sandy Loam,IV,Composite,Standard,False,False,1972.9,2345778.0
2401.9,3,2,1,Black Cotton,III,Composite,Standard,False,False,2421.1,5815240.0
4396.0,2,2,2,Sandy Loam,III,Cold,Basic,False,False,1306.8,5744693.0
4063.8,2,3,1,Clay,IV,Composite,Luxury,False,False,4716.6,19167319.0
2090.4,1,3,1,Black Cotton,IV,Warm-Humid,Basic,False,False,1863.6,3895669.0
1405.9,1,3,1,Black Cotton,III,Composite,Luxury,False,False,5312.2,7468422.0
1764.9,1,2,2,Rocky,IV,Composite,Premium,False,False,2788.9,4922130.0
2026.9,1,2,2,Sandy Loam,II,Composite,Luxury,False,False,3790.8,7683573.0
882.3,1,2,2,Sandy Loam,III,Warm-Humid,Basic,False,False,1331.5,1174782.0
2743.7,2,3,3,Black Cotton,III,Composite,Standard,False,False,1871.5,5134835.0
1738.0,1,3,2,Sandy Loam,V,Hot-Dry,Standard,False,False,2168.2,3768332.0
4674.3,3,2,2,Sandy Loam,IV,Composite,Standard,False,False,1940.6,9070947.0
546.0,1,2,1,Sandy Loam,III,Composite,Standard,False,False,2027.6,1107070.0
1045.0,2,4,2,Black Cotton,V,Warm-Humid,Basic,True,False,1876.6,1961047.0
1482.8,1,2,2,Rocky,III,Hot-Dry,Standard,False,False,1798.1,2666223.0
2053.3,2,3,1,Sandy Loam,III,Moderate,Standard,False,False,1890.0,3880737.0
1747.9,1,3,3,Rocky,IV,Warm-Humid,Premium,False,False,2557.9,4470953.0
4739.1,2,3,1,Rocky,II,Moderate,Standard,False,False,1814.9,8600993.0
4309.3,2,3,2,Sandy Loam,IV,Composite,Standard,False,False,1832.9,7898516.0
1932.9,1,4,1,Sandy Loam,III,Composite,Basic,False,False,1505.3,2909594.0
4116.1,2,2,2,Rocky,III,Warm-Humid,Premium,False,False,2490.2,10249912.0
1074.1,1,4,1,Black Cotton,III,Hot-Dry,Basic,False,False,1858.2,1995893.0
1246.3,1,3,1,Black Cotton,III,Hot-Dry,Standard,False,False,2583.1,3219318.0
541.7,1,2,1,Black Cotton,IV,Composite,Basic,False,False,1935.4,1048406.0
2018.4,2,1,2,Clay,III,Moderate,Standard,False,False,1944.1,3923971.0
3917.4,2,2,2,Clay,II,Composite,Basic,False,False,1242.4,4866978.0
1027.4,2,2,1,Sandy Loam,III,Warm-Humid,Standard,False,False,2047.9,2104012.0
2130.9,1,4,1,Sandy Loam,III,Composite,Standard,False,False,2041.7,4350659.0
2016.6,2,1,2,Sandy Loam,III,Warm-Humid,Standard,False,False,1652.9,3333238.0
3811.7,2,3,1,Rocky,IV,Composite,Premium,True,False,3216.1,12258808.0
1995.5,2,5,2,Rocky,IV,Composite,Basic,True,False,1462.2,2917820.0
2311.2,1,5,1,Rocky,II,Composite,Premium,False,False,2854.3,6596858.0
4335.3,2,2,1,Black Cotton,IV,Warm-Humid,Standard,False,False,2344.5,10164111.0
1376.2,3,1,1,Sandy Loam,III,Composite,Standard,False,False,1952.6,2687168.0
3121.0,2,4,2,Clay,II,Warm-Humid,Basic,False,False,1290.1,4026402.0
2872.3,3,2,2,Sandy Loam,III,Warm-Humid,Premium,False,False,2682.8,7705806.0
3035.0,2,2,1,Sandy Loam,IV,Composite,Standard,False,False,1882.5,5713388.0
4025.8,2,2,2,Clay,IV,Composite,Standard,False,False,2151.1,8659898.0
4229.2,2,3,1,Sandy Loam,III,Composite,Standard,False,False,1949.6,8245248.0
3707.6,2,1,2,Sandy Loam,III,Warm-Humid,Standard,False,False,1700.6,6305145.0
2968.0,2,2,2,Sandy Loam,V,Hot-Dry,Premium,False,False,2915.1,8652017.0
1815.6,1,4,3,Sandy Loam,II,Composite,Premium,False,False,2531.5,4596191.0
1572.3,2,3,1,Clay,II,Composite,Premium,False,False,2750.5,4324611.0
2568.7,3,3,1,Rocky,IV,Warm-Humid,Standard,False,False,1986.2,5101952.0
2347.6,1,3,2,Rocky,III,Moderate,Standard,False,False,1774.6,4166051.0
1520.2,1,3,1,Sandy Loam,III,Composite,Premium,False,False,2838.6,4315240.0
1916.9,1,2,3,Black Cotton,III,Composite,Standard,False,False,2019.6,3871371.0
1365.3,1,4,1,Rocky,IV,Hot-Dry,Premium,False,False,3133.4,4278031.0
1173.8,1,2,1,Sandy Loam,III,Hot-Dry,Basic,False,False,1518.4,1782298.0
1083.6,1,2,1,Sandy Loam,II,Hot-Dry,Standard,False,False,2011.0,2179120.0
598.3,1,2,2,Sandy Loam,III,Warm-Humid,Standard,False,False,2030.9,1215087.0
458.6,1,3,1,Sandy Loam,II,Composite,Luxury,False,True,4673.6,2593313.0
1662.9,1,1,1,Clay,II,Cold,Standard,False,False,2096.5,3486270.0
878.6,1,5,1,Black Cotton,II,Composite,Standard,False,False,2448.5,2151252.0
4560.9,2,5,2,Black Cotton,IV,Warm-Humid,Standard,False,False,2096.4,9561471.0
4509.8,3,3,2,Sandy Loam,II,Composite,Premium,False,False,2525.4,11389049.0
2464.2,2,2,2,Sandy Loam,III,Composite,Premium,False,False,2651.0,6532594.0
3683.0,2,3,3,Sandy Loam,II,Hot-Dry,Standard,False,False,1479.1,5447525.0
556.1,1,5,2,Clay,V,Composite,Premium,False,False,3541.9,1969651.0
3131.1,2,1,3,Clay,II,Composite,Standard,False,False,1620.1,5072695.0
3229.1,2,2,3,Black Cotton,II,Composite,Standard,False,False,1852.1,5980616.0
4224.1,2,3,1,Clay,IV,Warm-Humid,Basic,False,False,1552.1,6556226.0
5839.6,3,4,2,Black Cotton,IV,Warm-Humid,Standard,False,False,2277.5,13299689.0
2108.2,1,3,1,Clay,II,Moderate,Basic,False,False,1498.5,3159138.0
2135.0,1,2,1,Sandy Loam,IV,Moderate,Standard,False,False,2125.1,4537088.0
3760.9,2,3,1,Black Cotton,IV,Composite,Premium,False,False,3415.0,12843474.0
1587.6,2,4,3,Clay,III,Cold,Standard,False,False,1867.7,2965161.0
2398.6,2,4,3,Clay,III,Composite,Basic,False,False,1338.2,3209807.0
2104.3,1,1,2,Rocky,V,Composite,Standard,False,False,2055.1,4324547.0
2765.3,3,3,2,Sandy Loam,II,Moderate,Premium,False,False,2599.0,7187015.0
2308.3,2,3,2,Clay,IV,Composite,Standard,False,False,1957.8,4519190.0
4340.5,2,2,2,Clay,V,Warm-Humid,Basic,False,False,1521.0,6601900.0
1798.9,1,2,2,Clay,IV,Composite,Basic,False,False,1568.1,2820855.0
885.3,1,3,2,Sandy Loam,III,Hot-Dry,Basic,False,False,1427.2,1263500.0
1205.8,1,2,1,Clay,III,Moderate,Standard,False,False,2250.8,2714015.0
587.3,1,2,1,Rocky,IV,Warm-Humid,Standard,False,False,2193.3,1288125.0
4148.9,2,4,1,Clay,II,Warm-Humid,Standard,False,False,1988.6,8250503.0
1820.0,1,2,1,Clay,III,Warm-Humid,Standard,False,False,2110.3,3840746.0
1823.8,1,3,1,Clay,IV,Moderate,Standard,False,False,2196.8,4006524.0
2211.6,1,2,3,Rocky,III,Hot-Dry,Luxury,False,False,3703.8,8191324.0
2409.7,2,2,2,Sandy Loam,V,Composite,Basic,False,False,1361.7,3281288.0
2228.5,1,3,1,Sandy Loam,IV,Warm-Humid,Basic,False,False,1491.0,3322694.0
1371.0,1,2,2,Sandy Loam,V,Moderate,Standard,False,False,2030.2,2783404.0
1956.1,2,4,1,Rocky,III,Composite,Standard,False,False,1890.5,3698007.0
1197.5,1,4,2,Rocky,II,Hot-Dry,Standard,False,False,1782.6,2134664.0
3125.4,2,1,2,Clay,II,Composite,Standard,False,False,1813.2,5666975.0
1216.3,1,3,1,Sandy Loam,II,Composite,Standard,False,False,2007.2,2441357.0
1438.3,2,4,2,Black Cotton,III,Composite,Premium,True,False,3751.7,5396070.0
3970.2,3,3,2,Black Cotton,III,Moderate,Basic,False,False,1553.9,6169294.0
3161.7,3,1,1,Clay,III,Moderate,Luxury,False,False,4654.6,14716449.0
4595.5,2,3,2,Rocky,II,Composite,Basic,False,False,1221.2,5612025.0
3440.5,3,3,1,Clay,III,Warm-Humid,Basic,False,False,1599.7,5503768.0
1773.7,1,3,1,Clay,II,Composite,Basic,False,False,1527.4,2709149.0
1887.2,1,3,2,Black Cotton,II,Composite,Basic,False,False,1503.2,2836839.0
509.1,1,3,1,Sandy Loam,III,Hot-Dry,Standard,False,False,2148.4,1093750.0
1520.4,2,3,1,Black Cotton,III,Hot-Dry,Standard,False,False,2414.2,3670550.0
2807.0,2,5,2,Sandy Loam,II,Composite,Standard,False,False,1645.6,4619199.0
2990.5,2,2,2,Sandy Loam,II,Composite,Standard,False,False,1762.9,5271952.0
1799.2,1,2,1,Rocky,III,Composite,Premium,False,False,2823.9,5080761.0
2406.7,2,3,2,Rocky,III,Moderate,Standard,False,False,1682.7,4049754.0
1623.6,2,2,1,Sandy Loam,III,Warm-Humid,Basic,False,False,1382.2,2244140.0
4451.3,2,2,2,Clay,III,Hot-Dry,Standard,False,False,1847.7,8224667.0
1662.7,2,5,2,Sandy Loam,IV,Hot-Dry,Standard,False,False,2064.7,3432977.0
2645.1,2,2,1,Clay,III,Warm-Humid,Standard,False,False,2029.5,5368230.0
2057.8,1,3,2,Black Cotton,V,Moderate,Standard,False,False,2509.5,5164049.0
3100.1,3,1,2,Sandy Loam,II,Composite,Premium,False,False,2550.3,7906185.0
2414.8,2,2,2,Black Cotton,III,Composite,Standard,True,False,2441.4,5895493.0
4223.4,3,2,2,Sandy Loam,III,Warm-Humid,Standard,False,False,1874.9,7918453.0
4171.9,2,4,1,Sandy Loam,III,Moderate,Premium,True,False,3278.7,13678409.0
4392.8,2,3,1,Black Cotton,II,Composite,Premium,False,False,3088.0,13564966.0
3904.2,2,4,1,Clay,IV,Warm-Humid,Premium,True,False,3567.2,13927062.0
2422.2,2,2,2,Rocky,II,Cold,Luxury,False,False,3587.4,8689400.0
1192.4,2,2,1,Clay,IV,Moderate,Standard,False,False,2037.3,2429277.0
586.6,1,3,2,Clay,II,Composite,Premium,False,False,3072.8,1802504.0
6951.3,3,4,3,Sandy Loam,III,Composite,Standard,False,False,1667.5,11591293.0
1991.8,1,3,1,Sandy Loam,III,Composite,Standard,False,False,2017.3,4018058.0
3254.7,2,1,1,Rocky,III,Warm-Humid,Standard,False,False,1817.0,5913790.0
3073.7,2,2,1,Black Cotton,III,Composite,Premium,True,False,3694.6,11356092.0
518.0,1,3,1,Rocky,IV,Composite,Standard,False,False,2130.3,1103495.0
4049.8,2,2,1,Sandy Loam,IV,Hot-Dry,Standard,False,False,1947.7,7887795.0
2312.6,1,2,2,Black Cotton,IV,Composite,Standard,False,False,2518.2,5823589.0
1640.0,1,1,1,Clay,III,Warm-Humid,Premium,False,False,3417.7,5605028.0
569.9,1,1,2,Black Cotton,II,Composite,Standard,False,False,2461.8,1402980.0
1009.7,1,3,2,Sandy Loam,III,Moderate,Standard,False,False,1887.4,1905708.0
2234.6,1,1,1,Clay,II,Warm-Humid,Premium,False,False,3138.4,7013069.0
1274.2,2,3,1,Clay,II,Warm-Humid,Standard,True,False,2430.0,3096306.0
1862.8,2,2,1,Clay,III,Warm-Humid,Luxury,True,False,5607.8,10446210.0
3121.6,2,4,2,Sandy Loam,II,Composite,Premium,False,False,2420.3,7555208.0
3048.1,3,3,2,Black Cotton,II,Composite,Standard,False,False,2098.1,6395219.0
2361.8,1,2,1,Sandy Loam,IV,Warm-Humid,Basic,False,False,1515.1,3578363.0
1160.3,2,1,2,Sandy Loam,II,Composite,Standard,False,False,1677.5,1946403.0
1359.7,1,2,1,Black Cotton,IV,Moderate,Standard,False,False,2546.6,3462612.0
608.6,1,4,1,Sandy Loam,III,Moderate,Standard,False,False,1995.5,1214461.0
1965.0,1,3,2,Sandy Loam,IV,Warm-Humid,Premium,False,False,2988.8,5872992.0
1578.1,1,2,2,Sandy Loam,V,Cold,Premium,False,False,3255.5,5137505.0
1901.1,3,3,1,Clay,III,Composite,Standard,True,False,2541.5,4831646.0
2981.9,3,2,1,Clay,V,Composite,Standard,False,False,2387.9,7120479.0
766.2,1,3,3,Black Cotton,IV,Composite,Basic,False,False,1675.7,1283921.0
2987.4,2,3,2,Clay,II,Hot-Dry,Standard,False,False,1826.6,5456785.0
1528.1,1,3,1,Sandy Loam,III,Warm-Humid,Luxury,False,False,4579.8,6998392.0
1035.2,2,3,1,Black Cotton,II,Hot-Dry,Standard,False,False,2165.2,2241415.0
739.6,1,3,1,Black Cotton,V,Composite,Standard,False,False,2856.6,2112741.0
2875.3,2,2,2,Black Cotton,III,Composite,Basic,False,False,1510.9,4344291.0
4752.5,2,1,2,Rocky,III,Hot-Dry,Premium,False,False,2398.3,11397921.0
1365.2,2,2,2,Clay,IV,Cold,Standard,False,False,2050.0,2798660.0
1280.6,2,3,1,Sandy Loam,II,Moderate,Basic,False,False,1344.1,1721254.0
816.9,1,4,3,Black Cotton,II,Hot-Dry,Standard,False,False,2030.3,1658552.0
1126.2,1,3,3,Sandy Loam,IV,Composite,Standard,False,False,1897.7,2137190.0
1815.4,2,2,1,Black Cotton,IV,Warm-Humid,Premium,False,False,3648.6,6623668.0
1284.8,1,2,2,Sandy Loam,III,Moderate,Premium,False,False,2915.0,3745192.0
2792.4,2,3,1,Black Cotton,II,Moderate,Standard,False,False,2230.1,6227331.0
4124.4,2,2,1,Black Cotton,II,Warm-Humid,Standard,True,False,2489.7,10268519.0
6735.1,3,4,1,Sandy Loam,V,Hot-Dry,Standard,False,True,2201.7,15278670.0
1777.8,1,2,2,Clay,IV,Cold,Standard,False,False,2192.8,3898360.0
4161.9,2,1,2,Clay,II,Hot-Dry,Standard,False,False,1738.8,7236712.0
1446.2,2,2,1,Rocky,V,Warm-Humid,Premium,False,False,3145.4,4548877.0
2320.8,1,5,2,Clay,IV,Moderate,Premium,False,False,3129.3,7262479.0
2872.0,2,3,2,Black Cotton,IV,Warm-Humid,Standard,False,False,2385.6,6851443.0
5025.6,3,3,2,Clay,II,Composite,Standard,True,False,2092.9,10518078.0
2645.1,2,2,2,Rocky,IV,Composite,Standard,False,False,1725.0,4562798.0
2977.6,2,4,1,Sandy Loam,IV,Warm-Humid,Premium,True,False,3561.9,10605913.0
2097.5,1,2,1,Sandy Loam,III,Warm-Humid,Premium,False,False,3021.7,6338016.0
2025.6,2,3,2,Rocky,IV,Hot-Dry,Standard,False,False,1814.7,3675856.0
6095.5,3,2,2,Black Cotton,II,Hot-Dry,Standard,False,False,2139.8,13043151.0
3648.1,2,3,3,Sandy Loam,II,Hot-Dry,Premium,False,False,2176.1,7938630.0
1261.4,1,3,3,Sandy Loam,IV,Hot-Dry,Premium,False,False,2676.3,3375885.0
1668.0,1,2,1,Sandy Loam,II,Hot-Dry,Standard,False,False,1924.4,3209899.0
2352.5,1,3,1,Sandy Loam,IV,Composite,Standard,False,False,2130.5,5012001.0
3240.9,2,2,2,Black Cotton,IV,Hot-Dry,Standard,False,False,2172.5,7040855.0
550.6,1,3,2,Clay,IV,Composite,Basic,False,False,1634.2,899791.0
2880.2,2,3,3,Sandy Loam,II,Composite,Basic,False,False,1102.8,3176285.0
6762.0,3,3,3,Clay,IV,Hot-Dry,Standard,False,False,1934.1,13078384.0
5367.7,3,5,1,Rocky,II,Composite,Standard,False,False,2010.0,10789077.0
1909.0,3,5,1,Clay,V,Hot-Dry,Luxury,True,False,6544.1,12492687.0
4660.2,2,4,1,Sandy Loam,II,Moderate,Premium,False,False,2538.3,11828986.0
3938.0,3,1,1,Clay,III,Moderate,Standard,False,True,2060.0,8562280.0
2162.2,2,5,3,Clay,III,Warm-Humid,Standard,True,False,2036.4,4403104.0
1310.3,2,3,1,Sandy Loam,IV,Warm-Humid,Premium,False,False,3144.5,4120238.0
4341.1,3,3,2,Clay,II,Warm-Humid,Standard,False,False,1916.3,8318850.0
905.3,2,3,2,Sandy Loam,III,Composite,Standard,True,False,2071.8,1875601.0
1194.9,1,2,1,Sandy Loam,V,Warm-Humid,Standard,False,False,2373.9,2836573.0
2053.1,2,1,2,Clay,IV,Composite,Standard,False,False,1954.6,4012989.0
3129.4,2,1,1,Sandy Loam,III,Warm-Humid,Basic,False,False,1292.9,4046001.0
1926.7,1,4,2,Sandy Loam,III,Warm-Humid,Premium,False,False,2934.6,5654094.0
1399.2,2,2,3,Clay,II,Hot-Dry,Premium,False,False,2518.2,3523465.0
1511.0,1,3,3,Sandy Loam,II,Hot-Dry,Standard,False,False,1672.8,2527601.0
4015.3,2,3,1,Clay,III,Warm-Humid,Standard,True,False,2286.6,9181385.0
1540.2,1,2,2,Sandy Loam,III,Cold,Basic,False,False,1457.6,2244996.0
1394.8,3,3,1,Sandy Loam,II,Hot-Dry,Basic,False,False,1561.0,2177283.0
1561.8,2,3,1,Clay,IV,Composite,Basic,False,False,1529.1,2388148.0
2366.8,1,3,1,Sandy Loam,IV,Hot-Dry,Standard,False,False,2256.1,5339737.0
1534.7,1,4,1,Clay,V,Composite,Standard,False,False,2403.8,3689112.0
612.0,1,4,2,Black Cotton,III,Warm-Humid,Standard,False,False,2311.4,1414577.0
2485.7,2,2,2,Sandy Loam,III,Composite,Standard,False,False,1737.7,4319401.0
1360.8,1,2,2,Black Cotton,V,Warm-Humid,Standard,False,False,2729.2,3713895.0
3858.1,2,5,1,Rocky,II,Composite,Premium,False,False,2547.3,9827738.0
4518.5,2,3,1,Sandy Loam,IV,Moderate,Standard,False,False,2057.3,9295910.0
3492.1,3,1,1,Clay,III,Moderate,Standard,False,False,2014.7,7035534.0
1765.2,3,5,1,Rocky,II,Composite,Premium,False,True,2920.7,5605620.0
4595.3,2,2,1,Black Cotton,V,Composite,Standard,False,False,2486.7,11427133.0
5724.8,3,3,1,Sandy Loam,III,Composite,Basic,False,False,1333.6,7634593.0
1513.2,1,3,2,Sandy Loam,III,Composite,Standard,False,False,1923.3,2910338.0
668.2,1,2,1,Clay,IV,Moderate,Luxury,False,False,5472.0,3656390.0
3333.9,2,3,3,Sandy Loam,III,Warm-Humid,Standard,False,False,1596.0,5320904.0
2960.6,2,4,1,Sandy Loam,II,Composite,Basic,False,False,1355.4,4012797.0
1885.2,2,4,2,Sandy Loam,V,Composite,Luxury,False,False,4512.2,8506399.0
1547.0,1,3,2,Rocky,IV,Moderate,Luxury,False,False,4356.5,6739506.0
690.0,1,1,1,Sandy Loam,III,Warm-Humid,Standard,False,False,2025.3,1397457.0
943.7,2,3,2,Black Cotton,III,Warm-Humid,Standard,False,False,2084.6,1967237.0
1601.8,1,2,1,Rocky,II,Moderate,Standard,False,False,1989.8,3187262.0
3163.5,2,3,2,Sandy Loam,IV,Warm-Humid,Luxury,False,False,4125.3,13050387.0
1551.9,2,2,2,Rocky,III,Composite,Standard,False,False,1793.8,2783798.0
2294.1,2,2,3,Black Cotton,III,Composite,Basic,False,False,1470.2,3372786.0
1738.3,2,3,3,Black Cotton,III,Hot-Dry,Standard,False,False,2066.8,3592718.0
689.5,1,3,3,Clay,III,Hot-Dry,Standard,False,False,1985.4,1368933.0
1278.8,1,4,1,Sandy Loam,V,Composite,Basic,False,False,1672.4,2138665.0
2331.7,2,5,2,Sandy Loam,IV,Hot-Dry,Standard,False,False,1758.6,4100528.0
1870.6,1,4,3,Clay,II,Composite,Standard,False,False,1772.9,3316387.0
2008.6,2,5,3,Clay,V,Hot-Dry,Standard,True,False,2166.6,4351833.0
2355.5,2,5,2,Clay,III,Warm-Humid,Standard,False,False,1981.5,4667423.0
1211.8,1,3,2,Clay,IV,Warm-Humid,Premium,False,False,2973.9,3603772.0
2459.9,2,3,3,Black Cotton,II,Hot-Dry,Standard,False,False,1891.1,4651917.0
1504.8,2,2,2,Sandy Loam,III,Composite,Standard,False,False,1848.3,2781322.0
1611.4,2,4,1,Black Cotton,II,Composite,Standard,False,False,2129.5,3431476.0
3303.8,2,3,2,Clay,IV,Composite,Premium,False,False,2943.0,9723083.0
1097.5,1,3,1,Clay,V,Composite,Standard,False,False,2586.6,2838794.0
1598.2,2,5,2,Black Cotton,III,Composite,Standard,False,False,2201.4,3518277.0
1136.7,1,3,2,Sandy Loam,IV,Composite,Standard,False,False,2148.7,2442427.0
3203.4,3,1,2,Sandy Loam,II,Cold,Standard,False,False,1714.8,5493190.0
556.3,1,2,1,Sandy Loam,II,Warm-Humid,Standard,False,False,1995.9,1110319.0
6326.0,3,1,3,Sandy Loam,II,Composite,Standard,False,False,1640.9,10380333.0
630.1,1,4,2,Clay,III,Composite,Standard,False,False,1944.9,1225481.0
2551.9,2,5,2,Rocky,V,Composite,Luxury,True,False,5071.0,12940685.0
2244.9,3,3,2,Sandy Loam,IV,Warm-Humid,Basic,True,False,1595.9,3582636.0
4218.3,2,3,1,Sandy Loam,IV,Composite,Basic,False,False,1388.1,5855422.0
1106.9,1,1,2,Sandy Loam,II,Composite,Standard,False,False,1825.5,2020646.0
4382.1,3,4,2,Sandy Loam,II,Hot-Dry,Premium,False,False,2532.6,11098106.0
3283.9,2,2,2,Sandy Loam,III,Composite,Standard,False,False,1786.2,5865702.0
1673.9,2,4,2,Black Cotton,IV,Warm-Humid,Standard,False,False,2296.5,3844111.0
678.0,1,2,3,Sandy Loam,V,Composite,Premium,False,False,3033.0,2056374.0
1115.9,1,2,2,Rocky,III,Moderate,Standard,False,False,1806.9,2016320.0
1693.0,1,3,1,Sandy Loam,IV,Composite,Basic,False,False,1501.3,2541701.0
1827.1,1,2,1,Sandy Loam,III,Hot-Dry,Premium,False,False,2973.2,5432334.0
617.7,1,3,2,Sandy Loam,II,Composite,Premium,False,False,2811.6,1736725.0
551.1,1,2,1,Sandy Loam,IV,Warm-Humid,Standard,False,False,2156.9,1188668.0
2258.6,1,1,1,Black Cotton,III,Hot-Dry,Standard,False,False,2461.2,5558866.0
2383.1,2,3,2,Clay,IV,Moderate,Premium,False,False,2788.1,6644321.0
2539.4,2,1,1,Black Cotton,II,Warm-Humid,Premium,True,False,3661.1,9296997.0
1059.7,1,3,1,Rocky,III,Moderate,Basic,False,False,1446.7,1533068.0
1843.2,1,3,2,Rocky,V,Composite,Premium,False,False,2957.6,5451448.0
7131.3,3,3,1,Rocky,III,Warm-Humid,Standard,False,False,1744.6,12441266.0
3636.9,3,2,3,Sandy Loam,IV,Warm-Humid,Luxury,False,False,3977.4,14465406.0
1519.3,1,2,1,Sandy Loam,III,Warm-Humid,Luxury,False,False,4551.3,6914790.0
2679.9,2,5,1,Sandy Loam,IV,Warm-Humid,Standard,False,False,1907.1,5110837.0
3396.6,2,2,2,Black Cotton,IV,Moderate,Standard,False,False,2284.8,7760552.0
1281.7,1,3,2,Sandy Loam,V,Composite,Basic,False,False,1528.8,1959463.0
1609.7,1,3,2,Sandy Loam,II,Hot-Dry,Standard,False,False,1822.9,2934322.0
1539.7,1,1,3,Sandy Loam,II,Composite,Standard,False,False,1718.6,2646128.0
2723.7,2,3,3,Rocky,III,Composite,Standard,False,False,1454.5,3961622.0
4412.7,3,2,1,Rocky,IV,Warm-Humid,Luxury,False,False,4515.5,19925547.0
2001.6,1,3,2,Rocky,III,Hot-Dry,Premium,False,False,2740.9,5486185.0
5095.4,3,1,1,Clay,III,Warm-Humid,Standard,False,False,2135.1,10879189.0
1575.5,1,2,1,Sandy Loam,III,Moderate,Basic,False,False,1486.1,2341351.0
1606.5,2,2,2,Clay,III,Hot-Dry,Standard,False,False,2043.8,3283365.0
4488.4,2,3,2,Sandy Loam,III,Composite,Basic,False,False,1241.8,5573695.0
880.9,1,3,2,Sandy Loam,III,Composite,Standard,False,False,1880.0,1656092.0
1548.4,1,3,3,Clay,II,Composite,Luxury,False,False,4035.3,6248259.0
2175.1,1,1,2,Sandy Loam,II,Warm-Humid,Premium,False,False,2469.1,5370539.0
1641.5,1,3,2,Rocky,V,Composite,Premium,False,False,3077.7,5052045.0
514.4,1,2,3,Sandy Loam,IV,Composite,Standard,False,False,1914.2,984664.0
2096.1,2,4,1,Clay,III,Composite,Standard,False,False,2040.8,4277721.0
3752.3,3,1,2,Rocky,III,Composite,Premium,False,False,2448.6,9187882.0
1951.4,2,1,1,Black Cotton,II,Composite,Standard,False,False,2350.8,4587351.0
5298.1,3,3,2,Black Cotton,III,Hot-Dry,Premium,False,False,3128.5,16575106.0
2289.8,2,4,2,Black Cotton,II,Warm-Humid,Premium,False,False,3072.2,7034724.0
572.8,1,3,3,Rocky,III,Hot-Dry,Standard,False,False,1731.1,991574.0
3473.8,2,4,1,Sandy Loam,II,Moderate,Premium,True,False,3040.8,10563131.0
1027.8,2,2,1,Clay,II,Hot-Dry,Standard,False,False,2116.3,2175133.0
2489.7,2,2,1,Sandy Loam,II,Warm-Humid,Standard,True,False,2172.4,5408624.0
1075.3,1,2,1,Rocky,II,Hot-Dry,Basic,False,False,1348.3,1449827.0
1755.7,1,3,1,Sandy Loam,II,Composite,Luxury,False,True,4535.0,8412100.0
1702.2,2,3,1,Clay,IV,Warm-Humid,Premium,True,False,4005.4,6817992.0
2012.6,2,3,2,Rocky,IV,Composite,Standard,False,False,1783.4,3589271.0
3231.2,3,2,1,Sandy Loam,III,Composite,Standard,False,False,1992.0,6436550.0
1208.4,2,4,1,Black Cotton,V,Composite,Basic,False,False,1954.8,2362180.0
4319.0,2,4,3,Clay,IV,Warm-Humid,Basic,False,False,1332.8,5756363.0
2618.4,2,3,3,Clay,III,Composite,Premium,False,False,2703.3,7078321.0
948.7,1,4,1,Sandy Loam,III,Warm-Humid,Standard,False,False,2020.6,1916943.0
2872.0,2,3,3,Clay,IV,Warm-Humid,Standard,False,False,1958.0,5623376.0
5175.5,3,2,1,Sandy Loam,II,Composite,Standard,False,True,1920.5,10389548.0
2075.4,1,2,1,Sandy Loam,III,Moderate,Luxury,False,False,4541.1,9424599.0
4684.2,2,3,1,Clay,V,Composite,Premium,False,False,3383.8,15850396.0
1274.3,1,2,1,Black Cotton,III,Warm-Humid,Standard,False,False,2518.0,3208687.0
4330.6,3,3,1,Sandy Loam,IV,Moderate,Basic,True,False,1814.8,7859173.0
2918.3,3,3,3,Clay,II,Composite,Premium,True,True,2871.2,8829023.0
2146.1,1,4,3,Clay,III,Composite,Premium,False,False,2698.3,5790822.0
3618.1,2,2,1,Sandy Loam,II,Moderate,Premium,True,False,2975.2,10764571.0
3028.2,3,3,3,Sandy Loam,III,Composite,Standard,False,True,1685.0,5552517.0
4804.8,3,3,1,Sandy Loam,III,Warm-Humid,Standard,False,True,1946.8,9803985.0
977.0,1,4,2,Sandy Loam,III,Composite,Basic,False,False,1493.5,1459150.0
1700.3,1,2,2,Rocky,III,Composite,Standard,False,False,1862.0,3165959.0
1144.1,2,3,1,Sandy Loam,IV,Composite,Basic,False,False,1516.0,1734456.0
3906.8,2,4,1,Clay,IV,Moderate,Standard,False,False,2170.3,8478928.0
1364.2,2,2,2,Black Cotton,IV,Composite,Premium,False,False,3332.7,4546469.0
1032.3,2,3,3,Clay,III,Moderate,Standard,False,False,1851.3,1911097.0
2253.9,1,3,2,Sandy Loam,II,Warm-Humid,Standard,False,False,1695.6,3821713.0
2714.9,3,2,1,Clay,II,Warm-Humid,Luxury,False,False,4781.3,12980751.0
3000.1,2,3,1,Rocky,II,Warm-Humid,Basic,False,False,1220.1,3660422.0
4152.5,2,2,2,Black Cotton,II,Warm-Humid,Premium,False,False,3019.2,12537228.0
2121.1,1,3,1,Sandy Loam,II,Composite,Premium,False,False,2930.6,6216096.0
1195.7,1,2,1,Black Cotton,III,Hot-Dry,Basic,False,False,1746.9,2088768.0
3790.9,2,2,2,Sandy Loam,V,Composite,Standard,False,False,1812.9,6872523.0
4777.3,2,2,2,Clay,II,Composite,Standard,False,False,1825.3,8720006.0
1551.0,1,4,3,Black Cotton,II,Moderate,Basic,False,False,1417.4,2198387.0
1079.6,1,1,1,Sandy Loam,V,Hot-Dry,Standard,False,False,2322.7,2507587.0
3385.3,2,2,2,Sandy Loam,III,Warm-Humid,Standard,False,False,1751.3,5928676.0
1219.5,1,3,1,Clay,V,Composite,Premium,False,False,3691.3,4501540.0
5077.2,3,2,2,Black Cotton,IV,Warm-Humid,Premium,False,False,3459.2,17563050.0
590.6,1,3,2,Black Cotton,II,Warm-Humid,Luxury,False,False,4916.0,2903390.0
1275.3,2,3,2,Black Cotton,IV,Moderate,Premium,False,False,3663.5,4672062.0
952.4,1,4,2,Clay,II,Composite,Premium,False,False,2747.6,2616814.0
3932.0,2,4,2,Black Cotton,III,Composite,Standard,False,False,2133.0,8386956.0
803.7,1,1,2,Sandy Loam,IV,Composite,Premium,False,False,2994.4,2406599.0
2316.1,1,3,2,Sandy Loam,IV,Moderate,Basic,False,False,1504.7,3485036.0
2071.7,2,3,1,Black Cotton,III,Hot-Dry,Standard,False,False,2363.6,4896670.0
4365.7,2,2,2,Sandy Loam,IV,Composite,Standard,False,False,1723.9,7526030.0
1557.6,1,2,3,Clay,V,Cold,Standard,False,False,2177.9,3392297.0
1836.2,1,2,1,Sandy Loam,III,Warm-Humid,Standard,False,False,1911.0,3508978.0
2178.0,1,4,2,Black Cotton,III,Cold,Standard,False,False,2229.9,4856722.0
6863.8,3,4,1,Sandy Loam,IV,Hot-Dry,Standard,False,True,1970.3,13973745.0
1408.2,1,2,1,Sandy Loam,III,Composite,Standard,False,False,2051.1,2888359.0
6920.3,3,1,1,Sandy Loam,II,Cold,Standard,False,False,1921.4,13296664.0
465.5,1,2,1,Black Cotton,III,Moderate,Standard,False,False,2453.5,1142104.0
2514.3,2,4,3,Rocky,III,Moderate,Standard,False,False,1618.0,4068137.0
3417.0,3,3,1,Clay,IV,Composite,Luxury,False,False,5159.7,17630695.0
1511.6,2,2,1,Black Cotton,III,Warm-Humid,Basic,False,False,1765.3,2668427.0
1554.1,1,3,2,Sandy Loam,IV,Composite,Luxury,False,False,4529.0,7038519.0
1461.1,2,3,2,Clay,V,Cold,Basic,False,False,1644.2,2402341.0
1935.8,2,3,1,Sandy Loam,II,Warm-Humid,Luxury,False,False,4221.2,8171399.0
4020.1,3,2,1,Sandy Loam,II,Composite,Standard,False,False,1774.7,7134471.0
1967.6,1,2,1,Black Cotton,III,Composite,Basic,False,False,1752.8,3448809.0
1007.5,2,3,2,Sandy Loam,II,Hot-Dry,Premium,False,False,2606.8,2626351.0
2982.4,2,3,3,Sandy Loam,IV,Composite,Standard,True,False,1923.6,5736945.0
3308.3,2,3,1,Sandy Loam,II,Composite,Premium,False,False,2704.3,8946636.0
3379.5,2,4,2,Black Cotton,III,Moderate,Standard,False,False,2039.4,6892152.0
596.4,1,3,2,Rocky,IV,Moderate,Standard,False,False,1904.3,1135725.0
1907.2,1,2,2,Clay,IV,Composite,Premium,False,False,3242.5,6184096.0
5293.9,3,3,3,Black Cotton,II,Warm-Humid,Standard,False,False,1969.5,10426336.0
3481.0,2,3,2,Sandy Loam,III,Composite,Premium,False,False,2782.1,9684490.0
1004.6,1,5,2,Sandy Loam,IV,Composite,Standard,False,False,2059.5,2068974.0
489.0,1,2,2,Sandy Loam,IV,Composite,Standard,False,False,2022.4,988954.0
4444.1,3,2,1,Clay,III,Moderate,Standard,False,False,2174.5,9663695.0
1066.1,1,4,3,Sandy Loam,II,Moderate,Premium,False,False,2652.4,2827724.0
2273.0,2,4,2,Rocky,IV,Composite,Standard,False,False,1693.7,3849780.0
1311.8,2,2,2,Rocky,III,Warm-Humid,Standard,False,False,1764.2,2314278.0
528.3,1,3,1,Rocky,III,Composite,Standard,False,False,2010.8,1062306.0
2637.7,2,2,1,Sandy Loam,III,Warm-Humid,Luxury,False,False,4415.4,11646501.0
2593.2,2,3,2,Black Cotton,III,Composite,Standard,False,False,2124.4,5508994.0
1322.2,1,2,2,Rocky,IV,Composite,Basic,False,False,1413.7,1869194.0
1736.3,1,5,1,Sandy Loam,II,Composite,Luxury,False,False,4158.4,7220230.0
4764.1,2,3,1,Sandy Loam,III,Composite,Luxury,False,False,4315.6,20559950.0
2784.8,2,2,1,Sandy Loam,III,Moderate,Basic,False,False,1360.4,3788442.0
1547.4,1,3,3,Clay,IV,Hot-Dry,Basic,False,False,1502.7,2325278.0
665.7,1,3,1,Black Cotton,II,Hot-Dry,Luxury,False,False,5807.2,3865853.0
3125.1,2,5,2,Rocky,II,Warm-Humid,Luxury,False,False,3575.4,11173483.0
1116.3,1,3,1,Sandy Loam,III,Composite,Standard,False,False,2165.3,2417124.0
4403.7,2,2,2,Clay,III,Hot-Dry,Premium,False,False,2819.0,12414030.0
1894.1,3,3,1,Clay,V,Moderate,Premium,False,True,3539.3,7153788.0
2554.4,3,2,3,Clay,III,Moderate,Standard,False,False,1912.3,4884779.0
1983.1,1,2,2,Rocky,III,Composite,Standard,False,False,1716.0,3403000.0
3131.0,2,5,2,Rocky,II,Warm-Humid,Basic,False,False,1137.6,3561826.0
1128.8,1,3,3,Rocky,II,Moderate,Basic,False,False,1172.1,1323066.0
875.4,1,5,2,Clay,II,Composite,Standard,False,False,1893.4,1657482.0
683.3,1,3,2,Sandy Loam,III,Composite,Basic,False,False,1351.0,923138.0
1316.6,1,3,1,Sandy Loam,IV,Composite,Standard,False,False,2157.1,2840038.0
3303.8,2,4,2,Sandy Loam,II,Composite,Standard,False,False,1652.1,5458208.0
5955.2,3,3,1,Clay,II,Composite,Standard,True,False,2138.6,12735791.0
798.3,1,2,2,Rocky,III,Composite,Standard,False,False,1931.4,1541837.0
748.8,1,2,2,Sandy Loam,II,Cold,Premium,False,False,2699.0,2021011.0
1543.0,2,3,3,Sandy Loam,III,Composite,Standard,False,False,1631.3,2517096.0
484.9,1,2,3,Sandy Loam,II,Composite,Standard,False,False,1794.2,870008.0
5605.5,3,2,2,Clay,III,Warm-Humid,Standard,False,False,1979.2,11094406.0
4243.7,2,4,2,Sandy Loam,IV,Warm-Humid,Premium,False,False,2573.2,10919889.0
2225.7,2,3,1,Sandy Loam,III,Moderate,Standard,False,False,1887.0,4199896.0
3251.4,2,1,1,Sandy Loam,II,Composite,Luxury,False,False,4007.4,13029660.0
2380.4,2,2,2,Sandy Loam,II,Composite,Standard,False,False,1689.3,4021210.0
1062.4,1,2,2,Sandy Loam,III,Composite,Basic,False,False,1414.1,1502340.0
1296.4,1,4,1,Sandy Loam,II,Hot-Dry,Standard,False,False,2076.9,2692493.0
2231.8,2,3,2,Black Cotton,III,Hot-Dry,Standard,False,False,2015.6,4498416.0
1009.5,1,2,3,Sandy Loam,V,Moderate,Standard,False,False,2123.7,2143875.0
3421.4,2,3,1,Sandy Loam,II,Warm-Humid,Premium,False,False,2912.0,9963117.0
596.2,1,2,2,Sandy Loam,II,Warm-Humid,Standard,False,False,1933.4,1152693.0
795.5,1,2,1,Clay,V,Moderate,Basic,False,False,1867.3,1485437.0
4770.8,2,2,2,Clay,II,Warm-Humid,Premium,False,False,2555.2,12190348.0
2111.0,1,3,2,Sandy Loam,IV,Composite,Standard,False,False,1974.6,4168381.0
1034.2,1,2,2,Rocky,V,Composite,Basic,False,False,1491.1,1542096.0
703.2,1,4,2,Sandy Loam,II,Warm-Humid,Premium,False,False,2902.0,2040686.0
4222.0,2,3,1,Sandy Loam,II,Composite,Basic,False,False,1349.9,5699278.0
2204.0,1,2,2,Clay,III,Moderate,Standard,False,False,1973.2,4348933.0
1219.8,2,2,1,Sandy Loam,V,Moderate,Standard,False,False,2066.1,2520229.0
752.5,1,4,1,Clay,III,Composite,Standard,False,False,2252.1,1694705.0
1668.8,1,2,1,Black Cotton,V,Warm-Humid,Premium,False,False,3892.3,6495470.0
1351.1,2,3,1,Sandy Loam,II,Hot-Dry,Basic,False,False,1365.7,1845197.0
1775.4,1,3,3,Sandy Loam,II,Composite,Standard,False,False,1642.2,2915562.0
2320.0,2,3,1,Rocky,III,Cold,Standard,False,False,1895.0,4396400.0
3552.4,2,1,1,Clay,II,Warm-Humid,Standard,False,False,2016.5,7163415.0
2384.5,1,3,1,Clay,V,Composite,Standard,False,False,2434.3,5804588.0
623.1,1,2,2,Sandy Loam,IV,Hot-Dry,Standard,False,False,2188.3,1363530.0
2337.9,3,2,2,Clay,IV,Hot-Dry,Standard,False,False,2075.2,4851610.0
1619.4,1,2,1,Sandy Loam,III,Composite,Standard,False,False,2103.4,3406246.0
1933.2,1,2,2,Sandy Loam,III,Moderate,Standard,False,False,1968.4,3805311.0
2026.6,1,3,2,Black Cotton,V,Warm-Humid,Luxury,False,True,5575.5,11749308.0
4761.1,2,2,2,Black Cotton,II,Hot-Dry,Premium,True,False,3534.6,16828584.0
4527.8,2,1,1,Clay,II,Warm-Humid,Standard,False,False,1918.7,8687490.0
1877.8,1,4,2,Sandy Loam,IV,Composite,Premium,False,False,2754.5,5172400.0
4518.4,2,2,2,Black Cotton,III,Warm-Humid,Standard,False,False,2010.3,9083340.0
1922.1,2,2,1,Black Cotton,IV,Composite,Basic,False,False,1720.6,3307165.0
958.5,2,2,3,Rocky,V,Composite,Premium,False,False,2723.3,2610283.0
3853.4,2,3,2,Sandy Loam,II,Composite,Standard,False,False,1516.2,5842525.0
1242.6,1,2,1,Black Cotton,II,Composite,Standard,False,False,2428.8,3018027.0
4257.5,2,2,1,Sandy Loam,V,Composite,Standard,False,False,1952.4,8312343.0
4842.1,3,1,2,Black Cotton,II,Warm-Humid,Standard,False,False,2146.3,10392599.0
2035.6,1,2,2,Sandy Loam,II,Moderate,Standard,False,False,1789.0,3641688.0
1320.3,2,3,2,Sandy Loam,II,Hot-Dry,Premium,False,False,2737.1,3613793.0
1844.7,2,3,1,Clay,III,Composite,Basic,True,False,1741.2,3211992.0
1911.1,2,2,3,Clay,III,Composite,Standard,False,False,1658.6,3169750.0
1405.5,1,2,1,Clay,III,Composite,Standard,False,False,2301.4,3234618.0
1417.3,2,4,2,Rocky,IV,Composite,Standard,False,False,1799.2,2550006.0
1743.6,1,4,1,Rocky,III,Composite,Basic,False,False,1444.1,2517933.0
2686.1,2,2,1,Black Cotton,IV,Warm-Humid,Standard,False,False,2376.7,6384054.0
3866.2,2,4,2,Sandy Loam,III,Cold,Standard,False,False,1776.7,6869078.0
1382.5,1,2,2,Clay,III,Warm-Humid,Standard,False,False,2051.4,2836060.0
1433.3,1,3,1,Sandy Loam,IV,Composite,Standard,False,False,2137.0,3062962.0
4098.0,3,1,3,Clay,II,Cold,Basic,False,False,1262.7,5174545.0
1713.3,1,3,2,Sandy Loam,III,Cold,Premium,False,False,2880.2,4934647.0
2019.0,1,4,2,Clay,III,Warm-Humid,Standard,False,False,2040.2,4119164.0
1545.2,1,3,2,Sandy Loam,III,Moderate,Premium,False,False,2876.0,4443995.0
3328.8,2,5,2,Rocky,IV,Composite,Luxury,False,False,4030.2,13415730.0
4257.8,2,4,2,Sandy Loam,III,Composite,Basic,False,False,1322.2,5629663.0
1596.8,1,2,2,Black Cotton,IV,Composite,Basic,False,False,1723.8,2752564.0
2413.0,2,3,2,Black Cotton,III,Composite,Premium,True,False,3539.3,8540331.0
654.3,1,2,2,Sandy Loam,IV,Moderate,Standard,False,False,2007.4,1313442.0
2357.8,2,2,1,Clay,III,Warm-Humid,Premium,False,False,3104.3,7319319.0
2711.6,2,4,2,Clay,III,Composite,Premium,False,False,2986.4,8097922.0
905.4,2,3,2,Rocky,III,Hot-Dry,Standard,False,False,1794.7,1624921.0
1694.9,1,2,2,Black Cotton,IV,Moderate,Premium,False,False,3638.0,6166046.0
3083.4,2,3,2,Clay,III,Composite,Luxury,False,True,4272.8,13624752.0
3222.7,2,2,1,Rocky,II,Warm-Humid,Standard,False,False,1691.0,5449586.0
5133.5,3,2,1,Sandy Loam,III,Composite,Basic,True,False,1517.9,7792140.0
3669.4,2,3,2,Sandy Loam,III,Moderate,Standard,True,False,1956.8,7180282.0
3496.8,2,3,2,Sandy Loam,IV,Composite,Basic,False,False,1315.3,4599341.0
1470.4,2,2,2,Sandy Loam,V,Composite,Standard,False,False,2095.9,3081811.0
2626.9,2,2,1,Rocky,III,Composite,Basic,True,False,1490.4,3915132.0
3228.5,2,1,2,Black Cotton,IV,Hot-Dry,Standard,False,False,2235.6,7217635.0
1889.7,2,3,3,Rocky,II,Hot-Dry,Luxury,False,False,3452.0,6523244.0
6527.7,3,3,1,Clay,IV,Warm-Humid,Standard,False,True,2319.9,15593611.0
1101.7,1,4,1,Clay,III,Hot-Dry,Standard,False,False,2317.4,2553080.0
1715.3,1,2,2,Sandy Loam,II,Warm-Humid,Premium,False,False,2802.6,4807300.0
4687.8,2,2,1,Black Cotton,II,Hot-Dry,Premium,False,False,3249.7,15233944.0
1146.0,1,4,2,Black Cotton,IV,Warm-Humid,Premium,False,False,3702.5,4243065.0
1709.7,3,4,2,Rocky,IV,Composite,Standard,False,True,1886.5,3675349.0
3829.1,3,2,1,Sandy Loam,II,Hot-Dry,Basic,False,False,1399.6,5359208.0
1977.9,2,3,1,Black Cotton,IV,Moderate,Standard,False,False,2451.2,4848228.0
1229.4,1,3,2,Sandy Loam,III,Moderate,Premium,False,False,3029.2,3724098.0
669.8,1,3,2,Rocky,II,Hot-Dry,Standard,False,False,1774.0,1188225.0
939.5,1,4,2,Black Cotton,IV,Composite,Premium,False,False,3754.9,3527729.0
2771.9,2,1,2,Sandy Loam,II,Moderate,Luxury,False,False,3915.7,10853929.0
4818.3,3,2,2,Black Cotton,III,Hot-Dry,Standard,False,True,2026.8,10215730.0
1704.7,3,4,2,Black Cotton,V,Warm-Humid,Standard,False,False,2628.1,4480122.0
1142.7,1,3,3,Clay,IV,Moderate,Standard,False,False,1987.4,2271002.0
4542.0,2,3,2,Sandy Loam,II,Composite,Basic,True,False,1379.1,6263872.0
1068.3,1,1,1,Sandy Loam,III,Warm-Humid,Luxury,False,True,4610.0,5374863.0
4173.0,2,3,1,Rocky,III,Composite,Standard,False,False,1733.8,7235147.0
4792.3,2,5,2,Sandy Loam,III,Warm-Humid,Standard,True,False,2062.1,9882202.0
4612.9,3,3,1,Clay,II,Moderate,Standard,False,False,2030.2,9365110.0
2951.1,2,3,1,Rocky,III,Composite,Standard,False,False,1760.6,5195707.0
2435.2,2,2,3,Black Cotton,IV,Hot-Dry,Premium,False,False,3145.1,7658948.0
1641.9,2,5,2,Sandy Loam,IV,Warm-Humid,Standard,False,False,1855.8,3047038.0
4271.6,2,2,2,Sandy Loam,V,Warm-Humid,Standard,False,False,1948.2,8321931.0
2532.6,2,2,2,Sandy Loam,III,Warm-Humid,Basic,False,False,1353.3,3427368.0
1991.1,1,2,2,Clay,IV,Hot-Dry,Luxury,False,False,4833.6,9624181.0
3941.3,2,3,2,Clay,III,Warm-Humid,Premium,False,False,2712.7,10691565.0
2380.8,2,3,1,Rocky,II,Moderate,Standard,False,False,1739.0,4140211.0
2816.7,2,2,3,Sandy Loam,II,Composite,Standard,False,False,1503.3,4234345.0
673.4,1,3,1,Clay,II,Composite,Premium,False,False,3188.4,2147069.0
1378.7,1,2,3,Clay,IV,Hot-Dry,Standard,False,False,1934.3,2666819.0
1047.5,1,3,2,Clay,II,Moderate,Standard,False,False,1893.8,1983756.0
4291.7,2,3,1,Clay,IV,Warm-Humid,Basic,False,False,1615.3,6932383.0
4104.7,3,4,3,Rocky,III,Warm-Humid,Standard,False,False,1626.0,6674242.0
4469.2,2,3,1,Sandy Loam,IV,Composite,Premium,False,False,2814.6,12579010.0
1445.4,1,3,2,Sandy Loam,V,Warm-Humid,Premium,False,False,2971.0,4294283.0
2220.0,1,4,1,Black Cotton,V,Composite,Premium,False,False,4037.5,8963250.0
1889.5,2,4,1,Sandy Loam,IV,Warm-Humid,Luxury,False,False,4769.3,9011592.0
1765.7,1,2,1,Clay,II,Warm-Humid,Premium,False,False,3007.3,5309990.0
2277.0,2,2,1,Clay,III,Composite,Standard,False,False,2146.1,4886670.0
1011.3,1,1,2,Sandy Loam,III,Composite,Premium,False,False,2700.3,2730813.0
6939.0,3,4,2,Clay,IV,Moderate,Basic,False,False,1490.6,10343273.0
1987.8,1,2,1,Sandy Loam,III,Hot-Dry,Premium,False,False,2935.8,5835783.0
1570.5,2,1,1,Sandy Loam,III,Composite,Standard,False,False,2038.4,3201307.0
4564.0,2,5,2,Rocky,IV,Composite,Basic,False,False,1241.4,5665750.0
4609.9,2,3,3,Sandy Loam,IV,Cold,Standard,False,False,1712.4,7893993.0
2239.0,1,4,1,Clay,III,Composite,Premium,False,False,3168.7,7094719.0
994.1,1,3,3,Clay,IV,Composite,Standard,False,False,1971.5,1959868.0
1646.6,3,2,1,Sandy Loam,III,Composite,Premium,False,False,3020.0,4972732.0
3813.4,3,2,1,Black Cotton,II,Composite,Standard,False,False,2214.7,8445537.0
4646.9,2,3,3,Black Cotton,III,Composite,Standard,False,False,1903.9,8847233.0
2664.8,2,1,1,Sandy Loam,III,Warm-Humid,Premium,False,False,2864.7,7633853.0
698.0,1,5,3,Sandy Loam,II,Composite,Standard,False,False,1766.8,1233226.0
3845.0,2,1,2,Black Cotton,IV,Composite,Standard,False,False,2237.4,8602803.0
2380.5,1,3,2,Sandy Loam,IV,Warm-Humid,Luxury,False,False,4414.7,10509193.0
3029.9,2,3,1,Sandy Loam,IV,Warm-Humid,Standard,False,False,2065.1,6257046.0
1977.9,1,3,2,Rocky,III,Cold,Standard,False,False,1837.3,3633996.0
1145.5,1,4,1,Clay,III,Moderate,Standard,False,False,2208.2,2529493.0
588.4,1,1,1,Rocky,III,Moderate,Basic,False,False,1529.6,900017.0
5053.8,3,3,2,Sandy Loam,IV,Composite,Standard,False,False,1859.4,9397036.0
2722.5,2,3,1,Rocky,III,Hot-Dry,Basic,False,False,1250.5,3404486.0
3291.2,2,2,2,Rocky,II,Moderate,Premium,False,False,2344.2,7715231.0
1657.1,1,2,3,Rocky,III,Warm-Humid,Standard,False,False,1722.3,2854023.0
1184.9,1,4,1,Clay,III,Cold,Basic,False,False,1560.6,1849155.0
2326.4,2,4,1,Black Cotton,II,Composite,Premium,False,False,3288.0,7649203.0
4093.9,2,2,2,Sandy Loam,IV,Cold,Standard,True,False,2171.2,8888676.0
2129.2,2,2,1,Clay,III,Warm-Humid,Premium,False,False,3078.3,6554316.0
1928.1,1,1,1,Sandy Loam,II,Composite,Basic,False,False,1425.0,2747542.0
3092.0,2,2,2,Sandy Loam,II,Warm-Humid,Luxury,False,False,4028.0,12454576.0
2058.9,1,3,1,Clay,III,Hot-Dry,Standard,False,False,2179.6,4487578.0
1201.6,1,2,1,Clay,II,Composite,Standard,False,False,1994.0,2395990.0
2622.7,2,2,3,Black Cotton,IV,Warm-Humid,Basic,False,False,1473.7,3865073.0
3577.7,2,4,3,Sandy Loam,IV,Composite,Premium,False,False,2345.3,8390780.0
778.4,1,3,1,Sandy Loam,IV,Moderate,Basic,False,False,1585.8,1234387.0
688.6,1,4,2,Sandy Loam,III,Composite,Standard,False,False,1947.3,1340911.0
3734.0,2,2,2,Sandy Loam,III,Composite,Standard,False,False,1806.1,6743977.0
684.0,1,2,1,Rocky,IV,Composite,Standard,False,False,2063.7,1411571.0
780.5,1,2,3,Sandy Loam,III,Hot-Dry,Premium,False,False,2639.2,2059896.0
1596.0,1,4,2,Rocky,III,Composite,Standard,False,False,1803.2,2877907.0
1813.5,1,4,3,Sandy Loam,IV,Composite,Basic,False,False,1350.8,2449676.0
4703.8,2,3,1,Sandy Loam,III,Composite,Standard,False,False,1899.4,8934398.0
1889.1,1,1,1,Black Cotton,IV,Warm-Humid,Premium,False,False,3919.5,7404327.0
996.0,2,2,3,Sandy Loam,III,Warm-Humid,Premium,False,False,2480.2,2470279.0
838.0,1,3,3,Rocky,IV,Hot-Dry,Luxury,False,False,3852.3,3228227.0
929.8,1,3,1,Rocky,II,Moderate,Premium,False,False,2790.9,2594979.0
2366.3,1,2,1,Sandy Loam,II,Composite,Standard,False,False,1933.8,4575951.0
4529.1,2,3,2,Sandy Loam,IV,Hot-Dry,Standard,False,False,1829.9,8287800.0
3479.7,2,1,1,Rocky,III,Hot-Dry,Luxury,False,True,4008.3,14397682.0
1966.1,1,2,1,Sandy Loam,II,Composite,Standard,False,False,2042.5,4015759.0
2117.8,3,3,1,Clay,II,Composite,Standard,False,False,2215.5,4691986.0
1883.9,1,3,2,Sandy Loam,II,Warm-Humid,Premium,False,False,2801.7,5278123.0
4524.0,3,2,1,Black Cotton,V,Warm-Humid,Basic,False,False,1905.2,8619125.0
1667.2,1,3,2,Rocky,II,Composite,Premium,False,False,2544.1,4241524.0
2225.1,2,4,1,Sandy Loam,IV,Composite,Premium,False,False,3096.8,6890690.0
714.6,1,4,3,Sandy Loam,II,Composite,Standard,False,False,1667.3,1191453.0
4111.3,2,2,3,Clay,II,Moderate,Premium,False,False,2351.2,9666489.0
1350.9,1,1,2,Sandy Loam,II,Composite,Standard,False,False,1846.1,2493896.0
2851.4,2,3,2,Clay,II,Warm-Humid,Luxury,True,False,4483.9,12785392.0
2449.7,2,3,1,Sandy Loam,III,Warm-Humid,Luxury,False,True,4233.2,10820070.0
3756.5,2,3,1,Black Cotton,V,Composite,Standard,False,False,2705.4,10162835.0
4549.0,2,5,2,Rocky,III,Composite,Standard,True,False,1841.1,8375164.0
2679.5,2,5,3,Clay,II,Composite,Premium,False,False,2475.5,6633102.0
3685.9,2,3,1,Black Cotton,IV,Hot-Dry,Standard,True,False,2772.0,10217315.0
2558.4,2,2,1,Clay,III,Moderate,Premium,False,False,3055.6,7817447.0
1984.6,2,1,2,Sandy Loam,III,Warm-Humid,Standard,False,False,1753.9,3480790.0
2318.4,1,2,1,Sandy Loam,III,Warm-Humid,Standard,False,False,1980.7,4592055.0
4263.4,2,4,2,Black Cotton,II,Composite,Premium,False,False,2812.4,11990386.0
2284.3,1,2,2,Clay,II,Cold,Premium,False,False,2934.9,6704192.0
1354.2,3,2,2,Sandy Loam,II,Hot-Dry,Premium,False,False,2783.1,3768874.0
2092.6,1,2,1,Clay,II,Warm-Humid,Basic,False,False,1486.7,3111068.0
2184.3,3,5,1,Clay,IV,Moderate,Luxury,False,True,5078.0,11541875.0
1786.6,1,3,2,Clay,III,Cold,Basic,False,False,1543.3,2757260.0
762.2,1,2,2,Sandy Loam,II,Composite,Premium,False,False,2789.0,2125776.0
959.1,2,2,1,Sandy Loam,III,Warm-Humid,Basic,False,False,1531.4,1468766.0
1624.8,2,3,1,Sandy Loam,II,Warm-Humid,Luxury,False,False,4337.3,7047245.0
4683.6,2,3,3,Clay,III,Composite,Standard,True,False,1912.7,8958322.0
2076.9,1,4,2,Sandy Loam,II,Cold,Standard,False,False,1749.4,3633329.0
1763.8,2,2,1,Black Cotton,III,Composite,Basic,False,False,1711.1,3018038.0
1991.4,1,3,1,Clay,II,Warm-Humid,Premium,False,False,3112.1,6197436.0
2045.5,3,4,2,Rocky,IV,Composite,Basic,False,True,1353.6,3218789.0
1203.6,2,4,1,Rocky,II,Warm-Humid,Standard,False,False,1892.1,2277332.0
6510.1,3,5,2,Clay,IV,Cold,Basic,False,False,1633.5,10634248.0
5854.1,3,3,2,Rocky,II,Composite,Premium,False,False,2563.6,15007571.0
1646.2,2,3,2,Black Cotton,IV,Cold,Standard,True,False,2554.6,4205383.0
1005.5,1,3,1,Sandy Loam,IV,Moderate,Standard,False,False,2259.5,2271927.0
1314.8,2,3,1,Sandy Loam,IV,Composite,Standard,False,False,2092.9,2751745.0
5907.8,3,4,1,Black Cotton,III,Warm-Humid,Premium,False,False,3386.7,20007946.0
3762.9,2,2,2,Sandy Loam,III,Moderate,Premium,False,False,2543.5,9570936.0
1004.1,1,3,1,Sandy Loam,IV,Moderate,Luxury,False,False,5193.2,5214492.0
5252.0,3,3,1,Sandy Loam,II,Composite,Luxury,False,False,4232.1,22226989.0
902.0,1,2,2,Sandy Loam,II,Warm-Humid,Basic,False,False,1320.8,1191362.0
1859.0,1,2,1,Sandy Loam,II,Hot-Dry,Standard,False,False,1973.5,3668736.0
2776.5,2,2,1,Black Cotton,II,Composite,Standard,False,False,2156.8,5988355.0
1818.6,1,2,1,Rocky,II,Cold,Standard,False,False,1916.4,3485165.0
3568.5,2,3,1,Rocky,III,Cold,Luxury,False,False,4175.1,14898844.0
3730.5,2,3,1,Sandy Loam,III,Composite,Premium,False,False,2696.7,10060039.0
3073.9,2,2,2,Rocky,IV,Composite,Premium,False,False,2617.2,8045011.0
1951.2,2,2,3,Rocky,III,Warm-Humid,Basic,False,False,1156.9,2257343.0
4030.4,2,2,3,Black Cotton,III,Composite,Premium,False,False,2755.9,11107379.0
1388.5,1,2,1,Rocky,III,Cold,Luxury,False,False,4614.7,6407511.0
2920.0,2,1,1,Rocky,IV,Hot-Dry,Standard,True,False,2191.6,6399472.0
1126.0,2,3,2,Rocky,II,Composite,Standard,False,False,1571.5,1769509.0
2120.2,1,3,2,Clay,II,Hot-Dry,Premium,False,False,2820.5,5980024.0
4419.4,3,1,1,Black Cotton,V,Moderate,Premium,True,False,4380.4,19358740.0
2101.8,1,4,2,Clay,IV,Hot-Dry,Premium,False,False,3063.3,6438444.0
664.2,1,1,2,Black Cotton,II,Composite,Standard,False,False,2205.0,1464561.0
1129.2,2,1,2,Clay,IV,Warm-Humid,Basic,False,False,1558.2,1759519.0
2092.1,2,2,2,Rocky,III,Warm-Humid,Standard,False,False,1728.4,3615986.0
5993.0,3,3,3,Rocky,III,Cold,Luxury,False,False,3650.0,21874450.0
2352.5,2,4,1,Clay,III,Warm-Humid,Standard,False,False,2020.5,4753226.0
3899.7,3,4,1,Rocky,III,Composite,Standard,True,False,2149.7,8383185.0
2380.6,3,2,2,Sandy Loam,V,Composite,Standard,False,False,1986.5,4729062.0
1407.5,1,2,1,Clay,II,Composite,Basic,False,False,1529.4,2152630.0
1712.6,2,1,2,Sandy Loam,III,Moderate,Basic,False,False,1314.5,2251213.0
1006.7,1,2,1,Black Cotton,II,Hot-Dry,Standard,False,False,2172.8,2187358.0
1203.7,1,1,1,Clay,III,Composite,Standard,False,False,2365.8,2847713.0
3152.3,2,2,1,Sandy Loam,II,Hot-Dry,Standard,False,False,1769.3,5577364.0
2211.5,2,2,1,Sandy Loam,II,Moderate,Luxury,False,True,4173.8,9680359.0
2627.5,2,3,2,Rocky,III,Warm-Humid,Basic,False,False,1257.6,3304344.0
2215.0,2,4,2,Sandy Loam,II,Moderate,Basic,False,False,1231.9,2728658.0
1154.7,1,3,3,Black Cotton,IV,Composite,Standard,False,False,2156.1,2489649.0
1276.7,2,3,2,Sandy Loam,IV,Moderate,Standard,False,False,1864.7,2380662.0
674.9,1,3,3,Black Cotton,V,Composite,Standard,False,False,2454.7,1656677.0
1579.9,2,3,1,Clay,II,Hot-Dry,Standard,False,False,1934.5,3056317.0
1846.9,2,4,1,Rocky,II,Composite,Standard,False,False,1718.0,3172974.0
4809.1,3,3,1,Clay,III,Moderate,Luxury,False,False,4792.3,23046650.0
6402.2,3,3,1,Sandy Loam,II,Warm-Humid,Premium,False,False,2706.5,17327554.0
4418.8,3,2,1,Sandy Loam,III,Warm-Humid,Premium,True,False,3548.0,15677902.0
487.5,1,4,3,Sandy Loam,V,Moderate,Basic,False,False,1435.2,699660.0
1781.6,1,4,2,Sandy Loam,IV,Warm-Humid,Basic,False,False,1447.8,2579400.0
1172.9,1,2,3,Black Cotton,V,Warm-Humid,Premium,False,False,3479.4,4080988.0
1776.9,1,2,1,Sandy Loam,V,Moderate,Standard,False,False,2215.8,3937255.0
1744.5,1,4,2,Clay,IV,Hot-Dry,Standard,False,False,2082.1,3632223.0
1673.3,3,3,2,Black Cotton,V,Moderate,Premium,False,False,3833.9,6415265.0
1656.7,1,2,2,Clay,III,Hot-Dry,Basic,False,False,1421.0,2354171.0
4728.7,2,1,2,Black Cotton,III,Warm-Humid,Premium,True,False,3308.2,15643485.0
1878.3,2,3,3,Sandy Loam,III,Warm-Humid,Basic,False,False,1261.1,2368724.0
1584.6,1,3,2,Black Cotton,II,Moderate,Premium,False,False,3454.7,5474318.0
2057.0,1,3,2,Black Cotton,III,Composite,Premium,False,False,3297.5,6782958.0
1452.7,1,2,3,Sandy Loam,IV,Hot-Dry,Premium,False,False,2667.0,3874351.0
4348.7,2,4,2,Black Cotton,II,Composite,Premium,True,False,3073.4,13365295.0
1683.7,2,5,1,Clay,III,Warm-Humid,Premium,False,False,3017.4,5080396.0
3176.6,2,1,1,Black Cotton,III,Composite,Standard,False,False,2279.9,7242330.0
1953.2,2,2,3,Sandy Loam,IV,Composite,Standard,False,False,1728.2,3375520.0
4127.3,2,2,2,Black Cotton,II,Warm-Humid,Basic,False,False,1545.7,6379568.0
3276.3,3,2,1,Black Cotton,V,Composite,Basic,False,False,2042.4,6691515.0
6097.4,3,2,1,Rocky,III,Warm-Humid,Standard,False,False,1856.5,11319823.0
1794.3,1,3,1,Black Cotton,III,Composite,Standard,False,False,2403.6,4312779.0
1617.2,2,2,1,Clay,IV,Composite,Premium,False,False,3053.1,4937473.0
3008.9,2,3,1,Black Cotton,II,Moderate,Basic,False,False,1599.7,4813337.0
3786.9,2,4,2,Clay,III,Composite,Standard,False,False,1933.3,7321214.0
1099.4,2,5,1,Black Cotton,V,Moderate,Standard,False,False,2637.3,2899448.0
4551.1,2,3,1,Sandy Loam,II,Warm-Humid,Basic,True,False,1556.9,7085608.0
1706.1,1,5,2,Clay,IV,Composite,Premium,False,False,3199.2,5458155.0
592.7,1,4,3,Sandy Loam,III,Composite,Standard,False,False,1797.0,1065082.0
2112.3,1,3,1,Sandy Loam,III,Hot-Dry,Standard,False,False,1937.8,4093215.0
3529.0,2,2,1,Sandy Loam,II,Hot-Dry,Standard,False,False,1810.9,6390666.0
2981.9,2,4,2,Rocky,IV,Hot-Dry,Basic,False,False,1276.5,3806395.0
1091.6,2,3,2,Sandy Loam,III,Composite,Standard,False,False,1908.1,2082882.0
2378.6,1,2,3,Sandy Loam,II,Hot-Dry,Standard,False,False,1631.0,3879497.0
719.6,1,4,1,Sandy Loam,IV,Composite,Standard,False,False,2140.8,1540520.0
1902.3,1,2,2,Sandy Loam,II,Warm-Humid,Standard,False,False,1787.2,3399791.0
1686.6,2,4,2,Clay,II,Moderate,Standard,False,False,1806.0,3046000.0
1553.5,2,2,2,Sandy Loam,III,Hot-Dry,Standard,False,False,1759.5,2733383.0
504.7,1,1,1,Sandy Loam,III,Hot-Dry,Standard,False,False,2070.0,1044729.0
1324.1,2,2,2,Sandy Loam,IV,Moderate,Standard,False,False,1860.8,2463885.0
1204.5,1,2,1,Clay,V,Warm-Humid,Standard,False,False,2409.2,2901881.0
2392.9,1,2,2,Clay,III,Cold,Basic,False,False,1452.4,3475448.0
2571.3,2,3,2,Clay,II,Hot-Dry,Luxury,False,False,4064.0,10449763.0
1187.1,1,2,2,Sandy Loam,IV,Composite,Standard,False,False,2050.9,2434623.0
454.2,1,2,3,Sandy Loam,V,Composite,Standard,False,False,2023.8,919210.0
631.0,1,3,2,Black Cotton,III,Hot-Dry,Basic,False,False,1634.5,1031370.0
1451.2,2,3,2,Sandy Loam,IV,Warm-Humid,Standard,False,False,1993.2,2892532.0
4707.2,2,3,1,Sandy Loam,III,Hot-Dry,Standard,False,False,1906.6,8974748.0
1836.3,1,1,3,Sandy Loam,III,Composite,Standard,False,False,1729.3,3175514.0
1360.7,1,3,1,Black Cotton,II,Composite,Standard,False,False,2464.4,3353309.0
3981.0,2,3,2,Clay,II,Composite,Standard,False,False,1667.6,6638716.0
2067.6,2,2,2,Black Cotton,II,Warm-Humid,Standard,False,False,2147.8,4440791.0
577.5,1,3,1,Sandy Loam,III,Hot-Dry,Standard,False,False,2108.3,1217543.0
4116.7,2,3,1,Sandy Loam,III,Hot-Dry,Premium,False,False,2858.8,11768822.0
2245.9,2,3,1,Clay,III,Hot-Dry,Basic,False,False,1451.2,3259250.0
703.8,1,1,2,Black Cotton,III,Warm-Humid,Standard,False,False,2394.8,1685460.0
1900.7,1,2,3,Rocky,III,Warm-Humid,Standard,False,False,1755.8,3337249.0
4545.7,3,2,2,Black Cotton,IV,Composite,Standard,True,True,2325.6,11021480.0
1287.2,1,2,1,Sandy Loam,III,Moderate,Luxury,False,False,4345.2,5593141.0
1748.4,2,3,2,Rocky,IV,Hot-Dry,Premium,False,False,2558.0,4472407.0
1349.1,1,4,2,Sandy Loam,IV,Moderate,Luxury,False,True,4600.9,6657074.0
3959.0,2,3,2,Clay,III,Hot-Dry,Standard,False,False,1952.0,7727968.0
2351.8,3,2,2,Clay,IV,Composite,Standard,False,True,2169.2,5551525.0
730.0,1,3,2,Sandy Loam,III,Hot-Dry,Luxury,False,False,4271.0,3117830.0
629.0,1,4,1,Sandy Loam,II,Moderate,Basic,False,False,1426.5,897268.0
1282.9,1,2,3,Clay,III,Composite,Basic,False,False,1377.1,1766682.0
3341.2,2,3,1,Sandy Loam,II,Warm-Humid,Basic,False,False,1293.0,4320172.0
4049.3,2,5,1,Sandy Loam,III,Composite,Standard,False,False,1772.3,7176574.0
873.0,1,3,2,Sandy Loam,II,Composite,Standard,False,False,1841.6,1607717.0
3989.7,2,5,3,Sandy Loam,II,Composite,Premium,False,False,2248.3,8970043.0
1086.5,1,2,3,Rocky,V,Composite,Standard,False,False,1865.8,2027192.0
4563.5,2,1,1,Black Cotton,III,Warm-Humid,Standard,False,False,2134.4,9740334.0
1987.6,2,2,1,Black Cotton,IV,Composite,Standard,False,False,2465.4,4900229.0
710.1,1,4,1,Sandy Loam,IV,Hot-Dry,Standard,False,False,2337.8,1660072.0
1925.0,1,3,1,Clay,II,Moderate,Luxury,False,True,4673.8,9447065.0
2080.4,2,2,1,Rocky,III,Moderate,Standard,False,False,1844.7,3837714.0
1990.3,2,4,2,Rocky,III,Warm-Humid,Premium,False,False,2497.8,4971371.0
1703.8,1,2,1,Clay,II,Warm-Humid,Premium,False,False,3090.7,5265935.0
3345.2,2,5,3,Clay,III,Composite,Basic,False,False,1377.9,4609351.0
2495.9,2,3,2,Black Cotton,IV,Warm-Humid,Luxury,False,False,5274.1,13163626.0
3157.4,2,2,3,Clay,V,Warm-Humid,Standard,False,False,1906.0,6018004.0
1841.0,2,2,2,Sandy Loam,IV,Hot-Dry,Standard,False,False,1948.2,3586636.0
716.9,1,2,3,Sandy Loam,IV,Composite,Premium,False,False,2846.6,2040728.0
4783.7,2,3,2,Clay,III,Composite,Luxury,False,False,4200.2,20092497.0
467.4,1,2,1,Sandy Loam,V,Composite,Premium,False,False,3594.1,1679882.0
6753.9,3,2,1,Black Cotton,IV,Composite,Standard,False,False,2312.9,15621095.0
2219.1,1,1,1,Sandy Loam,II,Composite,Premium,False,False,3008.4,6675940.0
1803.9,2,2,1,Clay,III,Composite,Premium,False,False,3162.9,5705555.0
1345.8,1,3,2,Sandy Loam,III,Composite,Standard,False,False,1919.6,2583398.0
3091.2,2,2,2,Rocky,IV,Composite,Standard,True,False,1950.3,6028767.0
3486.1,2,2,2,Black Cotton,III,Composite,Standard,False,False,2090.1,7286298.0
1057.2,1,3,2,Sandy Loam,II,Hot-Dry,Standard,False,False,1880.8,1988382.0
4692.8,2,1,1,Clay,IV,Composite,Standard,False,False,2226.2,10447111.0
1034.0,1,2,1,Clay,II,Warm-Humid,Standard,False,False,2093.1,2164265.0
948.3,2,3,1,Sandy Loam,V,Cold,Luxury,False,False,4741.1,4495985.0
4578.9,2,4,1,Sandy Loam,IV,Moderate,Standard,False,False,2132.7,9765420.0
1831.8,2,3,1,Sandy Loam,II,Composite,Luxury,False,True,4328.8,8379496.0
2741.9,2,4,2,Rocky,II,Composite,Standard,False,False,1640.0,4496716.0
2316.1,2,2,2,Rocky,II,Hot-Dry,Standard,False,False,1525.9,3534137.0
4689.5,2,2,1,Clay,IV,Moderate,Standard,False,False,2124.9,9964719.0
3019.6,2,3,3,Sandy Loam,III,Composite,Premium,False,False,2339.5,7064354.0
1531.5,1,2,1,Sandy Loam,III,Hot-Dry,Luxury,False,False,5039.7,7718301.0
2322.0,2,1,1,Sandy Loam,IV,Moderate,Luxury,False,True,4562.8,11044822.0
3860.4,2,3,3,Clay,II,Hot-Dry,Premium,False,False,2527.7,9757933.0
1925.9,2,3,2,Sandy Loam,III,Composite,Standard,False,False,1798.1,3462961.0
2821.3,2,4,1,Sandy Loam,II,Warm-Humid,Basic,False,False,1399.0,3946999.0
2098.1,2,3,3,Sandy Loam,IV,Composite,Standard,False,False,1909.6,4006532.0
6288.8,3,4,2,Clay,V,Composite,Standard,False,False,2127.4,13378793.0
979.2,1,2,3,Clay,V,Composite,Luxury,False,False,5034.8,4930076.0
2608.6,2,3,1,Clay,III,Composite,Premium,False,False,3114.7,8125006.0
4489.6,2,3,1,Sandy Loam,II,Moderate,Premium,False,False,2693.6,12093187.0
1097.7,1,3,1,Rocky,IV,Composite,Premium,False,False,2836.2,3113297.0
5550.6,3,4,1,Sandy Loam,II,Cold,Standard,False,True,1875.5,10860150.0
2148.3,1,4,1,Clay,III,Composite,Luxury,False,False,4886.0,10496594.0
1824.6,1,3,2,Clay,III,Warm-Humid,Basic,False,False,1563.3,2852397.0
1683.7,1,4,1,Clay,III,Warm-Humid,Basic,False,False,1632.1,2747967.0
1413.4,1,3,2,Black Cotton,II,Composite,Standard,False,False,2174.1,3072873.0
3316.0,2,2,3,Clay,II,Warm-Humid,Luxury,False,False,4004.7,13279585.0
1827.4,1,4,1,Sandy Loam,II,Warm-Humid,Luxury,False,True,4343.7,8387677.0
3297.5,2,3,2,Sandy Loam,II,Composite,Standard,False,False,1779.2,5866912.0
1467.6,1,4,3,Black Cotton,III,Composite,Standard,False,False,2051.8,3011222.0
3954.6,2,3,2,Sandy Loam,II,Composite,Standard,False,False,1620.2,6407243.0
5811.2,3,5,1,Sandy Loam,IV,Moderate,Standard,False,True,1969.6,11895740.0
1508.1,2,4,1,Black Cotton,III,Composite,Standard,False,False,2295.9,3462447.0
1174.8,2,3,3,Sandy Loam,III,Composite,Standard,False,False,1764.2,2072582.0
1013.2,2,3,1,Rocky,II,Cold,Luxury,False,False,4454.7,4513502.0
3850.7,2,2,3,Rocky,II,Moderate,Premium,False,False,2235.7,8609010.0
2206.2,1,2,3,Sandy Loam,IV,Composite,Premium,False,False,2747.7,6061976.0
768.6,1,2,2,Sandy Loam,IV,Hot-Dry,Basic,False,False,1527.5,1174036.0
635.4,1,4,2,Sandy Loam,II,Moderate,Luxury,False,False,4359.3,2769899.0
2498.1,2,4,1,Clay,II,Composite,Standard,True,False,2309.2,5768613.0
3653.8,2,4,1,Sandy Loam,IV,Cold,Basic,False,False,1517.5,5544642.0
6440.6,3,2,3,Sandy Loam,III,Composite,Standard,True,True,1943.1,12964730.0
4192.7,2,1,2,Black Cotton,II,Moderate,Standard,False,False,1993.8,8359405.0
2394.4,1,2,2,Clay,III,Composite,Standard,False,False,1994.9,4776589.0
889.3,1,3,1,Clay,III,Composite,Premium,False,False,3255.0,2894672.0
1453.9,2,3,2,Sandy Loam,II,Warm-Humid,Luxury,False,False,4041.9,5876518.0
1818.0,1,3,1,Sandy Loam,III,Moderate,Standard,False,False,1977.0,3594186.0
3533.0,3,4,2,Sandy Loam,IV,Moderate,Standard,False,False,1948.0,6882284.0
862.9,1,4,1,Black Cotton,II,Moderate,Standard,False,False,2461.1,2123683.0
2837.8,2,2,1,Sandy Loam,IV,Warm-Humid,Basic,True,False,1638.0,4648316.0
1182.2,2,2,1,Sandy Loam,III,Warm-Humid,Premium,False,False,3116.3,3684090.0
3642.4,2,4,1,Clay,II,Composite,Premium,False,False,2940.9,10711934.0
550.3,1,2,1,Sandy Loam,III,Composite,Basic,False,False,1551.4,853735.0
4657.2,3,3,2,Clay,II,Hot-Dry,Premium,False,False,2868.3,13358247.0
2190.7,2,2,1,Sandy Loam,III,Moderate,Standard,True,False,2187.3,4791718.0
3796.8,2,3,2,Black Cotton,II,Composite,Premium,False,False,2821.6,10713051.0
1357.3,1,5,3,Rocky,V,Composite,Premium,False,False,2882.2,3912010.0
1276.7,1,2,2,Clay,III,Hot-Dry,Basic,False,False,1463.1,1867940.0
4718.3,2,3,2,Sandy Loam,II,Cold,Standard,False,False,1768.0,8341954.0
4004.6,2,4,1,Clay,III,Composite,Standard,False,False,1862.0,7456565.0
1569.0,1,4,1,Black Cotton,IV,Moderate,Standard,False,False,2615.7,4104033.0
2210.5,2,5,1,Clay,II,Moderate,Standard,False,False,1897.5,4194424.0
783.4,1,1,1,Clay,II,Hot-Dry,Standard,False,False,2151.1,1685172.0
6715.7,3,3,2,Black Cotton,IV,Composite,Basic,True,False,1964.0,13189635.0
3099.6,2,2,2,Rocky,IV,Warm-Humid,Luxury,False,False,4159.4,12892476.0
3517.7,2,3,1,Sandy Loam,II,Composite,Standard,False,False,1789.3,6294221.0
2048.3,1,5,3,Sandy Loam,III,Composite,Premium,False,False,2386.7,4888678.0
1073.0,1,5,2,Sandy Loam,V,Moderate,Basic,False,False,1609.4,1726886.0
2995.2,2,2,2,Sandy Loam,II,Cold,Luxury,False,True,3701.9,11537931.0
3790.1,2,3,1,Sandy Loam,III,Hot-Dry,Premium,False,False,2808.3,10643738.0
2217.2,1,1,1,Black Cotton,II,Hot-Dry,Standard,False,False,2354.0,5219289.0
4639.1,2,3,2,Rocky,III,Composite,Premium,True,False,2782.8,12909687.0
2795.9,2,2,1,Black Cotton,V,Moderate,Standard,False,False,2543.9,7112490.0
1760.7,1,3,1,Clay,III,Composite,Standard,False,False,2385.6,4200326.0
993.4,1,2,2,Clay,III,Warm-Humid,Standard,False,False,1925.4,1912692.0
954.0,2,2,1,Sandy Loam,II,Moderate,Standard,False,False,1846.3,1761370.0
1160.3,1,2,2,Clay,IV,Composite,Standard,False,False,2211.5,2566003.0
1432.0,2,1,1,Black Cotton,V,Composite,Luxury,False,False,6016.2,8615198.0
843.4,1,3,2,Black Cotton,III,Composite,Standard,False,False,2302.3,1941760.0
890.0,1,3,1,Clay,IV,Warm-Humid,Standard,False,False,2315.8,2061062.0
2958.8,2,2,2,Clay,IV,Hot-Dry,Premium,False,False,3181.2,9412535.0
1783.3,1,3,1,Sandy Loam,III,Cold,Premium,False,False,3064.4,5464745.0
1174.2,2,1,1,Sandy Loam,III,Warm-Humid,Standard,False,False,1943.8,2282410.0
2719.5,3,2,3,Black Cotton,V,Hot-Dry,Standard,False,True,2312.7,6739388.0
1120.1,2,3,3,Sandy Loam,IV,Hot-Dry,Luxury,False,False,3946.0,4419915.0
2990.4,2,1,1,Sandy Loam,IV,Composite,Basic,True,False,1681.2,5027460.0
1111.4,2,2,2,Sandy Loam,III,Hot-Dry,Standard,False,False,1843.4,2048755.0
1773.7,1,3,1,Sandy Loam,II,Warm-Humid,Luxury,False,True,4436.6,8319197.0
2059.0,1,5,1,Black Cotton,IV,Moderate,Standard,False,False,2655.6,5467880.0
2037.9,1,2,3,Rocky,III,Composite,Luxury,False,False,3813.1,7770716.0
2359.3,1,3,3,Sandy Loam,III,Composite,Basic,False,False,1282.6,3026038.0
1474.0,1,3,2,Sandy Loam,IV,Cold,Premium,False,False,3139.7,4627918.0
2563.7,2,2,1,Clay,III,Composite,Standard,False,False,2065.7,5295835.0
2586.3,2,2,2,Black Cotton,IV,Warm-Humid,Basic,False,False,1641.5,4245411.0
2000.7,2,2,1,Black Cotton,IV,Moderate,Standard,False,False,2306.8,4615215.0
4830.4,3,4,3,Black Cotton,IV,Composite,Standard,False,False,2070.0,9998928.0
3465.9,3,2,2,Sandy Loam,II,Warm-Humid,Basic,False,False,1273.8,4414863.0
1880.8,1,4,1,Sandy Loam,III,Cold,Premium,False,False,3156.6,5936933.0
2954.6,2,3,1,Black Cotton,II,Composite,Standard,False,False,2107.2,6225933.0
1951.5,2,4,3,Clay,V,Composite,Standard,False,False,1931.0,3768346.0
1677.8,1,4,2,Black Cotton,IV,Warm-Humid,Basic,False,False,1554.0,2607301.0
2463.9,2,3,2,Black Cotton,V,Hot-Dry,Basic,False,False,1628.8,4013200.0
1709.4,1,3,1,Clay,IV,Warm-Humid,Standard,False,False,2277.4,3892988.0
1678.0,2,1,2,Sandy Loam,IV,Hot-Dry,Premium,False,False,3006.5,5044907.0
1055.7,1,4,2,Black Cotton,II,Warm-Humid,Premium,False,False,3366.0,3553486.0
1372.1,1,3,2,Clay,II,Moderate,Luxury,False,False,4658.6,6392065.0
1540.5,2,3,1,Sandy Loam,IV,Warm-Humid,Premium,False,False,3143.8,4843024.0
2033.8,3,3,2,Clay,IV,Composite,Standard,False,False,2347.5,4774346.0
2089.2,1,3,3,Sandy Loam,II,Moderate,Premium,False,False,2486.4,5194587.0
3600.2,2,3,2,Sandy Loam,II,Composite,Standard,False,False,1657.9,5968772.0
3625.6,2,4,1,Clay,IV,Composite,Luxury,False,False,4610.8,16716916.0
2138.4,1,4,2,Sandy Loam,IV,Warm-Humid,Premium,False,False,3016.4,6450270.0
2258.3,1,4,2,Sandy Loam,III,Warm-Humid,Standard,False,False,1901.2,4293480.0
3586.1,2,1,1,Sandy Loam,II,Cold,Standard,False,False,1799.1,6451753.0
950.5,2,4,2,Sandy Loam,II,Warm-Humid,Standard,False,False,1759.6,1672500.0
7112.6,3,3,3,Clay,IV,Moderate,Premium,False,False,2857.1,20321409.0
2243.9,2,5,2,Clay,IV,Warm-Humid,Standard,False,False,1967.7,4415322.0
692.5,1,1,3,Clay,IV,Composite,Luxury,False,False,4908.9,3399413.0
1100.6,1,4,1,Black Cotton,III,Composite,Standard,False,False,2469.7,2718152.0
950.1,2,2,1,Sandy Loam,III,Composite,Basic,True,False,1635.6,1553984.0
780.6,1,3,2,Sandy Loam,III,Cold,Basic,False,False,1369.6,1069110.0
4769.8,3,5,1,Black Cotton,II,Moderate,Standard,False,True,2174.0,10819545.0
2033.1,1,2,1,Sandy Loam,III,Warm-Humid,Basic,False,False,1450.6,2949215.0
6729.0,3,3,2,Sandy Loam,III,Warm-Humid,Standard,False,True,1858.9,12958538.0
3951.1,3,2,2,Black Cotton,II,Cold,Standard,True,False,2291.5,9053946.0
2307.2,2,2,2,Black Cotton,II,Warm-Humid,Luxury,False,True,4311.0,10396339.0
4569.7,3,3,1,Clay,IV,Warm-Humid,Premium,False,False,3187.2,14564548.0
2695.6,2,3,1,Black Cotton,III,Composite,Premium,False,False,3404.2,9176362.0
3412.4,2,1,2,Black Cotton,II,Moderate,Basic,False,False,1429.9,4879391.0
1488.7,3,1,1,Rocky,III,Warm-Humid,Standard,True,False,2226.9,3315186.0
6584.8,3,3,1,Sandy Loam,III,Hot-Dry,Basic,False,False,1526.3,10050380.0
952.1,1,2,1,Sandy Loam,IV,Hot-Dry,Premium,False,False,3291.0,3133361.0
2015.6,2,3,1,Rocky,IV,Warm-Humid,Basic,False,False,1336.6,2694051.0
2549.6,2,5,1,Clay,IV,Hot-Dry,Premium,False,False,3357.8,8561047.0
1155.8,2,3,1,Black Cotton,III,Moderate,Standard,False,False,2376.2,2746412.0
6331.0,3,2,3,Clay,II,Hot-Dry,Standard,False,False,1728.3,10941867.0
1262.3,2,4,2,Sandy Loam,IV,Composite,Premium,False,False,2724.4,3439010.0
637.8,1,2,1,Rocky,IV,Cold,Basic,False,False,1493.8,952746.0
2554.2,2,1,1,Rocky,II,Composite,Standard,False,False,1685.2,4304338.0
1904.3,1,4,1,Sandy Loam,IV,Composite,Standard,False,False,2157.6,4108718.0
1326.2,1,3,1,Black Cotton,III,Moderate,Basic,False,False,1780.4,2361166.0
2251.7,1,1,1,Sandy Loam,III,Warm-Humid,Premium,False,False,2973.3,6694980.0
2364.1,2,3,1,Sandy Loam,IV,Composite,Basic,False,False,1565.0,3699816.0
2970.7,2,2,1,Black Cotton,V,Hot-Dry,Standard,False,False,2355.1,6996296.0
4790.5,2,3,2,Sandy Loam,II,Warm-Humid,Standard,False,False,1547.2,7411862.0
3216.8,2,3,1,Sandy Loam,IV,Hot-Dry,Standard,False,False,2031.1,6533642.0
2123.9,1,3,1,Sandy Loam,IV,Moderate,Premium,False,False,3032.3,6440302.0
1042.9,1,2,2,Rocky,III,Moderate,Standard,False,False,1777.0,1853233.0
488.6,1,1,1,Clay,II,Hot-Dry,Standard,False,False,2212.9,1081223.0
2169.1,1,3,2,Rocky,II,Composite,Standard,False,False,1672.3,3627386.0
6824.9,3,3,2,Rocky,IV,Composite,Standard,False,False,1851.3,12634937.0
1107.2,2,2,3,Clay,II,Moderate,Basic,False,False,1277.9,1414891.0
3811.6,3,2,1,Clay,IV,Composite,Standard,False,False,2282.7,8700739.0
1385.5,1,4,1,Sandy Loam,IV,Warm-Humid,Standard,False,False,2228.4,3087448.0
4481.6,2,2,2,Black Cotton,III,Composite,Luxury,False,True,4741.1,21697714.0
2112.6,1,3,2,Sandy Loam,V,Moderate,Luxury,False,False,4738.7,10010978.0
4367.6,2,4,3,Clay,II,Hot-Dry,Standard,False,False,1678.0,7328833.0
1865.5,1,3,2,Clay,IV,Warm-Humid,Luxury,False,True,5006.8,9790185.0
2510.0,2,2,2,Black Cotton,II,Moderate,Standard,False,False,1976.3,4960513.0
1663.5,1,2,2,Clay,IV,Composite,Standard,False,False,2178.7,3624267.0
2144.7,2,3,2,Clay,IV,Hot-Dry,Luxury,False,False,4549.9,9758171.0
3984.7,3,5,1,Clay,II,Composite,Premium,False,False,3099.2,12349382.0
1347.4,2,1,1,Clay,III,Composite,Basic,False,False,1639.9,2209601.0
1788.0,1,2,2,Sandy Loam,IV,Moderate,Standard,False,False,2005.9,3586549.0
1646.7,1,1,1,Black Cotton,III,Composite,Standard,False,False,2465.5,4059939.0
861.9,1,1,2,Sandy Loam,II,Moderate,Standard,False,False,1902.6,1639851.0
1029.3,2,3,2,Clay,IV,Hot-Dry,Standard,False,False,2093.8,2155148.0
3223.9,2,3,2,Sandy Loam,III,Composite,Standard,True,False,1929.7,6221160.0
3581.0,2,4,3,Black Cotton,IV,Composite,Standard,False,False,2042.3,7313476.0
2856.8,2,1,2,Sandy Loam,III,Hot-Dry,Standard,False,False,1620.5,4629444.0
1050.0,1,2,3,Rocky,II,Composite,Premium,False,False,2420.5,2541525.0
2395.3,2,3,2,Black Cotton,IV,Hot-Dry,Premium,False,False,3366.4,8063538.0
2022.5,1,1,1,Sandy Loam,III,Hot-Dry,Standard,False,False,2044.0,4133990.0
3249.9,2,5,1,Sandy Loam,V,Hot-Dry,Basic,False,False,1481.4,4814402.0
5650.5,3,3,3,Clay,IV,Moderate,Premium,False,True,2700.9,15711435.0
739.1,1,3,1,Sandy Loam,III,Warm-Humid,Standard,False,False,2165.3,1600373.0
1019.7,1,4,2,Sandy Loam,II,Moderate,Standard,False,False,1852.8,1889300.0
1340.4,1,2,1,Rocky,II,Hot-Dry,Basic,False,False,1440.7,1931114.0
966.7,1,3,3,Rocky,II,Moderate,Premium,False,False,2351.5,2273195.0
2067.5,1,2,2,Clay,II,Hot-Dry,Basic,False,False,1412.9,2921171.0
3199.9,2,5,1,Sandy Loam,V,Composite,Standard,False,False,2187.7,7000421.0
777.2,1,5,1,Black Cotton,IV,Composite,Standard,False,False,2637.6,2049943.0
3417.4,2,4,1,Black Cotton,III,Composite,Luxury,True,False,6241.4,21329360.0
2269.3,2,3,1,Sandy Loam,III,Warm-Humid,Premium,False,False,2905.3,6592997.0
3824.8,2,3,1,Rocky,III,Warm-Humid,Standard,False,False,1782.7,6818471.0
2129.7,3,2,1,Rocky,IV,Composite,Basic,False,False,1524.0,3245663.0
3568.5,2,3,2,Rocky,IV,Hot-Dry,Basic,False,False,1207.0,4307180.0
481.2,1,3,1,Sandy Loam,II,Composite,Standard,False,False,2098.1,1009606.0
1457.3,2,5,2,Sandy Loam,IV,Cold,Standard,False,False,1931.9,2815358.0
1989.2,2,2,2,Sandy Loam,IV,Composite,Standard,False,False,1833.3,3646800.0
1559.6,3,2,1,Black Cotton,III,Composite,Standard,False,True,2631.4,4553931.0
1190.0,1,3,2,Clay,V,Hot-Dry,Standard,False,False,2260.8,2690352.0
2186.6,1,3,1,Black Cotton,V,Composite,Premium,False,False,3917.1,8565131.0
1764.1,2,1,1,Sandy Loam,V,Composite,Premium,False,False,3347.0,5904443.0
2426.9,2,4,1,Clay,III,Composite,Standard,False,False,2028.2,4922239.0
4170.7,2,3,2,Sandy Loam,III,Composite,Standard,False,False,1584.7,6609308.0
1119.7,2,2,2,Clay,II,Hot-Dry,Premium,False,False,2888.3,3234030.0
4795.1,2,1,2,Black Cotton,III,Hot-Dry,Standard,False,False,2011.7,9646303.0
3941.4,3,3,3,Rocky,III,Composite,Standard,False,False,1658.4,6536418.0
4226.9,2,3,2,Black Cotton,III,Warm-Humid,Premium,False,False,3185.9,13466481.0
1477.6,3,3,2,Sandy Loam,III,Warm-Humid,Standard,False,False,1972.3,2914270.0
3023.4,2,2,1,Rocky,IV,Composite,Standard,False,False,1962.1,5932213.0
3230.9,2,2,2,Sandy Loam,III,Composite,Luxury,False,False,3868.9,12500029.0
2474.5,2,1,2,Sandy Loam,IV,Composite,Standard,False,False,1927.1,4768609.0
1217.9,1,3,2,Black Cotton,V,Composite,Standard,False,False,2502.3,3047551.0
4269.4,2,1,1,Sandy Loam,III,Warm-Humid,Standard,False,False,1955.9,8350519.0
2183.4,1,3,2,Sandy Loam,II,Composite,Standard,False,False,1811.2,3954574.0
5685.2,3,3,1,Clay,III,Hot-Dry,Premium,False,False,3227.5,18348983.0
1861.6,2,1,1,Black Cotton,III,Hot-Dry,Standard,False,False,2315.9,4311279.0
705.7,1,2,1,Clay,III,Warm-Humid,Standard,False,False,2334.5,1647457.0
2115.6,2,4,2,Clay,V,Warm-Humid,Standard,False,False,2130.5,4507286.0
2519.4,2,2,2,Sandy Loam,III,Composite,Premium,False,False,2696.8,6794318.0
3145.7,2,2,2,Rocky,II,Warm-Humid,Standard,False,False,1566.2,4926795.0
1014.9,1,2,1,Sandy Loam,IV,Moderate,Luxury,False,False,5229.4,5307318.0
1972.5,3,2,2,Black Cotton,IV,Composite,Standard,False,False,2449.3,4831244.0
5125.4,3,4,1,Black Cotton,II,Moderate,Basic,False,True,1689.9,9111413.0
4209.9,2,3,1,Clay,IV,Warm-Humid,Basic,False,False,1555.8,6549762.0
1545.7,1,2,3,Clay,III,Warm-Humid,Luxury,False,False,4587.4,7090744.0
2637.2,3,3,3,Sandy Loam,IV,Moderate,Luxury,False,True,3945.8,10855864.0
1004.8,2,5,2,Sandy Loam,II,Hot-Dry,Standard,True,False,2025.6,2035323.0
2367.9,1,1,3,Black Cotton,IV,Moderate,Standard,False,False,2095.5,4961934.0
683.8,1,1,3,Sandy Loam,III,Warm-Humid,Luxury,False,False,4176.4,2855822.0
2182.1,1,4,1,Sandy Loam,II,Warm-Humid,Premium,False,False,3018.0,6585578.0
1922.5,2,2,3,Clay,V,Warm-Humid,Standard,False,False,1998.1,3841347.0
1882.8,2,5,1,Sandy Loam,III,Composite,Standard,True,False,2303.9,4337783.0
1794.2,3,1,2,Rocky,II,Composite,Standard,False,False,1837.3,3296484.0
3944.7,2,3,2,Black Cotton,III,Cold,Basic,False,False,1521.6,6002256.0
4930.4,3,3,1,Clay,IV,Composite,Premium,False,False,3127.7,15420812.0
2810.5,2,2,2,Rocky,II,Moderate,Premium,False,False,2509.8,7053793.0
3155.1,2,1,1,Clay,III,Warm-Humid,Standard,False,False,1963.6,6195354.0
1217.6,1,3,2,Sandy Loam,IV,Warm-Humid,Premium,False,False,3126.4,3806705.0
6229.0,3,3,3,Clay,II,Moderate,Standard,False,True,1782.1,11550701.0
3174.9,2,2,2,Sandy Loam,III,Composite,Standard,False,False,1740.3,5525278.0
1333.4,2,1,2,Sandy Loam,II,Cold,Standard,False,False,1644.8,2193176.0
1536.7,1,3,3,Sandy Loam,II,Composite,Standard,False,False,1681.5,2583961.0
2731.4,2,2,1,Rocky,IV,Hot-Dry,Luxury,True,True,4987.6,14073131.0
4737.0,2,1,1,Clay,V,Warm-Humid,Standard,False,False,2370.6,11229532.0
4323.4,2,3,1,Sandy Loam,IV,Composite,Premium,False,False,3024.4,13075691.0
3808.5,2,4,2,Sandy Loam,II,Warm-Humid,Basic,True,False,1357.1,5168515.0
1656.6,1,3,1,Sandy Loam,III,Hot-Dry,Standard,False,False,2076.9,3440593.0
1709.9,1,2,2,Clay,V,Composite,Standard,False,False,2330.0,3984067.0
1522.1,2,3,1,Clay,IV,Composite,Standard,False,False,2387.6,3634166.0
3350.8,2,4,2,Black Cotton,IV,Moderate,Luxury,False,False,4789.6,16048992.0
6937.5,3,4,1,Clay,II,Hot-Dry,Standard,False,False,2085.4,14467462.0
967.0,2,2,2,Sandy Loam,III,Moderate,Standard,False,False,1849.8,1788757.0
2181.0,2,1,2,Sandy Loam,IV,Warm-Humid,Standard,True,False,2044.8,4459709.0
1872.3,1,1,1,Sandy Loam,IV,Composite,Standard,False,False,2049.9,3838028.0
5158.5,3,2,2,Black Cotton,IV,Composite,Standard,True,False,2777.1,14325670.0
3373.7,2,2,2,Black Cotton,IV,Hot-Dry,Premium,False,False,3125.6,10544837.0
6698.3,3,2,1,Sandy Loam,III,Hot-Dry,Premium,False,False,3023.7,20253650.0
1893.4,2,4,2,Clay,IV,Composite,Standard,False,False,1913.7,3623400.0
3293.2,3,3,2,Black Cotton,III,Composite,Standard,True,False,2501.4,8237610.0
665.5,1,3,2,Black Cotton,III,Hot-Dry,Premium,False,False,3545.3,2359397.0
1048.8,1,5,1,Sandy Loam,IV,Hot-Dry,Standard,False,False,2258.4,2368610.0
628.1,1,3,2,Black Cotton,II,Hot-Dry,Standard,False,False,2084.7,1309400.0
3586.6,2,3,1,Black Cotton,III,Warm-Humid,Premium,True,False,3530.9,12663926.0
456.5,1,3,1,Sandy Loam,II,Warm-Humid,Premium,False,False,3042.5,1388901.0
1022.9,1,2,1,Sandy Loam,III,Composite,Standard,False,False,2130.3,2179084.0
2370.3,2,2,2,Black Cotton,II,Warm-Humid,Premium,False,False,3113.9,7380877.0
1618.6,1,3,2,Sandy Loam,III,Composite,Standard,False,False,1803.3,2918821.0
912.6,2,3,1,Clay,III,Composite,Standard,True,False,2374.9,2167334.0
5780.6,3,1,2,Sandy Loam,III,Cold,Standard,False,False,1870.3,10811456.0
1311.8,1,3,1,Sandy Loam,III,Warm-Humid,Standard,False,False,2085.7,2736021.0
1705.0,1,1,3,Rocky,III,Moderate,Premium,False,False,2347.7,4002828.0
2840.7,2,3,3,Sandy Loam,IV,Warm-Humid,Luxury,False,False,3932.5,11171053.0
3964.8,2,4,1,Sandy Loam,IV,Hot-Dry,Basic,False,False,1379.1,5467856.0
1765.5,3,1,1,Sandy Loam,III,Moderate,Standard,False,False,2103.9,3714435.0
2135.0,1,5,2,Rocky,II,Warm-Humid,Standard,False,False,1678.2,3582957.0
3081.3,2,3,2,Sandy Loam,II,Moderate,Standard,False,False,1574.4,4851199.0
1579.4,1,2,2,Black Cotton,II,Hot-Dry,Standard,False,False,2180.8,3444356.0
3996.8,2,2,2,Rocky,V,Warm-Humid,Premium,False,False,2945.3,11771775.0
2082.0,1,3,1,Black Cotton,III,Moderate,Premium,False,False,3477.6,7240363.0
1340.9,1,3,3,Rocky,II,Warm-Humid,Standard,False,False,1543.4,2069545.0
4038.8,3,3,2,Black Cotton,III,Moderate,Luxury,True,False,5908.1,23861634.0
2114.2,2,1,3,Sandy Loam,IV,Composite,Standard,False,False,1721.1,3638750.0
763.4,1,2,1,Clay,II,Moderate,Standard,False,False,2214.3,1690397.0
2984.4,2,5,3,Sandy Loam,III,Moderate,Standard,False,False,1713.5,5113769.0
4639.9,2,4,1,Black Cotton,II,Warm-Humid,Basic,True,False,1858.5,8623254.0
3819.5,3,3,2,Rocky,III,Moderate,Premium,False,False,2575.1,9835594.0
861.7,1,3,3,Clay,III,Composite,Standard,False,False,1929.0,1662219.0
1321.4,1,2,2,Clay,III,Warm-Humid,Premium,False,False,2933.3,3876063.0
2098.3,3,3,2,Sandy Loam,II,Hot-Dry,Standard,False,False,1876.7,3937880.0
6899.8,3,1,1,Clay,IV,Moderate,Standard,False,True,2419.4,17143376.0
1263.4,1,1,2,Clay,II,Moderate,Standard,False,False,2050.5,2590602.0
1641.7,1,4,1,Sandy Loam,III,Warm-Humid,Standard,False,False,1974.3,3241208.0
2465.9,2,4,2,Sandy Loam,III,Hot-Dry,Premium,False,False,2660.6,6560774.0
1194.4,2,3,1,Clay,III,Composite,Standard,False,False,2073.0,2475991.0
3123.6,2,2,3,Black Cotton,IV,Cold,Standard,False,False,2118.5,6617347.0
2128.0,2,3,1,Sandy Loam,III,Moderate,Premium,False,False,3003.4,6391235.0
1036.5,1,2,2,Sandy Loam,II,Composite,Standard,False,False,1890.5,1959503.0
2893.7,2,2,3,Clay,IV,Composite,Premium,False,False,2746.1,7946390.0
1061.8,1,4,1,Sandy Loam,III,Composite,Luxury,False,False,4593.9,4877803.0
1004.5,2,2,1,Rocky,III,Moderate,Standard,False,False,1866.3,1874698.0
2936.4,2,3,2,Rocky,II,Hot-Dry,Premium,False,False,2399.9,7047066.0
2011.1,1,3,1,Rocky,II,Hot-Dry,Premium,False,False,2783.8,5598500.0
3694.9,2,2,2,Sandy Loam,II,Composite,Premium,False,False,2423.2,8953482.0
2989.2,2,3,1,Rocky,II,Composite,Standard,False,False,1688.0,5045770.0
1638.6,2,3,1,Rocky,III,Composite,Standard,True,False,1931.8,3165447.0
2006.7,1,2,1,Black Cotton,III,Composite,Standard,False,False,2388.6,4793204.0
3039.9,2,3,3,Sandy Loam,V,Hot-Dry,Standard,False,False,1760.6,5352048.0
2679.4,2,3,1,Sandy Loam,IV,Composite,Standard,False,False,2045.2,5479909.0
958.1,1,2,2,Sandy Loam,III,Moderate,Standard,False,False,1906.1,1826234.0
4404.5,2,2,3,Black Cotton,II,Moderate,Standard,False,False,1779.2,7836486.0
2415.7,2,2,1,Black Cotton,II,Composite,Basic,False,False,1567.9,3787576.0
2443.7,2,3,1,Black Cotton,III,Warm-Humid,Standard,True,False,2653.8,6485091.0
784.3,1,3,2,Black Cotton,V,Warm-Humid,Luxury,False,True,6254.7,5355561.0
1592.0,1,5,1,Rocky,II,Warm-Humid,Standard,False,False,1787.2,2845222.0
987.4,1,2,2,Clay,II,Warm-Humid,Premium,False,False,2918.2,2881431.0
4432.6,2,3,1,Sandy Loam,III,Composite,Premium,False,False,2692.8,11936105.0
1708.9,1,3,2,Clay,II,Composite,Standard,False,False,1953.5,3338336.0
983.9,1,2,2,Sandy Loam,III,Composite,Standard,False,False,1986.3,1954321.0
1577.7,1,4,2,Sandy Loam,III,Composite,Standard,False,False,2019.5,3186165.0
2208.2,1,4,1,Sandy Loam,III,Hot-Dry,Standard,False,False,2033.0,4489271.0
4783.7,3,4,1,Clay,III,Hot-Dry,Standard,False,False,2170.0,10380629.0
1342.4,1,4,1,Black Cotton,V,Composite,Standard,False,False,2724.5,3657369.0
1489.5,2,5,2,Rocky,III,Warm-Humid,Premium,False,False,2619.1,3901149.0
4546.7,2,2,1,Black Cotton,II,Warm-Humid,Premium,False,False,3120.6,14188432.0
2149.2,2,3,3,Sandy Loam,IV,Cold,Basic,False,False,1300.4,2794820.0
4101.1,2,4,1,Clay,IV,Composite,Standard,False,False,2165.7,8881752.0
747.9,1,1,2,Black Cotton,IV,Warm-Humid,Premium,False,False,3522.6,2634553.0
1101.8,1,3,2,Black Cotton,IV,Composite,Basic,False,False,1791.5,1973875.0
1671.2,1,3,2,Rocky,III,Composite,Standard,False,False,1804.6,3015848.0
1230.3,2,3,1,Clay,IV,Warm-Humid,Luxury,False,False,4853.7,5971507.0
4223.6,2,2,2,Rocky,IV,Cold,Standard,False,False,1743.0,7361735.0
567.6,1,3,2,Rocky,V,Warm-Humid,Standard,False,False,2077.2,1179019.0
1526.1,1,3,1,Sandy Loam,IV,Composite,Basic,False,False,1617.5,2468467.0
505.8,1,3,2,Sandy Loam,III,Warm-Humid,Premium,False,False,2921.7,1477796.0
1192.6,1,2,1,Black Cotton,IV,Warm-Humid,Standard,False,False,2787.8,3324730.0
1252.1,1,3,2,Black Cotton,V,Composite,Standard,False,False,2461.3,3081794.0
4263.6,2,2,1,Clay,II,Cold,Luxury,False,False,4290.6,18293402.0
3494.1,2,2,3,Sandy Loam,III,Warm-Humid,Luxury,False,False,3540.5,12370861.0
4039.2,2,2,1,Clay,III,Composite,Standard,False,False,1978.6,7991961.0
4373.2,2,2,1,Sandy Loam,V,Warm-Humid,Luxury,False,False,4585.4,20052871.0
912.7,2,3,3,Black Cotton,II,Composite,Standard,False,False,1960.1,1788983.0
6238.2,3,2,2,Black Cotton,V,Composite,Basic,False,False,1754.6,10945546.0
6273.9,3,3,1,Sandy Loam,II,Composite,Standard,False,False,1932.8,12126194.0
507.3,1,2,2,Sandy Loam,IV,Warm-Humid,Premium,False,False,3166.8,1606518.0
1926.9,1,3,2,Sandy Loam,III,Composite,Standard,False,False,1924.2,3707741.0
2293.5,2,2,2,Black Cotton,III,Warm-Humid,Basic,False,False,1538.5,3528550.0
2380.8,1,3,1,Clay,III,Composite,Standard,False,False,2112.7,5029916.0
1470.6,3,2,1,Clay,II,Composite,Standard,False,False,2174.6,3197967.0
2061.5,1,3,3,Clay,IV,Warm-Humid,Basic,False,False,1404.0,2894346.0
2809.6,2,2,3,Rocky,III,Cold,Premium,False,False,2190.5,6154429.0
1821.2,1,4,3,Rocky,IV,Composite,Standard,False,False,1790.7,3261223.0
1286.7,2,3,1,Clay,II,Composite,Standard,False,False,2055.1,2644297.0
2071.2,1,3,2,Black Cotton,III,Composite,Luxury,False,False,5032.2,10422693.0
4085.2,2,3,3,Clay,III,Hot-Dry,Luxury,False,False,3551.9,14510222.0
533.8,1,4,2,Rocky,III,Composite,Premium,False,False,2948.1,1573696.0
6071.1,3,2,2,Rocky,III,Hot-Dry,Standard,False,False,1678.3,10189127.0
3000.2,2,3,2,Rocky,II,Composite,Standard,False,False,1562.2,4686912.0
842.2,1,4,3,Sandy Loam,II,Composite,Standard,False,False,1649.5,1389209.0
6513.8,3,3,3,Black Cotton,II,Hot-Dry,Standard,False,False,2009.3,13088178.0
1522.5,1,4,1,Clay,V,Moderate,Luxury,False,False,5160.7,7857166.0
4214.9,2,3,2,Clay,II,Hot-Dry,Standard,False,False,1806.8,7615481.0
911.8,1,2,2,Clay,II,Composite,Basic,False,False,1487.9,1356667.0
2364.6,1,3,1,Rocky,V,Hot-Dry,Premium,False,False,3249.6,7684004.0
2579.3,3,1,3,Sandy Loam,III,Cold,Premium,False,False,2709.7,6989129.0
1657.8,2,3,3,Clay,III,Moderate,Standard,False,False,1836.6,3044715.0
4441.3,3,3,1,Sandy Loam,III,Warm-Humid,Premium,False,False,2991.8,13287481.0
1117.8,1,1,1,Sandy Loam,IV,Hot-Dry,Standard,False,False,2178.8,2435463.0
3006.4,2,2,2,Sandy Loam,IV,Hot-Dry,Standard,False,False,1792.4,5388671.0
4310.0,2,3,1,Rocky,IV,Composite,Luxury,False,True,4330.3,19113593.0
2276.6,1,3,2,Sandy Loam,II,Warm-Humid,Standard,False,False,1877.3,4273861.0
3134.1,2,4,1,Sandy Loam,II,Cold,Premium,False,False,2548.5,7987254.0
2200.9,2,4,2,Clay,IV,Warm-Humid,Standard,False,False,2022.4,4451100.0
3234.5,2,4,1,Clay,IV,Composite,Premium,False,False,3007.3,9727112.0
3008.2,3,3,2,Black Cotton,III,Warm-Humid,Premium,False,True,3280.3,10317798.0
979.6,2,2,3,Sandy Loam,III,Composite,Premium,False,False,2482.3,2431661.0
915.7,2,1,2,Rocky,II,Composite,Premium,False,False,2548.9,2334028.0
1017.6,1,1,1,Clay,II,Hot-Dry,Basic,False,False,1636.4,1665201.0
2998.2,2,3,2,Sandy Loam,III,Composite,Standard,False,False,1843.9,5528381.0
1281.9,1,1,3,Sandy Loam,III,Warm-Humid,Standard,False,False,1851.2,2373053.0
1168.7,2,2,1,Rocky,III,Composite,Premium,False,False,2892.3,3380231.0
2151.2,2,3,2,Rocky,V,Moderate,Standard,False,False,1857.2,3995209.0
3562.6,2,3,2,Black Cotton,III,Composite,Luxury,False,False,4683.1,16684012.0
1502.7,2,5,2,Sandy Loam,IV,Composite,Luxury,False,False,4299.6,6461009.0
978.5,2,2,2,Sandy Loam,IV,Moderate,Premium,False,False,2847.8,2786572.0
1602.2,2,5,3,Sandy Loam,II,Warm-Humid,Premium,False,False,2336.8,3744021.0
3284.7,2,3,1,Sandy Loam,III,Moderate,Basic,False,False,1417.5,4656062.0
2081.2,2,1,1,Black Cotton,V,Hot-Dry,Premium,False,False,3658.5,7614070.0
1478.7,3,2,2,Sandy Loam,IV,Warm-Humid,Premium,False,False,3076.6,4549368.0
3410.0,2,2,2,Sandy Loam,II,Composite,Standard,False,False,1640.0,5592400.0
2104.8,1,3,2,Clay,IV,Composite,Standard,False,False,2074.3,4365987.0
1170.1,2,4,2,Clay,IV,Composite,Luxury,False,False,4743.4,5550252.0
3822.8,2,3,3,Sandy Loam,V,Warm-Humid,Premium,True,False,3031.8,11589965.0
4684.7,2,4,1,Sandy Loam,IV,Hot-Dry,Standard,False,False,2009.3,9412968.0
2883.6,2,3,2,Rocky,II,Warm-Humid,Premium,False,False,2471.4,7126529.0
1837.8,1,2,2,Rocky,V,Moderate,Premium,False,False,3016.8,5544275.0
2787.1,2,1,1,Black Cotton,II,Composite,Premium,False,False,3234.5,9014875.0
721.7,1,1,1,Black Cotton,II,Moderate,Luxury,False,False,5467.7,3946039.0
1008.5,1,3,2,Rocky,IV,Warm-Humid,Luxury,False,False,4476.2,4514248.0
4787.9,2,5,1,Sandy Loam,II,Warm-Humid,Standard,False,False,1835.4,8787712.0
1476.6,3,3,2,Sandy Loam,II,Hot-Dry,Premium,False,True,3034.0,4930004.0
5772.1,3,1,1,Sandy Loam,III,Warm-Humid,Premium,False,True,2982.6,17665865.0
3607.4,3,3,2,Clay,V,Composite,Standard,False,True,2217.3,8448688.0
4897.9,3,4,2,Black Cotton,II,Hot-Dry,Standard,False,False,2118.2,10374732.0
1905.9,2,4,3,Sandy Loam,III,Composite,Premium,False,False,2444.6,4659163.0
3612.5,2,3,3,Sandy Loam,II,Composite,Standard,False,False,1529.9,5526764.0
2314.7,3,2,1,Black Cotton,II,Composite,Basic,False,False,1670.0,3865549.0
1147.7,1,2,1,Sandy Loam,V,Composite,Standard,False,False,2266.2,2600918.0
3728.9,2,5,1,Sandy Loam,V,Composite,Premium,True,False,3410.9,12718905.0
1947.9,2,3,1,Sandy Loam,II,Composite,Basic,False,False,1384.9,2697647.0
4798.6,2,1,2,Black Cotton,II,Composite,Standard,False,False,2011.8,9653823.0
4346.7,2,2,2,Black Cotton,II,Warm-Humid,Standard,False,False,2035.4,8847273.0
1345.7,2,2,3,Black Cotton,III,Warm-Humid,Premium,False,False,2862.2,3851663.0
1566.6,1,2,1,Sandy Loam,IV,Hot-Dry,Standard,False,False,2037.6,3192104.0
2153.2,2,3,3,Clay,III,Composite,Premium,False,False,2530.3,5448242.0
541.4,1,1,1,Rocky,III,Moderate,Basic,False,False,1371.5,742530.0
2253.8,1,3,2,Black Cotton,III,Warm-Humid,Basic,False,False,1699.4,3830108.0
3770.6,2,3,2,Black Cotton,III,Composite,Standard,True,False,2400.1,9049817.0
2387.2,2,1,2,Black Cotton,II,Composite,Standard,False,False,2062.0,4922406.0
1496.9,1,3,3,Clay,II,Composite,Standard,False,False,1853.3,2774205.0
4610.9,2,3,3,Clay,II,Hot-Dry,Basic,True,False,1368.3,6309094.0
3947.4,3,2,2,Black Cotton,II,Warm-Humid,Luxury,True,False,5659.7,22341100.0
1044.5,1,1,2,Sandy Loam,II,Composite,Standard,False,False,1781.6,1860881.0
618.2,1,1,2,Black Cotton,V,Hot-Dry,Premium,False,False,3728.4,2304897.0
585.1,1,3,2,Black Cotton,II,Composite,Premium,False,False,3283.5,1921176.0
2887.1,2,5,2,Rocky,IV,Warm-Humid,Standard,False,False,1661.6,4797205.0
636.9,1,1,1,Sandy Loam,V,Composite,Luxury,False,False,5560.7,3541610.0
3801.4,3,1,1,Rocky,V,Hot-Dry,Standard,False,False,2094.6,7962412.0
4592.6,2,3,1,Clay,IV,Composite,Premium,False,False,3265.8,14998513.0
2522.9,2,3,2,Clay,II,Composite,Premium,False,False,2642.8,6667520.0
1246.0,1,1,1,Rocky,II,Composite,Standard,False,False,2011.3,2506080.0
2223.7,3,3,1,Clay,II,Composite,Premium,False,False,3320.5,7383796.0
1339.2,1,3,1,Sandy Loam,V,Warm-Humid,Standard,False,False,2404.6,3220240.0
4411.4,2,3,2,Sandy Loam,II,Moderate,Premium,False,False,2480.4,10942037.0
1107.8,1,3,1,Sandy Loam,IV,Cold,Standard,False,False,2293.4,2540629.0
2330.3,2,3,1,Rocky,III,Warm-Humid,Luxury,False,True,4125.9,10064585.0
1508.0,1,1,1,Black Cotton,III,Moderate,Standard,False,False,2456.2,3703950.0
2575.4,2,2,3,Rocky,III,Cold,Basic,False,False,1129.1,2907884.0
2301.5,2,3,1,Rocky,II,Composite,Standard,False,False,1736.3,3996094.0
2779.2,2,1,2,Rocky,III,Hot-Dry,Standard,False,False,1669.6,4640152.0
3345.6,2,4,2,Clay,II,Composite,Basic,False,False,1307.9,4375710.0
1750.3,1,3,1,Black Cotton,II,Warm-Humid,Standard,False,False,2511.7,4396229.0
4267.0,2,4,3,Sandy Loam,III,Composite,Basic,True,False,1241.9,5299187.0
1404.5,1,2,2,Sandy Loam,II,Warm-Humid,Basic,False,False,1363.7,1915317.0
1486.7,1,3,2,Sandy Loam,III,Hot-Dry,Premium,False,False,2790.3,4148339.0
2869.3,3,1,2,Sandy Loam,V,Cold,Standard,False,True,2096.0,6464053.0
1985.5,1,3,3,Rocky,III,Warm-Humid,Standard,False,False,1673.8,3323330.0
750.5,1,3,1,Clay,II,Composite,Luxury,False,False,5150.3,3865300.0
1113.9,2,4,2,Clay,II,Warm-Humid,Standard,False,False,1917.3,2135680.0
991.3,1,2,1,Black Cotton,III,Hot-Dry,Basic,False,False,1752.1,1736857.0
1489.4,1,1,3,Clay,II,Warm-Humid,Premium,False,False,2559.8,3812566.0
2772.4,2,4,3,Clay,III,Composite,Standard,False,False,1802.1,4996142.0
764.0,1,2,2,Clay,III,Warm-Humid,Standard,False,False,2130.3,1627549.0
1869.7,1,2,1,Black Cotton,IV,Composite,Standard,False,False,2544.8,4758013.0
2275.4,2,5,2,Sandy Loam,II,Composite,Standard,True,False,1857.0,4225418.0
1108.5,1,3,1,Clay,III,Composite,Standard,False,False,2107.4,2336053.0
2385.6,1,3,2,Sandy Loam,II,Warm-Humid,Standard,False,False,1760.6,4200087.0
2322.8,1,1,1,Clay,II,Composite,Basic,False,False,1450.8,3369918.0
1185.3,2,2,2,Sandy Loam,III,Warm-Humid,Standard,False,False,1792.0,2124058.0
1880.6,1,1,1,Sandy Loam,III,Composite,Standard,False,False,2063.2,3880054.0
1255.1,1,3,1,Clay,III,Composite,Standard,False,False,2178.4,2734110.0
512.8,1,4,1,Sandy Loam,IV,Composite,Premium,False,False,3189.3,1635473.0
2053.6,1,4,3,Rocky,V,Composite,Standard,False,False,1803.8,3704284.0
2391.0,1,2,2,Sandy Loam,III,Composite,Premium,False,False,2833.5,6774898.0
788.4,1,2,1,Black Cotton,III,Composite,Standard,False,False,2517.8,1985034.0
1874.2,2,1,2,Clay,II,Warm-Humid,Basic,False,False,1350.0,2530170.0
3191.3,2,4,1,Clay,III,Composite,Standard,False,False,1916.3,6115488.0
1766.1,3,3,1,Black Cotton,IV,Composite,Standard,True,False,2856.7,5045218.0
1530.2,1,2,1,Rocky,III,Composite,Premium,False,False,2855.3,4369180.0
1176.4,1,2,1,Clay,IV,Moderate,Standard,False,False,2205.5,2594550.0
3467.6,2,4,1,Clay,III,Warm-Humid,Standard,False,False,2011.2,6974037.0
2036.4,1,3,2,Sandy Loam,V,Warm-Humid,Basic,False,False,1535.9,3127707.0
1981.8,1,1,3,Sandy Loam,IV,Composite,Standard,False,False,1792.9,3553169.0
3031.0,2,4,3,Clay,II,Composite,Premium,False,False,2415.0,7319865.0
3591.9,2,3,3,Black Cotton,IV,Composite,Standard,False,False,1934.1,6947094.0
3876.0,3,3,3,Sandy Loam,V,Moderate,Premium,False,True,2703.3,10927991.0
889.3,1,1,2,Sandy Loam,II,Composite,Standard,False,False,1933.0,1719017.0
685.5,1,2,1,Sandy Loam,II,Composite,Premium,False,False,2977.0,2040734.0
6681.8,3,3,1,Sandy Loam,IV,Hot-Dry,Standard,False,False,2075.2,13866071.0
1672.7,2,2,1,Black Cotton,V,Warm-Humid,Basic,False,False,1920.3,3212086.0
1534.1,2,2,2,Sandy Loam,IV,Composite,Premium,False,False,3014.2,4624084.0
2311.6,1,3,2,Clay,II,Composite,Standard,False,False,1789.7,4137071.0
2562.3,2,2,3,Black Cotton,III,Warm-Humid,Basic,False,False,1465.5,3755051.0
574.9,1,2,1,Black Cotton,III,Composite,Standard,False,False,2513.2,1444839.0
2122.8,2,2,1,Clay,III,Composite,Luxury,False,False,4531.2,9618831.0
1426.8,2,3,2,Sandy Loam,III,Moderate,Standard,True,False,2032.5,2899971.0
1831.4,1,3,3,Clay,III,Moderate,Standard,False,False,1918.5,3513541.0
1256.0,1,2,3,Rocky,II,Warm-Humid,Basic,False,False,1166.2,1464747.0
984.9,1,1,3,Rocky,III,Hot-Dry,Standard,False,False,1752.1,1725643.0
2213.2,1,4,3,Clay,IV,Composite,Premium,False,False,2850.7,6309169.0
1104.9,1,4,2,Clay,III,Composite,Standard,False,False,2010.7,2221622.0
1168.7,1,2,2,Black Cotton,IV,Composite,Basic,False,False,1712.3,2001165.0
1659.9,2,4,2,Black Cotton,III,Moderate,Premium,False,False,3056.5,5073484.0
497.2,1,3,2,Rocky,II,Composite,Standard,False,False,1741.8,866023.0
1456.3,2,2,2,Black Cotton,IV,Warm-Humid,Standard,False,False,2270.4,3306384.0
2928.8,2,3,1,Clay,II,Warm-Humid,Standard,False,False,2024.9,5930527.0
1412.7,2,3,2,Sandy Loam,V,Warm-Humid,Standard,True,False,2158.0,3048607.0
2447.6,2,5,1,Sandy Loam,IV,Warm-Humid,Standard,True,False,2274.2,5566332.0
2279.1,1,2,1,Black Cotton,IV,Warm-Humid,Luxury,False,False,5755.3,13116904.0
1299.6,1,1,3,Black Cotton,V,Hot-Dry,Standard,False,False,2438.8,3169464.0
3435.5,2,2,2,Sandy Loam,IV,Composite,Standard,True,False,2086.8,7169201.0
1479.6,1,2,1,Rocky,II,Warm-Humid,Standard,False,False,1793.7,2653959.0
2295.3,1,1,3,Black Cotton,IV,Composite,Standard,False,False,2044.9,4693659.0
1389.4,3,3,2,Sandy Loam,IV,Hot-Dry,Standard,False,False,2158.7,2999298.0
3528.2,2,1,2,Rocky,III,Cold,Standard,False,False,1657.8,5849050.0
946.4,1,2,2,Sandy Loam,II,Warm-Humid,Standard,False,False,1829.0,1730966.0
2259.4,1,2,2,Sandy Loam,III,Composite,Standard,False,False,1851.7,4183731.0
4425.7,2,3,1,Rocky,II,Composite,Standard,False,False,1747.4,7733468.0
3145.9,2,1,1,Clay,IV,Warm-Humid,Standard,False,False,2239.1,7043985.0
1267.6,1,2,1,Sandy Loam,II,Hot-Dry,Standard,False,False,1914.7,2427074.0
4398.4,3,3,2,Clay,V,Hot-Dry,Standard,False,False,2134.2,9387065.0
2396.4,2,4,1,Sandy Loam,III,Warm-Humid,Standard,False,False,2015.6,4830184.0
2039.2,2,2,1,Sandy Loam,III,Hot-Dry,Basic,False,False,1448.5,2953781.0
3269.4,2,3,2,Black Cotton,III,Warm-Humid,Standard,True,False,2353.8,7695514.0
2245.8,1,2,2,Rocky,II,Composite,Standard,False,False,1699.3,3816288.0
1963.6,2,3,1,Black Cotton,III,Warm-Humid,Standard,False,False,2447.3,4805518.0
2136.6,3,4,3,Sandy Loam,IV,Composite,Basic,False,False,1215.6,2597251.0
744.9,1,4,2,Sandy Loam,V,Warm-Humid,Premium,False,False,3455.4,2573927.0
2109.1,1,1,1,Clay,II,Composite,Basic,False,False,1592.4,3358531.0
1819.1,1,2,3,Rocky,III,Composite,Basic,False,False,1159.9,2109974.0
4313.7,2,2,2,Black Cotton,II,Composite,Standard,True,False,2287.8,9868883.0
4489.6,2,3,1,Sandy Loam,III,Composite,Luxury,False,False,4102.1,18416788.0
2665.2,2,2,1,Sandy Loam,III,Composite,Standard,False,False,2010.5,5358385.0
4224.8,2,4,2,Rocky,III,Composite,Standard,True,False,1757.7,7425931.0
2063.5,2,2,3,Rocky,III,Composite,Standard,False,False,1509.1,3114028.0
799.3,1,3,1,Black Cotton,IV,Composite,Premium,False,False,3594.2,2872844.0
3568.1,2,3,1,Sandy Loam,II,Hot-Dry,Standard,False,False,1905.9,6800442.0
2233.5,3,2,1,Sandy Loam,II,Cold,Standard,False,False,1980.1,4422553.0
1246.3,2,3,1,Black Cotton,IV,Warm-Humid,Luxury,False,False,5426.2,6762673.0
3278.7,2,3,2,Sandy Loam,III,Warm-Humid,Premium,False,False,2581.7,8464620.0
3864.2,2,3,2,Rocky,III,Composite,Premium,False,False,2456.0,9490475.0
1359.0,2,4,1,Sandy Loam,III,Warm-Humid,Standard,False,False,1982.5,2694218.0
1312.0,2,1,2,Clay,III,Composite,Standard,False,False,2021.3,2651946.0
1832.7,1,3,2,Black Cotton,III,Composite,Standard,False,False,2140.5,3922894.0
3183.2,2,3,2,Sandy Loam,V,Hot-Dry,Standard,False,False,1875.6,5970410.0
981.8,1,3,2,Sandy Loam,III,Composite,Standard,False,False,1909.4,1874649.0
4705.7,3,3,3,Sandy Loam,V,Hot-Dry,Basic,False,False,1397.4,6575745.0
2889.9,3,4,1,Sandy Loam,II,Composite,Standard,False,False,1874.2,5416251.0
5659.3,3,2,2,Rocky,III,Moderate,Standard,False,False,1720.9,9739089.0
2024.9,1,3,2,Sandy Loam,II,Composite,Premium,False,False,2697.4,5461965.0
1523.9,1,2,1,Black Cotton,III,Moderate,Standard,False,False,2486.3,3788873.0
1945.7,1,3,1,Clay,V,Composite,Premium,False,False,3604.9,7014054.0
4213.2,2,3,2,Clay,V,Warm-Humid,Standard,False,False,2055.4,8659811.0
3520.3,3,2,2,Clay,IV,Warm-Humid,Premium,False,False,2879.3,10136000.0
3644.2,3,3,1,Sandy Loam,II,Hot-Dry,Standard,False,False,1807.1,6585434.0
1004.3,2,1,2,Sandy Loam,V,Composite,Standard,False,False,1963.3,1971742.0
1832.1,1,2,1,Black Cotton,II,Hot-Dry,Premium,False,False,3380.9,6194147.0
4272.3,3,2,2,Clay,II,Composite,Standard,False,False,1968.0,8407886.0
3488.7,2,2,1,Clay,V,Moderate,Standard,False,False,2159.4,7533499.0
1434.7,2,1,2,Clay,II,Hot-Dry,Standard,False,False,1849.8,2653908.0
3194.7,3,2,2,Sandy Loam,IV,Composite,Premium,False,False,2941.1,9395932.0
1027.8,1,5,2,Sandy Loam,III,Warm-Humid,Premium,False,False,2903.6,2984320.0
3037.2,3,5,1,Sandy Loam,III,Composite,Standard,False,False,1948.4,5917680.0
1161.7,1,3,1,Rocky,IV,Hot-Dry,Standard,False,False,2173.7,2525187.0
1520.6,2,3,3,Sandy Loam,V,Warm-Humid,Luxury,False,False,4248.7,6460573.0
3373.4,2,3,2,Sandy Loam,III,Moderate,Standard,False,False,1708.3,5762779.0
1096.0,1,3,1,Rocky,II,Warm-Humid,Basic,False,False,1400.8,1535277.0
4445.5,2,1,2,Black Cotton,II,Composite,Standard,False,False,1927.2,8567368.0
1963.0,2,3,3,Rocky,III,Composite,Premium,False,False,2191.5,4301914.0
2843.1,3,3,2,Rocky,III,Hot-Dry,Premium,False,False,2627.9,7471382.0
959.5,1,2,2,Clay,II,Warm-Humid,Standard,False,False,1968.3,1888584.0
943.7,2,3,2,Sandy Loam,II,Composite,Standard,False,False,1772.6,1672803.0
2014.5,3,1,1,Rocky,II,Composite,Standard,False,False,1874.5,3776180.0
1756.9,2,3,2,Clay,III,Hot-Dry,Premium,False,False,2767.4,4862045.0
1914.2,1,4,2,Clay,III,Hot-Dry,Premium,False,False,3194.6,6115103.0
989.7,2,2,1,Sandy Loam,III,Hot-Dry,Standard,False,False,1955.8,1935655.0
2377.9,1,4,1,Black Cotton,III,Warm-Humid,Basic,False,False,1817.2,4321120.0
1005.5,1,4,1,Rocky,IV,Composite,Premium,False,False,2974.3,2990659.0
3601.7,2,2,1,Clay,II,Moderate,Premium,False,False,2852.9,10275290.0
3686.8,2,2,1,Sandy Loam,III,Hot-Dry,Standard,False,False,1905.2,7024091.0
1179.6,1,3,1,Sandy Loam,III,Composite,Standard,False,False,2005.6,2365806.0
952.2,2,3,2,Black Cotton,II,Warm-Humid,Standard,False,False,2114.6,2013522.0
3675.0,2,2,1,Clay,IV,Composite,Premium,False,False,3162.3,11621452.0
1106.1,2,3,1,Clay,III,Composite,Luxury,False,False,4668.2,5163496.0
1129.8,1,1,1,Sandy Loam,III,Hot-Dry,Standard,False,False,2072.7,2341736.0
2964.4,2,2,2,Rocky,II,Composite,Basic,False,False,1217.6,3609453.0
1165.7,1,3,2,Clay,III,Warm-Humid,Standard,False,False,2156.8,2514182.0
2021.0,2,2,1,Sandy Loam,II,Warm-Humid,Premium,False,False,2864.9,5789963.0
1917.2,2,3,2,Black Cotton,II,Composite,Standard,False,False,2201.0,4219757.0
5743.0,3,2,2,Black Cotton,II,Composite,Luxury,False,False,4542.4,26087003.0
531.8,1,3,1,Black Cotton,II,Composite,Premium,False,False,3368.0,1791102.0
3976.6,2,2,1,Clay,V,Composite,Standard,False,False,2144.4,8527421.0
1297.0,2,2,3,Clay,II,Moderate,Standard,False,False,1796.4,2329931.0
2406.0,2,1,1,Clay,V,Composite,Standard,False,False,2289.9,5509499.0
4796.8,2,3,2,Black Cotton,III,Hot-Dry,Premium,False,False,2991.4,14349148.0
4410.5,2,3,1,Sandy Loam,IV,Composite,Standard,False,False,2003.3,8835555.0
3248.6,2,2,1,Rocky,IV,Moderate,Basic,False,False,1363.1,4428167.0
1753.7,3,2,1,Sandy Loam,II,Composite,Premium,False,False,3130.7,5490309.0
2894.5,3,2,1,Clay,II,Composite,Standard,True,False,2345.5,6789050.0
1038.7,1,3,2,Clay,IV,Composite,Premium,False,False,3253.1,3378995.0
480.5,1,2,3,Black Cotton,IV,Composite,Basic,False,False,1680.1,807288.0
3916.1,2,2,2,Rocky,IV,Warm-Humid,Standard,False,False,1569.0,6144361.0
2030.5,2,1,2,Black Cotton,III,Hot-Dry,Luxury,False,True,4753.0,10100966.0
1396.2,1,3,1,Clay,III,Composite,Premium,False,False,3260.0,4551612.0
1770.1,3,3,2,Sandy Loam,IV,Warm-Humid,Standard,False,False,1982.1,3508515.0
4170.4,2,1,2,Rocky,IV,Warm-Humid,Standard,False,False,1747.7,7288608.0
3415.1,2,2,2,Clay,IV,Composite,Standard,False,False,1975.5,6746530.0
1924.2,3,1,1,Rocky,II,Composite,Standard,False,False,1783.5,3431811.0
2357.5,1,1,2,Clay,III,Hot-Dry,Premium,False,False,2909.0,6857968.0
682.5,1,2,2,Sandy Loam,II,Cold,Standard,False,False,1760.7,1201678.0
2307.6,1,1,3,Black Cotton,III,Warm-Humid,Standard,False,False,1960.3,4523588.0
2539.6,2,3,3,Black Cotton,IV,Cold,Basic,False,False,1491.7,3788321.0
3917.2,2,2,1,Rocky,III,Hot-Dry,Basic,False,False,1272.1,4983070.0
1284.2,1,3,2,Rocky,IV,Warm-Humid,Premium,False,False,2843.4,3651494.0
4747.3,2,3,1,Clay,V,Warm-Humid,Standard,False,False,2212.1,10501502.0
6678.3,3,1,3,Sandy Loam,V,Composite,Standard,False,True,1883.1,13025907.0
5503.3,3,3,1,Clay,III,Cold,Standard,False,False,2270.5,12495243.0
1761.6,2,3,2,Sandy Loam,IV,Moderate,Standard,False,False,1843.5,3247510.0
818.0,1,4,1,Rocky,II,Warm-Humid,Basic,False,False,1376.4,1125895.0
2155.5,3,4,1,Clay,II,Warm-Humid,Standard,False,True,2011.5,4785788.0
533.8,1,2,1,Rocky,III,Warm-Humid,Basic,False,False,1456.5,777480.0
2898.2,2,3,2,Black Cotton,III,Composite,Luxury,False,False,4644.8,13461559.0
1220.1,1,3,1,Sandy Loam,III,Moderate,Premium,False,False,2987.7,3645293.0
2093.8,2,3,2,Clay,III,Composite,Premium,True,False,3236.0,6775537.0
4983.5,3,2,2,Sandy Loam,IV,Composite,Standard,False,False,1926.3,9599716.0
1628.0,1,2,3,Clay,II,Composite,Premium,False,False,2606.9,4244033.0
991.2,1,2,1,Black Cotton,IV,Moderate,Standard,False,False,2621.0,2597935.0
5765.2,3,2,1,Black Cotton,III,Composite,Basic,False,False,1732.6,9988786.0
5152.8,3,3,3,Sandy Loam,II,Warm-Humid,Premium,False,False,2374.0,12232747.0
4754.7,2,3,1,Black Cotton,III,Cold,Basic,False,False,1690.3,8036869.0
2074.1,1,1,1,Clay,IV,Composite,Standard,False,False,2274.7,4717955.0
4099.6,2,5,2,Sandy Loam,V,Composite,Luxury,False,False,4347.8,17824241.0
3146.0,2,3,2,Sandy Loam,III,Warm-Humid,Basic,False,False,1289.0,4055194.0
2922.3,2,4,2,Sandy Loam,III,Moderate,Basic,False,False,1358.3,3969360.0
6232.0,3,4,1,Black Cotton,III,Warm-Humid,Basic,False,True,1742.7,11310506.0
3845.3,2,2,3,Rocky,IV,Warm-Humid,Standard,False,False,1541.3,5926761.0
2095.3,2,3,2,Sandy Loam,III,Composite,Premium,False,False,2664.8,5583555.0
2372.4,1,2,3,Sandy Loam,V,Warm-Humid,Basic,False,False,1458.3,3459671.0
3331.1,3,1,2,Clay,III,Composite,Standard,False,False,1907.8,6355073.0
882.9,1,2,1,Clay,V,Cold,Standard,False,False,2418.1,2134940.0
5625.8,3,3,2,Sandy Loam,IV,Hot-Dry,Basic,False,True,1426.2,8473516.0
2092.6,2,2,1,Sandy Loam,II,Composite,Luxury,False,False,4248.0,8889365.0
1181.5,2,1,1,Black Cotton,III,Composite,Premium,False,False,3782.5,4469024.0
2095.5,1,2,1,Sandy Loam,II,Moderate,Standard,False,False,1911.8,4006177.0
1657.4,2,4,1,Sandy Loam,IV,Hot-Dry,Standard,False,False,2032.6,3368831.0
1752.8,1,5,2,Sandy Loam,II,Composite,Standard,False,False,1818.3,3187116.0
1619.2,2,1,2,Sandy Loam,IV,Hot-Dry,Standard,False,False,1949.5,3156630.0
5264.9,3,4,1,Sandy Loam,II,Composite,Premium,False,False,2770.2,14584826.0
1387.6,2,2,3,Sandy Loam,III,Composite,Premium,False,False,2403.2,3334680.0
1018.0,1,3,1,Black Cotton,III,Composite,Premium,False,False,3529.8,3593336.0
2569.0,2,3,1,Sandy Loam,V,Moderate,Luxury,False,False,4890.2,12562924.0
3645.9,3,2,2,Black Cotton,V,Composite,Premium,False,False,3576.2,13038468.0
1589.6,1,1,1,Black Cotton,V,Warm-Humid,Premium,False,False,4013.1,6379224.0
1731.9,1,2,1,Clay,II,Composite,Standard,False,False,2148.9,3721680.0
1743.6,1,3,3,Clay,III,Hot-Dry,Standard,False,False,1925.1,3356604.0
4695.7,2,3,2,Clay,II,Hot-Dry,Basic,False,False,1265.7,5943347.0
577.2,1,3,2,Sandy Loam,III,Composite,Premium,False,False,3100.6,1789666.0
3156.4,2,2,3,Black Cotton,III,Hot-Dry,Standard,False,False,1786.4,5638593.0
2918.1,2,4,2,Clay,II,Composite,Standard,False,False,1781.5,5198595.0
3438.9,2,4,1,Black Cotton,II,Hot-Dry,Basic,False,False,1515.4,5211309.0
3857.9,2,2,1,Black Cotton,V,Moderate,Premium,True,False,4180.4,16127565.0
1449.7,1,3,1,Clay,III,Hot-Dry,Standard,False,False,2330.3,3378236.0
1571.5,2,3,3,Sandy Loam,III,Composite,Standard,False,False,1673.6,2630062.0
1669.2,1,2,2,Black Cotton,III,Composite,Basic,False,False,1674.8,2795576.0
642.8,1,3,3,Black Cotton,IV,Composite,Standard,False,False,2479.6,1593887.0
4367.1,2,3,1,Clay,IV,Composite,Standard,False,False,2169.6,9474860.0
4106.2,2,2,1,Clay,IV,Hot-Dry,Basic,False,False,1541.9,6331350.0
4444.0,2,2,1,Sandy Loam,III,Composite,Standard,False,False,1862.7,8277839.0
1956.5,3,3,1,Clay,II,Warm-Humid,Standard,False,False,2042.8,3996738.0
645.6,1,3,1,Sandy Loam,III,Warm-Humid,Premium,False,False,3039.6,1962366.0
2387.4,3,3,1,Rocky,IV,Moderate,Standard,False,True,1973.0,5160340.0
791.1,1,3,1,Rocky,II,Warm-Humid,Luxury,False,False,4317.0,3415179.0
3996.9,2,2,1,Sandy Loam,II,Hot-Dry,Standard,False,False,2021.8,8080932.0
1380.9,3,4,2,Clay,III,Moderate,Premium,False,False,3099.4,4279961.0
4125.3,2,4,1,Sandy Loam,II,Composite,Premium,False,False,2728.9,11257531.0
1245.2,2,1,1,Black Cotton,IV,Warm-Humid,Standard,False,False,2450.1,3050865.0
3508.2,2,3,2,Black Cotton,IV,Warm-Humid,Standard,False,False,2246.9,7882575.0
4518.2,2,4,1,Black Cotton,V,Hot-Dry,Premium,False,False,3419.0,15447726.0
2328.3,1,2,2,Sandy Loam,III,Moderate,Basic,False,False,1294.9,3014916.0
1652.5,2,2,2,Sandy Loam,II,Moderate,Premium,False,False,2565.1,4238828.0
836.3,1,2,1,Clay,III,Composite,Premium,False,False,3297.5,2757699.0
2820.8,2,2,1,Rocky,III,Hot-Dry,Standard,True,False,2017.2,5690118.0
3783.2,2,1,2,Black Cotton,II,Composite,Luxury,False,False,4406.3,16669914.0
3796.3,2,1,1,Sandy Loam,II,Composite,Standard,False,False,1739.7,6604423.0
1660.8,2,5,1,Sandy Loam,IV,Warm-Humid,Standard,False,False,2057.1,3416432.0
920.9,1,3,2,Rocky,IV,Warm-Humid,Basic,False,False,1491.6,1373614.0
3049.6,3,2,2,Sandy Loam,II,Moderate,Standard,False,True,1727.8,5719099.0
1630.0,1,4,3,Rocky,III,Warm-Humid,Premium,False,False,2521.1,4109393.0
1873.5,1,2,2,Sandy Loam,III,Moderate,Standard,False,False,1885.8,3533046.0
3228.8,2,3,3,Sandy Loam,III,Composite,Standard,False,False,1666.6,5381118.0
1361.0,2,5,1,Sandy Loam,V,Composite,Premium,False,False,3296.2,4486128.0
3145.3,3,4,2,Sandy Loam,III,Composite,Premium,False,False,2671.5,8402669.0
2688.1,3,1,2,Sandy Loam,IV,Moderate,Standard,True,False,2293.6,6165426.0
3386.3,2,2,1,Black Cotton,III,Composite,Premium,False,False,3341.2,11314306.0
2378.1,1,2,1,Sandy Loam,II,Moderate,Premium,False,False,2939.0,6989236.0
5497.3,3,4,1,Sandy Loam,III,Composite,Basic,False,True,1433.8,8332029.0
3916.5,2,2,3,Rocky,II,Hot-Dry,Premium,False,False,2265.0,8870872.0
1767.1,3,1,1,Sandy Loam,III,Moderate,Standard,True,False,2422.4,4280623.0
1135.1,1,3,1,Clay,IV,Composite,Basic,False,False,1707.6,1938297.0
2581.6,2,2,1,Sandy Loam,III,Composite,Luxury,False,False,4504.9,11629850.0
4034.8,2,3,1,Clay,III,Warm-Humid,Basic,False,False,1453.8,5865792.0
4550.5,2,3,1,Sandy Loam,III,Composite,Standard,False,False,1700.5,7738125.0
704.4,1,1,1,Sandy Loam,IV,Warm-Humid,Basic,False,False,1681.7,1184589.0
6143.5,3,2,3,Sandy Loam,II,Moderate,Basic,False,True,1171.0,7644038.0
2800.9,2,5,2,Clay,II,Composite,Premium,False,False,2464.2,6901978.0
3055.7,2,2,1,Sandy Loam,II,Warm-Humid,Standard,False,False,1779.9,5438840.0
3107.7,2,3,1,Rocky,II,Hot-Dry,Standard,False,False,1809.0,5621829.0
3883.3,2,4,2,Sandy Loam,II,Hot-Dry,Basic,False,False,1207.6,4689473.0
4269.9,2,2,1,Rocky,II,Composite,Luxury,False,False,3927.3,16769178.0
2974.9,2,3,1,Clay,IV,Moderate,Standard,True,False,2506.0,7455099.0
957.3,2,3,2,Sandy Loam,IV,Composite,Standard,True,False,2234.4,2138991.0
1622.6,2,4,1,Clay,IV,Composite,Premium,False,False,3427.7,5561786.0
1824.5,1,3,2,Rocky,III,Composite,Premium,False,False,2691.6,4910824.0
914.4,1,3,2,Sandy Loam,IV,Moderate,Premium,False,False,2900.5,2652217.0
1161.7,2,4,1,Sandy Loam,III,Warm-Humid,Standard,False,False,1898.6,2205604.0
890.3,1,2,1,Clay,V,Hot-Dry,Standard,False,False,2543.9,2264834.0
1314.3,1,2,2,Sandy Loam,III,Cold,Standard,False,False,1863.6,2449329.0
1324.4,1,2,1,Black Cotton,III,Moderate,Premium,False,False,3890.1,5152048.0
3443.1,2,1,3,Sandy Loam,IV,Hot-Dry,Standard,False,False,1630.2,5612942.0
4742.5,2,3,1,Sandy Loam,II,Composite,Premium,False,False,2795.4,13257184.0
560.9,1,2,2,Black Cotton,IV,Warm-Humid,Luxury,False,False,5631.9,3158933.0
2233.0,2,2,2,Clay,II,Warm-Humid,Basic,False,False,1315.2,2936842.0
1874.9,1,2,1,Clay,II,Moderate,Premium,False,False,2991.6,5608951.0
4395.1,2,2,2,Sandy Loam,II,Moderate,Standard,False,False,1563.1,6869981.0
2154.3,2,2,1,Sandy Loam,II,Moderate,Standard,True,False,2258.6,4865702.0
3643.4,2,2,1,Sandy Loam,IV,Hot-Dry,Standard,False,False,1982.6,7223405.0
3451.7,3,3,1,Clay,III,Moderate,Basic,False,False,1526.0,5267294.0
1319.2,1,3,1,Sandy Loam,II,Moderate,Basic,False,False,1378.3,1818253.0
2123.5,1,1,1,Sandy Loam,III,Warm-Humid,Standard,False,False,2051.4,4356148.0
1643.7,1,3,2,Clay,III,Composite,Basic,False,False,1479.0,2431032.0
4478.0,3,3,1,Black Cotton,III,Composite,Standard,True,False,2694.5,12065971.0
2891.2,2,3,2,Sandy Loam,II,Composite,Basic,False,False,1183.7,3422313.0
1557.7,2,2,2,Sandy Loam,II,Warm-Humid,Premium,False,False,2562.1,3990983.0
3819.1,2,2,2,Black Cotton,III,Hot-Dry,Premium,False,False,3038.2,11603190.0
1659.7,1,2,1,Sandy Loam,III,Moderate,Premium,False,False,2900.9,4814624.0
472.8,1,1,2,Sandy Loam,III,Composite,Luxury,False,False,4112.5,1944390.0
3378.8,3,3,2,Rocky,IV,Cold,Luxury,True,False,4738.8,16011457.0
4701.3,2,3,2,Black Cotton,II,Composite,Standard,False,False,1961.7,9222540.0
4779.7,2,2,2,Sandy Loam,III,Moderate,Premium,False,False,2547.9,12178198.0
3405.8,2,3,2,Black Cotton,IV,Hot-Dry,Basic,False,False,1540.1,5245273.0
4718.5,2,3,1,Clay,IV,Moderate,Premium,False,False,2946.2,13901645.0
4360.2,2,4,1,Black Cotton,III,Composite,Premium,False,False,3318.8,14470632.0
2533.4,2,2,1,Black Cotton,V,Composite,Standard,True,False,2885.9,7311139.0
1316.6,1,3,2,Clay,III,Composite,Basic,False,False,1526.5,2009790.0
1423.9,3,2,1,Sandy Loam,III,Warm-Humid,Luxury,False,True,4753.8,7218936.0
2312.9,1,4,3,Sandy Loam,IV,Composite,Basic,False,False,1431.1,3309991.0
2666.0,3,3,1,Rocky,II,Warm-Humid,Basic,False,False,1351.7,3603632.0
1185.8,1,3,2,Clay,III,Composite,Standard,False,False,2039.3,2418202.0
2025.2,2,2,1,Sandy Loam,IV,Warm-Humid,Standard,False,False,1962.6,3974658.0
3496.3,2,3,1,Sandy Loam,IV,Warm-Humid,Luxury,False,False,4531.3,15842784.0
3939.3,2,3,1,Sandy Loam,IV,Composite,Luxury,False,False,4442.8,17501522.0
4122.0,3,2,1,Sandy Loam,III,Hot-Dry,Standard,False,False,1977.1,8149606.0
2316.6,2,2,2,Rocky,IV,Composite,Standard,False,False,1810.6,4194436.0
1830.6,1,2,2,Sandy Loam,III,Warm-Humid,Standard,False,False,1928.9,3531044.0
3061.5,2,2,1,Rocky,IV,Composite,Premium,False,False,2903.1,8887841.0
2321.3,1,1,3,Sandy Loam,II,Composite,Standard,False,False,1560.8,3623085.0
927.8,1,4,1,Clay,III,Moderate,Standard,False,False,2292.9,2127353.0
536.6,1,3,2,Sandy Loam,III,Warm-Humid,Premium,False,False,2902.7,1557589.0
4347.1,3,3,2,Clay,IV,Hot-Dry,Standard,False,False,2035.5,8848522.0
4700.6,3,5,2,Clay,IV,Cold,Standard,False,False,2100.3,9872670.0
947.4,1,4,1,Clay,III,Moderate,Standard,False,False,2281.9,2161872.0
5177.0,3,2,1,Black Cotton,III,Warm-Humid,Basic,False,False,1713.4,8870272.0
862.0,1,3,1,Sandy Loam,III,Composite,Premium,False,False,3155.1,2719696.0
1796.3,2,3,3,Clay,IV,Warm-Humid,Standard,False,False,1841.0,3306988.0
3111.9,2,4,1,Sandy Loam,II,Composite,Luxury,False,False,3936.6,12250306.0
2169.3,1,5,2,Clay,IV,Warm-Humid,Premium,False,False,3028.5,6569725.0
1801.6,1,3,2,Rocky,IV,Warm-Humid,Premium,False,False,2902.9,5229865.0
6257.8,3,4,3,Rocky,III,Moderate,Basic,False,False,1185.6,7419248.0
6526.0,3,4,2,Sandy Loam,IV,Composite,Standard,False,False,1968.3,12845126.0
4429.2,2,2,2,Rocky,V,Composite,Standard,True,False,2088.9,9252156.0
2271.0,2,1,1,Clay,V,Composite,Premium,True,False,3891.2,8836915.0
3296.0,2,2,3,Black Cotton,II,Moderate,Standard,False,False,1864.9,6146710.0
1297.8,2,3,2,Black Cotton,II,Hot-Dry,Luxury,False,False,4718.6,6123799.0
1952.3,1,3,3,Clay,III,Warm-Humid,Standard,False,False,1931.5,3770867.0
1974.5,1,4,2,Black Cotton,II,Warm-Humid,Premium,False,False,3148.0,6215726.0
4417.5,3,1,2,Sandy Loam,III,Composite,Premium,False,False,2842.2,12555418.0
998.9,2,4,2,Sandy Loam,IV,Composite,Standard,False,False,1951.1,1948954.0
661.8,1,2,1,Sandy Loam,III,Composite,Premium,False,False,3128.5,2070441.0
5922.7,3,3,2,Sandy Loam,IV,Warm-Humid,Standard,True,False,2175.4,12884242.0
4387.7,2,2,2,Sandy Loam,III,Composite,Basic,False,False,1275.0,5594318.0
3521.8,2,3,2,Rocky,III,Moderate,Standard,False,False,1603.8,5648263.0
1248.8,2,3,2,Sandy Loam,II,Warm-Humid,Standard,False,False,1736.5,2168541.0
2592.9,2,3,1,Sandy Loam,IV,Warm-Humid,Luxury,False,False,4802.7,12452921.0
3566.3,3,1,2,Sandy Loam,II,Warm-Humid,Standard,False,False,1912.7,6821262.0
4611.2,2,3,2,Rocky,II,Composite,Basic,False,False,1131.8,5218956.0
4561.6,2,3,2,Sandy Loam,II,Hot-Dry,Standard,False,False,1649.2,7522991.0
2146.4,1,3,2,Clay,II,Moderate,Standard,False,False,1984.6,4259745.0
4847.7,3,1,2,Sandy Loam,II,Composite,Standard,False,False,1782.9,8642964.0
2261.6,2,4,3,Rocky,II,Cold,Standard,False,False,1402.4,3171668.0
2133.1,2,5,1,Clay,III,Moderate,Premium,False,False,2934.8,6260222.0
496.9,1,1,2,Clay,IV,Composite,Standard,False,False,2292.2,1138994.0
1989.4,1,2,2,Sandy Loam,IV,Composite,Standard,False,False,1969.5,3918123.0
4320.8,2,1,1,Clay,IV,Composite,Luxury,False,True,4898.4,21615007.0
1637.2,1,4,2,Black Cotton,III,Moderate,Luxury,False,False,5030.7,8236262.0
2175.3,1,3,3,Black Cotton,II,Moderate,Standard,False,False,1934.2,4207465.0
613.4,1,3,2,Rocky,IV,Composite,Standard,False,False,2012.8,1234652.0
3410.3,2,2,2,Sandy Loam,IV,Moderate,Premium,False,False,2836.8,9674339.0
1022.4,1,2,2,Rocky,II,Composite,Premium,False,False,2700.5,2760991.0
706.1,1,2,2,Clay,III,Composite,Standard,False,False,2165.1,1528777.0
880.0,1,5,1,Black Cotton,III,Hot-Dry,Luxury,False,True,5655.8,5427104.0
1130.9,1,3,2,Sandy Loam,III,Moderate,Premium,False,False,2904.8,3285038.0
669.2,1,4,1,Sandy Loam,III,Composite,Premium,False,False,3271.0,2188953.0
1360.3,2,3,2,Clay,IV,Moderate,Luxury,False,True,4699.2,6842322.0
689.7,1,3,1,Clay,IV,Warm-Humid,Basic,False,False,1711.9,1180697.0
2364.7,2,5,2,Black Cotton,IV,Composite,Standard,False,False,2328.2,5505495.0
4726.4,2,2,2,Sandy Loam,III,Moderate,Luxury,False,False,3986.4,18841321.0
1658.4,1,2,2,Black Cotton,II,Composite,Standard,False,False,2207.1,3660255.0
1284.0,1,2,1,Sandy Loam,IV,Composite,Premium,False,False,3441.4,4418758.0
1274.1,2,3,1,Sandy Loam,II,Composite,Standard,False,False,1831.7,2333769.0
1874.4,1,3,2,Clay,III,Composite,Basic,False,False,1530.8,2869332.0
1885.1,1,3,1,Clay,II,Composite,Premium,False,False,3094.4,5833253.0
1819.1,2,1,2,Clay,III,Hot-Dry,Basic,False,False,1406.5,2558564.0
4163.2,2,1,2,Sandy Loam,V,Hot-Dry,Basic,True,False,1653.0,6881770.0
4048.4,2,3,1,Clay,V,Hot-Dry,Premium,False,False,3187.1,12902656.0
1772.5,1,3,2,Clay,III,Warm-Humid,Standard,False,False,2026.3,3591617.0
1911.8,2,4,2,Black Cotton,III,Moderate,Standard,False,False,2091.3,3998147.0
1758.6,3,4,1,Black Cotton,V,Warm-Humid,Standard,False,False,2801.0,4925839.0
1221.7,1,2,2,Black Cotton,III,Hot-Dry,Standard,False,False,2319.6,2833855.0
918.8,1,2,1,Sandy Loam,IV,Warm-Humid,Standard,False,False,2333.3,2143836.0
1993.5,1,2,2,Rocky,II,Warm-Humid,Basic,False,False,1248.2,2488287.0
1723.0,2,2,2,Clay,IV,Warm-Humid,Premium,True,False,3225.0,5556675.0
1842.0,2,3,2,Clay,IV,Warm-Humid,Premium,False,False,3007.2,5539262.0
1790.9,1,2,1,Rocky,III,Warm-Humid,Premium,False,False,2993.8,5361596.0
4432.6,2,2,1,Clay,IV,Composite,Standard,False,False,2183.9,9680355.0
525.7,1,3,2,Black Cotton,III,Hot-Dry,Luxury,False,False,5454.0,2867168.0
4540.8,2,4,1,Black Cotton,III,Moderate,Basic,False,False,1568.2,7120883.0
2069.7,1,1,3,Clay,III,Composite,Standard,False,False,1771.4,3666267.0
1929.9,1,3,1,Rocky,II,Moderate,Standard,False,False,1827.5,3526892.0
1946.4,2,2,1,Rocky,IV,Composite,Luxury,False,False,4546.0,8848334.0
801.3,1,4,1,Clay,III,Cold,Standard,False,False,2073.2,1661255.0
1338.7,1,2,1,Sandy Loam,II,Moderate,Premium,False,False,2903.0,3886246.0
6853.4,3,2,1,Sandy Loam,II,Composite,Standard,False,False,1761.5,12072264.0
906.0,1,3,1,Sandy Loam,IV,Composite,Standard,False,False,2164.5,1961037.0
2456.9,2,3,1,Sandy Loam,III,Warm-Humid,Basic,False,False,1390.3,3415828.0
1283.5,2,2,3,Sandy Loam,II,Moderate,Standard,False,False,1646.1,2112769.0
2328.7,2,4,1,Clay,IV,Cold,Premium,True,False,3592.4,8365622.0
1116.2,2,4,1,Rocky,III,Cold,Basic,False,False,1425.5,1591143.0
3252.1,2,1,1,Sandy Loam,III,Hot-Dry,Luxury,False,False,4305.9,14003217.0
1791.1,1,4,3,Rocky,II,Composite,Premium,False,False,2390.5,4281625.0
867.1,1,1,2,Clay,IV,Composite,Premium,False,False,3248.9,2817121.0
1538.3,1,3,1,Rocky,II,Hot-Dry,Standard,False,False,1766.2,2716945.0
3273.0,2,3,2,Sandy Loam,III,Composite,Standard,False,False,1781.0,5829213.0
936.8,2,3,3,Rocky,III,Warm-Humid,Standard,False,False,1645.3,1541317.0
2175.8,1,4,3,Clay,III,Hot-Dry,Luxury,False,False,3968.0,8633574.0
911.2,2,2,2,Black Cotton,III,Warm-Humid,Premium,False,False,3180.7,2898254.0
2349.2,3,3,2,Black Cotton,II,Composite,Standard,False,False,2113.3,4964564.0
1084.5,2,3,1,Clay,IV,Moderate,Basic,False,False,1681.8,1823912.0
986.0,1,3,2,Sandy Loam,II,Composite,Standard,False,False,1792.6,1767504.0
1780.2,1,3,2,Sandy Loam,II,Composite,Premium,False,False,2657.5,4730882.0
3962.0,2,3,3,Black Cotton,II,Composite,Standard,False,False,1824.1,7227084.0
1053.0,1,1,3,Sandy Loam,IV,Warm-Humid,Standard,False,False,1913.2,2014600.0
4597.9,2,3,1,Rocky,IV,Warm-Humid,Luxury,True,False,4646.2,21362763.0
1770.9,2,4,2,Sandy Loam,III,Cold,Premium,False,False,2473.9,4381030.0
1700.1,1,3,1,Black Cotton,V,Composite,Basic,False,False,1826.9,3105913.0
4295.9,2,4,1,Sandy Loam,III,Composite,Basic,False,False,1445.3,6208864.0
1480.5,1,4,1,Clay,IV,Moderate,Premium,False,False,3398.2,5031035.0
2168.4,1,5,2,Rocky,III,Composite,Basic,False,False,1273.7,2761891.0
1111.0,1,2,3,Clay,II,Warm-Humid,Standard,False,False,1901.8,2112900.0
1568.7,1,3,1,Sandy Loam,II,Warm-Humid,Luxury,False,False,4671.0,7327398.0
452.9,1,2,1,Sandy Loam,V,Warm-Humid,Standard,False,False,2371.5,1074052.0
1286.5,1,2,1,Clay,III,Composite,Standard,False,False,2222.2,2858860.0
548.0,1,2,1,Clay,II,Composite,Standard,False,False,2123.2,1163514.0
1715.8,1,3,1,Sandy Loam,III,Hot-Dry,Standard,False,False,2035.5,3492511.0
3501.7,2,1,1,Clay,II,Hot-Dry,Premium,False,False,2788.9,9765891.0
2075.2,1,2,3,Sandy Loam,V,Cold,Basic,False,False,1379.7,2863153.0
1825.5,1,3,3,Black Cotton,III,Warm-Humid,Standard,False,False,2065.3,3770205.0
2996.8,3,3,1,Sandy Loam,IV,Hot-Dry,Standard,False,False,2006.8,6013978.0
2011.7,2,1,3,Sandy Loam,II,Composite,Luxury,True,False,4357.0,8764977.0
2143.7,2,4,2,Black Cotton,II,Composite,Premium,False,False,3081.3,6605383.0
2724.2,2,5,1,Sandy Loam,II,Cold,Standard,False,False,1996.5,5438865.0
1202.6,1,4,2,Clay,IV,Composite,Standard,False,False,2169.3,2608800.0
653.4,1,2,2,Clay,III,Hot-Dry,Premium,False,False,3281.1,2143871.0
1663.3,1,4,1,Clay,II,Hot-Dry,Standard,False,False,2151.6,3578756.0
2433.3,2,4,3,Sandy Loam,II,Warm-Humid,Standard,False,False,1601.8,3897660.0
3883.7,2,2,1,Sandy Loam,III,Moderate,Standard,True,False,2225.4,8642786.0
1873.9,2,2,2,Sandy Loam,II,Composite,Standard,True,False,2036.3,3815823.0
2346.4,1,4,1,Clay,III,Composite,Standard,False,False,2038.9,4784075.0
1643.0,1,2,1,Black Cotton,III,Hot-Dry,Standard,False,False,2492.4,4095013.0
2118.4,1,2,1,Clay,IV,Warm-Humid,Premium,False,False,3232.3,6847304.0
3237.6,2,2,1,Black Cotton,III,Composite,Basic,False,False,1646.7,5331356.0
2315.6,1,3,2,Sandy Loam,V,Composite,Standard,False,False,2068.9,4790745.0
4473.3,2,1,1,Clay,III,Warm-Humid,Premium,False,False,2991.8,13383219.0
971.3,1,2,1,Sandy Loam,IV,Hot-Dry,Premium,False,False,3534.3,3432866.0
3800.6,2,2,1,Sandy Loam,III,Hot-Dry,Standard,False,False,1987.1,7552172.0
5640.7,3,2,1,Black Cotton,II,Warm-Humid,Standard,True,True,2572.9,14962957.0
4427.5,2,3,2,Sandy Loam,II,Composite,Standard,True,False,1836.3,8130218.0
1474.8,1,2,2,Sandy Loam,II,Warm-Humid,Premium,False,False,2589.5,3818995.0
3868.5,2,2,3,Black Cotton,IV,Moderate,Basic,False,False,1426.0,5516481.0
1841.2,2,3,1,Black Cotton,II,Moderate,Premium,False,False,3372.2,6208895.0
1356.6,2,5,3,Clay,IV,Moderate,Premium,False,False,2796.0,3793054.0
604.3,1,5,2,Clay,II,Moderate,Luxury,False,False,4670.0,2822081.0
1586.3,1,3,1,Clay,IV,Warm-Humid,Premium,False,False,3488.6,5533966.0
1682.7,1,2,3,Rocky,II,Composite,Basic,False,False,1158.5,1949408.0
1409.9,1,3,1,Rocky,III,Moderate,Standard,False,False,2037.4,2872530.0
6133.0,3,4,1,Sandy Loam,III,Warm-Humid,Premium,True,False,3244.5,19898518.0
1740.3,2,2,2,Clay,II,Warm-Humid,Premium,False,False,2625.5,4569158.0
4740.0,2,2,2,Rocky,III,Moderate,Premium,False,False,2535.5,12018270.0
2294.7,2,2,2,Sandy Loam,V,Composite,Standard,False,False,1987.1,4559798.0
4741.5,2,3,1,Black Cotton,IV,Composite,Standard,False,False,2397.0,11365376.0
1253.8,2,3,1,Clay,II,Warm-Humid,Standard,False,False,1957.1,2453812.0
5157.3,3,3,1,Clay,III,Composite,Standard,True,True,2467.4,13175122.0
4206.6,2,4,1,Sandy Loam,IV,Hot-Dry,Standard,False,False,1973.7,8302566.0
4444.7,2,4,3,Clay,IV,Composite,Standard,True,False,2157.8,9590774.0
2967.1,2,2,2,Sandy Loam,III,Moderate,Basic,False,False,1337.9,3969683.0
3213.7,2,3,1,Black Cotton,IV,Hot-Dry,Premium,False,False,3697.0,11881049.0
4018.7,2,2,3,Sandy Loam,III,Composite,Basic,False,False,1240.2,4983992.0
1220.7,1,1,2,Rocky,III,Hot-Dry,Standard,False,False,1921.8,2345941.0
1257.5,1,2,2,Sandy Loam,IV,Composite,Standard,False,False,2091.6,2630187.0
1661.3,1,2,1,Clay,III,Warm-Humid,Standard,False,False,2335.2,3879468.0
4051.6,2,4,3,Clay,II,Composite,Standard,False,False,1553.7,6294971.0
1373.3,2,1,1,Sandy Loam,II,Composite,Standard,True,False,2094.9,2876926.0
682.7,1,2,1,Clay,V,Cold,Standard,False,False,2466.2,1683675.0
1650.8,1,2,1,Black Cotton,II,Hot-Dry,Standard,False,False,2382.1,3932371.0
3171.0,2,3,2,Sandy Loam,IV,Warm-Humid,Basic,False,False,1324.0,4198404.0
4170.4,3,3,1,Sandy Loam,III,Cold,Basic,False,False,1449.5,6044995.0
2305.1,1,3,1,Black Cotton,IV,Composite,Basic,False,False,1765.5,4069654.0
1328.2,1,3,2,Rocky,V,Composite,Standard,False,False,1991.4,2644977.0
1396.7,1,2,1,Rocky,III,Cold,Standard,False,False,1787.2,2496182.0
7113.4,3,3,2,Rocky,III,Composite,Basic,False,False,1214.5,8639224.0
3009.2,3,3,1,Clay,II,Cold,Luxury,False,False,4786.7,14404138.0
3898.6,2,2,2,Sandy Loam,III,Warm-Humid,Standard,False,False,1853.7,7226835.0
1442.6,2,3,3,Sandy Loam,II,Composite,Premium,False,False,2419.8,3490803.0
2221.1,3,2,1,Sandy Loam,III,Moderate,Standard,True,False,2407.7,5347742.0
5889.7,3,2,1,Clay,III,Moderate,Premium,True,False,3527.7,20777095.0
2319.5,1,3,3,Sandy Loam,III,Composite,Standard,False,False,1859.0,4311950.0
2489.8,2,3,2,Rocky,IV,Hot-Dry,Luxury,False,False,4025.4,10022441.0
1714.3,1,3,1,Sandy Loam,IV,Hot-Dry,Standard,False,False,2157.8,3699117.0
979.0,1,2,3,Sandy Loam,III,Hot-Dry,Standard,False,False,1813.2,1775123.0
947.4,2,2,2,Black Cotton,II,Composite,Luxury,True,False,5399.0,5115013.0
1680.7,2,3,3,Rocky,II,Hot-Dry,Basic,False,False,1090.2,1832299.0
2315.3,1,5,2,Black Cotton,II,Composite,Standard,False,False,2081.5,4819297.0
2314.4,2,5,3,Rocky,II,Composite,Standard,False,False,1553.2,3594726.0
1440.0,1,2,3,Rocky,IV,Warm-Humid,Standard,False,False,1727.9,2488176.0
1414.0,2,4,1,Rocky,II,Composite,Standard,False,False,1764.2,2494579.0
4075.8,2,3,1,Sandy Loam,II,Warm-Humid,Premium,False,False,2537.6,10342750.0
1754.0,1,3,1,Rocky,IV,Composite,Basic,False,False,1448.1,2539967.0
2593.4,2,4,2,Sandy Loam,II,Composite,Standard,False,False,1711.8,4439382.0
831.9,1,3,1,Sandy Loam,III,Warm-Humid,Basic,False,False,1537.3,1278880.0
1967.5,2,4,2,Rocky,II,Composite,Standard,True,False,2074.7,4081972.0
2023.1,2,4,1,Clay,III,Composite,Standard,False,False,2164.3,4378595.0
3935.0,2,2,1,Black Cotton,III,Warm-Humid,Luxury,False,False,5050.8,19874898.0
2726.1,2,2,1,Black Cotton,III,Warm-Humid,Premium,False,False,3234.8,8818388.0
1653.8,1,4,1,Sandy Loam,V,Warm-Humid,Standard,False,False,2312.8,3824909.0
3829.8,2,3,1,Black Cotton,IV,Hot-Dry,Standard,False,False,2354.5,9017264.0
1461.8,1,1,1,Black Cotton,III,Warm-Humid,Basic,False,False,1631.9,2385511.0
2140.5,1,1,1,Clay,III,Composite,Standard,False,False,2129.9,4559051.0
3305.2,2,3,3,Clay,II,Composite,Premium,False,False,2395.3,7916946.0
1942.5,1,2,2,Sandy Loam,IV,Composite,Standard,False,False,2062.8,4006989.0
2351.3,1,3,3,Clay,II,Composite,Premium,False,False,2574.9,6054362.0
990.5,1,2,3,Black Cotton,V,Warm-Humid,Luxury,False,True,5377.4,5776315.0
552.6,1,3,2,Sandy Loam,II,Composite,Premium,False,False,2907.1,1606463.0
2128.9,2,4,3,Sandy Loam,III,Moderate,Premium,False,False,2324.3,4948202.0
2083.9,3,4,3,Black Cotton,II,Warm-Humid,Premium,True,True,3593.7,7938911.0
526.4,1,2,1,Black Cotton,III,Moderate,Premium,False,False,3688.5,1941626.0
2385.1,2,3,1,Black Cotton,IV,Cold,Premium,False,False,3511.8,8375994.0
818.4,1,4,1,Clay,III,Hot-Dry,Basic,False,False,1649.4,1349869.0
1785.7,2,3,3,Black Cotton,II,Composite,Premium,False,False,2868.3,5121923.0
3709.8,2,5,1,Clay,IV,Warm-Humid,Premium,True,False,3577.3,13271068.0
4103.5,2,3,2,Black Cotton,II,Composite,Premium,True,False,3428.5,14068850.0
2464.5,2,2,1,Black Cotton,III,Warm-Humid,Premium,False,False,3404.5,8390390.0
5597.3,3,3,1,Sandy Loam,II,Warm-Humid,Luxury,False,False,4435.1,24824585.0
2304.0,2,3,1,Black Cotton,IV,Moderate,Luxury,False,True,5525.1,13179830.0
4597.0,2,2,3,Clay,III,Warm-Humid,Standard,True,False,1911.4,8786706.0
1614.7,2,5,1,Rocky,II,Warm-Humid,Luxury,False,False,3985.7,6435710.0
3154.2,2,3,3,Black Cotton,III,Moderate,Standard,False,False,1780.7,5616684.0
4231.7,2,1,1,Sandy Loam,IV,Moderate,Standard,False,False,1933.7,8182838.0
1646.6,2,3,1,Black Cotton,IV,Composite,Standard,False,False,2275.8,3747332.0
2113.1,2,4,2,Black Cotton,III,Moderate,Standard,False,False,2101.5,4440680.0
963.9,1,2,1,Sandy Loam,III,Warm-Humid,Standard,False,False,2082.2,2007033.0
761.7,1,3,1,Black Cotton,II,Hot-Dry,Premium,False,False,3290.6,2506450.0
1586.4,1,3,2,Black Cotton,II,Warm-Humid,Standard,False,False,2219.6,3521173.0
2082.1,1,4,1,Black Cotton,III,Composite,Standard,False,False,2340.2,4872530.0
2386.6,1,3,2,Rocky,II,Composite,Standard,False,False,1650.6,3939322.0
1254.3,1,2,2,Clay,III,Composite,Basic,False,False,1543.3,1935761.0
645.8,1,2,2,Sandy Loam,II,Composite,Premium,False,False,2818.4,1820123.0
2310.0,3,3,1,Clay,V,Composite,Standard,False,False,2487.9,5747049.0
2843.9,2,2,2,Black Cotton,II,Moderate,Standard,False,False,1804.4,5131533.0
1065.1,2,1,1,Clay,III,Composite,Basic,False,False,1543.9,1644408.0
2426.9,3,2,2,Clay,IV,Hot-Dry,Standard,False,False,1946.1,4722990.0
1065.9,2,2,1,Sandy Loam,II,Composite,Standard,False,False,1991.9,2123166.0
2978.6,2,1,2,Sandy Loam,III,Hot-Dry,Premium,False,False,2584.6,7698490.0
1237.7,1,2,1,Rocky,III,Moderate,Standard,False,False,1959.5,2425273.0
976.1,1,4,3,Rocky,IV,Cold,Standard,False,False,1777.0,1734530.0
1962.2,2,4,1,Clay,II,Hot-Dry,Basic,False,False,1466.3,2877174.0
944.7,2,2,3,Rocky,II,Composite,Standard,True,False,1763.1,1665601.0
3822.1,2,2,2,Rocky,II,Warm-Humid,Premium,True,False,2669.9,10204625.0
6073.4,3,2,2,Rocky,III,Composite,Standard,False,True,1797.8,11368759.0
930.4,1,3,1,Sandy Loam,V,Composite,Standard,False,False,2359.6,2195372.0
1064.5,1,2,1,Sandy Loam,V,Hot-Dry,Luxury,False,False,5222.3,5559138.0
3410.2,2,1,2,Clay,IV,Hot-Dry,Standard,False,False,2031.5,6927821.0
1110.5,2,2,1,Sandy Loam,V,Composite,Standard,False,False,2160.1,2398791.0
1759.3,2,3,2,Sandy Loam,II,Warm-Humid,Standard,False,False,1770.7,3115193.0
520.5,1,4,1,Sandy Loam,III,Cold,Standard,False,False,2131.1,1109238.0
1363.2,2,2,1,Clay,V,Composite,Standard,True,False,2701.1,3682140.0
2546.6,2,3,1,Clay,IV,Composite,Standard,True,False,2470.7,6291885.0
4676.4,2,5,2,Sandy Loam,III,Cold,Standard,False,False,1732.2,8100460.0
4052.9,3,2,2,Black Cotton,II,Hot-Dry,Standard,False,False,2094.6,8489204.0
6332.8,3,1,2,Clay,III,Composite,Premium,False,False,2789.4,17664712.0
7076.1,3,3,3,Sandy Loam,II,Warm-Humid,Standard,False,False,1653.1,11697501.0
4136.2,2,4,1,Black Cotton,II,Moderate,Luxury,False,False,5022.6,20774478.0
1672.6,2,2,2,Clay,II,Warm-Humid,Standard,False,False,1733.5,2899452.0
901.3,1,3,1,Sandy Loam,III,Warm-Humid,Standard,False,False,2137.0,1926078.0
4143.3,2,4,1,Clay,II,Warm-Humid,Standard,False,False,1892.0,7839124.0
2275.9,3,2,2,Black Cotton,II,Warm-Humid,Luxury,False,True,4919.2,11645607.0
2262.1,2,2,3,Black Cotton,II,Warm-Humid,Basic,False,False,1314.5,2973530.0
3340.5,2,2,2,Sandy Loam,IV,Composite,Standard,False,False,1975.0,6597488.0
2068.6,1,3,1,Rocky,III,Composite,Basic,False,False,1473.4,3047875.0
1510.7,1,1,1,Sandy Loam,II,Composite,Basic,False,False,1499.0,2264539.0
2266.4,1,3,1,Black Cotton,III,Warm-Humid,Premium,False,False,3715.9,8421716.0
1585.9,2,2,2,Black Cotton,IV,Warm-Humid,Standard,False,False,2308.6,3661209.0
2952.8,2,3,2,Clay,III,Warm-Humid,Standard,False,False,1953.0,5766818.0
4043.6,2,3,2,Clay,II,Moderate,Standard,False,False,1778.6,7191947.0
1278.7,2,4,1,Clay,III,Warm-Humid,Basic,False,False,1568.8,2006025.0
1331.0,2,2,2,Black Cotton,II,Composite,Standard,False,False,2046.1,2723359.0
1248.1,2,1,2,Clay,II,Composite,Standard,False,False,1917.1,2392733.0
3691.3,2,4,2,Sandy Loam,IV,Composite,Luxury,False,False,4216.0,15562521.0
1097.6,2,2,1,Clay,III,Composite,Basic,False,False,1610.7,1767904.0
2399.3,3,1,2,Sandy Loam,III,Cold,Premium,False,False,2691.4,6457476.0
1001.7,2,4,3,Sandy Loam,IV,Warm-Humid,Standard,True,False,2004.7,2008108.0
2593.9,2,4,1,Sandy Loam,II,Warm-Humid,Premium,False,False,2751.9,7138153.0
2049.6,1,4,2,Rocky,II,Cold,Standard,False,False,1771.6,3631071.0
1351.9,1,4,1,Black Cotton,V,Warm-Humid,Standard,False,False,2646.6,3577939.0
2181.7,2,3,1,Clay,IV,Warm-Humid,Standard,False,False,2233.4,4872609.0
2567.5,2,3,2,Sandy Loam,IV,Moderate,Standard,False,False,1881.5,4830751.0
2249.3,1,2,1,Sandy Loam,III,Hot-Dry,Standard,False,False,2043.6,4596669.0
3302.2,2,2,2,Sandy Loam,IV,Hot-Dry,Standard,False,False,1761.3,5816165.0
3154.0,2,1,2,Clay,III,Moderate,Standard,False,False,1854.7,5849724.0
1636.8,1,2,1,Clay,III,Cold,Standard,False,False,2152.4,3523048.0
4489.5,3,2,1,Sandy Loam,III,Hot-Dry,Basic,False,False,1535.6,6894076.0
3528.2,3,1,1,Clay,IV,Hot-Dry,Standard,False,False,2270.2,8009720.0
4746.6,3,1,2,Rocky,II,Composite,Standard,False,False,1661.3,7885527.0
1194.2,1,1,2,Black Cotton,II,Composite,Luxury,False,False,5040.8,6019723.0
2081.1,1,4,1,Rocky,III,Warm-Humid,Standard,False,False,1852.1,3854405.0
1439.0,1,3,2,Black Cotton,III,Hot-Dry,Premium,False,False,3266.6,4700637.0
472.6,1,3,1,Sandy Loam,II,Composite,Standard,False,False,2010.7,950257.0
4435.0,2,2,3,Black Cotton,III,Composite,Standard,False,False,1903.8,8443353.0
4366.0,2,2,2,Clay,III,Composite,Basic,True,False,1486.4,6489622.0
1046.1,2,4,2,Rocky,III,Composite,Basic,False,False,1249.0,1306579.0
1440.5,2,1,1,Sandy Loam,III,Composite,Standard,True,False,2299.8,3312862.0
3157.4,2,1,2,Clay,III,Composite,Basic,False,False,1444.6,4561180.0
3321.7,2,4,1,Sandy Loam,IV,Hot-Dry,Standard,False,False,1980.3,6577963.0
2361.9,1,4,2,Black Cotton,III,Hot-Dry,Standard,False,False,2324.9,5491181.0
2297.5,1,3,2,Sandy Loam,IV,Moderate,Standard,False,False,1995.5,4584661.0
3854.7,2,3,1,Black Cotton,IV,Composite,Premium,True,False,3768.0,14524510.0
6476.6,3,3,2,Black Cotton,V,Composite,Standard,False,False,2424.6,15703164.0
569.3,1,2,2,Sandy Loam,III,Cold,Premium,False,False,2723.2,1550318.0
7075.5,3,4,2,Sandy Loam,IV,Hot-Dry,Standard,False,False,1897.1,13422931.0
975.2,1,3,1,Clay,II,Composite,Luxury,False,False,4631.2,4516346.0
2665.2,2,2,1,Black Cotton,III,Cold,Premium,False,False,3395.6,9049953.0
2648.2,2,2,2,Sandy Loam,II,Hot-Dry,Basic,False,False,1292.1,3421739.0
4090.6,2,3,2,Sandy Loam,V,Moderate,Premium,False,False,3003.5,12286117.0
1559.9,2,3,1,Sandy Loam,V,Composite,Standard,False,False,2176.6,3395278.0
1723.2,1,1,3,Sandy Loam,III,Warm-Humid,Premium,False,False,2528.6,4357284.0
2861.3,2,3,2,Rocky,IV,Warm-Humid,Basic,False,False,1232.8,3527411.0
2167.4,1,3,2,Black Cotton,IV,Warm-Humid,Standard,False,False,2231.6,4836770.0
619.3,1,2,2,Sandy Loam,II,Moderate,Luxury,False,False,4127.1,2555913.0
2677.4,2,3,1,Black Cotton,V,Warm-Humid,Basic,False,False,1849.2,4951048.0
1093.3,1,3,2,Clay,V,Hot-Dry,Luxury,False,False,5063.6,5536034.0
5189.0,3,5,2,Sandy Loam,III,Composite,Luxury,False,False,4439.1,23034490.0
1532.1,1,3,2,Sandy Loam,III,Composite,Standard,False,False,1843.5,2824426.0
942.6,2,5,3,Clay,IV,Hot-Dry,Premium,False,False,2794.1,2633719.0
1583.7,3,2,1,Sandy Loam,III,Moderate,Premium,False,False,3091.2,4895533.0
2556.1,3,2,2,Black Cotton,II,Composite,Premium,False,False,3190.4,8154981.0
4768.6,2,3,3,Clay,III,Warm-Humid,Standard,False,False,1676.8,7995988.0
1902.5,2,2,2,Clay,II,Hot-Dry,Premium,False,False,2765.9,5262125.0
2304.0,2,1,2,Sandy Loam,IV,Composite,Basic,False,False,1316.7,3033677.0
1164.3,2,3,1,Clay,II,Warm-Humid,Standard,False,False,2026.3,2359221.0
2187.8,1,3,2,Black Cotton,II,Warm-Humid,Standard,False,False,2094.2,4581691.0
3319.1,2,2,1,Black Cotton,II,Warm-Humid,Standard,False,False,2194.3,7283101.0
3095.1,2,2,2,Sandy Loam,III,Warm-Humid,Basic,False,False,1300.3,4024559.0
595.5,1,5,1,Clay,IV,Composite,Luxury,False,False,5391.0,3210340.0
4174.6,2,2,2,Clay,IV,Composite,Luxury,False,False,4482.7,18713479.0
2045.1,1,3,2,Rocky,II,Hot-Dry,Standard,False,False,1658.0,3390776.0
4066.3,2,2,2,Clay,IV,Hot-Dry,Standard,False,False,2122.2,8629502.0
2998.4,2,3,1,Sandy Loam,III,Composite,Luxury,False,False,4210.5,12624763.0
1588.9,3,3,1,Rocky,II,Warm-Humid,Standard,False,True,1859.6,3404718.0
1283.8,1,1,1,Sandy Loam,IV,Composite,Standard,False,False,2251.7,2890732.0
3853.7,2,1,2,Rocky,III,Composite,Standard,True,False,1910.8,7363650.0
2192.0,2,4,1,Clay,V,Hot-Dry,Standard,False,False,2293.0,5026256.0
2242.7,1,2,1,Black Cotton,V,Hot-Dry,Luxury,False,False,5779.1,12960788.0
4750.7,3,1,2,Clay,IV,Composite,Basic,False,False,1446.3,6870937.0
1872.1,1,2,1,Rocky,II,Composite,Premium,False,False,2792.3,5227465.0
1902.7,1,3,1,Sandy Loam,III,Moderate,Basic,False,False,1498.4,2851006.0
2253.4,2,3,2,Black Cotton,II,Warm-Humid,Standard,False,False,2133.4,4807404.0
2787.4,2,2,2,Rocky,III,Composite,Luxury,False,False,3951.0,11013017.0
1698.8,3,3,2,Sandy Loam,IV,Composite,Standard,False,False,1981.2,3365663.0
4003.0,3,4,1,Sandy Loam,III,Warm-Humid,Standard,False,False,1988.1,7958364.0
2545.3,2,4,2,Black Cotton,II,Composite,Premium,False,False,2875.2,7318247.0
3492.8,2,3,3,Black Cotton,III,Composite,Basic,False,False,1403.8,4903193.0
3532.8,2,3,2,Clay,II,Composite,Standard,False,False,1766.5,6240691.0
2110.3,3,3,1,Clay,II,Warm-Humid,Premium,False,False,2973.1,6274133.0
2365.2,2,2,1,Sandy Loam,III,Composite,Standard,False,False,1880.4,4447522.0
3499.1,2,3,2,Black Cotton,III,Composite,Luxury,False,False,4908.3,17174633.0
959.4,2,1,3,Sandy Loam,IV,Warm-Humid,Standard,False,False,1748.5,1677511.0
1492.0,1,4,2,Rocky,V,Hot-Dry,Premium,False,False,2947.7,4397968.0
5155.5,3,5,1,Sandy Loam,IV,Hot-Dry,Basic,False,True,1504.2,8204903.0
1226.6,1,3,3,Sandy Loam,III,Composite,Standard,False,False,1697.1,2081663.0
1775.5,3,3,1,Clay,II,Hot-Dry,Standard,False,False,2109.8,3745950.0
3639.5,3,2,1,Sandy Loam,III,Composite,Luxury,False,False,4509.0,16410506.0
2365.6,1,4,1,Black Cotton,III,Composite,Basic,False,False,1873.6,4432188.0
7171.9,3,1,1,Black Cotton,III,Warm-Humid,Standard,False,False,2358.9,16917795.0
1872.6,1,2,2,Black Cotton,IV,Warm-Humid,Luxury,False,False,5490.0,10280574.0
3844.8,2,1,1,Clay,IV,Hot-Dry,Standard,False,False,2091.0,8039477.0
4732.4,2,2,3,Clay,V,Composite,Premium,False,False,2745.0,12990438.0
959.3,2,2,2,Black Cotton,II,Composite,Premium,False,False,2885.2,2767772.0
3265.6,2,3,1,Black Cotton,IV,Hot-Dry,Standard,False,False,2337.9,7634646.0
7044.1,3,2,3,Rocky,II,Moderate,Standard,False,False,1477.8,10409771.0
4592.0,2,4,1,Sandy Loam,III,Composite,Basic,False,False,1327.6,6096339.0
2009.3,2,2,1,Sandy Loam,II,Moderate,Standard,False,False,1742.7,3501607.0
1126.1,2,2,1,Sandy Loam,III,Composite,Premium,False,False,2925.7,3294631.0
2129.8,1,3,1,Black Cotton,II,Moderate,Premium,False,False,3719.0,7920726.0
881.1,1,1,1,Sandy Loam,III,Composite,Premium,False,False,3289.2,2898114.0
2244.9,3,4,2,Clay,III,Composite,Standard,False,False,1920.1,4310432.0
4436.9,2,2,2,Sandy Loam,II,Warm-Humid,Premium,False,False,2364.2,10489719.0
5647.4,3,2,3,Clay,IV,Hot-Dry,Basic,False,False,1456.4,8224873.0
3847.6,2,1,2,Black Cotton,III,Composite,Premium,False,False,3086.2,11874463.0
1685.8,1,4,1,Rocky,III,Warm-Humid,Standard,False,False,1983.0,3342941.0
643.1,1,4,2,Sandy Loam,V,Composite,Premium,False,False,3487.9,2243068.0
3938.4,2,3,1,Rocky,III,Warm-Humid,Luxury,False,False,4125.0,16245900.0
796.0,1,2,1,Rocky,IV,Warm-Humid,Premium,False,False,3260.5,2595358.0
1725.7,1,2,2,Black Cotton,II,Composite,Standard,False,False,2161.7,3730446.0
1132.4,1,3,2,Clay,IV,Hot-Dry,Standard,False,False,2229.9,2525139.0
4684.6,2,2,1,Clay,IV,Composite,Standard,False,False,2073.6,9713987.0
2291.0,1,2,2,Clay,III,Moderate,Standard,False,False,2079.1,4763218.0
4684.3,2,4,1,Sandy Loam,II,Composite,Luxury,False,True,4147.3,19877197.0
971.8,1,4,2,Sandy Loam,III,Composite,Standard,False,False,1910.0,1856138.0
5912.2,3,5,2,Rocky,IV,Warm-Humid,Standard,False,True,1943.7,11941543.0
1432.6,3,4,3,Rocky,III,Cold,Luxury,False,True,3761.6,5838868.0
1872.2,1,2,1,Sandy Loam,III,Composite,Standard,False,False,2109.4,3949219.0
1193.4,1,2,1,Rocky,II,Composite,Standard,False,False,1899.1,2266386.0
3077.9,2,2,2,Sandy Loam,II,Composite,Standard,False,False,1608.2,4949879.0
1135.6,2,2,2,Sandy Loam,III,Warm-Humid,Standard,False,False,1856.4,2108128.0
2029.2,1,1,1,Rocky,III,Composite,Premium,False,False,2874.3,5832530.0
1620.2,1,3,3,Clay,III,Moderate,Premium,False,False,2768.2,4485038.0
2769.7,2,5,1,Sandy Loam,III,Composite,Premium,False,False,2931.0,8117991.0
2585.8,2,2,2,Rocky,IV,Warm-Humid,Premium,False,False,2543.7,6577499.0
5146.1,3,2,1,Black Cotton,II,Moderate,Standard,False,False,2218.0,11414050.0
1830.3,1,3,1,Rocky,IV,Moderate,Standard,False,False,1932.4,3536872.0
3149.0,2,3,2,Rocky,III,Warm-Humid,Standard,False,False,1584.6,4989905.0
3379.5,2,1,2,Black Cotton,V,Moderate,Premium,False,False,3344.6,11303076.0
2089.6,1,2,2,Clay,III,Moderate,Basic,False,False,1454.9,3040159.0
1402.9,1,2,1,Sandy Loam,IV,Composite,Standard,False,False,2227.4,3124819.0
1480.2,2,1,2,Clay,II,Warm-Humid,Standard,True,False,2115.5,3131363.0
5598.1,3,1,1,Black Cotton,II,Hot-Dry,Basic,False,False,1644.4,9205516.0
3085.1,2,2,1,Black Cotton,II,Hot-Dry,Premium,False,False,3204.1,9884969.0
2102.4,1,3,3,Sandy Loam,III,Hot-Dry,Basic,False,False,1265.5,2660587.0
1728.5,1,3,1,Black Cotton,II,Moderate,Standard,False,False,2244.4,3879445.0
2060.4,1,2,1,Rocky,V,Moderate,Luxury,False,False,4900.7,10097402.0
4744.1,3,2,3,Black Cotton,III,Warm-Humid,Luxury,False,False,4604.6,21844683.0
2589.8,2,2,2,Clay,II,Warm-Humid,Standard,False,False,1875.7,4857688.0
2176.2,1,2,1,Clay,V,Composite,Premium,False,False,3562.9,7753583.0
2344.7,1,3,3,Clay,II,Moderate,Standard,False,False,1781.0,4175911.0
1254.8,1,1,1,Sandy Loam,V,Moderate,Premium,False,False,3262.9,4094287.0
1714.6,2,5,2,Rocky,III,Moderate,Premium,False,False,2558.9,4387490.0
1369.8,1,3,3,Rocky,II,Composite,Premium,False,False,2423.4,3319573.0
4415.7,2,2,2,Rocky,III,Composite,Premium,False,False,2426.1,10712930.0
2035.1,3,1,1,Clay,IV,Composite,Standard,False,True,2281.4,5092877.0
3151.9,2,2,1,Sandy Loam,II,Cold,Premium,False,False,2734.5,8618871.0
2113.8,1,3,1,Clay,IV,Composite,Standard,False,False,2365.2,4999560.0
2190.6,1,3,2,Black Cotton,II,Cold,Luxury,False,False,4907.4,10750150.0
1146.8,1,2,1,Sandy Loam,IV,Composite,Basic,False,False,1579.7,1811600.0
1935.5,1,3,1,Sandy Loam,III,Moderate,Premium,False,False,2951.1,5711854.0
1146.8,2,1,2,Black Cotton,IV,Composite,Standard,False,False,2271.0,2604383.0
1396.9,1,2,2,Rocky,IV,Warm-Humid,Premium,False,False,2714.5,3791885.0
1616.3,2,3,2,Sandy Loam,II,Hot-Dry,Basic,False,False,1254.3,2027325.0
1098.0,1,3,1,Sandy Loam,V,Hot-Dry,Basic,False,False,1707.4,1874725.0
2765.3,2,3,3,Black Cotton,III,Hot-Dry,Premium,False,False,2648.0,7322514.0
2328.2,2,4,3,Sandy Loam,III,Composite,Premium,False,False,2356.0,5485239.0
6047.8,3,5,2,Clay,II,Moderate,Standard,False,False,1947.6,11778695.0
4677.8,2,1,2,Black Cotton,IV,Composite,Standard,False,False,2261.7,10579780.0
1835.8,3,3,1,Clay,V,Composite,Premium,False,False,3741.9,6869380.0
4556.0,3,3,1,Clay,III,Composite,Standard,False,False,2191.7,9985385.0
1562.5,1,3,2,Sandy Loam,III,Composite,Premium,False,False,2931.7,4580781.0
6577.9,3,3,1,Sandy Loam,III,Composite,Standard,False,False,2104.7,13844506.0
2070.7,2,5,3,Black Cotton,IV,Moderate,Premium,False,False,2958.3,6125752.0
528.0,1,4,1,Sandy Loam,IV,Hot-Dry,Standard,False,False,2470.1,1304213.0
1802.7,1,2,2,Clay,V,Warm-Humid,Standard,False,False,2378.9,4288443.0
4400.7,2,4,1,Clay,III,Composite,Basic,False,False,1420.9,6252955.0
4744.2,2,1,2,Rocky,V,Warm-Humid,Premium,False,False,2683.9,12732958.0
4520.6,2,4,2,Clay,III,Warm-Humid,Standard,False,False,1850.8,8366726.0
1365.4,2,1,1,Sandy Loam,III,Moderate,Standard,False,False,2053.9,2804395.0
4166.4,2,4,2,Sandy Loam,III,Composite,Standard,False,False,1763.7,7348280.0
4461.7,2,3,2,Sandy Loam,III,Cold,Standard,False,False,1769.4,7894532.0
1393.0,3,1,3,Sandy Loam,IV,Cold,Standard,False,False,1931.9,2691137.0
3114.0,2,3,1,Sandy Loam,IV,Composite,Standard,False,False,2032.3,6328582.0
2362.5,1,1,2,Black Cotton,III,Composite,Premium,False,False,3463.2,8181810.0
4189.8,2,2,1,Sandy Loam,II,Composite,Standard,False,False,1808.7,7578091.0
680.4,1,5,2,Black Cotton,IV,Warm-Humid,Basic,False,False,1744.4,1186890.0
4410.9,2,2,1,Sandy Loam,II,Moderate,Standard,False,False,1758.8,7757891.0
2148.5,1,1,1,Sandy Loam,II,Warm-Humid,Standard,False,False,1938.0,4163793.0
2184.1,2,5,1,Clay,II,Hot-Dry,Premium,False,False,3157.8,6896951.0
2530.7,2,1,2,Sandy Loam,IV,Hot-Dry,Standard,False,False,1896.9,4800485.0
749.5,1,4,1,Clay,IV,Composite,Premium,False,False,3545.3,2657202.0
2065.0,1,2,2,Sandy Loam,III,Cold,Standard,False,False,2043.0,4218795.0
625.3,1,1,2,Clay,III,Warm-Humid,Standard,False,False,2052.0,1283116.0
4138.3,2,3,1,Clay,V,Warm-Humid,Basic,False,False,1609.9,6662249.0
1222.1,1,2,2,Clay,V,Warm-Humid,Standard,False,False,2491.1,3044373.0
3394.6,2,4,1,Sandy Loam,V,Warm-Humid,Standard,False,False,2177.1,7390384.0
6807.9,3,3,2,Sandy Loam,III,Hot-Dry,Standard,False,False,1815.2,12357700.0
958.8,1,2,3,Sandy Loam,II,Cold,Standard,False,False,1602.1,1536093.0
1361.2,2,4,1,Rocky,V,Composite,Basic,False,False,1529.4,2081819.0
4322.5,2,2,1,Clay,III,Moderate,Standard,False,False,1871.0,8087398.0
1886.2,2,3,2,Rocky,IV,Warm-Humid,Premium,False,False,2793.2,5268534.0
1662.6,2,2,2,Clay,IV,Warm-Humid,Luxury,False,False,4522.5,7519108.0
1149.8,2,3,2,Sandy Loam,III,Moderate,Basic,False,False,1342.6,1543721.0
1040.1,2,5,3,Sandy Loam,IV,Composite,Standard,True,False,2085.8,2169441.0
3099.3,2,3,3,Clay,III,Hot-Dry,Basic,False,False,1216.2,3769369.0
1108.8,1,2,1,Sandy Loam,IV,Composite,Standard,False,False,2326.7,2579845.0
696.9,1,3,1,Sandy Loam,III,Hot-Dry,Basic,False,False,1477.1,1029391.0
2185.4,1,3,2,Rocky,IV,Composite,Standard,False,False,1918.1,4191816.0
1914.3,2,4,1,Sandy Loam,V,Composite,Basic,False,False,1606.1,3074557.0
2468.3,2,2,1,Rocky,II,Composite,Premium,False,False,2708.3,6684897.0
1562.1,2,3,2,Rocky,III,Hot-Dry,Standard,False,False,1745.7,2726958.0
1618.0,2,2,1,Sandy Loam,III,Composite,Premium,True,False,3510.8,5680474.0
3544.6,2,3,1,Sandy Loam,III,Warm-Humid,Standard,False,False,1811.7,6421752.0
1113.4,1,3,2,Sandy Loam,II,Cold,Standard,False,False,1848.8,2058454.0
986.8,1,5,3,Sandy Loam,III,Composite,Basic,False,False,1305.0,1287774.0
1542.4,2,3,2,Rocky,III,Warm-Humid,Premium,False,False,2581.6,3981860.0
2818.3,3,2,1,Black Cotton,IV,Hot-Dry,Standard,False,False,2599.8,7327016.0
2336.8,1,2,1,Black Cotton,III,Cold,Standard,False,False,2362.0,5519522.0
1882.7,1,4,1,Clay,III,Composite,Standard,False,False,2204.1,4149659.0
6991.5,3,2,2,Black Cotton,II,Composite,Standard,False,False,2054.7,14365435.0
4079.3,2,3,2,Clay,IV,Moderate,Standard,False,False,1951.4,7960346.0
2539.9,3,4,1,Sandy Loam,II,Warm-Humid,Premium,True,True,3266.8,8747345.0
1240.0,1,4,2,Clay,V,Moderate,Basic,False,False,1670.0,2070800.0
671.7,1,3,2,Sandy Loam,IV,Warm-Humid,Basic,False,False,1532.6,1029447.0
458.2,1,1,3,Rocky,IV,Hot-Dry,Standard,False,False,1720.6,788379.0
4122.7,2,2,2,Rocky,IV,Composite,Basic,False,False,1284.9,5297257.0
2376.0,2,3,3,Rocky,IV,Warm-Humid,Standard,True,False,1822.6,4330498.0
3352.8,2,3,2,Black Cotton,IV,Warm-Humid,Standard,False,False,2188.2,7336597.0
4586.4,2,4,1,Rocky,IV,Composite,Standard,False,False,1939.2,8893947.0
916.1,1,5,1,Sandy Loam,II,Composite,Premium,False,False,3042.1,2786868.0
1413.9,1,4,2,Clay,II,Composite,Basic,False,False,1435.0,2028947.0
3567.9,2,3,2,Sandy Loam,V,Moderate,Standard,False,False,2080.0,7421232.0
1416.3,3,2,1,Sandy Loam,III,Warm-Humid,Premium,False,False,3088.2,4373818.0
2064.8,2,1,1,Rocky,IV,Composite,Standard,False,False,1867.7,3856427.0
709.9,1,2,3,Rocky,III,Moderate,Premium,False,False,2497.7,1773117.0
2625.5,2,2,2,Sandy Loam,III,Composite,Standard,False,False,1753.9,4604864.0
3870.8,2,4,1,Clay,III,Cold,Standard,False,False,1880.0,7277104.0
4124.7,3,1,3,Sandy Loam,IV,Moderate,Standard,False,True,1852.5,8091007.0
2166.9,1,4,2,Clay,V,Hot-Dry,Premium,False,False,3304.7,7160954.0
4606.2,3,2,3,Black Cotton,IV,Composite,Premium,False,False,3185.6,14673511.0
6753.9,3,2,2,Sandy Loam,III,Hot-Dry,Standard,False,False,1802.2,12171879.0
2399.8,1,4,3,Sandy Loam,II,Moderate,Standard,False,False,1658.6,3980308.0
4806.8,3,2,1,Rocky,III,Composite,Standard,False,False,1903.4,9149263.0
1014.8,1,5,3,Black Cotton,IV,Warm-Humid,Standard,False,False,2314.0,2348247.0
1164.2,2,4,2,Sandy Loam,II,Hot-Dry,Standard,False,False,1686.6,1963540.0
2250.2,2,3,1,Black Cotton,II,Moderate,Standard,False,False,2132.3,4798101.0
1741.4,1,3,3,Sandy Loam,III,Hot-Dry,Standard,False,False,1907.1,3321024.0
1303.2,1,5,3,Clay,III,Composite,Standard,False,False,1980.5,2580988.0
4084.4,2,3,2,Sandy Loam,II,Moderate,Standard,False,False,1719.5,7023126.0
1720.2,2,3,1,Sandy Loam,III,Composite,Basic,False,False,1396.3,2401915.0
1406.8,1,3,1,Clay,III,Composite,Basic,False,False,1576.5,2217820.0
888.5,1,2,2,Sandy Loam,III,Composite,Standard,False,False,1872.3,1663539.0
3197.8,2,3,2,Clay,II,Cold,Standard,False,False,1738.1,5558096.0
3488.8,2,5,1,Black Cotton,IV,Composite,Standard,False,False,2277.3,7945044.0
2338.2,1,3,1,Sandy Loam,II,Composite,Premium,False,False,2894.9,6768855.0
3488.0,3,2,1,Black Cotton,V,Composite,Standard,False,False,2718.6,9482477.0
6239.1,3,3,2,Black Cotton,II,Moderate,Standard,False,False,2091.9,13051573.0
1894.5,1,4,1,Clay,IV,Hot-Dry,Basic,False,False,1630.6,3089172.0
4373.2,2,3,1,Sandy Loam,III,Moderate,Standard,False,False,1982.5,8669869.0
902.8,1,3,2,Sandy Loam,III,Moderate,Luxury,False,False,4673.3,4219055.0
3708.7,2,3,3,Black Cotton,V,Composite,Basic,False,False,1595.1,5915747.0
3897.1,2,2,2,Sandy Loam,II,Hot-Dry,Standard,True,False,1821.9,7100126.0
757.6,1,3,1,Rocky,III,Hot-Dry,Standard,False,False,1946.4,1474593.0
1265.7,2,1,2,Clay,IV,Moderate,Standard,False,False,2064.4,2612911.0
1235.8,1,2,1,Clay,IV,Composite,Standard,False,False,2502.8,3092960.0
1290.1,2,2,1,Black Cotton,III,Hot-Dry,Premium,False,False,3464.9,4470067.0
851.7,1,5,2,Clay,V,Composite,Premium,False,False,3466.9,2952759.0
1109.8,1,3,2,Sandy Loam,IV,Composite,Premium,False,False,3061.7,3397875.0
3619.0,3,2,2,Sandy Loam,II,Warm-Humid,Standard,False,False,1907.8,6904328.0
1318.1,2,3,3,Rocky,IV,Moderate,Standard,False,False,1678.3,2212167.0
969.0,1,1,1,Sandy Loam,IV,Warm-Humid,Premium,False,False,3214.8,3115141.0
2114.8,2,2,3,Sandy Loam,IV,Hot-Dry,Standard,False,False,1807.1,3821655.0
866.1,1,3,2,Black Cotton,V,Warm-Humid,Basic,False,False,1998.0,1730468.0
1628.1,1,2,1,Clay,II,Hot-Dry,Standard,False,False,2196.0,3575308.0
3209.6,2,3,2,Rocky,III,Cold,Premium,False,False,2411.0,7738346.0
3969.4,2,1,1,Clay,IV,Hot-Dry,Standard,False,False,2116.4,8400838.0
3481.5,3,3,1,Rocky,V,Warm-Humid,Standard,False,False,2192.1,7631796.0
1840.3,1,2,1,Sandy Loam,IV,Hot-Dry,Premium,False,False,3339.7,6146050.0
2395.8,2,4,1,Sandy Loam,II,Composite,Standard,False,False,1814.7,4347658.0
1848.3,2,2,1,Rocky,III,Hot-Dry,Luxury,False,False,4337.8,8017556.0
965.9,2,4,1,Clay,II,Composite,Standard,False,False,2070.8,2000186.0
859.4,1,4,2,Rocky,III,Warm-Humid,Standard,False,False,1839.6,1580952.0
1768.7,1,1,2,Sandy Loam,IV,Moderate,Luxury,False,False,4841.9,8563869.0
1701.3,2,2,2,Clay,III,Composite,Standard,False,False,1842.5,3134645.0
2253.4,2,3,1,Sandy Loam,III,Moderate,Luxury,False,False,4190.2,9442197.0
4534.2,2,3,1,Black Cotton,II,Composite,Basic,False,False,1571.1,7123682.0
4040.4,2,2,2,Clay,IV,Warm-Humid,Luxury,False,False,4707.5,19020183.0
1543.3,1,4,1,Clay,II,Composite,Standard,False,False,2092.8,3229818.0
2038.1,1,2,1,Sandy Loam,IV,Warm-Humid,Premium,False,False,3053.6,6223542.0
4235.2,2,3,3,Clay,III,Moderate,Luxury,False,False,3789.4,16048867.0
2157.1,1,4,1,Black Cotton,III,Hot-Dry,Standard,False,False,2444.7,5273462.0
1439.5,2,3,1,Clay,III,Composite,Standard,False,False,2108.0,3034466.0
1031.2,1,5,2,Sandy Loam,V,Warm-Humid,Standard,False,False,2188.7,2256987.0
2151.1,2,3,2,Sandy Loam,II,Composite,Luxury,False,False,4059.4,8732175.0
4563.9,3,2,2,Sandy Loam,V,Composite,Standard,False,False,1949.5,8897323.0
2354.0,1,3,2,Black Cotton,III,Warm-Humid,Standard,False,False,2124.2,5000367.0
2735.6,2,2,2,Clay,II,Warm-Humid,Standard,False,False,1805.2,4938305.0
4698.9,2,2,2,Black Cotton,III,Composite,Luxury,False,False,4699.4,22082011.0
4399.1,2,5,1,Black Cotton,II,Composite,Premium,False,False,3563.3,15675313.0
2302.5,1,3,2,Sandy Loam,IV,Composite,Premium,False,False,2821.2,6495813.0
3586.5,3,2,3,Black Cotton,II,Composite,Luxury,False,False,4282.0,15357393.0
1297.4,2,5,2,Rocky,III,Warm-Humid,Premium,False,False,2562.0,3323939.0
2506.1,2,3,1,Sandy Loam,IV,Moderate,Standard,False,False,2148.2,5383604.0
4516.0,3,3,1,Rocky,III,Moderate,Standard,False,False,1719.7,7766165.0
3785.1,3,3,3,Clay,II,Warm-Humid,Standard,False,False,1799.2,6810152.0
2917.2,2,3,3,Black Cotton,IV,Composite,Standard,False,False,2013.9,5874949.0
1688.7,2,2,2,Clay,IV,Moderate,Basic,False,False,1470.6,2483402.0
1883.8,1,2,2,Sandy Loam,III,Composite,Standard,False,False,1967.7,3706753.0
1856.1,2,4,3,Rocky,IV,Warm-Humid,Basic,False,False,1254.1,2327735.0
2303.0,1,2,1,Black Cotton,V,Hot-Dry,Standard,False,False,2568.4,5915025.0
708.9,1,3,1,Black Cotton,V,Moderate,Standard,False,False,2691.5,1908004.0
1878.0,2,2,2,Clay,II,Composite,Standard,False,False,1860.9,3494770.0
1128.6,2,4,1,Sandy Loam,III,Warm-Humid,Premium,False,False,2901.0,3274069.0
6929.6,3,5,1,Sandy Loam,III,Moderate,Standard,True,False,2245.1,15557645.0
2997.1,3,3,1,Sandy Loam,IV,Composite,Standard,False,False,2136.9,6404503.0
1030.6,1,3,1,Sandy Loam,III,Composite,Standard,False,False,2104.3,2168692.0
2163.0,2,3,3,Sandy Loam,II,Composite,Standard,False,False,1515.0,3276945.0
2323.5,1,5,2,Clay,II,Composite,Standard,False,False,1799.9,4182068.0
4692.3,2,2,2,Black Cotton,V,Moderate,Basic,False,False,1637.7,7684580.0
1529.9,1,1,1,Sandy Loam,V,Hot-Dry,Standard,False,False,2193.4,3355683.0
4541.0,2,3,1,Black Cotton,III,Warm-Humid,Standard,False,False,2137.9,9708204.0
1691.2,1,5,2,Clay,IV,Cold,Basic,False,False,1564.4,2645713.0
2230.7,1,1,2,Black Cotton,IV,Composite,Premium,False,False,3389.7,7561404.0
2431.9,3,1,1,Sandy Loam,III,Composite,Premium,False,False,2996.6,7287432.0
1413.0,3,1,3,Sandy Loam,II,Hot-Dry,Premium,False,False,2509.9,3546489.0
2071.4,1,3,2,Sandy Loam,IV,Composite,Premium,False,False,2932.9,6075209.0
1900.1,2,2,2,Clay,II,Moderate,Standard,False,False,1809.5,3438231.0
2323.9,2,4,3,Black Cotton,II,Composite,Standard,False,False,1822.5,4235308.0
1855.3,1,3,3,Sandy Loam,IV,Composite,Standard,False,False,1859.4,3449745.0
1529.5,1,3,1,Sandy Loam,II,Hot-Dry,Premium,False,False,2983.4,4563110.0
2149.4,1,3,1,Sandy Loam,III,Composite,Standard,False,False,2010.6,4321584.0
2308.8,2,3,2,Clay,II,Warm-Humid,Standard,False,False,1760.7,4065104.0
3689.6,2,5,2,Clay,II,Moderate,Standard,False,False,1804.4,6657514.0
4483.5,2,2,1,Sandy Loam,II,Warm-Humid,Premium,False,False,2556.4,11461619.0
832.6,1,3,1,Black Cotton,V,Composite,Standard,False,False,2801.1,2332196.0
1985.7,2,3,1,Sandy Loam,IV,Composite,Luxury,False,True,4776.6,9934895.0
5913.1,3,2,1,Sandy Loam,IV,Composite,Standard,False,False,2087.3,12342414.0
1806.8,2,3,1,Clay,II,Cold,Standard,True,False,2210.0,3993028.0
1226.9,1,3,2,Sandy Loam,III,Composite,Luxury,False,False,4399.0,5397133.0
4832.2,3,3,2,Sandy Loam,IV,Composite,Standard,False,False,1964.0,9490441.0
1586.0,1,3,2,Clay,III,Warm-Humid,Luxury,False,False,4911.2,7789163.0
1751.6,2,2,1,Black Cotton,II,Composite,Standard,False,False,2215.9,3881370.0
1174.7,1,3,1,Sandy Loam,V,Warm-Humid,Basic,False,False,1713.0,2012261.0
1617.1,1,4,3,Sandy Loam,V,Composite,Standard,False,False,1891.5,3058745.0
1105.7,1,2,1,Clay,IV,Hot-Dry,Luxury,False,False,5674.9,6274737.0
2333.6,2,3,1,Sandy Loam,II,Moderate,Standard,False,False,1840.9,4295924.0
1708.0,1,2,1,Sandy Loam,II,Composite,Standard,False,False,1888.4,3225387.0
581.5,1,3,2,Rocky,IV,Composite,Premium,False,False,2769.0,1610174.0
2127.3,1,2,2,Clay,III,Composite,Basic,False,False,1445.4,3074799.0
826.5,1,3,1,Sandy Loam,II,Warm-Humid,Standard,False,False,2091.7,1728790.0
3853.0,2,4,1,Sandy Loam,II,Composite,Standard,False,False,1799.5,6933474.0
906.1,1,3,1,Black Cotton,II,Composite,Standard,False,False,2344.0,2123898.0
1174.1,1,2,3,Clay,V,Moderate,Premium,False,False,2889.0,3391975.0
1577.2,2,2,2,Clay,II,Hot-Dry,Standard,True,False,2109.2,3326630.0
1435.2,1,2,1,Black Cotton,II,Composite,Basic,False,False,1683.6,2416303.0
1074.9,1,3,2,Sandy Loam,III,Composite,Standard,False,False,1851.8,1990500.0
6380.5,3,1,2,Clay,III,Cold,Standard,False,True,1948.0,12879214.0
3606.0,2,3,1,Clay,II,Composite,Premium,False,False,3017.3,10880384.0
2129.2,2,3,3,Clay,V,Composite,Standard,False,False,1889.2,4022485.0
2118.4,2,2,1,Black Cotton,II,Composite,Luxury,True,True,5720.0,12567248.0
4098.7,2,3,1,Sandy Loam,III,Warm-Humid,Premium,False,False,2897.2,11874754.0
2289.4,2,2,1,Clay,II,Moderate,Luxury,True,False,5265.9,12055751.0
7177.3,3,2,1,Black Cotton,II,Composite,Standard,False,False,2288.0,16421662.0
1084.8,1,3,1,Sandy Loam,III,Cold,Basic,False,False,1639.3,1778313.0
3011.7,2,3,1,Black Cotton,III,Warm-Humid,Standard,False,False,2230.9,6718802.0
5891.2,3,3,1,Sandy Loam,II,Hot-Dry,Standard,False,False,1965.1,11576797.0
578.2,1,3,1,Sandy Loam,II,Hot-Dry,Standard,False,False,2014.7,1164900.0
674.4,1,3,1,Sandy Loam,III,Warm-Humid,Basic,False,False,1455.2,981387.0
2556.9,2,3,3,Black Cotton,III,Warm-Humid,Basic,False,False,1376.8,3520340.0
604.1,1,4,2,Clay,II,Warm-Humid,Luxury,False,False,4558.0,2753488.0
3647.2,2,2,1,Sandy Loam,III,Warm-Humid,Standard,False,False,1771.6,6461380.0
3802.5,2,4,1,Sandy Loam,II,Composite,Luxury,False,False,4108.2,15621430.0
4146.0,2,3,3,Sandy Loam,V,Cold,Standard,False,False,1839.1,7624909.0
1783.6,2,3,1,Sandy Loam,III,Warm-Humid,Standard,False,False,1963.5,3502099.0
3129.7,2,3,1,Clay,III,Warm-Humid,Premium,False,False,3116.4,9753397.0
1719.9,1,2,1,Clay,III,Cold,Premium,False,False,3298.5,5673090.0
3958.9,2,2,2,Black Cotton,III,Warm-Humid,Standard,False,False,2067.5,8185026.0
2196.5,2,3,1,Clay,V,Warm-Humid,Standard,False,False,2319.3,5094342.0
1624.1,1,3,1,Rocky,II,Composite,Standard,False,False,1830.2,2972428.0
1514.9,1,2,2,Sandy Loam,II,Hot-Dry,Premium,False,False,2661.5,4031906.0
2195.8,3,3,3,Sandy Loam,III,Hot-Dry,Basic,False,False,1234.0,2709617.0
675.3,1,2,2,Sandy Loam,II,Cold,Standard,False,False,1934.3,1306233.0
2090.7,1,2,2,Clay,IV,Warm-Humid,Premium,False,False,3165.4,6617902.0
2310.2,2,3,1,Black Cotton,V,Warm-Humid,Standard,False,False,2648.8,6119258.0
3293.7,2,2,3,Clay,IV,Composite,Premium,False,False,2627.0,8652550.0
1888.8,2,2,1,Black Cotton,II,Composite,Standard,False,False,2340.5,4420736.0
1023.9,2,3,1,Sandy Loam,IV,Composite,Luxury,False,True,4664.4,5225879.0
3238.8,2,2,2,Clay,III,Moderate,Premium,False,False,2645.0,8566626.0
820.5,1,1,2,Rocky,III,Warm-Humid,Standard,False,False,1789.7,1468449.0
4006.2,2,2,3,Sandy Loam,III,Warm-Humid,Standard,False,False,1640.0,6570168.0
1311.8,2,3,1,Black Cotton,III,Warm-Humid,Standard,False,False,2376.6,3117624.0
2339.6,2,4,3,Sandy Loam,IV,Composite,Basic,False,False,1253.8,2933390.0
3223.5,2,3,1,Clay,II,Composite,Standard,False,False,2040.3,6576907.0
3019.9,2,1,1,Clay,II,Composite,Standard,False,False,2042.5,6168146.0
5693.5,3,2,1,Rocky,II,Composite,Premium,False,False,2819.6,16053393.0
1939.9,1,3,1,Sandy Loam,V,Composite,Standard,False,False,2172.7,4214821.0
3903.7,2,3,3,Black Cotton,II,Composite,Standard,False,False,1672.1,6527377.0
2158.9,1,1,1,Black Cotton,II,Composite,Standard,False,False,2368.5,5113355.0
1433.9,2,3,3,Black Cotton,II,Warm-Humid,Premium,False,False,2787.5,3996996.0
4179.2,2,4,3,Sandy Loam,IV,Warm-Humid,Standard,False,False,1651.0,6899859.0
3729.0,2,2,1,Sandy Loam,IV,Moderate,Premium,False,False,2743.4,10230139.0
3862.3,2,2,2,Black Cotton,V,Warm-Humid,Basic,False,False,1708.1,6597195.0
2244.4,1,4,2,Clay,II,Composite,Standard,False,False,1906.7,4279397.0
1528.9,2,3,2,Sandy Loam,V,Composite,Luxury,False,True,4659.8,7574368.0
470.8,1,3,1,Sandy Loam,II,Hot-Dry,Premium,False,False,3118.5,1468190.0
1816.8,2,3,1,Rocky,III,Composite,Basic,True,False,1506.7,2737373.0
4219.5,2,2,1,Sandy Loam,IV,Composite,Basic,False,False,1417.5,5981141.0
1577.0,1,3,2,Black Cotton,II,Warm-Humid,Basic,False,False,1553.4,2449712.0
1161.4,1,4,1,Clay,III,Composite,Premium,False,False,3233.0,3754806.0
3069.2,2,3,2,Black Cotton,III,Composite,Standard,False,False,2086.3,6403272.0
1612.3,1,4,1,Black Cotton,IV,Hot-Dry,Standard,False,False,2566.1,4137323.0
3845.9,3,3,1,Black Cotton,II,Composite,Premium,False,False,3415.2,13134518.0
3609.8,3,1,2,Clay,II,Warm-Humid,Standard,False,False,1987.8,7175560.0
779.0,1,4,3,Sandy Loam,III,Composite,Premium,False,False,2682.4,2089590.0
2454.6,2,3,1,Sandy Loam,II,Moderate,Basic,False,False,1371.0,3365257.0
1234.7,1,2,2,Sandy Loam,IV,Composite,Premium,False,False,3086.3,3810655.0
927.0,1,2,1,Sandy Loam,III,Hot-Dry,Luxury,False,False,4771.3,4422995.0
2605.8,2,2,2,Clay,III,Warm-Humid,Premium,False,False,3050.0,7947690.0
2115.1,1,1,3,Black Cotton,III,Hot-Dry,Basic,False,False,1524.6,3224681.0
1855.2,1,5,1,Sandy Loam,III,Composite,Premium,False,False,2898.2,5376741.0
949.1,1,2,2,Clay,II,Moderate,Standard,False,False,1935.6,1837078.0
5104.7,3,1,2,Rocky,III,Hot-Dry,Premium,False,False,2563.6,13086409.0
1936.4,1,2,2,Sandy Loam,II,Warm-Humid,Standard,False,False,1784.8,3456087.0
1878.2,1,2,2,Sandy Loam,III,Hot-Dry,Standard,False,False,1887.9,3545854.0
3644.8,2,3,1,Black Cotton,III,Warm-Humid,Premium,False,False,3252.1,11853254.0
471.2,1,2,2,Sandy Loam,III,Moderate,Standard,False,False,2067.2,974065.0
2213.5,2,2,2,Rocky,III,Warm-Humid,Premium,False,False,2354.7,5212128.0
2549.3,2,2,2,Black Cotton,III,Warm-Humid,Standard,False,False,2188.5,5579143.0
1208.1,1,2,2,Clay,IV,Composite,Standard,False,False,2182.1,2636195.0
1413.3,2,3,1,Black Cotton,III,Hot-Dry,Premium,False,False,3273.4,4626296.0
4328.0,3,4,2,Rocky,V,Composite,Standard,False,False,2034.4,8804883.0
625.8,1,3,3,Rocky,III,Composite,Standard,False,False,1701.5,1064799.0
4768.3,2,2,2,Sandy Loam,III,Warm-Humid,Standard,False,False,1758.8,8386486.0
583.2,1,4,1,Sandy Loam,IV,Warm-Humid,Basic,False,False,1588.9,926646.0
2112.7,2,3,2,Sandy Loam,III,Hot-Dry,Standard,False,False,1855.7,3920537.0
4697.8,2,1,2,Sandy Loam,III,Composite,Standard,False,False,1781.7,8370070.0
5941.7,3,2,2,Rocky,III,Composite,Standard,False,True,1872.1,11573457.0
1906.0,2,1,2,Black Cotton,II,Hot-Dry,Standard,False,False,1990.0,3792940.0
3880.7,2,4,1,Sandy Loam,II,Composite,Premium,False,False,2791.8,10834138.0
2413.3,2,2,1,Sandy Loam,IV,Composite,Premium,False,False,3051.5,7364185.0
1423.2,1,3,3,Clay,II,Warm-Humid,Standard,False,False,1830.1,2604598.0
2625.2,2,4,2,Rocky,IV,Composite,Basic,False,False,1283.1,3368394.0
6107.0,3,3,1,Black Cotton,III,Warm-Humid,Standard,False,False,2389.2,14590844.0
1307.1,1,2,3,Clay,V,Hot-Dry,Basic,False,False,1509.3,1972806.0
1180.7,1,2,2,Black Cotton,III,Warm-Humid,Standard,False,False,2247.0,2653033.0
1068.7,1,5,2,Black Cotton,III,Composite,Premium,False,False,3446.7,3683488.0
2692.3,2,4,3,Sandy Loam,III,Moderate,Standard,False,False,1651.5,4446333.0
1345.7,1,2,1,Rocky,III,Composite,Luxury,False,False,4531.7,6098309.0
3055.5,2,2,2,Sandy Loam,V,Warm-Humid,Premium,False,False,2907.3,8883255.0
2493.9,2,1,2,Sandy Loam,III,Moderate,Standard,False,False,1765.4,4402731.0
2913.7,2,3,2,Sandy Loam,II,Hot-Dry,Standard,False,False,1706.3,4971646.0
1753.0,2,2,2,Black Cotton,IV,Composite,Luxury,False,False,5443.4,9542280.0
614.9,1,2,2,Clay,II,Composite,Premium,False,False,2807.1,1726086.0
1543.6,1,5,2,Clay,III,Hot-Dry,Basic,False,False,1541.7,2379768.0
619.7,1,4,2,Clay,III,Warm-Humid,Basic,False,False,1487.9,922052.0
4249.4,2,2,2,Sandy Loam,V,Composite,Premium,False,False,2830.7,12028777.0
1017.8,1,4,3,Rocky,III,Composite,Standard,False,False,1587.3,1615554.0
793.2,1,2,1,Black Cotton,II,Hot-Dry,Standard,False,False,2431.1,1928349.0
1620.2,1,3,1,Sandy Loam,IV,Moderate,Standard,False,False,2104.2,3409225.0
793.4,1,3,2,Sandy Loam,IV,Composite,Standard,False,False,2049.6,1626153.0
3993.5,2,3,2,Sandy Loam,III,Cold,Standard,False,False,1657.5,6619226.0
2300.6,2,2,1,Rocky,III,Hot-Dry,Basic,True,False,1541.6,3546605.0
3401.0,2,1,2,Sandy Loam,IV,Moderate,Standard,False,False,1909.3,6493529.0
2381.5,1,3,3,Rocky,III,Moderate,Standard,False,False,1762.6,4197632.0
2468.3,2,2,3,Clay,II,Composite,Standard,False,False,1641.8,4052455.0
725.3,1,4,1,Rocky,III,Composite,Premium,False,False,2940.6,2132817.0
1339.8,1,2,2,Sandy Loam,II,Composite,Standard,False,False,1765.5,2365417.0
1481.3,3,3,2,Sandy Loam,II,Moderate,Premium,False,False,2789.8,4132531.0
925.6,1,4,2,Clay,II,Hot-Dry,Premium,False,False,2807.3,2598437.0
5557.8,3,2,1,Clay,V,Hot-Dry,Standard,False,False,2342.0,13016368.0
4492.1,2,2,1,Sandy Loam,IV,Composite,Standard,False,False,2070.0,9298647.0
850.0,1,3,2,Clay,IV,Composite,Standard,False,False,2283.8,1941230.0
1490.8,2,2,1,Sandy Loam,IV,Cold,Premium,False,False,3145.8,4689759.0
2198.7,1,2,1,Rocky,II,Composite,Luxury,False,False,4126.7,9073375.0
1430.6,2,4,1,Sandy Loam,III,Hot-Dry,Standard,False,False,1977.5,2829012.0
2371.5,2,2,2,Black Cotton,V,Warm-Humid,Premium,True,False,3788.0,8983242.0
2080.0,2,4,2,Sandy Loam,III,Composite,Standard,False,False,1831.9,3810352.0
3305.3,3,3,2,Sandy Loam,II,Composite,Standard,False,True,1823.0,6475562.0
4189.7,2,4,2,Clay,III,Warm-Humid,Basic,False,False,1409.3,5904544.0
6105.7,3,4,3,Clay,III,Composite,Standard,False,False,1823.4,11133133.0
1305.3,1,2,1,Clay,II,Composite,Luxury,False,False,4912.9,6412808.0
1880.6,3,1,2,Clay,II,Moderate,Standard,False,False,1891.1,3556403.0
473.5,1,4,1,Sandy Loam,V,Composite,Basic,False,False,1692.0,801162.0
1445.1,1,3,1,Sandy Loam,IV,Composite,Standard,False,False,2228.1,3219827.0
3095.5,2,3,2,Clay,V,Composite,Standard,False,False,2081.0,6441736.0
2219.7,2,2,1,Sandy Loam,III,Moderate,Standard,False,False,2023.2,4490897.0
3388.2,2,3,2,Sandy Loam,III,Hot-Dry,Basic,False,False,1254.0,4248803.0
4368.4,3,1,1,Clay,III,Hot-Dry,Standard,False,True,2313.5,10556293.0
1926.3,1,3,1,Clay,III,Composite,Luxury,False,False,4697.2,9048216.0
1407.1,1,1,3,Clay,III,Cold,Premium,False,False,2666.4,3751891.0
3949.9,2,3,1,Clay,IV,Composite,Standard,False,False,2058.6,8131264.0
6541.9,3,2,2,Clay,V,Warm-Humid,Luxury,False,False,5057.2,33083697.0
1736.5,1,4,2,Rocky,IV,Composite,Standard,False,False,1936.2,3362211.0
2131.8,1,5,1,Sandy Loam,IV,Hot-Dry,Premium,False,False,3102.7,6614336.0
3618.7,2,2,1,Sandy Loam,III,Composite,Premium,False,False,2684.1,9712953.0
4106.3,2,3,1,Clay,III,Hot-Dry,Standard,False,False,2005.4,8234774.0
7110.6,3,3,1,Rocky,IV,Warm-Humid,Basic,False,False,1520.0,10808112.0
1890.6,1,3,1,Sandy Loam,II,Warm-Humid,Basic,False,False,1459.0,2758385.0
1664.5,2,3,2,Sandy Loam,II,Warm-Humid,Premium,True,False,2900.1,4827216.0
2029.6,1,4,1,Sandy Loam,IV,Warm-Humid,Standard,False,False,2279.1,4625661.0
1258.6,2,3,2,Black Cotton,II,Composite,Standard,False,False,2012.8,2533310.0
2787.0,2,3,1,Sandy Loam,II,Hot-Dry,Premium,False,False,2620.8,7304170.0
4861.7,3,2,1,Sandy Loam,III,Composite,Standard,False,False,1977.9,9615956.0
2904.1,2,1,2,Clay,IV,Composite,Standard,False,False,1974.4,5733855.0
487.9,1,3,1,Clay,II,Warm-Humid,Standard,False,False,2096.1,1022687.0
1720.7,2,2,1,Sandy Loam,II,Warm-Humid,Standard,True,False,2047.1,3522445.0
3139.4,2,3,1,Sandy Loam,IV,Cold,Standard,False,False,1890.7,5935664.0
1221.8,1,3,2,Clay,II,Moderate,Standard,False,False,1902.6,2324597.0
4469.1,3,3,1,Sandy Loam,II,Warm-Humid,Basic,False,False,1324.6,5919770.0
1393.4,1,3,2,Sandy Loam,V,Composite,Basic,False,False,1530.8,2133017.0
1822.6,1,1,2,Clay,III,Composite,Premium,False,False,2928.1,5336755.0
6507.7,3,2,1,Sandy Loam,IV,Composite,Basic,False,True,1585.9,10770561.0
5165.9,3,1,3,Clay,II,Composite,Premium,False,False,2512.5,12979324.0
2948.1,2,4,2,Clay,V,Warm-Humid,Luxury,False,True,4648.0,14152769.0
4125.8,3,4,1,Black Cotton,III,Composite,Standard,False,False,2278.8,9401873.0
1013.4,1,2,3,Sandy Loam,III,Composite,Premium,False,False,2646.3,2681760.0
2754.4,2,1,2,Sandy Loam,IV,Warm-Humid,Standard,False,False,1826.5,5030912.0
3980.5,2,2,1,Black Cotton,V,Moderate,Premium,True,False,4117.3,16388913.0
883.6,1,3,1,Sandy Loam,IV,Hot-Dry,Standard,False,False,2327.1,2056226.0
1210.4,1,1,3,Rocky,IV,Composite,Standard,False,False,1824.1,2207891.0
2909.7,2,4,1,Black Cotton,III,Hot-Dry,Luxury,False,False,5238.7,15243045.0
3358.4,2,3,2,Clay,III,Composite,Basic,False,False,1453.4,4881099.0
4903.1,3,3,3,Sandy Loam,III,Moderate,Standard,False,False,1670.3,8189648.0
6598.7,3,3,2,Rocky,III,Warm-Humid,Standard,True,False,2027.5,13378864.0
1169.7,2,1,2,Black Cotton,IV,Warm-Humid,Standard,False,False,2263.0,2647031.0
4305.9,2,1,1,Sandy Loam,II,Warm-Humid,Premium,False,False,2783.0,11983320.0
2881.3,3,2,1,Rocky,IV,Hot-Dry,Premium,False,False,2892.6,8334448.0
2181.7,1,2,1,Sandy Loam,III,Moderate,Luxury,False,True,4781.4,10881580.0
582.2,1,2,2,Clay,III,Moderate,Standard,False,False,2069.2,1204688.0
1069.8,1,2,2,Sandy Loam,IV,Hot-Dry,Standard,False,False,2164.6,2315689.0
1785.1,1,3,2,Black Cotton,IV,Composite,Standard,False,False,2432.0,4341363.0
2086.0,1,1,1,Rocky,III,Composite,Luxury,False,True,4685.8,10224579.0
2796.1,3,2,1,Sandy Loam,II,Moderate,Luxury,False,False,4534.2,12678077.0
2062.6,2,2,2,Rocky,III,Hot-Dry,Premium,False,False,2567.3,5295313.0
1359.1,2,2,1,Sandy Loam,III,Composite,Standard,False,False,1972.8,2681232.0
1450.5,1,3,1,Black Cotton,II,Composite,Premium,False,False,3553.0,5153626.0
1129.1,1,2,3,Clay,IV,Composite,Premium,False,False,3005.2,3393171.0
3035.6,2,2,3,Sandy Loam,III,Warm-Humid,Standard,False,False,1641.7,4983545.0
4988.1,3,4,3,Sandy Loam,IV,Composite,Standard,False,True,1834.8,9602166.0
641.3,1,1,2,Sandy Loam,II,Moderate,Standard,False,False,1820.7,1167615.0
2448.5,2,3,1,Black Cotton,IV,Composite,Premium,False,False,3468.6,8492867.0
907.2,2,1,1,Black Cotton,III,Moderate,Luxury,False,False,5558.1,5042308.0
4285.9,2,2,3,Clay,III,Hot-Dry,Standard,False,False,1810.1,7757908.0
2478.3,2,3,2,Sandy Loam,II,Cold,Standard,True,False,1965.9,4872090.0
4419.2,2,4,1,Sandy Loam,III,Warm-Humid,Standard,False,False,1864.1,8237831.0
2162.1,1,1,1,Sandy Loam,III,Hot-Dry,Standard,False,False,1916.3,4143232.0
4476.9,2,2,2,Rocky,III,Moderate,Standard,False,False,1602.3,7173337.0
4579.1,2,1,2,Clay,II,Warm-Humid,Standard,False,False,1745.5,7992819.0
1914.6,1,2,2,Clay,III,Composite,Basic,False,False,1509.6,2890280.0
1801.0,1,1,1,Sandy Loam,III,Composite,Standard,False,False,2124.9,3826945.0
1941.4,1,3,2,Black Cotton,IV,Composite,Standard,False,False,2374.9,4610631.0
1022.8,1,2,1,Sandy Loam,III,Composite,Luxury,False,False,4646.8,4752747.0
1834.0,1,4,3,Clay,III,Warm-Humid,Premium,False,False,2700.4,4952534.0
1773.7,1,4,2,Sandy Loam,III,Moderate,Standard,False,False,1884.0,3341651.0
2148.4,2,3,2,Clay,II,Composite,Premium,False,False,2698.7,5797887.0
4667.3,2,3,2,Clay,III,Hot-Dry,Standard,False,False,1932.3,9018624.0
3736.3,2,1,2,Clay,II,Composite,Premium,False,False,2509.3,9375498.0
4781.7,3,3,2,Sandy Loam,IV,Warm-Humid,Standard,False,True,1834.5,9222029.0
1117.4,2,4,2,Rocky,V,Hot-Dry,Standard,False,False,1894.0,2116356.0
746.1,1,3,3,Sandy Loam,II,Warm-Humid,Standard,False,False,1695.2,1264789.0
2255.8,1,2,1,Rocky,III,Warm-Humid,Premium,False,False,2841.6,6410081.0
1241.5,1,3,2,Black Cotton,V,Hot-Dry,Luxury,False,False,5819.8,7225282.0
3452.3,2,3,3,Sandy Loam,IV,Moderate,Luxury,False,False,3882.6,13403900.0
2309.4,2,4,3,Sandy Loam,III,Warm-Humid,Basic,False,False,1185.8,2738487.0
761.4,1,2,2,Rocky,III,Composite,Standard,False,False,1801.0,1371281.0
648.0,1,3,2,Sandy Loam,II,Moderate,Luxury,False,False,4206.7,2725942.0
2386.7,1,2,3,Sandy Loam,IV,Composite,Standard,False,False,1810.4,4320882.0
2488.3,3,3,2,Rocky,IV,Warm-Humid,Luxury,False,False,4076.0,10142311.0
3046.3,2,4,2,Clay,II,Warm-Humid,Standard,False,False,1784.3,5435513.0
1801.4,1,4,2,Sandy Loam,IV,Warm-Humid,Standard,False,False,1904.4,3430586.0
2456.0,2,5,2,Clay,II,Composite,Premium,False,False,2697.7,6625551.0
661.7,1,4,1,Sandy Loam,III,Warm-Humid,Standard,False,False,2053.8,1358999.0
3136.5,2,2,2,Black Cotton,V,Moderate,Standard,False,False,2362.5,7409981.0
4772.5,2,4,1,Sandy Loam,II,Warm-Humid,Basic,False,False,1327.8,6336926.0
3622.9,2,2,2,Sandy Loam,II,Hot-Dry,Basic,False,False,1196.8,4335887.0
1211.6,1,4,1,Clay,III,Composite,Standard,False,False,2219.0,2688540.0
2826.6,2,3,2,Clay,II,Warm-Humid,Standard,False,False,1747.2,4938636.0
2322.1,1,3,2,Rocky,II,Composite,Standard,False,False,1668.0,3873263.0
2252.7,1,2,1,Sandy Loam,II,Moderate,Standard,False,False,1876.0,4226065.0
2058.6,1,3,2,Black Cotton,III,Composite,Standard,False,False,2305.9,4746926.0
3526.3,2,4,1,Black Cotton,III,Warm-Humid,Standard,True,False,2493.1,8791419.0
2361.6,1,1,1,Sandy Loam,III,Warm-Humid,Standard,False,False,1944.5,4592131.0
2475.6,2,3,2,Rocky,IV,Composite,Standard,False,False,1759.0,4354580.0
2268.2,2,3,2,Clay,IV,Warm-Humid,Luxury,False,False,4365.4,9901600.0
1481.0,2,2,1,Sandy Loam,II,Composite,Standard,False,False,1893.8,2804718.0
1257.2,1,3,2,Black Cotton,III,Warm-Humid,Standard,False,False,2372.6,2982833.0
4199.8,2,3,1,Black Cotton,IV,Cold,Standard,True,False,2879.4,12092904.0
1822.5,1,4,1,Clay,IV,Composite,Standard,False,False,2293.3,4179539.0
1280.1,2,1,1,Black Cotton,V,Composite,Premium,False,False,3803.4,4868732.0
1321.5,1,3,2,Sandy Loam,II,Composite,Standard,False,False,1771.0,2340376.0
1774.3,1,2,1,Sandy Loam,II,Composite,Standard,False,False,1908.8,3386784.0
1256.4,1,2,3,Sandy Loam,II,Hot-Dry,Premium,False,False,2434.1,3058203.0
2095.0,1,3,3,Black Cotton,II,Composite,Standard,False,False,1991.6,4172402.0
3183.4,2,2,2,Sandy Loam,II,Composite,Premium,False,False,2454.4,7813337.0
4728.2,2,2,2,Clay,IV,Composite,Premium,True,False,3164.6,14962862.0
2159.0,2,3,2,Sandy Loam,IV,Composite,Standard,False,False,1980.5,4275900.0
1409.2,2,5,2,Clay,III,Composite,Standard,False,False,1964.1,2767810.0
674.6,1,2,2,Clay,III,Moderate,Standard,False,False,2121.9,1431434.0
2861.5,2,4,2,Rocky,III,Composite,Premium,True,False,2715.3,7769831.0
2015.9,1,2,1,Black Cotton,II,Moderate,Standard,False,False,2173.8,4382163.0
1352.9,1,3,2,Clay,IV,Cold,Premium,False,False,3473.6,4699433.0
4010.5,2,2,2,Sandy Loam,II,Warm-Humid,Basic,False,False,1212.2,4861528.0
3981.4,3,1,1,Black Cotton,IV,Warm-Humid,Standard,False,False,2391.7,9522314.0
3981.1,2,3,1,Black Cotton,IV,Composite,Standard,False,False,2259.8,8996490.0
1947.4,1,5,2,Black Cotton,IV,Hot-Dry,Premium,False,False,3442.1,6703146.0
1639.6,2,3,1,Clay,IV,Composite,Basic,False,False,1549.1,2539904.0
1678.5,1,3,2,Sandy Loam,III,Hot-Dry,Premium,False,False,2795.9,4692918.0
832.0,1,3,3,Sandy Loam,III,Warm-Humid,Basic,False,False,1287.6,1071283.0
1288.3,2,4,1,Sandy Loam,III,Warm-Humid,Premium,False,False,3053.1,3933309.0
4241.8,2,4,2,Clay,III,Composite,Premium,False,False,2534.7,10751690.0
2129.5,1,1,1,Sandy Loam,II,Warm-Humid,Premium,False,False,2928.8,6236880.0
2979.1,2,1,1,Black Cotton,II,Hot-Dry,Basic,False,False,1502.1,4474906.0
1896.5,1,2,2,Black Cotton,III,Hot-Dry,Standard,False,False,2344.2,4445775.0
2326.4,2,2,1,Black Cotton,IV,Moderate,Standard,False,False,2208.3,5137389.0
1809.6,2,2,1,Rocky,III,Composite,Premium,True,False,3028.4,5480193.0
2822.9,2,2,1,Sandy Loam,III,Cold,Basic,False,False,1350.6,3812609.0
1261.9,1,4,3,Sandy Loam,III,Composite,Standard,False,False,1809.3,2283156.0
2537.1,2,1,2,Sandy Loam,IV,Warm-Humid,Premium,False,False,2690.2,6825306.0
2001.1,2,2,2,Clay,II,Warm-Humid,Standard,False,False,1956.4,3914952.0
4372.0,2,3,2,Sandy Loam,V,Warm-Humid,Luxury,False,False,4101.3,17930884.0
1265.4,1,3,1,Clay,III,Warm-Humid,Standard,False,False,2152.9,2724280.0
3800.5,3,4,1,Sandy Loam,IV,Composite,Premium,False,False,3211.0,12203406.0
2089.6,1,4,3,Clay,II,Warm-Humid,Standard,False,False,1720.4,3594948.0
1136.3,1,4,1,Black Cotton,IV,Composite,Basic,False,False,1893.3,2151357.0
2362.2,1,2,2,Clay,III,Warm-Humid,Basic,False,False,1489.9,3519442.0
1719.3,1,3,2,Rocky,IV,Warm-Humid,Luxury,False,True,4320.5,7878236.0
2489.6,2,2,1,Black Cotton,II,Warm-Humid,Standard,False,False,2204.5,5488323.0
4146.3,2,3,3,Clay,III,Warm-Humid,Basic,False,False,1345.5,5578847.0
5856.9,3,3,1,Black Cotton,III,Warm-Humid,Standard,False,False,2509.5,14697891.0
5207.9,3,4,2,Clay,II,Hot-Dry,Premium,True,False,3078.1,16030437.0
3998.6,2,3,3,Sandy Loam,II,Composite,Standard,False,False,1595.8,6380966.0
4797.2,2,2,2,Clay,II,Warm-Humid,Premium,False,False,2554.2,12253008.0
4286.8,3,3,3,Black Cotton,III,Warm-Humid,Standard,False,False,1953.8,8375550.0
3111.1,2,3,2,Rocky,II,Composite,Standard,True,False,1733.6,5393403.0
557.9,1,3,3,Rocky,II,Hot-Dry,Standard,False,False,1633.3,911218.0
719.4,1,2,2,Sandy Loam,IV,Composite,Standard,False,False,2133.3,1534696.0
1453.6,1,3,1,Black Cotton,IV,Composite,Premium,False,False,3810.9,5539524.0
3028.1,2,2,2,Black Cotton,IV,Moderate,Basic,True,False,1808.4,5476016.0
3222.6,2,2,3,Clay,II,Warm-Humid,Standard,False,False,1684.7,5429114.0
807.1,1,3,1,Clay,IV,Cold,Standard,False,False,2293.7,1851245.0
3930.5,2,3,2,Black Cotton,III,Moderate,Standard,False,False,2192.9,8619193.0
2863.6,2,3,2,Black Cotton,IV,Composite,Premium,False,False,3302.5,9457039.0
2734.6,3,3,1,Clay,IV,Composite,Standard,False,True,2387.8,6979678.0
987.1,2,2,1,Black Cotton,IV,Warm-Humid,Standard,False,False,2587.0,2553628.0
1556.9,2,1,2,Black Cotton,II,Composite,Standard,False,False,1955.3,3044207.0
2171.2,2,2,1,Black Cotton,IV,Moderate,Standard,True,False,2795.5,6069590.0
863.0,1,1,1,Sandy Loam,II,Cold,Luxury,False,True,4698.2,4504547.0
5544.2,3,2,2,Clay,IV,Warm-Humid,Premium,True,False,3566.8,19775053.0
1277.3,1,2,2,Sandy Loam,V,Warm-Humid,Premium,False,False,3200.8,4088382.0
2269.6,1,4,1,Sandy Loam,II,Hot-Dry,Basic,False,False,1380.0,3132048.0
4042.4,2,2,2,Sandy Loam,III,Warm-Humid,Standard,False,False,1739.2,7030542.0
713.4,1,2,1,Clay,IV,Composite,Basic,False,False,1793.1,1279198.0
1604.0,1,5,3,Black Cotton,II,Composite,Premium,False,False,2931.6,4702286.0
2235.6,1,3,1,Sandy Loam,IV,Composite,Premium,False,False,3177.4,7103395.0
1359.1,2,3,1,Clay,II,Hot-Dry,Basic,False,False,1512.9,2056182.0
1235.0,1,2,1,Clay,IV,Warm-Humid,Luxury,False,False,5339.0,6593665.0
2496.8,2,3,2,Sandy Loam,II,Hot-Dry,Standard,False,False,1778.1,4439560.0
818.7,1,2,2,Sandy Loam,II,Composite,Standard,False,False,1798.9,1472759.0
763.2,1,4,1,Sandy Loam,III,Warm-Humid,Standard,False,False,1985.3,1515181.0
5691.3,3,2,2,Sandy Loam,IV,Composite,Standard,False,False,1943.8,11062749.0
5328.8,3,2,1,Sandy Loam,IV,Hot-Dry,Standard,False,False,1912.5,10191330.0
3214.3,2,4,3,Black Cotton,V,Hot-Dry,Luxury,False,False,4634.0,14895066.0
2351.2,1,2,2,Black Cotton,V,Cold,Standard,False,False,2429.6,5712476.0
5451.9,3,4,3,Sandy Loam,III,Moderate,Standard,False,False,1620.0,8832078.0
2916.5,3,3,1,Clay,II,Composite,Standard,True,False,2517.9,7343455.0
1476.6,2,2,2,Sandy Loam,II,Composite,Standard,False,False,1699.2,2509039.0
3360.9,3,2,1,Sandy Loam,IV,Warm-Humid,Premium,False,False,3101.9,10425176.0
893.2,1,3,2,Black Cotton,II,Composite,Basic,False,False,1600.9,1429924.0
1643.2,2,1,2,Sandy Loam,IV,Hot-Dry,Premium,False,False,2750.6,4519786.0
3225.5,2,2,2,Sandy Loam,II,Warm-Humid,Luxury,False,False,3956.5,12761691.0
4487.0,2,2,2,Sandy Loam,II,Composite,Standard,True,False,1963.3,8809327.0
516.4,1,2,1,Black Cotton,III,Composite,Basic,False,False,1688.2,871786.0
5181.0,3,3,1,Sandy Loam,III,Moderate,Standard,False,True,2023.1,10931681.0
3418.3,2,3,1,Clay,II,Composite,Luxury,False,False,4241.7,14499403.0
2624.0,2,3,3,Sandy Loam,V,Composite,Premium,False,False,2597.4,6815578.0
4399.2,2,4,2,Black Cotton,III,Composite,Luxury,False,False,4628.9,20363457.0
536.6,1,1,2,Rocky,IV,Composite,Standard,False,False,1925.4,1033170.0
1498.5,1,4,1,Clay,IV,Hot-Dry,Luxury,False,False,5215.5,7815427.0
1605.1,1,5,2,Clay,III,Composite,Standard,False,False,1968.2,3159158.0
2514.7,2,3,1,Sandy Loam,IV,Composite,Luxury,False,True,4513.3,11799596.0
950.0,1,1,2,Sandy Loam,III,Hot-Dry,Basic,False,False,1320.5,1254475.0
2360.8,1,3,1,Rocky,IV,Moderate,Premium,False,False,2963.6,6996467.0
1316.7,1,1,1,Black Cotton,IV,Composite,Premium,False,False,4005.5,5274042.0
3400.3,2,2,1,Black Cotton,III,Cold,Standard,False,False,2137.3,7267461.0
1454.5,1,3,2,Clay,III,Composite,Standard,False,False,2103.5,3059541.0
595.5,1,3,2,Sandy Loam,II,Warm-Humid,Standard,False,False,1769.9,1053975.0
2111.5,1,1,3,Rocky,IV,Warm-Humid,Standard,False,False,1697.0,3583216.0
3198.0,2,1,2,Clay,V,Warm-Humid,Premium,False,False,2892.7,9250855.0
1455.0,2,2,2,Sandy Loam,III,Warm-Humid,Basic,False,False,1337.7,1946354.0
2185.8,1,2,3,Sandy Loam,V,Composite,Standard,False,False,1986.5,4342092.0
5803.9,3,1,2,Clay,II,Composite,Premium,False,True,2787.9,16630693.0
2520.8,2,4,2,Sandy Loam,III,Warm-Humid,Standard,False,False,1807.5,4556346.0
1656.7,1,1,2,Rocky,II,Hot-Dry,Standard,False,False,1701.2,2818378.0
1435.3,2,2,3,Sandy Loam,III,Composite,Premium,False,False,2594.9,3724460.0
3940.5,2,5,1,Clay,II,Composite,Standard,False,False,2025.6,7981877.0
902.0,1,4,1,Sandy Loam,IV,Moderate,Basic,False,False,1674.0,1509948.0
791.6,1,3,1,Rocky,IV,Composite,Standard,False,False,2172.0,1719355.0
1106.0,1,3,1,Rocky,II,Warm-Humid,Premium,False,False,2954.1,3267235.0
1962.0,1,2,2,Sandy Loam,IV,Composite,Standard,False,False,2039.5,4001499.0
1714.6,3,1,3,Sandy Loam,III,Composite,Standard,False,True,1828.6,3585318.0
1651.9,1,5,1,Sandy Loam,III,Moderate,Standard,False,False,2060.1,3403079.0
3344.2,3,3,1,Sandy Loam,II,Composite,Standard,False,False,1954.1,6534901.0
3006.2,2,3,2,Clay,IV,Composite,Luxury,False,False,4672.1,14045267.0
4794.9,2,4,1,Sandy Loam,IV,Warm-Humid,Premium,False,False,2684.4,12871430.0
3552.4,3,4,2,Black Cotton,III,Warm-Humid,Luxury,False,False,4967.4,17646192.0
2283.8,1,2,3,Clay,IV,Composite,Standard,False,False,1892.5,4322092.0
1522.7,2,3,1,Clay,II,Hot-Dry,Luxury,False,True,4561.8,7396253.0
814.2,1,2,2,Clay,II,Composite,Standard,False,False,1886.6,1536070.0
808.2,1,2,1,Rocky,II,Warm-Humid,Standard,False,False,1872.3,1513193.0
985.5,1,2,1,Black Cotton,III,Composite,Premium,False,False,3780.1,3725289.0
1118.9,1,3,2,Clay,III,Warm-Humid,Standard,False,False,2102.7,2352711.0
1863.2,1,2,1,Sandy Loam,III,Moderate,Standard,False,False,2137.3,3982217.0
2165.9,1,3,2,Rocky,III,Composite,Basic,False,False,1197.5,2593665.0
1251.6,1,4,3,Sandy Loam,V,Composite,Premium,False,False,2996.7,3750670.0
3501.8,2,3,2,Sandy Loam,IV,Hot-Dry,Standard,False,False,1835.4,6427204.0
3365.9,3,2,1,Clay,II,Composite,Luxury,False,False,4590.5,15451164.0
2268.5,2,1,1,Sandy Loam,IV,Composite,Standard,False,False,2083.9,4727327.0
2237.1,1,3,1,Black Cotton,III,Composite,Premium,False,False,3596.3,8045283.0
1561.3,1,2,1,Rocky,II,Moderate,Standard,False,False,1759.0,2746327.0
1950.6,1,3,2,Rocky,II,Composite,Basic,False,False,1330.4,2595078.0
2643.0,3,1,2,Clay,IV,Composite,Standard,False,False,2144.8,5668706.0
2785.8,2,2,2,Black Cotton,IV,Composite,Premium,False,False,3257.1,9073629.0
2197.6,1,2,3,Rocky,III,Composite,Premium,False,False,2477.1,5443675.0
3491.2,2,3,2,Black Cotton,IV,Moderate,Standard,False,False,2127.3,7426830.0
1610.7,1,4,1,Sandy Loam,III,Hot-Dry,Standard,False,False,2030.6,3270687.0
1377.0,2,2,3,Black Cotton,V,Hot-Dry,Standard,False,False,2198.5,3027334.0
4479.3,2,3,2,Black Cotton,III,Warm-Humid,Standard,False,False,2098.7,9400707.0
1560.4,1,3,2,Sandy Loam,III,Moderate,Standard,False,False,1932.9,3016097.0
1166.4,1,2,1,Sandy Loam,IV,Hot-Dry,Standard,False,False,2203.1,2569696.0
2088.9,1,2,1,Sandy Loam,III,Composite,Premium,False,False,3045.7,6362163.0
1911.6,2,2,2,Sandy Loam,IV,Warm-Humid,Premium,False,False,2925.1,5591621.0
5404.9,3,2,1,Clay,IV,Cold,Premium,False,False,3477.0,18792837.0
1965.9,2,4,2,Sandy Loam,III,Cold,Standard,True,False,2070.4,4070199.0
4745.5,2,1,3,Clay,IV,Hot-Dry,Premium,False,False,2659.8,12622081.0
1275.3,1,2,3,Sandy Loam,IV,Warm-Humid,Premium,False,False,2835.9,3616623.0
1128.9,1,4,1,Sandy Loam,IV,Moderate,Standard,False,False,2150.0,2427135.0
1355.2,1,3,1,Clay,IV,Composite,Premium,False,False,3498.5,4741167.0
1857.4,1,3,2,Sandy Loam,II,Moderate,Standard,False,False,1817.4,3375639.0
1033.3,1,2,2,Black Cotton,III,Composite,Standard,False,False,2285.3,2361400.0
1978.9,1,3,1,Sandy Loam,IV,Warm-Humid,Standard,False,False,2234.3,4421456.0
1913.0,1,2,3,Sandy Loam,III,Moderate,Luxury,False,False,3899.1,7458978.0
4768.6,2,2,2,Sandy Loam,III,Composite,Luxury,False,True,4058.2,19801933.0
2226.9,2,3,2,Sandy Loam,IV,Composite,Standard,False,False,1821.5,4056298.0
4069.9,2,3,1,Black Cotton,II,Hot-Dry,Basic,False,False,1554.9,6328288.0
6177.7,3,2,3,Black Cotton,IV,Composite,Standard,False,False,2080.9,12855176.0
1714.4,1,2,2,Rocky,III,Composite,Premium,False,False,2683.7,4600935.0
1694.7,2,2,1,Clay,II,Composite,Standard,False,False,1944.6,3295514.0
2586.7,2,3,2,Clay,IV,Warm-Humid,Luxury,True,False,4817.6,12461686.0
3046.6,2,4,2,Black Cotton,V,Composite,Premium,False,False,3452.6,10518691.0
4605.9,2,2,2,Sandy Loam,III,Moderate,Standard,False,False,1742.8,8027163.0
4639.0,2,3,1,Clay,III,Hot-Dry,Standard,False,False,2008.3,9316504.0
1003.9,1,2,1,Black Cotton,III,Hot-Dry,Basic,False,False,1823.7,1830812.0
2835.3,2,4,1,Clay,IV,Composite,Standard,False,False,2151.5,6100148.0
2337.9,2,2,1,Black Cotton,IV,Moderate,Basic,False,False,1785.4,4174087.0
3174.8,3,2,2,Clay,III,Warm-Humid,Standard,False,True,1954.2,6654194.0
4379.9,2,2,1,Clay,IV,Composite,Luxury,False,False,4627.2,20266673.0
2210.5,1,1,1,Clay,II,Composite,Basic,False,False,1545.8,3416991.0
2218.8,2,3,1,Rocky,III,Composite,Standard,False,False,1892.5,4199079.0
611.4,1,1,2,Clay,II,Composite,Standard,False,False,2059.3,1259056.0
2153.6,1,5,1,Clay,IV,Hot-Dry,Standard,False,False,2219.9,4780777.0
2044.3,1,4,1,Black Cotton,IV,Warm-Humid,Basic,False,False,1888.3,3860252.0
1229.3,1,4,2,Clay,III,Moderate,Standard,False,False,2127.3,2615090.0
3610.4,3,3,2,Sandy Loam,III,Moderate,Premium,False,False,2754.1,9943403.0
3596.1,3,3,2,Clay,III,Composite,Premium,False,False,2740.7,9855831.0
2392.7,2,2,2,Rocky,IV,Composite,Standard,False,False,1828.2,4374334.0
4193.3,3,3,2,Sandy Loam,IV,Composite,Standard,False,False,2035.3,8534623.0
5019.2,3,3,2,Sandy Loam,IV,Moderate,Standard,False,False,1806.4,9066683.0
2395.3,2,3,2,Sandy Loam,IV,Composite,Standard,False,False,1884.5,4513943.0
1513.5,1,5,2,Black Cotton,V,Hot-Dry,Luxury,False,False,5736.4,8682041.0
6543.1,3,2,2,Black Cotton,IV,Warm-Humid,Standard,False,False,2260.2,14788715.0
1820.9,1,4,2,Clay,II,Warm-Humid,Standard,False,False,1934.5,3522531.0
6664.8,3,3,1,Clay,II,Composite,Premium,True,True,3413.4,23199628.0
559.2,1,3,2,Rocky,V,Warm-Humid,Standard,False,False,2160.8,1208319.0
5409.3,3,2,1,Clay,IV,Warm-Humid,Premium,False,False,3330.2,18014051.0
3796.9,2,3,1,Sandy Loam,IV,Hot-Dry,Premium,False,False,3067.5,11646991.0
1111.5,2,1,2,Black Cotton,III,Cold,Luxury,False,True,4790.2,5774307.0
2231.7,1,3,2,Black Cotton,III,Warm-Humid,Luxury,False,False,5127.2,11442372.0
851.7,1,3,2,Rocky,V,Warm-Humid,Standard,False,False,2083.2,1774261.0
2885.9,2,3,1,Sandy Loam,IV,Hot-Dry,Premium,False,False,2857.5,8246459.0
3348.6,2,2,2,Sandy Loam,II,Composite,Premium,True,False,2689.2,9005055.0
3710.6,2,1,1,Rocky,III,Warm-Humid,Standard,False,False,1653.3,6134735.0
4492.8,2,4,1,Sandy Loam,III,Moderate,Standard,False,False,1811.5,8138707.0
1172.5,2,2,2,Clay,II,Warm-Humid,Standard,False,False,1829.8,2145440.0
3268.0,3,3,1,Clay,IV,Composite,Luxury,False,False,5155.6,16848501.0
1911.6,2,2,3,Black Cotton,II,Composite,Luxury,False,False,4452.7,8511781.0
741.3,1,3,1,Clay,III,Composite,Premium,False,False,3314.8,2457261.0
1871.5,1,3,1,Sandy Loam,IV,Moderate,Standard,False,False,2117.8,3963463.0
6819.2,3,4,1,Sandy Loam,II,Composite,Standard,False,False,1848.9,12608019.0
4670.4,2,2,1,Black Cotton,II,Composite,Premium,False,False,3315.4,15484244.0
1038.4,2,5,1,Clay,II,Moderate,Basic,False,False,1502.4,1560092.0
3769.6,2,2,1,Sandy Loam,III,Composite,Standard,False,False,1963.9,7403117.0
1261.8,2,2,2,Rocky,IV,Moderate,Premium,False,False,2771.6,3497205.0
3964.5,2,4,2,Sandy Loam,V,Moderate,Standard,False,False,1882.7,7463964.0
1829.7,2,3,1,Clay,II,Warm-Humid,Basic,False,False,1448.6,2650503.0
2299.0,1,3,1,Sandy Loam,III,Moderate,Standard,False,False,1880.1,4322350.0
2537.7,2,4,2,Black Cotton,II,Warm-Humid,Standard,False,False,2056.5,5218780.0
3531.6,2,2,2,Sandy Loam,IV,Moderate,Luxury,False,False,4200.2,14833426.0
3847.1,2,1,3,Rocky,II,Moderate,Luxury,False,False,3539.4,13616426.0
1911.9,1,3,1,Sandy Loam,IV,Composite,Premium,False,False,3292.4,6294740.0
4208.7,3,4,1,Sandy Loam,V,Cold,Standard,False,False,2153.0,9061331.0
2128.8,1,2,1,Rocky,III,Composite,Standard,False,False,1864.0,3968083.0
6712.6,3,3,2,Sandy Loam,V,Composite,Basic,False,False,1542.4,10353514.0
4616.4,2,3,1,Sandy Loam,V,Composite,Premium,False,False,2987.6,13791957.0
3060.3,3,2,1,Sandy Loam,II,Composite,Standard,False,False,1965.8,6015938.0
1199.0,1,2,2,Clay,II,Moderate,Luxury,False,False,4261.0,5108939.0
1876.0,1,4,2,Sandy Loam,II,Moderate,Standard,False,False,1853.9,3477916.0
584.2,1,3,1,Rocky,IV,Hot-Dry,Premium,False,False,3129.8,1828429.0
2382.7,1,2,2,Black Cotton,IV,Composite,Standard,False,False,2385.1,5682978.0
670.4,1,2,1,Sandy Loam,III,Composite,Luxury,False,False,4706.4,3155171.0
6213.6,3,3,1,Sandy Loam,IV,Composite,Standard,False,False,2303.7,14314270.0
4083.4,2,4,2,Sandy Loam,IV,Moderate,Premium,False,False,2750.3,11230575.0
697.3,1,2,1,Rocky,II,Warm-Humid,Standard,False,False,1932.1,1347253.0
4518.2,2,3,1,Sandy Loam,III,Warm-Humid,Premium,False,False,2803.3,12665870.0
5495.6,3,3,1,Rocky,IV,Composite,Standard,True,True,2279.8,12978869.0
3676.4,2,2,1,Clay,IV,Composite,Basic,True,False,1764.5,6487008.0
1378.4,1,3,1,Black Cotton,II,Composite,Basic,False,False,1612.1,2222119.0
4628.0,2,2,2,Rocky,V,Warm-Humid,Basic,False,False,1417.6,6560653.0
1732.2,1,5,2,Sandy Loam,II,Composite,Basic,False,False,1362.8,2360642.0
580.4,1,3,1,Clay,II,Warm-Humid,Standard,False,False,2145.8,1245422.0
1193.4,1,5,1,Sandy Loam,IV,Composite,Basic,False,False,1732.1,2067088.0
3367.1,2,2,3,Black Cotton,III,Composite,Basic,False,False,1399.7,4712930.0
1194.7,2,3,3,Sandy Loam,III,Warm-Humid,Premium,False,False,2545.5,3041109.0
1479.0,1,2,1,Clay,III,Composite,Standard,False,False,2189.0,3237531.0
2522.1,3,2,2,Rocky,V,Composite,Basic,False,False,1421.8,3585922.0
1862.8,1,4,2,Sandy Loam,III,Warm-Humid,Standard,False,False,1917.4,3571733.0
4589.0,2,2,2,Black Cotton,IV,Composite,Basic,False,False,1593.5,7312572.0
2287.0,2,2,1,Sandy Loam,III,Warm-Humid,Standard,False,False,1975.8,4518655.0
2341.1,2,4,1,Rocky,II,Cold,Premium,True,False,2881.1,6744943.0
517.5,1,3,1,Sandy Loam,II,Composite,Standard,False,False,1931.4,999500.0
2579.8,2,3,1,Sandy Loam,III,Warm-Humid,Basic,False,False,1356.1,3498467.0
5462.6,3,3,3,Rocky,III,Moderate,Standard,False,False,1542.5,8426060.0
1685.3,2,1,1,Sandy Loam,III,Composite,Premium,False,False,2826.9,4764175.0
2931.5,2,4,1,Sandy Loam,III,Hot-Dry,Standard,False,False,2011.2,5895833.0
1003.5,1,1,1,Sandy Loam,III,Warm-Humid,Standard,False,False,2173.9,2181509.0
4798.7,2,3,1,Clay,III,Warm-Humid,Luxury,False,False,4383.2,21033662.0
1815.6,2,3,2,Rocky,III,Moderate,Standard,False,False,1694.2,3075990.0
1301.5,1,2,2,Black Cotton,II,Cold,Standard,False,False,2112.3,2749158.0
3572.0,2,3,3,Sandy Loam,III,Warm-Humid,Basic,False,False,1120.9,4003855.0
5373.8,3,3,2,Rocky,II,Composite,Standard,False,False,1613.2,8669014.0
3823.0,2,3,1,Sandy Loam,III,Warm-Humid,Premium,False,False,2653.9,10145860.0
2048.7,1,2,2,Clay,II,Cold,Premium,False,False,2709.6,5551158.0
2010.3,2,1,2,Sandy Loam,III,Moderate,Standard,False,False,1722.2,3462139.0
2031.2,1,4,1,Sandy Loam,V,Composite,Standard,False,False,2323.5,4719493.0
3750.4,3,3,1,Black Cotton,III,Warm-Humid,Standard,False,True,2331.2,9192932.0
1405.9,1,3,3,Rocky,IV,Composite,Standard,False,False,1854.6,2607382.0
1943.1,1,2,2,Black Cotton,III,Warm-Humid,Standard,False,False,2256.0,4383634.0
1983.4,2,2,2,Clay,II,Hot-Dry,Basic,False,False,1358.5,2694449.0
1717.1,1,1,2,Sandy Loam,III,Composite,Premium,False,False,2674.9,4593071.0
1364.9,2,3,1,Sandy Loam,III,Warm-Humid,Standard,False,False,1983.8,2707689.0
1523.5,1,2,2,Sandy Loam,IV,Warm-Humid,Standard,False,False,2076.6,3163700.0
1027.9,1,3,2,Rocky,IV,Warm-Humid,Standard,False,False,1913.2,1966578.0
2809.1,2,3,2,Clay,II,Warm-Humid,Basic,True,False,1571.3,4413939.0
1763.7,1,4,2,Clay,II,Hot-Dry,Standard,False,False,2083.1,3673963.0
513.1,1,2,2,Clay,III,Hot-Dry,Standard,False,False,2096.1,1075509.0
2495.4,2,3,1,Clay,IV,Moderate,Premium,False,False,3212.2,8015724.0
2288.5,1,4,3,Clay,III,Composite,Standard,False,False,1852.2,4238760.0
3262.4,2,4,2,Sandy Loam,III,Composite,Premium,False,False,2450.2,7993532.0
494.5,1,1,1,Black Cotton,IV,Hot-Dry,Premium,False,False,4001.3,1978643.0
3843.3,2,2,2,Rocky,II,Warm-Humid,Standard,False,False,1514.5,5820678.0
2364.5,1,4,2,Rocky,II,Moderate,Premium,False,False,2559.5,6051938.0
4317.0,2,2,2,Clay,IV,Composite,Luxury,False,False,4408.0,19029336.0
1862.6,1,1,2,Clay,III,Composite,Premium,False,False,2858.0,5323311.0
3899.3,2,2,2,Clay,III,Cold,Standard,False,False,1791.0,6983646.0
6749.3,3,3,1,Rocky,IV,Composite,Basic,False,True,1410.1,9967188.0
2217.7,2,4,1,Rocky,II,Warm-Humid,Premium,False,False,2582.4,5726988.0
2187.8,1,2,1,Black Cotton,II,Warm-Humid,Standard,False,False,2324.8,5086197.0
3115.2,2,2,2,Sandy Loam,III,Composite,Premium,False,False,2526.5,7870553.0
1111.8,2,3,1,Sandy Loam,II,Cold,Standard,False,False,1871.8,2081067.0
1251.7,1,3,2,Sandy Loam,III,Hot-Dry,Standard,False,False,1980.0,2478366.0
1832.0,1,3,3,Clay,IV,Composite,Basic,False,False,1395.1,2555823.0
3988.3,2,4,1,Clay,II,Warm-Humid,Standard,False,False,2096.7,8362269.0
1923.2,3,3,2,Sandy Loam,III,Composite,Premium,False,True,2812.5,5859000.0
3253.5,2,2,1,Sandy Loam,IV,Cold,Standard,False,False,1960.5,6378487.0
646.0,1,2,1,Rocky,IV,Hot-Dry,Standard,False,False,2152.0,1390192.0
2231.0,2,3,2,Rocky,III,Warm-Humid,Premium,True,False,3087.5,6888212.0
3318.6,2,2,3,Sandy Loam,II,Warm-Humid,Premium,False,False,2109.9,7001914.0
3698.8,2,3,1,Clay,IV,Warm-Humid,Standard,False,False,2024.1,7486741.0
1909.1,1,1,2,Sandy Loam,II,Composite,Luxury,False,False,4355.9,8315849.0
3470.8,3,3,2,Black Cotton,V,Composite,Premium,True,False,4151.4,14408679.0
1091.6,1,3,1,Sandy Loam,III,Warm-Humid,Standard,False,False,2164.3,2362550.0
1892.5,1,1,3,Rocky,IV,Composite,Standard,False,False,1679.1,3177697.0
2200.6,3,3,2,Clay,IV,Cold,Standard,False,False,2206.1,4854744.0
2338.0,1,2,1,Clay,II,Warm-Humid,Standard,False,False,2070.3,4840361.0
456.4,1,1,1,Black Cotton,II,Warm-Humid,Standard,False,False,2376.6,1084680.0
5046.7,3,2,1,Sandy Loam,V,Cold,Premium,False,False,3378.7,17051285.0
669.7,1,4,2,Sandy Loam,II,Composite,Standard,False,False,1850.5,1239280.0
4540.7,2,1,3,Sandy Loam,IV,Warm-Humid,Premium,False,False,2606.5,11835335.0
6903.2,3,4,1,Black Cotton,II,Composite,Luxury,False,True,5377.9,37574719.0
2191.8,2,5,2,Clay,IV,Composite,Basic,False,False,1496.1,3279152.0
1090.3,2,5,1,Sandy Loam,III,Cold,Luxury,False,True,4384.1,5229984.0
3688.1,3,3,1,Sandy Loam,III,Composite,Premium,False,False,3031.8,11181582.0
3439.3,2,2,2,Rocky,IV,Moderate,Luxury,False,False,4009.7,13790561.0
620.7,1,4,1,Black Cotton,II,Composite,Standard,False,False,2513.6,1560192.0
922.8,2,3,2,Clay,III,Cold,Premium,False,False,2776.6,2562246.0
1094.3,2,2,1,Clay,IV,Composite,Basic,False,False,1552.1,1698463.0
1681.6,2,5,2,Sandy Loam,IV,Composite,Standard,False,False,1994.7,3354288.0
1410.9,1,3,2,Black Cotton,II,Moderate,Standard,False,False,2222.7,3136007.0
2246.5,1,3,1,Black Cotton,IV,Hot-Dry,Premium,False,False,4063.6,9128877.0
1380.1,2,1,2,Sandy Loam,II,Warm-Humid,Premium,False,False,2552.1,3522153.0
2472.0,3,2,3,Black Cotton,III,Cold,Luxury,False,False,4461.1,11027839.0
6185.1,3,2,2,Clay,IV,Composite,Basic,True,False,1691.4,10461478.0
1729.6,1,4,1,Black Cotton,IV,Composite,Standard,False,False,2617.1,4526536.0
2986.5,3,2,2,Sandy Loam,IV,Composite,Premium,False,False,2858.7,8537508.0
3027.9,2,1,1,Sandy Loam,II,Composite,Standard,False,False,1773.2,5369072.0
849.0,1,4,3,Clay,III,Warm-Humid,Standard,False,False,1971.3,1673634.0
4353.0,2,2,2,Clay,III,Warm-Humid,Basic,False,False,1261.7,5492180.0
2056.4,1,3,1,Black Cotton,II,Moderate,Premium,False,False,3341.5,6871461.0
5587.1,3,3,2,Clay,IV,Warm-Humid,Basic,False,False,1489.5,8321985.0
3178.3,2,3,2,Black Cotton,II,Warm-Humid,Premium,False,False,2975.5,9457032.0
1277.5,1,2,3,Clay,II,Warm-Humid,Standard,False,False,1826.3,2333098.0
3957.2,2,2,2,Clay,IV,Hot-Dry,Basic,False,False,1380.2,5461727.0
712.6,1,3,1,Sandy Loam,II,Hot-Dry,Standard,False,False,2116.3,1508075.0
2799.9,2,2,3,Sandy Loam,III,Composite,Premium,False,False,2259.4,6326094.0
4022.5,3,2,1,Sandy Loam,III,Cold,Standard,False,False,2021.5,8131484.0
2416.2,2,4,2,Sandy Loam,IV,Warm-Humid,Basic,False,False,1317.3,3182860.0
790.4,1,2,1,Clay,IV,Warm-Humid,Standard,False,False,2348.0,1855859.0
1759.7,1,3,1,Sandy Loam,V,Composite,Standard,False,False,2103.8,3702057.0
1946.5,1,3,3,Rocky,III,Composite,Premium,False,False,2493.4,4853403.0
712.3,1,2,2,Clay,IV,Warm-Humid,Premium,False,False,3228.5,2299661.0
2583.9,2,1,2,Clay,IV,Composite,Basic,True,False,1666.0,4304777.0
4275.6,2,2,1,Clay,III,Warm-Humid,Premium,True,False,3349.0,14318984.0
1908.5,1,2,1,Sandy Loam,III,Warm-Humid,Standard,False,False,1992.2,3802114.0
2311.7,3,2,2,Sandy Loam,IV,Composite,Premium,False,False,3017.9,6976479.0
3639.4,2,3,2,Rocky,IV,Composite,Standard,False,False,1755.3,6388239.0
6019.0,3,1,1,Sandy Loam,IV,Warm-Humid,Standard,False,False,2175.8,13096140.0
2085.8,1,3,1,Sandy Loam,III,Moderate,Standard,False,False,2071.7,4321152.0
1473.5,2,3,1,Clay,III,Warm-Humid,Standard,False,False,2003.2,2951715.0
2178.0,2,2,1,Clay,II,Composite,Standard,False,False,1913.1,4166732.0
2099.4,1,3,2,Sandy Loam,II,Hot-Dry,Luxury,False,False,4082.6,8571010.0
5699.0,3,2,1,Black Cotton,II,Composite,Basic,True,False,1855.4,10573925.0
755.9,1,4,1,Black Cotton,II,Hot-Dry,Luxury,False,False,5382.7,4068783.0
1785.4,1,3,2,Black Cotton,IV,Composite,Premium,False,False,3639.9,6498677.0
4203.1,2,3,3,Clay,IV,Warm-Humid,Standard,False,False,1888.0,7935453.0
5859.3,3,2,2,Clay,IV,Composite,Standard,False,False,2031.3,11901996.0
1092.5,1,4,1,Sandy Loam,IV,Moderate,Premium,False,False,3271.6,3574223.0
2231.9,1,3,1,Clay,III,Composite,Standard,False,False,2140.0,4776266.0
2500.6,2,3,1,Sandy Loam,V,Moderate,Basic,False,False,1499.6,3749900.0
2016.5,1,2,1,Clay,IV,Cold,Basic,False,False,1678.1,3383889.0
4935.3,3,3,1,Sandy Loam,III,Hot-Dry,Luxury,False,False,4446.8,21946292.0
692.7,1,2,2,Black Cotton,III,Composite,Premium,False,False,3551.6,2460193.0
1860.0,2,2,2,Black Cotton,III,Warm-Humid,Premium,True,False,3609.8,6714228.0
6261.6,3,2,2,Sandy Loam,III,Moderate,Standard,False,False,1815.8,11369813.0
2271.7,2,3,3,Rocky,III,Composite,Standard,True,False,1710.5,3885743.0
6277.7,3,3,1,Sandy Loam,III,Warm-Humid,Standard,False,False,1947.3,12224565.0
1190.7,1,2,3,Rocky,II,Warm-Humid,Premium,False,False,2334.3,2779451.0
3796.5,2,3,2,Sandy Loam,II,Hot-Dry,Luxury,False,False,4000.0,15186000.0
2794.2,2,3,1,Rocky,IV,Hot-Dry,Luxury,False,False,4676.4,13066797.0
5739.9,3,4,1,Sandy Loam,II,Moderate,Basic,False,True,1355.9,8232730.0
525.9,1,4,2,Sandy Loam,III,Warm-Humid,Standard,False,False,1927.2,1013514.0
6153.4,3,3,1,Rocky,II,Hot-Dry,Standard,False,False,1786.5,10993049.0
2086.3,1,2,1,Sandy Loam,IV,Hot-Dry,Luxury,False,False,4933.7,10293178.0
1008.9,1,3,2,Sandy Loam,III,Composite,Standard,False,False,1970.9,1988441.0
3458.9,2,1,1,Sandy Loam,II,Composite,Standard,False,False,1814.8,6277212.0
2349.8,1,2,3,Rocky,IV,Hot-Dry,Premium,False,False,2580.3,6063189.0
1254.9,2,1,1,Sandy Loam,II,Warm-Humid,Standard,False,False,1868.7,2345032.0
5263.3,3,2,1,Sandy Loam,II,Composite,Standard,False,True,2013.0,11045023.0
778.3,1,3,1,Sandy Loam,III,Composite,Standard,False,False,1978.3,1539711.0
1849.6,2,1,1,Black Cotton,III,Composite,Standard,False,False,2333.1,4315302.0
2063.6,1,2,1,Sandy Loam,III,Moderate,Standard,False,False,2023.6,4175901.0
3652.0,3,3,2,Rocky,III,Warm-Humid,Premium,False,False,2498.2,9123426.0
1099.5,1,2,1,Black Cotton,III,Composite,Premium,False,False,3786.4,4163147.0
2043.7,1,5,2,Rocky,IV,Composite,Standard,False,False,1816.8,3712994.0
478.5,1,3,1,Black Cotton,III,Composite,Basic,False,False,1870.8,895178.0
2272.1,2,2,1,Sandy Loam,II,Cold,Basic,False,False,1437.3,3265689.0
3352.6,2,2,1,Clay,V,Composite,Premium,False,False,3489.3,11698227.0
2795.8,2,2,2,Sandy Loam,II,Composite,Standard,False,False,1687.1,4716794.0
4404.7,2,3,1,Rocky,III,Moderate,Premium,False,False,2677.5,11793584.0
1088.1,1,5,3,Clay,III,Composite,Premium,False,False,2741.0,2982482.0
1999.5,2,2,1,Clay,III,Composite,Standard,False,False,2131.4,4261734.0
2321.0,2,4,1,Clay,III,Moderate,Basic,False,False,1544.0,3583624.0
3612.4,2,2,1,Sandy Loam,V,Composite,Standard,False,False,2109.0,7618552.0
3776.0,2,2,1,Black Cotton,IV,Hot-Dry,Standard,False,False,2412.8,9110733.0
2300.8,1,2,1,Sandy Loam,IV,Composite,Premium,False,False,3150.8,7249361.0
1805.9,1,2,1,Black Cotton,II,Warm-Humid,Standard,False,False,2222.8,4014155.0
964.8,1,3,2,Sandy Loam,V,Composite,Standard,False,False,1993.6,1923425.0
1257.7,1,5,1,Sandy Loam,III,Cold,Standard,False,False,2171.9,2731599.0
620.9,1,2,2,Sandy Loam,III,Warm-Humid,Premium,False,False,2814.7,1747647.0
1989.2,2,2,2,Rocky,IV,Moderate,Premium,False,False,2586.2,5144469.0
2743.8,2,4,2,Sandy Loam,III,Composite,Luxury,True,False,4255.8,11677064.0
2495.5,2,3,1,Clay,II,Moderate,Premium,False,False,2931.1,7314560.0
3511.4,2,5,2,Black Cotton,II,Warm-Humid,Luxury,True,True,5249.2,18882041.0
4536.8,3,2,2,Black Cotton,IV,Hot-Dry,Premium,False,True,3348.8,15642836.0
1039.4,1,2,1,Black Cotton,IV,Composite,Standard,False,False,2530.4,2630098.0
1211.8,1,3,1,Sandy Loam,IV,Hot-Dry,Basic,False,False,1615.8,1958026.0
2058.8,1,1,1,Clay,III,Composite,Premium,False,False,3198.0,6584042.0
1337.8,2,2,1,Clay,III,Moderate,Standard,False,False,2206.4,2951722.0
1768.7,2,2,1,Sandy Loam,II,Hot-Dry,Luxury,False,False,4190.8,7412268.0
1887.6,1,3,2,Sandy Loam,III,Warm-Humid,Standard,False,False,1884.1,3556427.0
1844.8,2,4,1,Sandy Loam,IV,Moderate,Basic,False,False,1529.5,2821622.0
2792.7,2,2,2,Sandy Loam,II,Moderate,Standard,True,False,1922.2,5368128.0
1537.6,2,4,2,Clay,IV,Warm-Humid,Premium,False,False,3074.4,4727197.0
1580.2,2,3,3,Sandy Loam,II,Moderate,Standard,False,False,1635.9,2585049.0
2246.4,1,3,1,Sandy Loam,III,Moderate,Premium,False,False,3043.8,6837592.0
1709.1,1,3,1,Clay,IV,Composite,Premium,False,False,3305.4,5649259.0
724.7,1,2,1,Sandy Loam,III,Composite,Standard,False,False,2205.3,1598181.0
1567.8,1,2,3,Sandy Loam,V,Composite,Standard,False,False,1949.6,3056583.0
2382.4,2,4,1,Sandy Loam,IV,Composite,Premium,False,False,3099.3,7383772.0
2092.1,1,2,3,Black Cotton,III,Composite,Luxury,False,False,4428.7,9265283.0
1573.4,3,4,3,Sandy Loam,IV,Composite,Standard,False,False,1783.5,2806159.0
1977.4,1,2,2,Sandy Loam,III,Hot-Dry,Standard,False,False,1910.4,3777625.0
2909.4,2,1,1,Sandy Loam,III,Composite,Basic,False,False,1436.6,4179644.0
4718.4,2,5,1,Clay,II,Composite,Luxury,True,True,5042.4,24242060.0
4648.0,2,3,2,Clay,IV,Warm-Humid,Standard,False,False,1961.6,9117517.0
1084.5,1,2,1,Sandy Loam,II,Warm-Humid,Luxury,False,False,4483.4,4862247.0
612.4,1,2,2,Sandy Loam,II,Composite,Standard,False,False,1821.4,1115425.0
1439.8,2,2,1,Sandy Loam,II,Warm-Humid,Standard,False,False,1900.4,2736196.0
2196.1,2,2,3,Clay,IV,Warm-Humid,Standard,False,False,1769.2,3885340.0
1901.2,1,1,2,Sandy Loam,IV,Moderate,Premium,False,False,2942.0,5593330.0
4096.5,2,2,2,Sandy Loam,IV,Composite,Standard,False,False,1849.0,7574428.0
3549.0,2,4,3,Rocky,III,Warm-Humid,Luxury,False,False,3669.1,13021636.0
574.0,1,2,1,Sandy Loam,IV,Composite,Premium,False,False,3191.5,1831921.0
1271.7,1,2,1,Sandy Loam,III,Warm-Humid,Standard,False,False,2040.2,2594522.0
3907.6,2,2,1,Clay,II,Warm-Humid,Premium,True,False,3140.0,12269864.0
1179.9,2,2,1,Black Cotton,II,Warm-Humid,Standard,False,False,2391.7,2821967.0
1585.3,1,3,2,Black Cotton,II,Moderate,Premium,False,False,3302.0,5234661.0
900.7,1,5,1,Clay,II,Warm-Humid,Premium,False,False,3260.4,2936642.0
2013.5,1,5,2,Sandy Loam,IV,Warm-Humid,Basic,False,False,1558.6,3138241.0
2196.8,1,2,1,Rocky,II,Warm-Humid,Standard,False,False,1971.2,4330332.0
2291.2,1,2,1,Sandy Loam,IV,Warm-Humid,Premium,False,False,3124.0,7157709.0
1804.5,1,1,1,Black Cotton,III,Warm-Humid,Standard,False,False,2341.0,4224334.0
865.8,1,4,1,Black Cotton,IV,Warm-Humid,Basic,False,False,1854.9,1605972.0
2809.0,3,3,2,Clay,II,Composite,Standard,False,False,1870.7,5254796.0
1470.2,2,2,3,Rocky,IV,Hot-Dry,Standard,False,False,1607.7,2363641.0
1803.2,2,2,1,Black Cotton,IV,Hot-Dry,Premium,False,False,3818.5,6885519.0
4198.3,2,1,2,Rocky,IV,Hot-Dry,Luxury,False,False,3860.5,16207537.0
2930.4,3,2,3,Sandy Loam,II,Warm-Humid,Standard,True,False,1833.2,5372009.0
1415.8,2,2,1,Rocky,III,Warm-Humid,Basic,False,False,1385.2,1961166.0
2627.9,3,2,2,Rocky,IV,Composite,Basic,True,False,1507.8,3962348.0
1272.6,1,2,2,Sandy Loam,II,Composite,Basic,False,False,1379.2,1755170.0
674.1,1,3,3,Sandy Loam,II,Composite,Basic,False,False,1228.4,828064.0
1218.7,1,2,3,Black Cotton,V,Composite,Standard,False,False,2232.1,2720260.0
3005.4,2,3,1,Rocky,V,Composite,Premium,True,False,3518.6,10574800.0
1048.8,2,5,2,Sandy Loam,III,Composite,Basic,False,False,1326.2,1390919.0
1428.1,1,2,1,Rocky,III,Warm-Humid,Premium,False,False,2976.3,4250454.0
7197.2,3,3,3,Sandy Loam,V,Hot-Dry,Basic,False,False,1385.6,9972440.0
2732.6,2,3,1,Sandy Loam,III,Composite,Premium,False,False,2739.7,7486504.0
1423.2,1,3,1,Black Cotton,III,Composite,Luxury,False,True,5658.1,8502608.0
5715.1,3,3,1,Sandy Loam,V,Hot-Dry,Standard,False,False,2154.9,12315469.0
2055.3,1,4,2,Rocky,III,Composite,Standard,False,False,1832.1,3765515.0
1739.5,1,2,2,Black Cotton,II,Hot-Dry,Premium,False,False,3089.4,5374011.0
2208.1,2,2,2,Black Cotton,II,Composite,Standard,False,False,2004.4,4425916.0
2753.1,3,3,2,Clay,IV,Composite,Standard,False,False,2060.0,5671386.0
6170.9,3,4,2,Clay,II,Composite,Premium,False,False,2842.9,17543252.0
1739.7,1,2,3,Black Cotton,III,Composite,Standard,False,False,2068.7,3598917.0
3457.3,2,2,3,Clay,IV,Warm-Humid,Standard,False,False,1776.2,6140856.0
875.3,1,3,2,Sandy Loam,II,Composite,Luxury,False,False,4052.1,3546803.0
1861.9,1,3,1,Clay,III,Composite,Standard,False,False,2209.5,4113868.0
1430.9,2,4,2,Black Cotton,II,Warm-Humid,Luxury,False,False,4789.2,6852866.0
1640.8,1,3,1,Clay,IV,Warm-Humid,Standard,False,False,2475.6,4061964.0
1428.4,1,2,1,Sandy Loam,IV,Hot-Dry,Premium,False,False,3209.0,4583736.0
2178.7,3,3,2,Sandy Loam,II,Warm-Humid,Premium,False,False,2793.5,6086198.0
1195.8,2,1,1,Clay,III,Hot-Dry,Standard,True,False,2381.0,2847200.0
2103.7,1,2,1,Sandy Loam,II,Cold,Premium,False,False,2792.7,5875003.0
1593.6,1,4,1,Black Cotton,IV,Warm-Humid,Standard,False,False,2605.5,4152125.0
3149.8,3,2,2,Clay,II,Composite,Standard,False,False,1997.6,6292040.0
1474.8,1,1,1,Sandy Loam,II,Moderate,Standard,False,False,2035.9,3002545.0
2261.3,1,1,1,Sandy Loam,III,Composite,Standard,False,False,1983.1,4484384.0
1818.9,1,1,1,Sandy Loam,V,Composite,Luxury,False,False,5133.0,9336414.0
5445.9,3,2,3,Sandy Loam,II,Composite,Luxury,False,False,3595.0,19578010.0
2414.9,3,2,1,Black Cotton,III,Moderate,Premium,False,False,3532.4,8530393.0
3821.9,2,2,2,Clay,II,Warm-Humid,Standard,False,False,1758.7,6721576.0
3545.7,2,3,2,Rocky,II,Warm-Humid,Standard,False,False,1586.1,5623835.0
5258.5,3,3,1,Sandy Loam,III,Composite,Standard,False,False,1885.2,9913324.0
4114.6,2,3,1,Sandy Loam,IV,Hot-Dry,Standard,True,False,2257.0,9286652.0
1092.7,2,3,3,Rocky,V,Warm-Humid,Premium,True,False,2982.8,3259306.0
3234.3,3,3,2,Sandy Loam,II,Composite,Premium,False,False,2620.4,8475160.0
901.8,2,3,2,Rocky,II,Warm-Humid,Premium,False,False,2465.8,2223658.0
1134.3,1,2,1,Sandy Loam,II,Warm-Humid,Standard,False,False,1989.5,2256690.0
1470.0,1,4,1,Rocky,II,Warm-Humid,Premium,False,False,2926.6,4302102.0
2411.2,2,1,3,Rocky,V,Warm-Humid,Basic,False,False,1250.4,3014964.0
1077.9,2,2,2,Sandy Loam,III,Composite,Premium,False,False,2824.4,3044421.0
3395.3,2,3,1,Clay,II,Warm-Humid,Luxury,False,False,4311.4,14638496.0
1363.6,1,2,2,Sandy Loam,II,Composite,Standard,False,False,1766.4,2408663.0
1236.3,2,3,3,Sandy Loam,IV,Composite,Standard,False,False,1708.2,2111848.0
1548.5,2,2,2,Clay,III,Warm-Humid,Premium,False,False,2677.3,4145799.0
4541.2,2,5,2,Clay,IV,Composite,Basic,False,False,1382.4,6277755.0
1817.3,2,4,3,Sandy Loam,III,Composite,Standard,True,False,1921.1,3491215.0
931.6,1,3,1,Sandy Loam,V,Hot-Dry,Standard,False,False,2294.9,2137929.0
972.0,1,4,2,Rocky,II,Moderate,Standard,False,False,1867.5,1815210.0
994.6,1,3,1,Sandy Loam,III,Moderate,Basic,False,False,1421.2,1413526.0
580.4,1,2,1,Black Cotton,IV,Composite,Premium,False,False,3832.5,2224383.0
538.6,1,2,1,Sandy Loam,III,Cold,Premium,False,False,3138.7,1690504.0
6328.3,3,3,2,Rocky,III,Hot-Dry,Basic,False,False,1221.2,7728120.0
4193.5,2,4,1,Black Cotton,II,Composite,Standard,False,False,2128.3,8925026.0
993.5,1,3,1,Rocky,II,Moderate,Standard,False,False,1878.4,1866190.0
1176.1,1,2,1,Sandy Loam,III,Warm-Humid,Standard,False,False,2167.2,2548844.0
1639.0,1,2,3,Clay,II,Hot-Dry,Standard,False,False,1736.9,2846779.0
2247.3,1,4,1,Sandy Loam,III,Warm-Humid,Premium,False,False,2978.7,6694033.0
4063.5,2,1,2,Black Cotton,III,Hot-Dry,Basic,False,False,1407.8,5720595.0
2880.6,3,1,2,Rocky,IV,Hot-Dry,Standard,False,False,1855.0,5343513.0
4009.8,2,2,2,Black Cotton,III,Composite,Luxury,False,False,5033.1,20181724.0
3342.3,2,2,1,Clay,III,Warm-Humid,Standard,False,False,2064.9,6901515.0
2274.7,3,2,3,Clay,IV,Moderate,Standard,False,False,1892.1,4303960.0
2254.5,1,5,1,Sandy Loam,III,Composite,Premium,False,False,2733.1,6161774.0
827.7,1,1,1,Sandy Loam,IV,Hot-Dry,Premium,False,False,3329.0,2755413.0
2190.6,1,2,2,Black Cotton,III,Composite,Standard,False,False,2236.1,4898401.0
3921.0,2,3,2,Sandy Loam,II,Warm-Humid,Standard,False,False,1587.2,6223411.0
4349.0,3,4,1,Clay,III,Warm-Humid,Standard,False,False,2154.0,9367746.0
4703.4,2,1,1,Rocky,V,Warm-Humid,Basic,False,False,1429.0,6721159.0
983.6,1,3,1,Sandy Loam,IV,Moderate,Luxury,False,False,5288.3,5201572.0
1144.9,1,2,1,Sandy Loam,III,Warm-Humid,Basic,False,False,1449.8,1659876.0
1429.6,3,1,2,Sandy Loam,II,Composite,Premium,False,False,2948.6,4215319.0
1500.3,1,4,1,Sandy Loam,III,Composite,Standard,False,False,2079.5,3119874.0
636.8,1,3,3,Clay,V,Composite,Basic,False,False,1574.3,1002514.0
683.1,1,3,2,Black Cotton,III,Moderate,Basic,False,False,1745.5,1192351.0
2379.2,1,3,1,Black Cotton,V,Composite,Standard,False,False,2589.0,6159749.0
4106.7,2,3,3,Sandy Loam,III,Composite,Premium,True,False,2841.3,11668367.0
3459.0,2,4,1,Rocky,V,Warm-Humid,Standard,False,False,2029.1,7018657.0
4150.9,3,2,1,Black Cotton,II,Warm-Humid,Premium,False,False,3271.6,13580084.0
4004.2,2,3,2,Sandy Loam,III,Warm-Humid,Standard,False,False,1805.5,7229583.0
746.3,1,2,1,Sandy Loam,II,Composite,Standard,False,False,1994.2,1488271.0
2373.5,1,4,2,Sandy Loam,II,Composite,Premium,False,False,2610.1,6195072.0
2065.2,1,4,1,Black Cotton,III,Moderate,Basic,False,False,1761.1,3637024.0
1085.5,1,3,1,Black Cotton,IV,Warm-Humid,Luxury,False,True,5866.5,6818086.0
1171.9,2,3,2,Sandy Loam,II,Composite,Luxury,False,False,3832.7,4491541.0
808.8,1,2,1,Rocky,II,Warm-Humid,Standard,False,False,1859.8,1504206.0
2175.7,2,2,1,Clay,II,Cold,Standard,False,False,1865.1,4057898.0
1554.9,1,3,2,Clay,II,Warm-Humid,Premium,False,False,2830.5,4401144.0
4003.5,2,1,1,Rocky,IV,Warm-Humid,Standard,False,False,1882.9,7538190.0
1969.4,1,4,2,Sandy Loam,II,Hot-Dry,Premium,False,False,2649.0,5216941.0
4548.6,2,4,3,Black Cotton,II,Moderate,Premium,False,False,2872.8,13067218.0
6757.5,3,4,2,Sandy Loam,II,Moderate,Standard,False,False,1730.9,11696557.0
536.3,1,3,3,Black Cotton,V,Moderate,Standard,False,False,2282.8,1224266.0
3562.2,2,1,3,Black Cotton,III,Composite,Premium,False,False,2997.7,10678407.0
662.5,1,3,1,Black Cotton,II,Composite,Standard,False,False,2403.7,1592451.0
1560.6,1,2,1,Sandy Loam,II,Hot-Dry,Premium,False,False,2935.1,4580517.0
5531.7,3,2,1,Sandy Loam,II,Composite,Standard,False,False,1838.3,10168924.0
1203.8,2,4,2,Black Cotton,V,Hot-Dry,Premium,False,False,3480.4,4189706.0
4593.5,2,3,2,Sandy Loam,II,Moderate,Standard,False,False,1590.4,7305502.0
2435.4,2,3,1,Sandy Loam,III,Warm-Humid,Standard,False,False,1903.1,4634810.0
3081.9,2,3,2,Sandy Loam,II,Hot-Dry,Luxury,False,True,3839.2,12282030.0
918.7,1,3,1,Black Cotton,IV,Warm-Humid,Premium,False,False,3792.0,3483710.0
1644.5,1,3,2,Rocky,II,Composite,Premium,False,False,2667.9,4387362.0
1370.5,2,3,2,Sandy Loam,III,Moderate,Basic,True,False,1544.7,2117011.0
4293.4,2,3,2,Black Cotton,III,Composite,Standard,True,False,2348.4,10082621.0
1860.5,1,4,2,Sandy Loam,II,Warm-Humid,Basic,False,False,1232.2,2292508.0
4627.7,2,2,2,Clay,V,Warm-Humid,Standard,False,False,2036.7,9425237.0
4439.4,2,2,3,Sandy Loam,II,Composite,Standard,False,False,1494.4,6634239.0
2809.6,3,5,2,Rocky,II,Composite,Standard,True,False,1971.1,5538003.0
1696.8,1,1,3,Black Cotton,III,Warm-Humid,Luxury,False,False,5257.3,8920587.0
1628.7,2,2,1,Clay,II,Warm-Humid,Standard,False,False,2029.7,3305772.0
2198.3,1,2,2,Sandy Loam,III,Cold,Luxury,False,False,4468.7,9823543.0
5035.5,3,3,2,Rocky,II,Warm-Humid,Standard,False,False,1713.2,8626819.0
1462.5,1,2,1,Rocky,IV,Cold,Premium,False,False,3082.6,4508302.0
1417.2,1,1,1,Black Cotton,III,Hot-Dry,Luxury,False,False,5563.7,7884876.0
4456.5,2,2,1,Sandy Loam,III,Composite,Premium,False,False,2866.0,12772329.0
3468.4,2,3,1,Black Cotton,IV,Composite,Standard,False,False,2414.7,8375145.0
2190.0,1,5,2,Black Cotton,IV,Composite,Standard,False,False,2264.7,4959693.0
4337.2,2,1,1,Sandy Loam,III,Moderate,Standard,True,False,2247.2,9746556.0
4767.6,3,2,2,Black Cotton,II,Warm-Humid,Basic,True,False,1753.8,8361417.0
2069.2,1,1,2,Clay,II,Composite,Luxury,False,False,4418.6,9142967.0
636.8,1,2,2,Clay,II,Hot-Dry,Standard,False,False,2071.0,1318813.0
2032.1,1,2,2,Black Cotton,IV,Warm-Humid,Premium,False,False,3529.3,7171891.0
3369.1,2,2,1,Sandy Loam,III,Composite,Standard,True,False,2040.8,6875659.0
872.1,1,2,1,Sandy Loam,II,Composite,Premium,False,False,2897.3,2526735.0
2216.8,1,2,3,Black Cotton,IV,Warm-Humid,Premium,False,False,3267.6,7243616.0
1895.0,1,4,3,Sandy Loam,V,Moderate,Premium,False,False,2581.7,4892322.0
519.9,1,5,3,Sandy Loam,IV,Moderate,Standard,False,False,1894.9,985159.0
3663.1,3,1,2,Clay,V,Composite,Standard,False,False,2193.1,8033545.0
2426.3,3,2,2,Sandy Loam,II,Composite,Standard,False,True,1933.3,5140766.0
4558.9,2,2,3,Sandy Loam,IV,Composite,Basic,False,False,1228.2,5599241.0
1110.5,1,3,1,Clay,III,Warm-Humid,Standard,False,False,2232.1,2478747.0
1977.9,2,3,1,Clay,III,Composite,Standard,False,False,2105.6,4164666.0
3166.8,3,2,2,Sandy Loam,III,Composite,Premium,False,False,2689.1,8515842.0
4015.7,2,2,2,Sandy Loam,III,Warm-Humid,Standard,False,False,1754.4,7045144.0
1522.5,1,2,1,Rocky,IV,Moderate,Standard,False,False,2039.8,3105596.0
694.6,1,1,2,Black Cotton,IV,Hot-Dry,Premium,False,False,3744.2,2600721.0
3618.7,2,2,2,Clay,III,Composite,Standard,True,False,2167.6,7843894.0
452.4,1,3,2,Rocky,IV,Hot-Dry,Standard,False,False,2003.6,906429.0
2262.8,2,2,3,Black Cotton,III,Warm-Humid,Premium,False,False,2673.9,6050501.0
3659.1,2,3,2,Sandy Loam,III,Composite,Premium,False,False,2548.9,9326680.0
4491.9,2,1,1,Sandy Loam,III,Composite,Standard,False,False,1876.3,8428152.0
3183.3,3,3,3,Clay,IV,Moderate,Premium,False,False,2970.6,9456311.0
3115.6,3,3,1,Sandy Loam,II,Cold,Standard,False,False,1977.8,6162034.0
1328.7,1,2,1,Sandy Loam,III,Moderate,Premium,False,False,3044.3,4044961.0
4576.3,3,4,1,Rocky,V,Warm-Humid,Standard,False,False,2062.7,9439534.0
4178.2,2,1,2,Rocky,II,Cold,Premium,False,False,2410.8,10072805.0
1467.1,1,2,1,Black Cotton,II,Hot-Dry,Premium,False,False,3543.4,5198522.0
4258.1,3,3,3,Sandy Loam,V,Warm-Humid,Premium,False,False,2725.6,11605877.0
2107.5,1,3,1,Clay,III,Warm-Humid,Basic,False,False,1571.2,3311304.0
1653.9,2,3,1,Clay,IV,Moderate,Standard,False,False,2365.4,3912135.0
1363.8,1,2,2,Black Cotton,IV,Composite,Luxury,False,False,5229.1,7131447.0
2151.0,2,2,2,Clay,II,Hot-Dry,Standard,False,False,1755.9,3776941.0
4782.6,2,2,3,Sandy Loam,III,Moderate,Standard,False,False,1543.3,7380987.0
1520.8,2,3,2,Sandy Loam,II,Composite,Luxury,False,False,3915.9,5955301.0
643.5,1,2,3,Clay,III,Hot-Dry,Basic,False,False,1383.2,890089.0
1748.4,1,2,1,Sandy Loam,V,Hot-Dry,Standard,False,False,2282.9,3991422.0
499.5,1,5,1,Sandy Loam,V,Moderate,Basic,False,False,1713.3,855793.0
683.5,1,3,1,Clay,III,Moderate,Basic,False,False,1695.2,1158669.0
1253.7,2,2,1,Clay,II,Composite,Standard,False,False,1940.9,2433306.0
3763.6,2,2,2,Clay,III,Composite,Luxury,False,False,3974.3,14957675.0
1129.5,1,2,1,Black Cotton,II,Composite,Standard,False,False,2339.6,2642578.0
1071.7,1,2,2,Black Cotton,III,Hot-Dry,Luxury,False,False,4974.0,5330636.0
1434.6,2,2,1,Black Cotton,II,Moderate,Basic,False,False,1688.3,2422035.0
701.8,1,3,2,Black Cotton,III,Composite,Standard,False,False,2243.3,1574348.0
1900.0,2,2,3,Rocky,IV,Composite,Standard,False,False,1658.2,3150580.0
1947.8,1,1,1,Sandy Loam,II,Hot-Dry,Premium,False,False,2789.1,5432609.0
1684.7,3,3,1,Clay,V,Composite,Basic,False,False,1735.7,2924134.0
4272.7,2,3,1,Clay,III,Composite,Standard,False,False,2079.1,8883371.0
3122.5,2,2,1,Black Cotton,III,Hot-Dry,Standard,False,False,2193.1,6847955.0
1969.3,1,5,3,Clay,IV,Composite,Basic,False,False,1423.1,2802511.0
2106.8,3,3,1,Sandy Loam,II,Warm-Humid,Standard,False,False,1897.9,3998496.0
1356.1,1,3,3,Black Cotton,V,Warm-Humid,Luxury,False,False,5344.3,7247405.0
805.6,1,3,2,Black Cotton,III,Composite,Standard,False,False,2368.5,1908064.0
915.4,1,3,1,Clay,IV,Warm-Humid,Premium,False,False,3321.4,3040410.0
2102.3,1,2,1,Black Cotton,IV,Moderate,Basic,False,False,1890.6,3974608.0
1127.8,2,3,2,Sandy Loam,II,Warm-Humid,Premium,False,False,2622.2,2957317.0
3266.0,2,3,1,Rocky,II,Composite,Standard,False,False,1686.3,5507456.0
1754.0,1,5,1,Sandy Loam,III,Composite,Standard,False,False,2110.6,3701992.0
3170.6,2,3,1,Black Cotton,III,Composite,Premium,False,False,3412.7,10820307.0
4737.8,2,2,1,Clay,IV,Composite,Standard,True,False,2529.6,11984739.0
2615.7,2,3,1,Black Cotton,V,Composite,Basic,False,False,1851.3,4842445.0
1586.6,1,2,3,Black Cotton,III,Warm-Humid,Standard,False,False,2069.6,3283627.0
2264.5,2,3,2,Sandy Loam,V,Warm-Humid,Standard,False,False,1907.4,4319307.0
1265.7,2,3,2,Rocky,II,Cold,Basic,False,False,1193.1,1510107.0
2387.5,1,3,1,Clay,III,Composite,Premium,False,False,3313.5,7910981.0
2499.5,2,1,1,Sandy Loam,III,Moderate,Standard,False,False,2016.1,5039242.0
1061.2,1,2,3,Clay,V,Warm-Humid,Standard,False,False,2188.3,2322224.0
2863.2,2,2,1,Rocky,II,Composite,Standard,False,False,1848.4,5292339.0
1971.9,1,3,3,Black Cotton,III,Composite,Standard,False,False,2054.1,4050480.0
2394.2,2,5,1,Sandy Loam,IV,Warm-Humid,Standard,False,False,1903.6,4557599.0
1770.3,1,4,1,Sandy Loam,IV,Moderate,Standard,False,False,2199.8,3894306.0
3749.3,2,1,1,Rocky,III,Warm-Humid,Premium,False,False,2683.8,10062371.0
3583.6,2,4,1,Sandy Loam,II,Warm-Humid,Standard,False,False,1755.9,6292443.0
6128.3,3,2,3,Sandy Loam,IV,Moderate,Basic,False,True,1244.2,8074831.0
5778.6,3,1,2,Sandy Loam,III,Moderate,Premium,False,False,2703.2,15620712.0
2796.2,2,3,1,Clay,II,Moderate,Premium,False,False,2971.8,8309747.0
4108.4,2,2,2,Sandy Loam,V,Warm-Humid,Standard,True,False,2154.6,8851959.0
4759.8,2,3,2,Clay,IV,Moderate,Premium,False,False,2880.5,13710604.0
1642.5,2,2,3,Clay,II,Warm-Humid,Premium,False,False,2379.6,3908493.0
2320.3,2,2,2,Sandy Loam,V,Composite,Premium,False,False,2817.7,6537909.0
929.5,2,3,3,Black Cotton,III,Moderate,Standard,False,False,1984.1,1844221.0
3564.1,2,4,1,Clay,III,Warm-Humid,Premium,False,False,2912.7,10381154.0
4529.7,2,2,3,Sandy Loam,III,Warm-Humid,Standard,False,False,1581.4,7163268.0
927.3,1,2,1,Clay,II,Hot-Dry,Standard,False,False,2036.9,1888817.0
3892.5,2,3,1,Clay,IV,Composite,Standard,False,False,2120.0,8252100.0
2327.3,2,2,3,Clay,III,Composite,Standard,False,False,1777.8,4137474.0
4898.0,3,2,2,Black Cotton,II,Composite,Standard,False,True,2082.4,10649595.0
5860.4,3,2,2,Sandy Loam,V,Composite,Premium,False,True,3000.0,18031200.0
3594.7,2,2,1,Sandy Loam,II,Composite,Standard,False,False,1789.3,6431997.0
871.4,1,2,3,Rocky,IV,Composite,Standard,False,False,1723.0,1501422.0
2065.2,3,3,1,Clay,IV,Hot-Dry,Standard,False,True,2338.1,5278644.0
2180.8,1,2,1,Clay,IV,Hot-Dry,Standard,False,False,2293.6,5001883.0
1070.2,2,3,1,Black Cotton,II,Warm-Humid,Luxury,False,False,5146.9,5508212.0
3191.8,2,1,1,Black Cotton,II,Hot-Dry,Basic,False,False,1496.7,4777167.0
6460.1,3,5,2,Sandy Loam,III,Composite,Standard,False,False,1861.4,12024830.0
1226.7,2,5,2,Sandy Loam,V,Composite,Luxury,False,False,4814.2,5905579.0
3626.2,3,1,2,Sandy Loam,II,Warm-Humid,Premium,False,False,2597.5,9419054.0
2153.6,1,1,2,Clay,III,Composite,Basic,False,False,1512.1,3256459.0
1707.9,1,5,2,Black Cotton,IV,Warm-Humid,Premium,False,False,3692.0,6305567.0
2387.2,1,2,1,Clay,III,Warm-Humid,Premium,False,False,3163.0,7550714.0
3238.0,2,1,1,Sandy Loam,II,Composite,Standard,True,False,2020.2,6541408.0
3393.5,2,3,1,Black Cotton,II,Cold,Basic,False,False,1560.9,5296914.0
3054.3,2,3,1,Rocky,III,Moderate,Basic,False,False,1347.4,4115364.0
1276.1,2,4,1,Clay,III,Hot-Dry,Standard,False,False,2155.9,2751144.0
719.1,1,2,2,Sandy Loam,IV,Composite,Standard,False,False,2094.6,1506227.0
1641.4,1,2,1,Rocky,III,Moderate,Basic,False,False,1370.1,2248882.0
2140.6,1,5,1,Clay,II,Hot-Dry,Standard,False,False,2048.4,4384805.0
5917.7,3,2,1,Black Cotton,IV,Warm-Humid,Premium,False,True,3805.5,22969807.0
3058.9,2,3,2,Rocky,III,Cold,Basic,False,False,1206.7,3691175.0
751.2,1,2,1,Rocky,II,Composite,Premium,False,False,2757.1,2071134.0
901.2,2,1,3,Sandy Loam,V,Composite,Standard,True,False,2137.7,1926495.0
1547.2,1,2,1,Black Cotton,III,Composite,Premium,False,False,3614.5,5592354.0
4734.7,2,2,2,Black Cotton,III,Hot-Dry,Standard,False,False,2058.3,9745433.0
2117.0,2,3,2,Rocky,IV,Hot-Dry,Standard,False,False,1849.7,3915815.0
1114.9,2,2,1,Clay,V,Warm-Humid,Basic,False,False,1767.5,1970586.0
2620.0,2,2,1,Black Cotton,V,Composite,Standard,False,False,2426.5,6357430.0
2124.2,1,4,2,Sandy Loam,III,Moderate,Premium,False,False,2572.6,5464717.0
4647.9,2,2,2,Black Cotton,II,Warm-Humid,Standard,True,False,2253.8,10475437.0
5547.5,3,3,1,Rocky,III,Composite,Basic,False,True,1363.6,8014571.0
3135.0,3,3,2,Clay,II,Composite,Premium,False,False,2694.5,8447258.0
2279.7,2,3,1,Clay,II,Composite,Premium,False,False,3117.9,7107877.0
4756.9,2,4,2,Rocky,II,Composite,Basic,False,False,1141.7,5430953.0
3404.0,2,3,1,Clay,II,Warm-Humid,Basic,False,False,1394.8,4747899.0
1317.6,1,3,2,Sandy Loam,V,Cold,Standard,False,False,2174.2,2864726.0
2189.2,1,3,2,Black Cotton,III,Cold,Basic,False,False,1614.0,3533369.0
4199.0,2,3,1,Sandy Loam,IV,Hot-Dry,Luxury,False,False,4407.3,18506253.0
778.8,1,3,2,Sandy Loam,V,Composite,Premium,False,False,3356.0,2613653.0
1379.8,1,1,1,Clay,III,Moderate,Luxury,False,False,5024.6,6932943.0
1162.6,1,5,2,Black Cotton,V,Composite,Standard,False,False,2478.4,2881388.0
3236.8,2,1,2,Rocky,III,Composite,Premium,False,False,2434.8,7880961.0
4402.8,2,2,2,Sandy Loam,II,Hot-Dry,Standard,False,False,1652.4,7275187.0
2841.9,2,3,2,Black Cotton,III,Composite,Premium,True,False,3551.8,10093860.0
1225.9,1,2,1,Clay,III,Warm-Humid,Standard,False,False,2192.3,2687541.0
2480.0,3,3,1,Sandy Loam,II,Warm-Humid,Basic,False,False,1363.4,3381232.0
460.6,1,4,1,Clay,III,Composite,Standard,False,False,2301.0,1059841.0
4328.7,3,5,2,Sandy Loam,IV,Composite,Standard,False,False,1952.2,8450488.0
1160.6,1,4,1,Clay,III,Composite,Standard,False,False,2257.0,2619474.0
4738.1,2,3,2,Sandy Loam,IV,Hot-Dry,Luxury,False,False,4138.1,19606732.0
1768.7,1,3,2,Sandy Loam,V,Composite,Standard,False,False,2185.1,3864786.0
1232.2,1,4,3,Black Cotton,V,Warm-Humid,Basic,False,False,1872.0,2306678.0
1655.1,2,2,2,Sandy Loam,II,Warm-Humid,Standard,False,False,1755.0,2904700.0
1224.2,1,5,1,Sandy Loam,III,Composite,Basic,False,False,1479.2,1810837.0
2797.3,2,5,1,Sandy Loam,II,Moderate,Luxury,False,True,4000.5,11640599.0
1787.7,2,2,1,Black Cotton,II,Warm-Humid,Standard,True,False,2721.8,4865762.0
655.1,1,4,1,Rocky,IV,Cold,Premium,False,False,3257.9,2134250.0
5403.3,3,3,1,Sandy Loam,III,Hot-Dry,Premium,False,False,3005.7,16240699.0
2238.9,1,2,1,Sandy Loam,II,Composite,Standard,False,False,1880.7,4210699.0
4250.4,2,2,1,Sandy Loam,II,Moderate,Luxury,False,True,4088.6,17828185.0
1162.5,1,3,2,Black Cotton,IV,Warm-Humid,Standard,False,False,2528.3,2939149.0
2230.3,2,2,2,Clay,II,Hot-Dry,Premium,False,False,2681.2,5979880.0
1515.4,2,4,1,Black Cotton,IV,Moderate,Premium,False,False,3431.2,5199640.0
5630.1,3,2,2,Sandy Loam,II,Cold,Premium,False,True,2536.9,14733001.0
2482.7,2,3,1,Clay,IV,Composite,Luxury,False,False,5073.7,12596475.0
812.2,1,1,3,Sandy Loam,III,Warm-Humid,Premium,False,False,2755.4,2237936.0
1254.7,1,3,1,Sandy Loam,V,Moderate,Basic,False,False,1732.4,2173642.0
1984.2,2,4,1,Clay,III,Composite,Luxury,False,False,4695.2,9316216.0
2094.8,1,1,1,Clay,II,Composite,Premium,False,False,2915.3,6106970.0
878.8,1,3,1,Sandy Loam,V,Moderate,Standard,False,False,2296.7,2018340.0
1071.4,1,2,2,Clay,V,Warm-Humid,Standard,False,False,2308.6,2473434.0
3614.9,3,1,1,Rocky,III,Composite,Standard,False,False,1910.2,6905182.0
4356.3,2,2,3,Sandy Loam,II,Composite,Luxury,False,False,3598.5,15676146.0
3250.1,2,2,3,Clay,IV,Composite,Premium,False,False,2642.8,8589364.0
4497.9,2,3,1,Sandy Loam,V,Hot-Dry,Standard,False,False,2076.1,9338090.0
536.1,1,3,1,Sandy Loam,IV,Composite,Luxury,False,False,5198.7,2787023.0
1675.6,2,2,2,Rocky,III,Cold,Standard,True,False,2072.2,3472178.0
1575.8,2,3,3,Rocky,III,Warm-Humid,Standard,False,False,1618.0,2549644.0
2259.4,1,4,1,Clay,III,Warm-Humid,Luxury,False,False,5034.4,11374723.0
2881.6,2,2,2,Sandy Loam,V,Composite,Standard,False,False,1963.8,5658886.0
2698.5,3,2,1,Black Cotton,III,Hot-Dry,Basic,False,False,1719.4,4639801.0
2968.6,2,4,3,Clay,III,Composite,Standard,False,False,1635.9,4856333.0
1204.1,1,1,2,Clay,III,Composite,Standard,False,False,2141.6,2578701.0
1238.1,1,2,3,Rocky,IV,Hot-Dry,Standard,False,False,1774.7,2197256.0
1246.5,1,2,2,Clay,III,Composite,Basic,False,False,1548.5,1930205.0
3912.8,2,2,2,Rocky,II,Composite,Premium,False,False,2227.6,8716153.0
1787.5,1,1,2,Black Cotton,IV,Composite,Standard,False,False,2353.8,4207418.0
2584.9,2,3,3,Black Cotton,IV,Warm-Humid,Standard,False,False,1972.3,5098198.0
3473.1,2,2,1,Sandy Loam,III,Hot-Dry,Standard,False,False,1952.1,6779839.0
926.5,1,3,2,Sandy Loam,III,Composite,Basic,False,False,1500.6,1390306.0
920.9,2,3,1,Clay,III,Composite,Premium,False,False,3315.6,3053336.0
1641.8,1,3,2,Clay,II,Composite,Basic,False,False,1475.3,2422148.0
2751.0,2,3,3,Clay,II,Moderate,Standard,False,False,1605.8,4417556.0
6898.5,3,2,2,Sandy Loam,IV,Composite,Premium,False,False,3051.0,21047324.0
2712.5,2,1,2,Black Cotton,IV,Moderate,Premium,False,False,3185.8,8641482.0
1779.0,2,2,2,Sandy Loam,III,Composite,Standard,False,False,1660.4,2953852.0
4682.9,3,1,1,Clay,III,Cold,Standard,False,False,2143.0,10035455.0
770.2,1,3,2,Sandy Loam,III,Composite,Standard,False,False,1877.1,1445742.0
4588.6,2,3,2,Clay,II,Warm-Humid,Standard,False,False,1703.5,7816680.0
2127.8,1,3,3,Clay,IV,Warm-Humid,Standard,False,False,1983.0,4219427.0
3394.9,2,2,1,Sandy Loam,V,Composite,Standard,False,False,2051.8,6965656.0
2266.3,2,3,2,Clay,III,Warm-Humid,Standard,True,False,2296.8,5205238.0
2206.6,1,3,2,Clay,II,Moderate,Premium,False,False,2945.3,6499099.0
3003.9,2,4,1,Black Cotton,IV,Cold,Premium,False,False,3801.4,11419025.0
4373.9,2,2,1,Clay,IV,Moderate,Standard,False,False,2104.3,9203998.0
1901.5,1,2,2,Rocky,IV,Warm-Humid,Standard,False,False,1950.2,3708305.0
2175.4,3,2,2,Black Cotton,V,Moderate,Standard,False,False,2534.5,5513551.0
1421.9,2,3,2,Sandy Loam,IV,Moderate,Basic,False,False,1478.9,2102848.0
4292.0,3,4,2,Clay,III,Composite,Basic,False,False,1422.7,6106228.0
2680.5,2,4,1,Sandy Loam,II,Moderate,Premium,False,False,2788.5,7474574.0
1447.2,2,3,3,Sandy Loam,IV,Composite,Premium,False,False,2631.3,3808017.0
1373.9,1,5,1,Clay,II,Moderate,Basic,False,False,1567.4,2153451.0
3438.7,3,1,2,Clay,V,Composite,Standard,False,False,2226.4,7655922.0
1749.9,1,5,1,Clay,III,Moderate,Luxury,False,False,5219.9,9134303.0
2604.7,2,3,1,Sandy Loam,II,Warm-Humid,Standard,False,False,1961.9,5110161.0
1715.8,1,2,1,Rocky,III,Hot-Dry,Basic,False,False,1463.9,2511760.0
1609.4,1,3,1,Black Cotton,II,Composite,Basic,False,False,1672.5,2691722.0
5765.0,3,2,2,Clay,II,Warm-Humid,Basic,False,True,1423.6,8657054.0
560.1,1,3,2,Clay,II,Composite,Standard,False,False,1978.3,1108046.0
1905.5,2,3,2,Sandy Loam,V,Hot-Dry,Standard,False,False,2045.7,3898081.0
2108.6,2,3,2,Sandy Loam,II,Warm-Humid,Premium,True,False,3022.8,6373876.0
4398.4,2,3,1,Sandy Loam,III,Composite,Premium,False,False,2812.4,12370060.0
1318.5,2,2,2,Clay,V,Composite,Standard,False,False,2266.7,2988644.0
4442.7,3,3,2,Clay,III,Moderate,Standard,False,True,1908.7,8929781.0
5582.7,3,1,2,Sandy Loam,II,Composite,Standard,False,False,1872.7,10454722.0
4577.3,2,3,1,Black Cotton,V,Composite,Premium,False,False,3696.0,16917701.0
2072.1,1,3,2,Sandy Loam,IV,Warm-Humid,Basic,False,False,1471.2,3048474.0
4187.5,2,2,3,Sandy Loam,II,Composite,Standard,True,False,1759.6,7368325.0
714.0,1,4,1,Clay,II,Composite,Premium,False,False,3385.1,2416961.0
2900.0,2,3,1,Sandy Loam,III,Warm-Humid,Standard,False,False,1960.1,5684290.0
1160.0,1,3,2,Clay,III,Moderate,Standard,False,False,2085.7,2419412.0
2987.5,3,4,2,Sandy Loam,II,Hot-Dry,Basic,False,True,1221.7,4099829.0
3090.7,2,3,1,Black Cotton,III,Composite,Basic,False,False,1584.1,4895978.0
3272.2,3,2,1,Sandy Loam,II,Warm-Humid,Standard,True,False,2075.3,6790797.0
2439.0,2,2,1,Clay,III,Composite,Standard,False,False,1973.0,4812147.0
3757.7,2,3,1,Sandy Loam,III,Composite,Premium,False,False,2917.9,10964593.0
756.6,1,3,1,Clay,IV,Moderate,Premium,False,False,3625.0,2742675.0
1473.3,1,4,3,Black Cotton,III,Moderate,Standard,False,False,2153.7,3173046.0
1984.0,1,1,1,Sandy Loam,IV,Warm-Humid,Premium,False,False,3159.1,6267654.0
906.9,1,1,3,Sandy Loam,IV,Composite,Premium,False,False,2808.6,2547119.0
1283.1,1,4,3,Black Cotton,III,Composite,Standard,False,False,2226.9,2857335.0
1110.1,1,1,1,Black Cotton,III,Warm-Humid,Standard,False,False,2563.4,2845630.0
756.3,1,2,3,Black Cotton,III,Composite,Premium,False,False,3124.7,2363211.0
4503.8,3,3,1,Rocky,II,Warm-Humid,Standard,False,False,1877.8,8457236.0
867.2,1,4,3,Sandy Loam,III,Moderate,Standard,False,False,1724.3,1495313.0
2721.0,3,4,1,Rocky,III,Composite,Luxury,False,True,4317.3,12197373.0
1998.0,2,2,2,Black Cotton,V,Hot-Dry,Standard,False,False,2430.5,4856139.0
1443.0,1,3,2,Sandy Loam,III,Moderate,Standard,False,False,1852.5,2673158.0
4705.5,2,2,2,Clay,III,Warm-Humid,Standard,False,False,1870.3,8800697.0
1352.1,2,2,3,Sandy Loam,V,Composite,Luxury,False,False,4218.6,5703969.0
1367.6,1,2,3,Sandy Loam,III,Hot-Dry,Luxury,False,True,3879.2,5755194.0
3095.5,2,3,1,Sandy Loam,II,Composite,Basic,False,False,1359.2,4207404.0
1357.7,1,1,1,Rocky,III,Composite,Premium,False,False,3013.8,4091836.0
1841.8,1,2,1,Rocky,II,Warm-Humid,Premium,False,False,2785.2,5129781.0
1454.0,2,3,2,Black Cotton,III,Hot-Dry,Standard,False,False,2196.9,3194293.0
1682.5,2,2,2,Sandy Loam,III,Cold,Standard,False,False,1818.9,3060299.0
4613.1,2,3,2,Clay,III,Warm-Humid,Luxury,False,False,3869.6,17850852.0
1188.2,1,2,1,Black Cotton,II,Moderate,Basic,False,False,1673.5,1988453.0
2042.3,1,2,2,Sandy Loam,V,Warm-Humid,Premium,False,False,3173.8,6481852.0
1467.7,1,1,1,Rocky,III,Composite,Luxury,False,False,4406.9,6468007.0
6427.2,3,3,1,Sandy Loam,V,Composite,Premium,False,True,3374.9,22141157.0
2171.7,2,3,3,Black Cotton,IV,Warm-Humid,Standard,False,False,1966.5,4270648.0
2472.6,2,2,1,Sandy Loam,II,Warm-Humid,Luxury,False,False,3969.5,9814986.0
6012.1,3,2,2,Rocky,V,Moderate,Standard,False,False,2044.9,12294143.0
1140.4,2,3,1,Black Cotton,II,Composite,Basic,False,False,1620.6,1848132.0
774.3,1,4,2,Rocky,V,Cold,Standard,False,False,2097.3,1623939.0
3521.5,2,2,3,Sandy Loam,II,Moderate,Basic,False,False,1158.7,4080362.0
2366.3,1,2,2,Black Cotton,IV,Moderate,Standard,False,False,2271.2,5374341.0
772.0,1,2,1,Sandy Loam,III,Warm-Humid,Premium,False,False,3273.2,2526910.0
516.8,1,2,1,Sandy Loam,II,Cold,Basic,False,False,1393.8,720316.0
1858.5,2,2,1,Sandy Loam,III,Warm-Humid,Standard,False,False,1961.6,3645634.0
4494.3,2,2,1,Sandy Loam,III,Composite,Standard,False,False,1787.8,8034910.0
4480.9,2,2,2,Sandy Loam,IV,Composite,Basic,False,False,1300.7,5828307.0
6221.6,3,3,1,Sandy Loam,IV,Composite,Standard,False,True,2118.0,13627349.0
805.2,1,3,2,Sandy Loam,III,Composite,Luxury,False,False,4503.5,3626218.0
1904.7,2,3,2,Sandy Loam,V,Composite,Premium,False,False,3043.6,5797145.0
4451.3,2,2,1,Sandy Loam,III,Composite,Standard,False,False,1835.9,8172142.0
1161.2,1,4,1,Rocky,IV,Composite,Luxury,False,False,4741.0,5505249.0
890.5,1,4,2,Sandy Loam,III,Composite,Basic,False,False,1431.8,1275018.0
1186.5,1,2,1,Clay,IV,Warm-Humid,Standard,False,False,2390.9,2836803.0
2791.6,2,3,3,Clay,III,Moderate,Basic,False,False,1220.3,3406589.0
4619.2,2,3,2,Sandy Loam,II,Composite,Standard,True,False,1925.5,8894270.0
2318.9,1,2,2,Black Cotton,III,Cold,Standard,False,False,2336.4,5417878.0
462.9,1,4,1,Sandy Loam,IV,Cold,Premium,False,False,3388.5,1568537.0
2370.1,1,2,2,Black Cotton,II,Composite,Premium,False,False,3213.8,7617027.0
4469.0,2,3,1,Clay,III,Composite,Standard,False,False,1990.0,8893310.0
1288.4,2,1,2,Sandy Loam,II,Composite,Standard,True,False,2069.6,2666473.0
1843.0,1,2,1,Rocky,III,Warm-Humid,Standard,False,False,1946.1,3586662.0
5043.0,3,4,1,Sandy Loam,IV,Moderate,Basic,True,False,1785.9,9006294.0
1168.5,1,4,2,Rocky,IV,Moderate,Premium,False,False,2777.4,3245392.0
1237.9,2,2,2,Rocky,IV,Composite,Basic,False,False,1300.5,1609889.0
1133.8,1,3,1,Clay,III,Composite,Standard,False,False,2322.3,2633024.0
4698.5,2,2,2,Sandy Loam,IV,Composite,Premium,True,False,3310.0,15552035.0
580.0,1,3,1,Black Cotton,II,Composite,Standard,False,False,2399.4,1391652.0
3524.7,3,2,2,Rocky,IV,Warm-Humid,Standard,False,True,1801.7,6800452.0
3603.4,3,3,2,Black Cotton,III,Moderate,Standard,False,False,2116.4,7626236.0
2289.0,2,3,1,Black Cotton,II,Cold,Basic,False,False,1549.7,3547263.0
2165.3,2,1,2,Sandy Loam,III,Hot-Dry,Premium,False,False,2690.6,5825956.0
2581.2,2,4,1,Sandy Loam,IV,Composite,Standard,True,False,2253.1,5815702.0
1370.9,2,3,1,Rocky,III,Composite,Basic,False,False,1332.2,1826313.0
3507.1,2,2,2,Sandy Loam,III,Warm-Humid,Luxury,False,False,4202.1,14737185.0
2335.5,1,2,1,Sandy Loam,V,Warm-Humid,Standard,False,False,2208.5,5157952.0
1259.7,2,3,3,Sandy Loam,II,Composite,Basic,False,False,1198.7,1510002.0
1105.4,2,3,2,Sandy Loam,IV,Moderate,Standard,False,False,1982.1,2191013.0
1994.5,2,2,3,Sandy Loam,III,Warm-Humid,Premium,False,False,2402.0,4790789.0
7012.4,3,3,2,Black Cotton,V,Composite,Premium,False,True,3638.4,25963916.0
2265.8,2,2,1,Rocky,III,Composite,Standard,False,False,1780.3,4033804.0
4173.5,2,2,2,Clay,V,Moderate,Standard,False,False,2098.3,8757255.0
4353.6,3,1,2,Sandy Loam,III,Composite,Standard,False,False,1854.5,8073751.0
2938.3,2,5,1,Sandy Loam,III,Composite,Standard,False,False,1921.0,5644474.0
1854.7,3,1,1,Rocky,II,Moderate,Standard,True,False,2262.9,4197001.0
1213.6,1,2,2,Rocky,IV,Warm-Humid,Standard,False,False,1954.6,2372103.0
964.1,1,2,2,Sandy Loam,III,Hot-Dry,Premium,False,False,2828.5,2726957.0
2169.4,1,3,2,Sandy Loam,IV,Moderate,Standard,False,False,2128.1,4616700.0
3179.8,2,3,1,Sandy Loam,II,Hot-Dry,Premium,False,False,2636.9,8384815.0
987.9,2,3,2,Black Cotton,III,Composite,Standard,False,False,2074.2,2049102.0
973.7,1,1,1,Black Cotton,III,Composite,Standard,False,False,2538.7,2471932.0
2027.3,1,3,2,Sandy Loam,IV,Composite,Premium,False,False,2927.1,5934110.0
3477.3,2,3,1,Sandy Loam,V,Composite,Standard,False,False,2177.7,7572516.0
786.1,1,3,1,Black Cotton,IV,Moderate,Standard,False,False,2697.0,2120112.0
1786.9,1,3,2,Clay,II,Warm-Humid,Standard,False,False,1917.0,3425487.0
5887.4,3,3,1,Clay,III,Composite,Premium,False,True,3148.2,18984713.0
3152.1,2,2,3,Clay,IV,Warm-Humid,Standard,True,False,2078.5,6551640.0
904.7,1,2,1,Rocky,III,Hot-Dry,Basic,False,False,1521.6,1376592.0
1130.8,1,2,1,Sandy Loam,II,Composite,Standard,False,False,2044.3,2311694.0
2023.8,1,3,1,Rocky,II,Composite,Standard,False,False,1797.4,3637578.0
3980.8,3,2,2,Sandy Loam,IV,Moderate,Premium,False,True,2840.5,11757462.0
1366.5,1,2,2,Clay,II,Warm-Humid,Standard,False,False,1987.8,2716329.0
2042.8,1,3,1,Rocky,III,Composite,Standard,False,False,1935.0,3952818.0
2547.7,2,3,3,Sandy Loam,IV,Moderate,Basic,False,False,1303.6,3321182.0
890.8,1,3,1,Sandy Loam,III,Composite,Standard,False,False,2164.6,1928226.0
2899.4,2,2,2,Sandy Loam,III,Composite,Premium,False,False,2478.4,7185873.0
2187.0,3,4,2,Clay,V,Warm-Humid,Standard,False,True,2285.8,5449045.0
1664.2,1,2,3,Clay,III,Warm-Humid,Premium,False,False,2756.2,4586868.0
1202.7,1,2,2,Clay,II,Composite,Premium,False,False,3013.9,3624818.0
4723.6,2,1,2,Clay,II,Cold,Standard,False,False,1845.0,8715042.0
1444.5,1,1,1,Black Cotton,III,Composite,Standard,False,False,2503.9,3616884.0
2221.2,2,5,2,Sandy Loam,V,Hot-Dry,Premium,False,False,2803.1,6226246.0
4495.5,2,2,1,Rocky,IV,Moderate,Standard,True,False,2082.9,9363677.0
2033.0,2,3,1,Sandy Loam,IV,Warm-Humid,Standard,False,False,1986.1,4037741.0
1398.6,2,2,1,Rocky,III,Moderate,Standard,False,False,1962.8,2745172.0
1226.0,1,2,2,Sandy Loam,III,Hot-Dry,Standard,False,False,1889.9,2317017.0
1383.4,1,3,1,Clay,II,Composite,Standard,False,False,2056.8,2845377.0
1753.2,1,4,3,Black Cotton,III,Moderate,Standard,False,False,2128.0,3730810.0
512.3,1,3,2,Sandy Loam,IV,Warm-Humid,Premium,False,False,3393.4,1738439.0
2025.7,1,5,2,Sandy Loam,III,Moderate,Premium,False,False,2621.3,5309967.0
4590.4,2,2,2,Sandy Loam,III,Composite,Standard,False,False,1708.1,7840862.0
2188.8,1,1,1,Black Cotton,IV,Composite,Luxury,False,False,5543.9,12134488.0
2617.0,3,1,3,Sandy Loam,II,Composite,Standard,False,False,1611.7,4217819.0
511.8,1,2,3,Sandy Loam,V,Composite,Premium,False,False,3102.8,1588013.0
926.7,1,2,1,Black Cotton,II,Composite,Basic,False,False,1811.1,1678346.0
1806.8,2,2,1,Sandy Loam,II,Composite,Standard,False,False,1855.1,3351795.0
5220.2,3,1,1,Rocky,III,Moderate,Premium,False,False,2894.4,15109347.0
3146.2,2,2,3,Sandy Loam,II,Hot-Dry,Luxury,False,False,3576.7,11253014.0
3037.1,2,2,1,Sandy Loam,II,Hot-Dry,Standard,False,False,1823.1,5536937.0
709.1,1,1,2,Sandy Loam,IV,Warm-Humid,Standard,False,False,2139.2,1516907.0
2180.1,1,2,2,Sandy Loam,IV,Composite,Premium,False,False,3030.4,6606575.0
6590.5,3,2,1,Black Cotton,II,Warm-Humid,Premium,False,False,3249.5,21415830.0
981.4,1,2,2,Sandy Loam,III,Warm-Humid,Basic,False,False,1306.4,1282101.0
1323.6,1,3,1,Sandy Loam,III,Warm-Humid,Luxury,False,False,4787.3,6336470.0
3386.9,2,2,1,Black Cotton,III,Hot-Dry,Standard,False,False,2305.1,7807143.0
1305.1,2,2,2,Clay,II,Composite,Luxury,False,False,4147.7,5413163.0
2971.2,3,2,2,Black Cotton,III,Cold,Standard,False,False,2225.6,6612703.0
4714.3,2,2,1,Sandy Loam,II,Composite,Standard,False,False,1756.2,8279254.0
2673.9,2,2,2,Clay,V,Hot-Dry,Basic,False,False,1616.7,4322894.0
1627.7,1,2,2,Clay,V,Warm-Humid,Luxury,False,False,5188.0,8444508.0
2246.9,2,2,2,Clay,II,Moderate,Premium,False,False,2932.4,6588810.0
1549.5,1,5,1,Sandy Loam,III,Cold,Standard,False,False,2180.1,3378065.0
1417.3,2,3,2,Black Cotton,III,Composite,Standard,False,False,2141.7,3035431.0
5351.0,3,2,1,Sandy Loam,III,Composite,Standard,False,False,2015.4,10784405.0
3894.7,2,5,1,Clay,III,Composite,Standard,False,False,2211.9,8614687.0
1826.5,1,3,2,Sandy Loam,III,Hot-Dry,Premium,False,False,2773.3,5065432.0
914.6,1,2,3,Sandy Loam,IV,Warm-Humid,Premium,False,False,2864.5,2619872.0
3944.5,2,2,1,Sandy Loam,III,Moderate,Standard,False,False,1924.1,7589612.0
4748.7,2,3,2,Sandy Loam,IV,Hot-Dry,Luxury,False,True,4245.0,20608232.0
801.1,1,2,2,Black Cotton,IV,Composite,Standard,False,False,2389.3,1914068.0
1589.2,2,2,2,Clay,II,Composite,Standard,False,False,1861.4,2958137.0
1644.3,1,2,1,Clay,III,Moderate,Basic,False,False,1605.5,2639924.0
727.6,1,2,1,Sandy Loam,II,Moderate,Luxury,False,False,4504.2,3277256.0
3141.9,3,2,3,Black Cotton,II,Warm-Humid,Premium,False,False,2967.4,9323274.0
2982.0,2,3,1,Sandy Loam,II,Hot-Dry,Premium,False,False,2728.1,8135194.0
681.4,1,4,2,Clay,III,Warm-Humid,Premium,False,False,3166.2,2157449.0
1496.1,1,4,2,Sandy Loam,II,Composite,Standard,False,False,1866.7,2792770.0
1729.2,1,3,2,Rocky,V,Hot-Dry,Premium,False,False,3074.7,5316771.0
3154.6,3,2,1,Black Cotton,IV,Composite,Premium,False,False,3677.7,11601672.0
689.4,1,2,2,Black Cotton,III,Composite,Premium,False,False,3160.6,2178918.0
4589.8,2,2,2,Sandy Loam,II,Composite,Standard,False,False,1696.7,7787514.0
3294.5,3,1,2,Clay,III,Moderate,Standard,False,True,2079.1,7299595.0
493.0,1,3,3,Sandy Loam,II,Composite,Premium,False,False,2629.7,1296442.0
2604.1,3,2,1,Clay,II,Composite,Standard,False,False,2055.7,5353248.0
2363.2,1,2,3,Black Cotton,IV,Warm-Humid,Basic,False,False,1618.9,3825784.0
1640.9,2,1,1,Sandy Loam,V,Hot-Dry,Basic,False,False,1593.4,2614610.0
3810.3,3,2,2,Clay,III,Warm-Humid,Premium,False,False,2850.7,10862022.0
5155.5,3,2,1,Clay,III,Warm-Humid,Premium,True,False,3624.3,18685079.0
1509.1,3,2,1,Sandy Loam,II,Warm-Humid,Luxury,False,False,4738.8,7151323.0
6317.6,3,3,1,Clay,II,Hot-Dry,Standard,True,False,2287.1,14448983.0
2241.4,3,3,2,Clay,II,Moderate,Standard,False,False,2022.4,4533007.0
4289.3,2,2,3,Sandy Loam,II,Warm-Humid,Standard,False,False,1453.4,6234069.0
4121.6,2,3,1,Sandy Loam,V,Hot-Dry,Standard,False,False,2098.5,8649178.0
3463.3,2,2,3,Sandy Loam,III,Moderate,Basic,True,False,1332.2,4613808.0
3794.0,2,5,3,Sandy Loam,III,Composite,Basic,False,False,1208.4,4584670.0
3026.0,2,1,1,Sandy Loam,III,Warm-Humid,Standard,False,False,1924.2,5822629.0
3653.5,3,3,1,Clay,III,Hot-Dry,Basic,False,False,1537.5,5617256.0
1853.4,1,3,1,Sandy Loam,II,Composite,Standard,False,False,1914.2,3547778.0
3728.0,2,4,1,Black Cotton,III,Composite,Premium,False,False,3312.7,12349746.0
4901.8,3,2,2,Black Cotton,II,Moderate,Premium,False,False,3398.8,16660238.0
2786.3,2,5,3,Rocky,IV,Composite,Standard,False,False,1615.1,4500153.0
957.4,1,3,1,Sandy Loam,III,Warm-Humid,Standard,False,False,2010.4,1924757.0
1363.4,2,3,1,Sandy Loam,II,Warm-Humid,Luxury,False,False,4260.5,5808766.0
4237.8,3,3,1,Clay,V,Warm-Humid,Standard,False,False,2249.7,9533779.0
1700.5,1,4,1,Sandy Loam,II,Composite,Premium,False,False,2884.3,4904752.0
4258.2,3,5,3,Sandy Loam,V,Composite,Standard,False,False,1853.1,7890870.0
2362.5,1,2,2,Black Cotton,III,Composite,Luxury,False,False,5046.9,11923301.0
2127.2,1,3,2,Sandy Loam,II,Composite,Luxury,False,False,4106.4,8735134.0
1204.7,1,2,1,Black Cotton,III,Hot-Dry,Standard,False,False,2542.5,3062950.0
4129.6,3,3,3,Sandy Loam,IV,Warm-Humid,Standard,False,False,1782.5,7361012.0
1377.4,1,3,3,Black Cotton,V,Moderate,Standard,False,False,2482.1,3418845.0
4659.7,2,3,1,Sandy Loam,III,Warm-Humid,Premium,False,False,2987.8,13922252.0
2342.2,1,2,1,Sandy Loam,III,Moderate,Standard,False,False,2005.5,4697282.0
502.4,1,5,1,Sandy Loam,III,Moderate,Luxury,False,False,4995.7,2509840.0
2739.1,2,3,3,Sandy Loam,IV,Warm-Humid,Premium,False,False,2567.4,7032365.0
3059.1,2,2,2,Sandy Loam,V,Cold,Standard,False,False,1979.1,6054265.0
2113.4,2,3,2,Sandy Loam,V,Composite,Standard,False,False,2045.3,4322537.0
3091.0,2,2,1,Black Cotton,IV,Moderate,Premium,False,False,3577.8,11058980.0
1213.4,1,2,2,Clay,IV,Moderate,Basic,False,False,1443.2,1751179.0
3065.5,3,1,1,Clay,III,Moderate,Standard,False,False,2005.2,6146941.0
1902.8,1,2,2,Sandy Loam,III,Composite,Standard,False,False,1955.7,3721306.0
484.2,1,2,1,Sandy Loam,III,Warm-Humid,Premium,False,False,3048.1,1475890.0
1758.1,3,2,1,Clay,IV,Composite,Basic,False,False,1637.1,2878186.0
2346.6,1,3,1,Sandy Loam,III,Composite,Basic,False,False,1449.8,3402101.0
3159.6,2,3,2,Sandy Loam,IV,Warm-Humid,Standard,False,False,1779.1,5621244.0
5147.9,3,2,3,Rocky,III,Composite,Luxury,False,False,3761.5,19363826.0
3006.0,2,2,2,Sandy Loam,II,Composite,Standard,False,False,1669.3,5017916.0
1128.2,1,1,1,Rocky,II,Warm-Humid,Standard,False,False,1836.5,2071939.0
2928.5,2,3,1,Rocky,II,Composite,Premium,False,False,2585.9,7572808.0
2201.2,2,3,3,Clay,II,Hot-Dry,Luxury,True,False,4108.9,9044511.0
1324.4,2,2,1,Clay,III,Hot-Dry,Standard,False,False,1962.6,2599267.0
3607.3,2,3,2,Clay,III,Composite,Standard,False,False,1692.5,6105355.0
2749.5,3,1,2,Clay,IV,Warm-Humid,Basic,False,False,1495.3,4111327.0
2158.4,1,3,2,Sandy Loam,II,Warm-Humid,Basic,False,False,1293.8,2792538.0
1537.0,1,3,3,Black Cotton,III,Composite,Premium,False,False,3231.2,4966354.0
770.4,1,3,3,Sandy Loam,II,Composite,Standard,False,False,1675.1,1290497.0
2156.4,1,2,3,Sandy Loam,II,Composite,Standard,False,False,1710.8,3689169.0
3482.1,3,3,2,Rocky,V,Warm-Humid,Standard,False,False,1852.1,6449197.0
2191.6,1,2,1,Sandy Loam,II,Composite,Standard,False,False,1828.1,4006464.0
1988.6,1,2,1,Clay,IV,Moderate,Premium,False,False,3427.7,6816324.0
2214.2,1,3,1,Sandy Loam,IV,Composite,Basic,False,False,1594.3,3530099.0
1683.4,2,2,3,Clay,III,Composite,Standard,False,False,1870.7,3149136.0
1101.9,2,2,2,Sandy Loam,IV,Warm-Humid,Basic,False,False,1503.6,1656817.0
2064.4,2,3,1,Sandy Loam,II,Warm-Humid,Standard,False,False,1743.4,3599075.0
730.5,1,5,2,Rocky,III,Hot-Dry,Premium,False,False,2759.7,2015961.0
2637.8,2,2,2,Rocky,II,Composite,Standard,False,False,1640.1,4326256.0
1594.8,1,2,3,Rocky,III,Moderate,Basic,False,False,1213.2,1934811.0
2866.2,2,2,2,Sandy Loam,III,Warm-Humid,Standard,False,False,1787.9,5124479.0
2203.5,2,2,3,Sandy Loam,II,Composite,Basic,False,False,1142.9,2518380.0
1872.4,1,4,1,Black Cotton,III,Composite,Basic,False,False,1849.0,3462068.0
618.1,1,1,2,Black Cotton,II,Moderate,Premium,False,False,3378.9,2088498.0
1167.4,2,2,1,Rocky,III,Moderate,Standard,False,False,1814.0,2117664.0
3952.6,2,2,2,Sandy Loam,II,Cold,Premium,False,False,2254.9,8912718.0
4207.5,2,2,1,Sandy Loam,V,Warm-Humid,Standard,False,False,2084.0,8768430.0
1201.5,1,5,2,Rocky,III,Warm-Humid,Premium,False,False,2707.6,3253181.0
3582.7,2,1,3,Black Cotton,II,Warm-Humid,Luxury,False,False,3769.6,13505346.0
2287.1,2,2,2,Sandy Loam,III,Warm-Humid,Standard,True,False,2024.5,4630234.0
2025.3,1,2,3,Sandy Loam,IV,Composite,Premium,False,False,2792.1,5654840.0
1087.9,1,1,1,Clay,IV,Hot-Dry,Standard,False,False,2315.5,2519032.0
1137.7,2,3,1,Sandy Loam,IV,Hot-Dry,Premium,False,False,3228.1,3672609.0
1077.9,1,2,1,Black Cotton,III,Composite,Luxury,False,True,5503.8,6382546.0
4171.8,3,5,2,Sandy Loam,III,Composite,Premium,False,False,2696.4,11248842.0
2273.6,3,2,1,Rocky,IV,Warm-Humid,Standard,True,False,2383.5,5419126.0
4142.6,2,2,3,Clay,V,Moderate,Luxury,False,False,4761.7,19725818.0
1918.3,2,3,1,Clay,II,Composite,Standard,False,False,2011.9,3859428.0
1811.0,2,2,1,Clay,III,Warm-Humid,Basic,False,False,1467.4,2657461.0
3320.4,2,2,2,Black Cotton,III,Composite,Standard,False,False,2058.6,6835375.0
2448.9,2,3,2,Rocky,II,Warm-Humid,Luxury,True,False,4130.3,10114692.0
546.6,1,3,3,Clay,II,Hot-Dry,Standard,False,False,1899.7,1038376.0
1154.7,1,5,2,Sandy Loam,V,Hot-Dry,Luxury,False,False,4878.7,5633435.0
3662.0,2,4,2,Clay,III,Warm-Humid,Basic,False,False,1433.1,5248012.0
2343.7,1,3,1,Clay,II,Moderate,Standard,False,False,2099.9,4921536.0
2231.3,2,2,1,Sandy Loam,III,Moderate,Standard,False,False,1950.9,4353043.0
4744.4,3,4,2,Rocky,IV,Warm-Humid,Standard,False,False,1911.4,9068446.0
982.8,1,3,2,Clay,III,Hot-Dry,Premium,False,False,2982.6,2931299.0
2614.2,2,2,3,Black Cotton,II,Composite,Standard,False,False,1903.2,4975345.0
1934.5,1,2,2,Clay,IV,Composite,Luxury,False,False,5011.3,9694360.0
2417.0,3,3,1,Sandy Loam,II,Moderate,Standard,False,False,1905.4,4605352.0
1081.2,2,1,2,Sandy Loam,IV,Composite,Standard,False,False,1896.1,2050063.0
1166.3,1,4,3,Sandy Loam,II,Hot-Dry,Premium,False,False,2436.6,2841807.0
1784.5,1,2,1,Sandy Loam,II,Composite,Standard,False,False,1960.2,3497977.0
1889.3,2,2,2,Sandy Loam,IV,Composite,Basic,False,False,1396.6,2638596.0
1360.1,2,2,1,Black Cotton,II,Hot-Dry,Premium,False,False,3348.0,4553615.0
1817.0,2,4,1,Clay,IV,Warm-Humid,Premium,False,False,3394.2,6167261.0
1972.5,2,3,1,Black Cotton,III,Composite,Premium,True,False,3965.5,7821949.0
1927.6,1,4,2,Black Cotton,IV,Moderate,Standard,False,False,2256.3,4349244.0
4168.4,2,5,2,Clay,V,Moderate,Standard,False,False,2030.7,8464770.0
2151.0,1,1,1,Black Cotton,III,Composite,Premium,False,False,3621.7,7790277.0
1667.2,3,1,1,Sandy Loam,III,Composite,Standard,False,False,2140.5,3568642.0
1757.3,1,3,1,Sandy Loam,III,Moderate,Premium,False,False,2917.5,5126923.0
534.5,1,2,1,Sandy Loam,IV,Composite,Standard,False,False,2367.2,1265268.0
847.2,1,2,2,Black Cotton,V,Composite,Standard,False,False,2473.9,2095888.0
2543.4,3,3,2,Rocky,III,Hot-Dry,Standard,False,False,1673.1,4255363.0
1522.0,1,1,3,Sandy Loam,IV,Warm-Humid,Standard,False,False,1755.4,2671719.0
1345.5,1,3,1,Clay,III,Composite,Standard,False,False,2204.6,2966289.0
1850.4,1,2,2,Sandy Loam,IV,Composite,Luxury,False,False,4585.5,8485009.0
1868.4,2,4,2,Clay,III,Warm-Humid,Basic,True,False,1614.6,3016719.0
2092.5,1,3,3,Sandy Loam,IV,Composite,Standard,False,False,1803.7,3774242.0
3253.0,2,2,2,Sandy Loam,II,Composite,Standard,False,False,1652.7,5376233.0
704.5,1,3,1,Clay,V,Warm-Humid,Standard,False,False,2508.5,1767238.0
2964.0,3,3,3,Sandy Loam,IV,Moderate,Premium,False,True,2738.9,8568100.0
6243.2,3,3,3,Rocky,III,Moderate,Standard,False,False,1576.4,9841780.0
1955.1,1,3,2,Black Cotton,IV,Moderate,Standard,False,False,2339.0,4572979.0
3919.6,2,2,2,Rocky,II,Composite,Premium,False,False,2323.2,9106015.0
1020.4,1,2,2,Sandy Loam,II,Composite,Premium,False,False,2626.3,2679877.0
1100.4,2,3,1,Clay,IV,Warm-Humid,Premium,False,False,3468.0,3816187.0
898.9,1,5,2,Sandy Loam,IV,Hot-Dry,Standard,False,False,1906.4,1713663.0
2266.9,2,2,1,Clay,III,Composite,Standard,False,False,1956.8,4435870.0
4406.0,2,4,2,Sandy Loam,II,Composite,Premium,False,False,2427.8,10696887.0
2335.2,1,1,2,Sandy Loam,III,Composite,Standard,False,False,1791.8,4184211.0
807.3,1,2,2,Clay,IV,Composite,Basic,False,False,1540.4,1243565.0
1151.5,2,4,2,Black Cotton,V,Composite,Standard,False,False,2546.6,2932410.0
3061.4,2,3,2,Sandy Loam,V,Moderate,Standard,False,False,1979.1,6058817.0
3205.5,2,3,1,Clay,IV,Hot-Dry,Standard,True,False,2374.2,7610498.0
3465.5,2,2,3,Clay,III,Composite,Standard,False,False,1654.7,5734363.0
1156.1,1,2,1,Clay,III,Moderate,Standard,False,False,2216.8,2562842.0
5476.5,3,3,3,Clay,IV,Composite,Premium,False,True,2905.4,16361423.0
4229.0,2,3,1,Clay,II,Composite,Standard,False,False,1898.5,8028756.0
1366.6,1,1,1,Sandy Loam,IV,Hot-Dry,Standard,False,False,2207.9,3017316.0
831.4,1,3,3,Sandy Loam,II,Composite,Premium,False,False,2441.1,2029531.0
3161.0,2,2,3,Rocky,V,Composite,Luxury,False,True,3826.6,12545883.0
1902.9,1,2,2,Black Cotton,II,Hot-Dry,Standard,False,False,2196.1,4178959.0
6163.3,3,2,2,Black Cotton,IV,Composite,Luxury,False,False,5495.9,33872880.0
2985.8,2,2,3,Rocky,II,Composite,Standard,False,False,1501.2,4482283.0
512.6,1,1,1,Clay,II,Warm-Humid,Standard,False,False,2208.7,1132180.0
1853.8,2,3,2,Sandy Loam,II,Composite,Standard,False,False,1771.8,3284563.0
2142.1,3,4,1,Black Cotton,III,Cold,Luxury,True,False,6639.8,14223116.0
2554.4,2,2,3,Sandy Loam,IV,Warm-Humid,Standard,False,False,1736.4,4435460.0
2440.7,2,2,1,Clay,III,Moderate,Luxury,False,True,4726.3,11985480.0
689.8,1,4,1,Clay,IV,Composite,Standard,False,False,2344.9,1617512.0
1759.9,1,2,2,Clay,II,Composite,Standard,False,False,2058.3,3622402.0
5863.7,3,2,1,Sandy Loam,II,Hot-Dry,Premium,False,False,2871.2,16835855.0
1979.1,3,3,2,Sandy Loam,IV,Warm-Humid,Standard,False,False,2043.2,4043697.0
910.7,2,2,2,Clay,V,Warm-Humid,Standard,False,False,2088.9,1902361.0
937.5,1,4,2,Sandy Loam,V,Warm-Humid,Standard,False,False,2077.0,1947188.0
1358.3,1,2,1,Clay,III,Hot-Dry,Basic,False,False,1605.1,2180207.0
6325.3,3,2,3,Black Cotton,IV,Moderate,Premium,False,False,3159.6,19985418.0
1325.7,2,4,2,Sandy Loam,III,Hot-Dry,Standard,False,False,1728.5,2291472.0
4812.8,3,2,1,Black Cotton,IV,Composite,Basic,False,False,1884.5,9069722.0
4770.8,3,2,3,Black Cotton,III,Moderate,Standard,False,False,2018.8,9631291.0
2183.2,1,4,2,Sandy Loam,III,Cold,Standard,False,False,1902.9,4154411.0
1618.5,1,2,3,Clay,V,Composite,Basic,False,False,1572.1,2544444.0
1601.6,1,1,3,Rocky,III,Warm-Humid,Standard,False,False,1725.3,2763240.0
1182.3,1,4,1,Sandy Loam,V,Composite,Basic,False,False,1668.1,1972195.0
3552.8,2,1,2,Sandy Loam,III,Composite,Premium,False,False,2609.2,9269966.0
1123.9,2,3,2,Clay,V,Composite,Standard,False,False,2348.0,2638917.0
966.1,2,3,1,Rocky,II,Warm-Humid,Basic,False,False,1362.0,1315828.0
1678.3,1,4,1,Black Cotton,V,Warm-Humid,Basic,False,False,1912.1,3209077.0
2167.8,2,1,1,Clay,V,Composite,Standard,False,False,2453.0,5317613.0
4584.5,2,2,1,Sandy Loam,IV,Warm-Humid,Basic,True,False,1690.8,7751473.0
2042.4,1,1,1,Rocky,II,Hot-Dry,Luxury,False,False,4345.5,8875249.0
1537.9,1,2,1,Clay,III,Warm-Humid,Standard,False,False,2347.6,3610374.0
2379.2,1,3,2,Sandy Loam,II,Warm-Humid,Premium,False,False,2519.3,5993919.0
2764.9,2,2,3,Rocky,II,Composite,Standard,True,False,1789.6,4948065.0
4739.9,2,3,2,Rocky,II,Composite,Standard,False,False,1475.3,6992774.0
1770.0,1,3,3,Sandy Loam,IV,Composite,Standard,False,False,1848.2,3271314.0
2088.4,3,3,1,Black Cotton,III,Composite,Standard,False,False,2377.1,4964336.0
3522.9,2,3,1,Black Cotton,III,Cold,Standard,False,False,2330.7,8210823.0
2256.4,3,3,2,Sandy Loam,III,Composite,Luxury,False,False,4165.6,9399260.0
982.8,2,3,1,Sandy Loam,IV,Cold,Premium,False,False,3160.8,3106434.0
3426.1,2,4,3,Rocky,IV,Composite,Standard,False,False,1608.0,5509169.0
2611.6,3,3,2,Black Cotton,IV,Cold,Luxury,False,False,5326.9,13911732.0
2598.9,2,3,1,Clay,IV,Composite,Luxury,True,False,5500.9,14296289.0
580.6,1,3,3,Sandy Loam,II,Warm-Humid,Premium,False,False,2662.0,1545557.0
729.0,1,3,2,Black Cotton,II,Composite,Luxury,False,False,4945.4,3605197.0
3901.5,2,4,1,Sandy Loam,III,Composite,Basic,False,False,1384.8,5402797.0
4651.6,2,2,3,Clay,III,Hot-Dry,Standard,True,False,1891.2,8797106.0
1741.8,1,3,2,Clay,IV,Moderate,Standard,False,False,2235.1,3893097.0
4845.5,3,2,1,Sandy Loam,II,Composite,Premium,True,False,3320.7,16090452.0
2328.4,1,2,2,Sandy Loam,II,Warm-Humid,Standard,False,False,1839.3,4282626.0
1998.7,1,3,1,Clay,IV,Composite,Standard,False,False,2359.5,4715933.0
3032.7,2,2,1,Black Cotton,III,Warm-Humid,Premium,False,False,3485.6,10570779.0
1970.7,1,2,1,Clay,II,Moderate,Basic,False,False,1545.5,3045717.0
5602.0,3,2,1,Rocky,III,Hot-Dry,Luxury,False,False,4413.2,24722746.0
2542.3,2,2,2,Sandy Loam,IV,Composite,Premium,False,False,2592.9,6591930.0
2386.8,1,3,2,Sandy Loam,III,Moderate,Luxury,False,False,4427.5,10567557.0
1210.4,2,1,3,Black Cotton,II,Composite,Premium,False,False,2870.6,3474574.0
1001.4,1,4,2,Sandy Loam,II,Composite,Standard,False,False,1891.9,1894549.0
2174.6,3,3,2,Sandy Loam,V,Warm-Humid,Basic,False,False,1503.2,3268859.0
2956.1,2,3,2,Clay,III,Composite,Standard,False,False,1928.1,5699656.0
1352.7,2,2,3,Black Cotton,III,Composite,Standard,False,False,2104.4,2846622.0
745.3,1,3,2,Black Cotton,II,Moderate,Standard,False,False,2263.6,1687061.0
2977.8,2,2,1,Sandy Loam,III,Moderate,Standard,False,False,1851.3,5512801.0
4520.9,2,2,1,Sandy Loam,V,Composite,Standard,False,False,2000.3,9043156.0
1270.4,1,1,3,Black Cotton,IV,Composite,Premium,False,False,3235.4,4110252.0
4725.8,2,1,2,Black Cotton,V,Composite,Standard,False,False,2233.8,10556492.0
2149.7,3,4,1,Sandy Loam,III,Warm-Humid,Luxury,False,False,4685.1,10071559.0
506.7,1,3,2,Clay,V,Warm-Humid,Basic,False,False,1761.4,892501.0
2855.5,2,1,2,Sandy Loam,III,Hot-Dry,Standard,True,False,1925.4,5497980.0
1508.7,2,2,2,Rocky,III,Composite,Standard,False,False,1747.0,2635699.0
1674.1,2,2,1,Clay,IV,Composite,Basic,False,False,1684.8,2820524.0
7155.4,3,2,1,Rocky,II,Warm-Humid,Standard,False,False,1854.8,13271836.0
2159.9,1,1,2,Sandy Loam,II,Composite,Standard,False,False,1730.0,3736627.0
2329.5,1,3,2,Sandy Loam,II,Warm-Humid,Luxury,False,False,4099.5,9549785.0
1212.0,2,2,1,Sandy Loam,II,Composite,Premium,False,False,2771.6,3359179.0
1280.1,2,3,2,Black Cotton,IV,Composite,Standard,False,False,2484.2,3180024.0
2380.1,1,1,1,Clay,III,Warm-Humid,Standard,False,False,2301.7,5478276.0
4032.9,2,4,2,Black Cotton,II,Moderate,Standard,False,False,1986.9,8012969.0
2277.5,1,3,2,Sandy Loam,II,Composite,Standard,False,False,1868.4,4255281.0
7131.7,3,1,1,Clay,III,Hot-Dry,Standard,False,False,2113.6,15073561.0
1256.3,1,3,1,Black Cotton,V,Composite,Basic,False,False,1961.8,2464609.0
2639.1,2,2,2,Sandy Loam,II,Cold,Luxury,False,False,3728.2,9839093.0
2046.7,1,2,2,Rocky,III,Composite,Standard,False,False,1810.3,3705141.0
5192.6,3,3,1,Sandy Loam,IV,Hot-Dry,Standard,False,False,2182.4,11332330.0
1173.8,1,1,2,Black Cotton,II,Warm-Humid,Standard,False,False,2216.5,2601728.0
1767.8,2,2,2,Rocky,II,Hot-Dry,Premium,False,False,2374.4,4197464.0
6701.6,3,2,1,Clay,II,Cold,Standard,False,False,1951.0,13074822.0
3811.6,2,3,1,Sandy Loam,III,Warm-Humid,Standard,False,False,1846.6,7038501.0
1569.9,1,3,3,Sandy Loam,III,Composite,Premium,False,False,2661.4,4178132.0
3176.3,2,2,1,Sandy Loam,IV,Composite,Premium,False,False,2883.0,9157273.0
1328.2,2,2,2,Clay,III,Composite,Standard,False,False,2113.4,2807018.0
2742.9,2,1,1,Sandy Loam,IV,Composite,Premium,False,False,2782.7,7632668.0
1786.5,2,2,2,Clay,III,Moderate,Premium,True,False,3320.3,5931716.0
1205.6,1,3,2,Sandy Loam,II,Moderate,Standard,False,False,1869.6,2253990.0
2175.0,1,3,1,Sandy Loam,IV,Composite,Standard,False,False,2310.7,5025772.0
4747.6,3,3,1,Sandy Loam,IV,Composite,Standard,False,False,2162.2,10265261.0
3617.6,2,1,1,Black Cotton,III,Warm-Humid,Premium,False,False,3349.7,12117875.0
2240.2,1,3,1,Sandy Loam,IV,Hot-Dry,Premium,False,False,3061.9,6859268.0
1623.2,2,2,1,Rocky,II,Hot-Dry,Standard,True,False,2074.5,3367328.0
2188.3,1,2,1,Black Cotton,IV,Warm-Humid,Standard,False,False,2478.9,5424577.0
7077.6,3,2,2,Rocky,V,Composite,Basic,True,True,1680.4,12343199.0
1320.8,2,4,3,Black Cotton,IV,Moderate,Standard,False,False,2068.2,2731679.0
2850.7,2,3,2,Sandy Loam,III,Composite,Standard,False,False,1794.8,5116436.0
571.8,1,3,3,Black Cotton,V,Hot-Dry,Standard,False,False,2292.1,1310623.0
821.2,1,3,2,Rocky,III,Hot-Dry,Standard,False,False,1904.1,1563647.0
3657.6,2,2,2,Sandy Loam,III,Warm-Humid,Standard,False,False,1600.8,5855086.0
1778.8,1,2,2,Black Cotton,II,Cold,Basic,False,False,1643.2,2922924.0
1405.3,1,2,1,Rocky,III,Composite,Standard,False,False,1954.2,2746237.0
1554.2,2,4,2,Black Cotton,II,Warm-Humid,Standard,False,False,2235.0,3473637.0
4696.0,2,2,3,Rocky,II,Composite,Standard,False,False,1428.3,6707297.0
3419.1,3,2,2,Clay,II,Composite,Premium,True,False,3379.0,11553139.0
4156.7,2,2,2,Clay,II,Composite,Standard,True,False,2030.2,8438932.0
1997.3,1,2,1,Black Cotton,II,Composite,Basic,False,False,1757.5,3510255.0
4537.1,3,1,3,Sandy Loam,IV,Moderate,Basic,False,False,1372.0,6224901.0
1740.1,2,3,1,Clay,III,Composite,Standard,False,False,1932.4,3362569.0
2274.7,2,3,1,Clay,IV,Warm-Humid,Premium,False,False,3061.3,6963539.0
1561.2,2,2,2,Sandy Loam,III,Composite,Standard,True,False,2013.2,3143008.0
3103.6,2,4,2,Clay,III,Composite,Premium,True,False,2987.1,9270764.0
4464.6,3,3,1,Black Cotton,II,Warm-Humid,Standard,False,True,2165.1,10116305.0
4207.9,2,2,2,Sandy Loam,II,Warm-Humid,Standard,False,False,1734.4,7298182.0
2577.8,2,2,1,Sandy Loam,II,Moderate,Luxury,False,False,4520.2,11652172.0
1661.3,1,1,2,Clay,II,Composite,Premium,False,False,2690.5,4469728.0
1977.3,1,2,1,Sandy Loam,III,Hot-Dry,Premium,False,False,2987.6,5907381.0
2008.4,1,3,2,Sandy Loam,III,Composite,Luxury,False,False,4341.4,8719268.0
903.2,1,3,3,Sandy Loam,II,Moderate,Standard,False,False,1731.4,1563800.0
2028.2,1,2,1,Sandy Loam,III,Hot-Dry,Standard,False,False,1935.0,3924567.0
2296.0,1,1,2,Black Cotton,II,Hot-Dry,Standard,False,False,2170.6,4983698.0
2652.2,3,3,2,Black Cotton,III,Hot-Dry,Luxury,False,False,5219.7,13843688.0
774.1,1,3,1,Sandy Loam,III,Warm-Humid,Luxury,False,False,4874.2,3773118.0
487.9,1,4,1,Clay,V,Composite,Basic,False,False,1809.4,882806.0
3961.6,2,2,1,Sandy Loam,II,Composite,Standard,False,False,1847.7,7319848.0
636.8,1,4,2,Sandy Loam,III,Composite,Premium,False,False,2856.4,1818956.0
3444.1,2,1,2,Sandy Loam,III,Composite,Standard,False,False,1720.6,5925918.0
2236.7,1,3,2,Black Cotton,III,Composite,Standard,False,False,2255.8,5045548.0
2626.3,3,3,1,Black Cotton,III,Composite,Luxury,False,False,5464.0,14350103.0
737.4,1,3,2,Sandy Loam,III,Warm-Humid,Basic,False,False,1339.7,987895.0
5556.4,3,5,1,Clay,II,Warm-Humid,Standard,False,False,2246.8,12484120.0
2011.2,1,3,3,Sandy Loam,IV,Composite,Premium,False,False,2692.9,5415960.0
2793.0,3,3,1,Sandy Loam,IV,Composite,Standard,False,False,2140.0,5977020.0
3026.7,2,2,1,Clay,IV,Moderate,Premium,False,False,3004.0,9092207.0
4342.3,2,5,3,Clay,II,Moderate,Standard,False,False,1667.6,7241219.0
1711.0,2,2,2,Sandy Loam,II,Composite,Standard,False,False,1822.3,3117955.0
4186.2,2,2,1,Black Cotton,III,Composite,Premium,False,False,3256.3,13631523.0
2922.2,2,2,2,Sandy Loam,III,Composite,Luxury,True,False,4712.6,13771160.0
763.8,1,3,1,Sandy Loam,II,Composite,Basic,False,False,1557.0,1189237.0
1977.4,2,3,1,Rocky,II,Moderate,Premium,False,False,2549.6,5041579.0
898.9,1,4,2,Black Cotton,II,Hot-Dry,Standard,False,False,2116.0,1902072.0
1633.6,1,3,2,Sandy Loam,III,Composite,Basic,False,False,1310.9,2141486.0
5350.9,3,4,3,Rocky,IV,Hot-Dry,Basic,True,False,1382.3,7396549.0
877.0,1,2,2,Rocky,II,Composite,Standard,False,False,1821.5,1597456.0
947.5,2,1,2,Clay,II,Composite,Premium,False,False,2883.1,2731737.0
1638.6,3,3,1,Sandy Loam,V,Composite,Premium,False,False,3518.2,5764923.0
3023.2,2,3,1,Black Cotton,III,Warm-Humid,Standard,False,False,2150.6,6501694.0
1713.3,1,3,2,Black Cotton,II,Moderate,Standard,False,False,2180.5,3735851.0
1677.3,1,3,3,Sandy Loam,V,Warm-Humid,Basic,False,False,1383.5,2320545.0
1427.2,1,1,2,Rocky,II,Cold,Standard,False,False,1703.1,2430664.0
1847.1,3,3,2,Sandy Loam,III,Cold,Standard,False,False,2015.3,3722461.0
1206.5,1,4,1,Clay,II,Composite,Premium,False,False,3159.8,3812299.0
1004.7,1,4,3,Sandy Loam,V,Warm-Humid,Standard,False,False,1949.3,1958462.0
1592.5,1,2,2,Black Cotton,IV,Moderate,Premium,False,False,3612.3,5752588.0
1681.1,1,3,3,Black Cotton,II,Warm-Humid,Premium,False,False,3063.3,5149714.0
2155.4,1,2,3,Rocky,II,Composite,Luxury,False,False,3416.5,7363924.0
4621.0,3,3,2,Black Cotton,V,Composite,Standard,False,False,2329.9,10766468.0
3987.2,3,2,2,Clay,II,Composite,Premium,False,False,2810.0,11204032.0
3087.2,3,3,2,Black Cotton,III,Composite,Premium,False,True,3390.4,10916843.0
4026.4,2,2,2,Sandy Loam,II,Composite,Standard,False,False,1701.5,6850920.0
1946.5,1,5,2,Black Cotton,III,Hot-Dry,Luxury,False,True,4983.3,10149993.0
6012.3,3,2,2,Sandy Loam,V,Warm-Humid,Standard,False,False,2153.8,12949292.0
2375.8,1,2,2,Clay,II,Warm-Humid,Standard,False,False,1803.5,4284755.0
3454.1,2,3,2,Clay,II,Composite,Standard,True,False,2070.8,7152750.0
1395.7,1,3,2,Clay,V,Warm-Humid,Luxury,False,False,5016.6,7001669.0
1347.5,1,3,2,Black Cotton,IV,Hot-Dry,Basic,False,False,1731.0,2332522.0
3770.4,2,2,2,Rocky,II,Hot-Dry,Standard,False,False,1603.1,6044328.0
4131.2,2,2,2,Black Cotton,II,Composite,Standard,False,False,2029.7,8385097.0
2730.8,2,3,1,Sandy Loam,IV,Composite,Premium,False,False,2934.2,8012713.0
627.3,1,2,1,Clay,V,Hot-Dry,Premium,False,False,4264.9,2675372.0
3071.5,2,3,2,Rocky,III,Composite,Standard,False,False,1601.5,4919007.0
4430.6,2,2,1,Sandy Loam,III,Composite,Standard,False,False,1834.6,8128379.0
668.2,1,2,2,Clay,III,Composite,Standard,False,False,2088.8,1395736.0
2253.7,1,4,2,Rocky,II,Moderate,Basic,False,False,1235.3,2783996.0
1539.2,1,3,2,Rocky,IV,Moderate,Standard,False,False,1902.6,2928482.0
1271.4,1,2,1,Black Cotton,III,Warm-Humid,Standard,False,False,2512.8,3194774.0
4634.8,2,1,1,Sandy Loam,III,Composite,Standard,False,False,1776.7,8234649.0
4378.6,2,4,3,Sandy Loam,IV,Composite,Standard,False,False,1716.7,7516743.0
1788.7,1,2,1,Sandy Loam,IV,Moderate,Premium,False,False,3227.6,5773208.0
1361.8,2,2,1,Black Cotton,V,Hot-Dry,Standard,False,False,2574.9,3506499.0
4085.4,2,2,3,Rocky,III,Composite,Standard,False,False,1464.2,5981843.0
1145.2,1,5,1,Clay,II,Moderate,Luxury,False,False,5133.8,5879228.0
3103.5,2,2,1,Black Cotton,IV,Hot-Dry,Standard,False,False,2365.7,7341950.0
1667.8,1,3,1,Clay,III,Composite,Standard,False,False,2301.0,3837608.0
3251.9,2,1,2,Sandy Loam,IV,Hot-Dry,Standard,False,False,1804.5,5868054.0
4159.7,3,4,2,Clay,IV,Hot-Dry,Standard,False,False,2108.2,8769480.0
4730.1,2,1,1,Rocky,IV,Composite,Standard,True,False,2114.0,9999431.0
3305.8,2,3,3,Sandy Loam,IV,Hot-Dry,Standard,False,False,1696.4,5607959.0
2350.6,3,3,1,Clay,III,Composite,Premium,False,False,3294.7,7744522.0
3249.4,3,1,3,Clay,IV,Composite,Premium,True,False,3378.4,10977773.0
2240.7,1,2,2,Clay,II,Warm-Humid,Luxury,False,False,4413.2,9888657.0
1309.5,2,4,1,Clay,II,Moderate,Luxury,False,False,4898.7,6414848.0
1997.5,1,3,1,Black Cotton,III,Composite,Premium,False,False,3661.8,7314446.0
1348.6,2,5,2,Rocky,IV,Warm-Humid,Basic,True,False,1491.0,2010763.0
3056.6,2,3,1,Sandy Loam,III,Composite,Standard,False,False,1949.3,5958230.0
3898.4,2,5,2,Rocky,V,Composite,Premium,False,False,2756.3,10745160.0
3555.4,2,2,2,Black Cotton,II,Hot-Dry,Luxury,False,False,4316.6,15347240.0
1777.6,2,3,1,Sandy Loam,III,Composite,Premium,True,False,3265.4,5804575.0
1531.6,1,2,1,Clay,III,Composite,Standard,False,False,2207.5,3381007.0
528.8,1,2,1,Sandy Loam,II,Hot-Dry,Premium,False,False,3047.1,1611306.0
1531.8,1,2,2,Sandy Loam,IV,Moderate,Basic,False,False,1476.4,2261550.0
2272.9,3,3,3,Rocky,III,Hot-Dry,Luxury,False,False,3654.1,8305404.0
2364.6,3,3,2,Clay,II,Cold,Premium,False,False,2787.6,6591559.0
1692.8,1,4,1,Black Cotton,II,Hot-Dry,Standard,False,False,2331.5,3946763.0
1498.4,1,1,1,Sandy Loam,II,Warm-Humid,Premium,False,False,2837.0,4250961.0
5405.0,3,3,1,Black Cotton,V,Hot-Dry,Standard,False,True,2640.8,14723524.0
1426.6,1,2,2,Sandy Loam,III,Warm-Humid,Standard,False,False,1904.6,2717102.0
2120.8,1,3,1,Sandy Loam,II,Warm-Humid,Premium,False,False,2863.5,6072911.0
1942.2,1,3,1,Clay,II,Warm-Humid,Premium,False,False,3048.9,5921574.0
4113.6,2,2,1,Clay,III,Composite,Basic,False,False,1419.2,5838021.0
6469.0,3,3,1,Clay,IV,Warm-Humid,Basic,False,True,1574.0,10632206.0
1881.7,1,4,1,Clay,II,Hot-Dry,Basic,False,False,1561.5,2938275.0
4398.8,2,2,1,Black Cotton,II,Warm-Humid,Standard,False,False,2077.3,9137627.0
494.4,1,2,1,Sandy Loam,II,Hot-Dry,Standard,False,False,1947.2,962696.0
2128.9,1,4,2,Sandy Loam,II,Composite,Standard,False,False,1792.0,3814989.0
2185.6,2,3,1,Black Cotton,III,Composite,Standard,False,False,2156.9,4714121.0
1328.0,1,2,1,Rocky,III,Composite,Basic,False,False,1543.2,2049370.0
2832.5,2,5,2,Sandy Loam,V,Composite,Standard,True,False,2107.7,5970060.0
2311.6,1,4,3,Sandy Loam,V,Hot-Dry,Luxury,False,False,4342.8,10038816.0
1903.8,2,2,1,Rocky,II,Composite,Standard,False,False,1765.0,3360207.0
3144.4,2,3,3,Sandy Loam,IV,Composite,Standard,False,False,1728.6,5435410.0
3753.1,2,3,2,Sandy Loam,III,Composite,Standard,False,False,1654.9,6211005.0
1852.0,1,2,2,Clay,III,Composite,Basic,False,False,1530.6,2834671.0
561.3,1,3,3,Sandy Loam,II,Hot-Dry,Basic,False,False,1378.7,773864.0
2100.3,1,2,2,Clay,IV,Composite,Basic,False,False,1551.8,3259246.0
472.3,1,2,2,Sandy Loam,III,Hot-Dry,Premium,False,False,3044.4,1437870.0
1198.5,1,4,1,Sandy Loam,IV,Composite,Premium,False,False,3016.4,3615155.0
4325.0,3,2,1,Black Cotton,III,Composite,Premium,False,False,3354.9,14509942.0
4028.9,3,4,1,Sandy Loam,III,Composite,Basic,False,False,1453.8,5857215.0
2472.6,2,1,2,Rocky,II,Hot-Dry,Standard,False,False,1591.6,3935390.0
3922.3,2,2,1,Black Cotton,II,Hot-Dry,Basic,False,False,1589.8,6235673.0
3939.5,2,3,2,Sandy Loam,II,Cold,Standard,False,False,1667.5,6569116.0
1272.8,2,3,3,Clay,IV,Hot-Dry,Standard,False,False,1967.1,2503725.0
4227.3,2,3,1,Clay,III,Hot-Dry,Standard,False,False,2018.0,8530691.0
1245.4,1,2,1,Black Cotton,IV,Warm-Humid,Standard,False,False,2709.8,3374785.0
1144.7,1,2,2,Black Cotton,III,Composite,Basic,False,False,1563.4,1789624.0
3961.6,2,3,1,Sandy Loam,III,Warm-Humid,Standard,False,False,1933.1,7658169.0
2341.4,1,4,2,Rocky,II,Composite,Premium,False,False,2490.6,5831491.0
999.5,1,2,2,Sandy Loam,IV,Hot-Dry,Luxury,False,False,4604.4,4602098.0
2161.7,2,3,1,Clay,II,Composite,Standard,False,False,1924.8,4160840.0
1045.2,1,3,1,Sandy Loam,V,Moderate,Basic,False,False,1701.2,1778094.0
459.3,1,2,3,Black Cotton,III,Warm-Humid,Premium,False,False,3227.8,1482529.0
2924.0,2,4,1,Sandy Loam,III,Cold,Standard,True,False,2032.8,5943907.0
2010.0,2,3,1,Clay,II,Moderate,Standard,True,False,2221.8,4465818.0
4273.8,3,2,2,Black Cotton,II,Warm-Humid,Premium,False,True,3177.4,14029572.0
1405.7,1,3,2,Sandy Loam,II,Warm-Humid,Standard,False,False,1812.9,2548394.0
1110.4,1,3,1,Sandy Loam,II,Composite,Basic,False,False,1316.5,1461842.0
1004.8,1,2,3,Clay,II,Composite,Luxury,False,False,4511.9,4533557.0
1235.5,1,1,1,Sandy Loam,II,Moderate,Basic,False,False,1507.5,1862516.0
4186.4,2,3,1,Rocky,II,Composite,Standard,False,False,1675.0,7012220.0
2252.1,1,3,2,Sandy Loam,III,Warm-Humid,Basic,False,False,1367.9,3080648.0
1388.2,1,3,2,Black Cotton,II,Hot-Dry,Luxury,False,False,5132.4,7124798.0
2501.2,2,4,2,Sandy Loam,III,Composite,Basic,False,False,1266.1,3166769.0
3339.8,2,4,1,Rocky,III,Warm-Humid,Basic,False,False,1345.2,4492699.0
1199.5,1,4,1,Clay,III,Hot-Dry,Basic,False,False,1590.5,1907805.0
3697.7,2,2,2,Sandy Loam,V,Hot-Dry,Premium,False,False,2879.1,10646048.0
977.6,1,5,1,Sandy Loam,V,Cold,Basic,False,False,1650.4,1613431.0
2360.4,1,2,1,Sandy Loam,II,Moderate,Standard,False,False,1902.0,4489481.0
2189.5,3,5,1,Rocky,II,Warm-Humid,Standard,False,True,1789.2,4367453.0
1367.3,1,2,2,Black Cotton,III,Moderate,Basic,False,False,1737.6,2375820.0
2374.9,1,2,3,Sandy Loam,III,Composite,Basic,False,False,1222.2,2902603.0
2144.8,1,2,2,Sandy Loam,V,Hot-Dry,Basic,False,False,1489.4,3194465.0
1441.0,1,2,3,Clay,III,Composite,Standard,False,False,1732.0,2495812.0
4056.6,2,2,1,Sandy Loam,III,Warm-Humid,Basic,False,False,1399.2,5675995.0
1396.4,1,2,2,Clay,IV,Moderate,Basic,False,False,1608.1,2245551.0
4113.7,2,2,2,Rocky,II,Composite,Standard,False,False,1591.6,6547365.0
2581.3,2,2,1,Rocky,II,Composite,Standard,False,False,1709.8,4413507.0
635.1,1,3,2,Sandy Loam,IV,Cold,Luxury,False,False,4695.3,2981985.0
1446.0,1,2,1,Clay,IV,Moderate,Premium,False,False,3435.7,4968022.0
3435.3,2,2,2,Black Cotton,III,Warm-Humid,Premium,False,False,3012.7,10349528.0
6387.8,3,2,1,Sandy Loam,V,Composite,Standard,False,False,2160.9,13803397.0
3967.1,2,2,1,Clay,II,Composite,Standard,False,False,1952.0,7743779.0
1169.7,1,2,1,Sandy Loam,V,Composite,Standard,False,False,2310.5,2702592.0
1458.7,1,5,2,Sandy Loam,IV,Hot-Dry,Standard,False,False,2070.5,3020238.0
2415.5,3,3,2,Clay,II,Composite,Standard,False,True,1880.6,4992589.0
1188.6,1,3,1,Sandy Loam,V,Composite,Luxury,False,False,5365.6,6377552.0
645.6,1,3,2,Sandy Loam,II,Composite,Standard,False,False,1955.9,1262729.0
1448.6,1,4,1,Clay,III,Hot-Dry,Standard,False,False,2170.2,3143752.0
4227.2,2,3,1,Black Cotton,III,Warm-Humid,Standard,False,False,2130.7,9006895.0
909.2,2,1,1,Black Cotton,V,Composite,Standard,False,False,2592.2,2356828.0
2004.2,1,2,3,Sandy Loam,II,Moderate,Standard,False,False,1602.9,3212532.0
2551.6,3,4,1,Sandy Loam,II,Hot-Dry,Standard,False,False,1884.6,4808745.0
541.7,1,3,1,Clay,IV,Composite,Basic,False,False,1692.8,916990.0
3321.1,2,3,1,Black Cotton,II,Moderate,Standard,False,False,2064.4,6856079.0
3460.7,2,2,3,Sandy Loam,II,Moderate,Basic,False,False,1063.9,3681839.0
1314.4,2,3,2,Rocky,IV,Warm-Humid,Basic,False,False,1343.8,1766291.0
546.6,1,1,3,Rocky,IV,Hot-Dry,Standard,False,False,1891.0,1033621.0
733.9,1,4,3,Sandy Loam,IV,Cold,Premium,False,False,2890.1,2121044.0
554.1,1,4,2,Sandy Loam,IV,Composite,Premium,False,False,3103.5,1719649.0
2483.0,2,5,1,Sandy Loam,III,Composite,Standard,False,False,1861.5,4622104.0
3625.6,2,3,3,Clay,III,Composite,Basic,False,False,1219.4,4421057.0
2781.4,3,1,2,Sandy Loam,IV,Composite,Premium,False,True,3036.1,8894609.0
948.6,2,3,2,Sandy Loam,II,Moderate,Premium,False,False,2617.0,2482486.0
1534.6,3,4,3,Clay,III,Moderate,Basic,True,False,1497.5,2298064.0
1158.6,1,2,2,Sandy Loam,IV,Cold,Standard,False,False,2030.0,2351958.0
2483.1,3,1,1,Sandy Loam,III,Composite,Standard,False,False,2063.9,5124870.0
2211.1,1,1,2,Clay,II,Composite,Standard,False,False,2043.5,4518383.0
2556.8,3,5,1,Black Cotton,III,Composite,Luxury,False,False,5296.9,13543114.0
2226.1,2,4,1,Black Cotton,III,Hot-Dry,Premium,False,False,3239.0,7210338.0
4777.2,2,2,2,Clay,IV,Composite,Standard,False,False,1931.5,9227162.0
1130.4,1,2,3,Sandy Loam,II,Composite,Premium,False,False,2484.1,2808027.0
2061.6,1,3,2,Clay,III,Composite,Standard,False,False,1998.0,4119077.0
5159.2,3,2,2,Sandy Loam,V,Composite,Standard,True,False,2190.9,11303291.0
2034.3,1,2,3,Black Cotton,III,Hot-Dry,Premium,False,False,2997.7,6098221.0
1314.3,2,2,2,Black Cotton,III,Composite,Basic,False,False,1601.2,2104457.0
4223.4,3,3,1,Clay,II,Warm-Humid,Premium,False,False,3152.7,13315113.0
4612.6,3,2,1,Sandy Loam,II,Cold,Standard,False,False,1838.9,8482110.0
3897.6,2,4,1,Rocky,IV,Moderate,Premium,False,False,2797.6,10903926.0
1880.3,1,4,2,Sandy Loam,IV,Warm-Humid,Luxury,False,False,4479.1,8422052.0
1746.0,1,3,2,Sandy Loam,II,Composite,Standard,False,False,1868.8,3262925.0
3659.4,2,4,2,Clay,III,Composite,Standard,False,False,1898.4,6947005.0
1169.9,1,3,1,Sandy Loam,IV,Composite,Standard,False,False,2104.6,2462172.0
2328.9,2,1,2,Black Cotton,V,Composite,Standard,False,False,2301.4,5359730.0
1095.5,2,4,1,Clay,II,Moderate,Standard,False,False,2081.5,2280283.0
2097.9,2,2,2,Sandy Loam,II,Moderate,Luxury,True,False,4382.5,9194047.0
6944.6,3,2,2,Clay,IV,Warm-Humid,Standard,False,False,2080.4,14447546.0
3516.4,2,2,2,Clay,V,Moderate,Standard,True,False,2379.8,8368329.0
1135.4,1,4,1,Black Cotton,III,Hot-Dry,Standard,False,False,2553.4,2899130.0
2893.2,3,3,1,Sandy Loam,III,Cold,Basic,False,False,1424.6,4121653.0
1920.8,2,2,1,Black Cotton,V,Composite,Basic,False,False,1928.9,3705031.0
1175.7,2,3,1,Clay,II,Composite,Standard,False,False,1933.5,2273216.0
1040.4,1,3,1,Black Cotton,II,Warm-Humid,Luxury,False,False,5429.3,5648644.0
4148.9,3,3,2,Sandy Loam,III,Warm-Humid,Basic,False,True,1417.6,6331481.0
1953.6,2,5,2,Clay,II,Warm-Humid,Premium,False,False,2859.3,5585928.0
2106.4,1,1,1,Black Cotton,IV,Composite,Standard,False,False,2639.5,5559843.0
4969.5,3,5,1,Black Cotton,II,Moderate,Standard,False,False,2236.8,11115778.0
977.6,1,1,1,Sandy Loam,III,Warm-Humid,Standard,False,False,2020.2,1974948.0
847.7,1,3,1,Sandy Loam,II,Hot-Dry,Standard,False,False,1944.3,1648183.0
1069.0,1,2,2,Sandy Loam,III,Moderate,Standard,False,False,1880.7,2010468.0
3498.6,2,2,3,Sandy Loam,II,Composite,Premium,False,False,2256.1,7893191.0
3769.2,2,3,3,Sandy Loam,IV,Moderate,Premium,False,False,2382.1,8978611.0
1198.3,2,3,2,Clay,IV,Hot-Dry,Luxury,False,True,4767.8,6163255.0
3556.1,2,3,2,Black Cotton,II,Moderate,Luxury,False,True,4682.6,17101794.0
539.1,1,1,1,Black Cotton,IV,Composite,Standard,False,False,2539.9,1369260.0
587.6,1,2,1,Sandy Loam,III,Moderate,Basic,False,False,1591.1,934930.0
3468.0,2,3,1,Sandy Loam,III,Hot-Dry,Standard,False,False,1922.7,6667924.0
4780.1,3,1,1,Black Cotton,III,Composite,Basic,False,False,1732.7,8282479.0
2519.6,2,1,2,Clay,III,Warm-Humid,Standard,False,False,1849.2,4659244.0
2093.3,3,3,2,Sandy Loam,III,Composite,Standard,False,False,1969.3,4122336.0
564.2,1,1,1,Black Cotton,III,Hot-Dry,Basic,False,False,1834.4,1034968.0
2271.2,1,3,1,Rocky,III,Cold,Standard,False,False,1962.1,4456322.0
2336.2,1,1,1,Sandy Loam,IV,Composite,Standard,False,False,2119.2,4950875.0
