built_up_area_sqft,floors,bhk,city_tier,log_built_up_area,area_per_floor,area_per_bhk,is_multi_story,structural_complexity,soil_type_Black Cotton,soil_type_Clay,soil_type_Rocky,soil_type_Sandy Loam,seismic_zone_II,seismic_zone_III,seismic_zone_IV,seismic_zone_V,climate_zone_Cold,climate_zone_Composite,climate_zone_Hot-Dry,climate_zone_Moderate,climate_zone_Warm-Humid,finishing_tier_Basic,finishing_tier_Luxury,finishing_tier_Premium,finishing_tier_Standard,has_basement_False,has_basement_True,has_lift_False,has_lift_True,target_cost_per_sqft,target_total_cost
-0.6642277678136617,-1.0,1.0,1.0,-1.1461550918308285,-0.7082963249018472,-0.72210136459251,-1.0,-1.0,0.0,0.0,0.0,1.0,1.0,0.0,0.0,0.0,0.0,1.0,0.0,0.0,0.0,0.0,0.0,0.0,1.0,1.0,0.0,1.0,0.0,1667.3,1191453.0
0.0691997957026288,-1.0,1.0,0.0,0.07052148261514558,0.8814056767715777,-0.3057927761097426,-1.0,-1.0,0.0,0.0,0.0,1.0,0.0,1.0,0.0,0.0,0.0,0.0,0.0,0.0,1.0,0.0,0.0,0.0,1.0,1.0,0.0,1.0,0.0,1901.2,4293480.0
-0.4271477948949411,-1.0,-1.0,0.0,-0.5862808804637164,-0.19442620840574132,-0.26024343323564836,-1.0,-1.0,0.0,0.0,1.0,0.0,0.0,0.0,1.0,0.0,0.0,0.0,0.0,0.0,1.0,0.0,0.0,0.0,1.0,1.0,0.0,1.0,0.0,1954.6,2372103.0
-0.20622156762599314,0.0,0.0,-1.0,-0.24325366871633317,-0.5798802857694537,-0.31123136944679164,0.0,0.0,0.0,0.0,0.0,1.0,0.0,1.0,0.0,0.0,0.0,1.0,0.0,0.0,0.0,0.0,0.0,0.0,1.0,1.0,0.0,1.0,0.0,1973.1,3312046.0
-0.4484802413559642,-1.0,-1.0,0.0,-0.6261431084965328,-0.24066422089206416,-0.28446090505384647,-1.0,-1.0,1.0,0.0,0.0,0.0,0.0,0.0,1.0,0.0,0.0,1.0,0.0,0.0,0.0,1.0,0.0,0.0,0.0,1.0,0.0,1.0,0.0,1712.3,2001165.0
0.7625280611941895,0.0,0.0,-1.0,0.5978471302499466,0.4700006436248953,0.42194494885025446,0.0,0.0,0.0,1.0,0.0,0.0,0.0,1.0,0.0,0.0,0.0,0.0,1.0,0.0,0.0,1.0,0.0,0.0,0.0,1.0,0.0,1.0,0.0,1472.9,5475653.0
-0.4776995165754057,0.0,-1.0,1.0,-0.6833002891362169,-0.8740940979597092,-0.31763182970460785,0.0,0.0,0.0,1.0,0.0,0.0,1.0,0.0,0.0,0.0,0.0,0.0,0.0,1.0,0.0,1.0,0.0,0.0,0.0,1.0,0.0,1.0,0.0,1277.9,1414891.0
-0.4778420496252566,-1.0,-2.0,0.0,-0.6835868102860303,-0.3043058505502993,0.2792290681577103,-1.0,-1.0,0.0,0.0,0.0,1.0,1.0,0.0,0.0,0.0,0.0,1.0,0.0,0.0,0.0,0.0,0.0,0.0,1.0,1.0,0.0,1.0,0.0,1825.5,2020646.0
-0.15918566117518487,0.0,0.0,-1.0,-0.1826458641535572,-0.5289051940529061,-0.27563330396792574,0.0,1.5,0.0,0.0,0.0,1.0,0.0,1.0,0.0,0.0,0.0,1.0,0.0,0.0,0.0,0.0,0.0,1.0,0.0,0.0,1.0,1.0,0.0,3265.4,5804575.0
-0.3203905405565914,0.0,1.0,0.0,-0.4066486323375559,-0.7036107356632556,-0.5269322737814853,0.0,1.5,1.0,0.0,0.0,0.0,0.0,1.0,0.0,0.0,0.0,1.0,0.0,0.0,0.0,0.0,0.0,1.0,0.0,0.0,1.0,1.0,0.0,3751.7,5396070.0
1.1878941929659939,1.0,0.0,-1.0,0.8261428378036226,0.13926326403638603,0.7438737167616546,0.0,1.0,0.0,1.0,0.0,0.0,1.0,0.0,0.0,0.0,0.0,0.0,0.0,1.0,0.0,0.0,0.0,0.0,1.0,1.0,0.0,1.0,0.0,2030.2,9365110.0
-0.22608117257188995,-1.0,-1.0,-1.0,-0.269923864782537,0.24138508077492424,-0.031984322468132514,-1.0,-1.0,0.0,1.0,0.0,0.0,0.0,1.0,0.0,0.0,1.0,0.0,0.0,0.0,0.0,0.0,0.0,0.0,1.0,1.0,0.0,1.0,0.0,2152.4,3523048.0
2.1179698542599565,1.0,0.0,0.0,1.2004182754431403,0.8112419815065111,1.4477805145538554,0.0,1.0,1.0,0.0,0.0,0.0,0.0,0.0,1.0,0.0,0.0,1.0,0.0,0.0,0.0,0.0,1.0,0.0,0.0,1.0,0.0,1.0,0.0,5207.1,34213251.0
0.05998265847893502,-1.0,-1.0,-1.0,0.061395200196909104,0.8614275600180215,0.29276712033224866,-1.0,-1.0,0.0,0.0,0.0,1.0,1.0,0.0,0.0,0.0,0.0,1.0,0.0,0.0,0.0,0.0,0.0,0.0,1.0,1.0,0.0,1.0,0.0,1880.7,4210699.0
0.5425995652741981,0.0,-2.0,-1.0,0.45716132279618554,0.23165347235631056,2.596123766203412,0.0,0.0,0.0,0.0,1.0,0.0,0.0,1.0,0.0,0.0,0.0,0.0,0.0,0.0,1.0,0.0,0.0,0.0,1.0,1.0,0.0,1.0,0.0,1817.0,5913790.0
-0.10383532681640542,1.0,0.0,-1.0,-0.11550411297936927,-0.7940099976400421,-0.23374265115693704,0.0,3.0,0.0,1.0,0.0,0.0,0.0,0.0,0.0,1.0,0.0,0.0,0.0,1.0,0.0,0.0,0.0,1.0,0.0,1.0,0.0,0.0,1.0,3539.3,7153788.0
-0.7646660569419532,-1.0,1.0,0.0,-1.5167051228174075,-0.9259960095256485,-0.7791122058215422,-1.0,-1.0,0.0,0.0,0.0,1.0,1.0,0.0,0.0,0.0,0.0,1.0,0.0,0.0,0.0,0.0,0.0,1.0,0.0,1.0,0.0,1.0,0.0,2953.5,1486201.0
-0.16702497891698623,-1.0,-1.0,0.0,-0.19250917541843565,0.3693891999742548,0.03505870085039823,-1.0,-1.0,0.0,0.0,0.0,1.0,0.0,0.0,0.0,1.0,0.0,0.0,0.0,1.0,0.0,0.0,0.0,1.0,0.0,1.0,0.0,1.0,0.0,3122.3,5498683.0
-0.02145122400256542,-1.0,-1.0,0.0,-0.022850715255992388,0.6849198687005212,0.20032002301289084,-1.0,-1.0,0.0,1.0,0.0,0.0,1.0,0.0,0.0,0.0,0.0,0.0,1.0,0.0,0.0,1.0,0.0,0.0,0.0,1.0,0.0,1.0,0.0,1412.9,2921171.0
-0.3403926785523391,-1.0,0.0,-1.0,-0.43806500089686073,-0.0063847589624767154,-0.41277575016630397,-1.0,-1.0,0.0,1.0,0.0,0.0,0.0,1.0,0.0,0.0,0.0,1.0,0.0,0.0,0.0,0.0,0.0,1.0,0.0,1.0,0.0,1.0,0.0,3260.0,4551612.0
-0.018315496905844914,-1.0,-2.0,-1.0,-0.019479462922165954,0.6917165475960608,1.3225760054655613,-1.0,-1.0,0.0,1.0,0.0,0.0,0.0,0.0,1.0,0.0,0.0,1.0,0.0,0.0,0.0,0.0,0.0,0.0,1.0,1.0,0.0,1.0,0.0,2274.7,4717955.0
-0.2960649000486986,0.0,2.0,0.0,-0.36965721391401984,-0.6772478599472228,-0.5934629007029718,0.0,0.0,0.0,0.0,1.0,0.0,0.0,1.0,0.0,0.0,0.0,0.0,0.0,0.0,1.0,0.0,0.0,1.0,0.0,1.0,0.0,1.0,0.0,2619.1,3901149.0
1.207943841978359,0.0,1.0,-1.0,0.8357780325843825,0.9527193151831114,0.3405817946459072,0.0,0.0,1.0,0.0,0.0,0.0,0.0,0.0,1.0,0.0,0.0,0.0,0.0,1.0,0.0,0.0,1.0,0.0,0.0,1.0,0.0,1.0,0.0,5378.3,25036524.0
0.9582734496561394,1.0,0.0,1.0,0.7090448615955196,-0.02663748900474126,0.5700904334693733,0.0,1.0,0.0,0.0,0.0,1.0,0.0,0.0,1.0,0.0,0.0,0.0,0.0,0.0,1.0,0.0,0.0,0.0,1.0,1.0,0.0,1.0,0.0,1782.5,7361012.0
1.019182572959105,0.0,1.0,0.0,0.7413904989637216,0.7481495784256935,0.2334370112008055,0.0,0.0,0.0,0.0,0.0,1.0,0.0,1.0,0.0,0.0,0.0,1.0,0.0,0.0,0.0,1.0,0.0,0.0,0.0,1.0,0.0,1.0,0.0,1322.2,5629663.0
0.07466356261358129,0.0,0.0,0.0,0.07589446932057384,-0.2754714552358885,-0.09864979054673587,0.0,0.0,0.0,0.0,0.0,1.0,0.0,0.0,0.0,1.0,0.0,0.0,1.0,0.0,0.0,1.0,0.0,0.0,0.0,1.0,0.0,1.0,0.0,1520.9,3452139.0
-0.7567317171669178,-1.0,2.0,1.0,-1.4822214556814377,-0.9087983523202678,-0.8026500782078709,-1.0,-1.0,0.0,0.0,0.0,1.0,0.0,0.0,1.0,0.0,0.0,0.0,0.0,1.0,0.0,0.0,0.0,0.0,1.0,1.0,0.0,1.0,0.0,1894.9,985159.0
0.19643429820289593,0.0,1.0,-1.0,0.1890656404679407,-0.14350260668082657,-0.23357185235792233,0.0,0.0,0.0,0.0,0.0,1.0,1.0,0.0,0.0,0.0,0.0,0.0,0.0,1.0,0.0,0.0,0.0,0.0,1.0,1.0,0.0,1.0,0.0,1884.9,4761446.0
1.79451485313157,1.0,-1.0,-1.0,1.0846786158915764,0.5775460728154298,2.2618795059420003,0.0,2.5,0.0,1.0,0.0,0.0,0.0,1.0,0.0,0.0,0.0,0.0,0.0,1.0,0.0,0.0,0.0,1.0,0.0,0.0,1.0,1.0,0.0,3527.7,20777095.0
-0.040883229798909494,-1.0,0.0,0.0,-0.04398521502423578,0.6428010555448282,-0.18609877564229335,-1.0,1.0,1.0,0.0,0.0,0.0,0.0,0.0,0.0,1.0,0.0,0.0,0.0,0.0,1.0,0.0,1.0,0.0,0.0,1.0,0.0,0.0,1.0,5575.5,11749308.0
0.7686569823377797,0.0,0.0,-1.0,0.6015119517267253,0.47664285254553634,0.42658348465507634,0.0,0.0,0.0,0.0,0.0,1.0,0.0,1.0,0.0,0.0,0.0,1.0,0.0,0.0,0.0,0.0,0.0,1.0,0.0,1.0,0.0,1.0,0.0,2696.7,10060039.0
1.1308334620090035,0.0,1.0,-1.0,0.7982312690200399,0.869151058762953,0.29681235504575615,0.0,0.0,0.0,0.0,0.0,1.0,0.0,1.0,0.0,0.0,0.0,0.0,0.0,1.0,0.0,0.0,0.0,0.0,1.0,1.0,0.0,1.0,0.0,1811.5,8138707.0
-0.0447791331615016,0.0,-2.0,0.0,-0.04827372104374772,-0.40491729420093975,1.2624907858542638,0.0,0.0,0.0,1.0,0.0,0.0,0.0,1.0,0.0,0.0,0.0,0.0,0.0,1.0,0.0,0.0,0.0,0.0,1.0,1.0,0.0,1.0,0.0,1944.1,3923971.0
-0.16493449418583916,1.0,-2.0,-1.0,-0.18986995748553248,-0.8381540837999615,0.9896801567753186,0.0,1.0,0.0,0.0,0.0,1.0,0.0,1.0,0.0,0.0,0.0,0.0,0.0,1.0,0.0,0.0,0.0,0.0,1.0,1.0,0.0,1.0,0.0,2103.9,3714435.0
0.06330842964212348,0.0,0.0,-1.0,0.06469727162103285,-0.287777563236146,-0.10724366696032069,0.0,0.0,0.0,1.0,0.0,0.0,0.0,1.0,0.0,0.0,0.0,0.0,1.0,0.0,0.0,1.0,0.0,0.0,0.0,1.0,0.0,1.0,0.0,1451.2,3259250.0
0.6437505196517443,0.0,1.0,-1.0,0.5241958488054642,0.34127566454270436,0.020334046493230996,0.0,0.0,0.0,1.0,0.0,0.0,0.0,1.0,0.0,0.0,0.0,0.0,0.0,0.0,1.0,0.0,0.0,0.0,1.0,1.0,0.0,1.0,0.0,2011.2,6974037.0
-0.4090460975638724,-1.0,0.0,0.0,-0.5535948393942333,-0.1551908347814894,-0.464734542708689,-1.0,-1.0,0.0,0.0,0.0,1.0,0.0,1.0,0.0,0.0,0.0,0.0,1.0,0.0,0.0,0.0,0.0,0.0,1.0,1.0,0.0,1.0,0.0,1980.0,2478366.0
0.4838759487356132,0.0,-2.0,1.0,0.41620262402666525,0.16801184269807543,2.4627928300462054,0.0,0.0,0.0,1.0,0.0,0.0,1.0,0.0,0.0,0.0,0.0,1.0,0.0,0.0,0.0,0.0,0.0,0.0,1.0,1.0,0.0,1.0,0.0,1620.1,5072695.0
0.09043722013041791,-1.0,-1.0,-1.0,0.09125472261368489,0.9274377292913689,0.32734039301702594,-1.0,-1.0,1.0,0.0,0.0,0.0,0.0,0.0,0.0,1.0,0.0,0.0,1.0,0.0,0.0,0.0,0.0,0.0,1.0,1.0,0.0,1.0,0.0,2568.4,5915025.0
-0.7595823781639365,-1.0,1.0,-1.0,-1.494481865379846,-0.914977151316213,-0.77622660505924,-1.0,-1.0,1.0,0.0,0.0,0.0,0.0,0.0,1.0,0.0,0.0,1.0,0.0,0.0,0.0,1.0,0.0,0.0,0.0,1.0,0.0,1.0,0.0,1916.5,984889.0
1.2502286467674695,1.0,-1.0,1.0,0.8558155757531276,0.1842998433846088,1.6439833875694432,0.0,1.0,1.0,0.0,0.0,0.0,0.0,1.0,0.0,0.0,0.0,0.0,0.0,0.0,1.0,0.0,1.0,0.0,0.0,1.0,0.0,1.0,0.0,4604.6,21844683.0
1.0900690097516363,0.0,1.0,-1.0,0.7778304460974498,0.824972645941945,0.2736736124844933,0.0,0.0,0.0,0.0,0.0,1.0,1.0,0.0,0.0,0.0,0.0,0.0,1.0,0.0,0.0,0.0,0.0,0.0,1.0,1.0,0.0,1.0,0.0,1799.1,7928634.0
-0.21377581926809258,0.0,2.0,0.0,-0.2533195042910969,-0.588067194439081,-0.556095719242732,0.0,0.0,0.0,0.0,0.0,1.0,0.0,0.0,1.0,0.0,0.0,0.0,1.0,0.0,0.0,0.0,0.0,0.0,1.0,1.0,0.0,1.0,0.0,2064.7,3432977.0
0.315401883811809,0.0,-1.0,-1.0,0.28904937379380474,-0.014571667632104103,0.5827295445964653,0.0,0.0,1.0,0.0,0.0,0.0,1.0,0.0,0.0,0.0,0.0,1.0,0.0,0.0,0.0,0.0,0.0,0.0,1.0,1.0,0.0,1.0,0.0,2156.8,5988355.0
0.1301089190055946,-1.0,0.0,1.0,0.12892904072670025,1.0134260153182724,-0.05668722245195155,-1.0,-1.0,1.0,0.0,0.0,0.0,0.0,0.0,1.0,0.0,0.0,1.0,0.0,0.0,0.0,0.0,0.0,1.0,0.0,1.0,0.0,1.0,0.0,3344.6,7981888.0
0.898124502619045,1.0,1.0,-1.0,0.6761023010809266,-0.0700950419428892,0.16472195753402494,0.0,1.0,0.0,0.0,0.0,1.0,0.0,1.0,0.0,0.0,0.0,0.0,0.0,0.0,1.0,0.0,0.0,0.0,1.0,1.0,0.0,1.0,0.0,1988.1,7958364.0
0.1201316055160292,-1.0,-1.0,1.0,0.11957955498088263,0.9918002188324644,0.36105068229625503,-1.0,-1.0,0.0,1.0,0.0,0.0,0.0,1.0,0.0,0.0,0.0,0.0,0.0,1.0,0.0,0.0,0.0,0.0,1.0,1.0,0.0,1.0,0.0,1811.4,4284867.0
1.0436507465168487,0.0,0.0,0.0,0.7541109358838317,0.7746669241166249,0.6347063159597994,0.0,0.0,0.0,0.0,0.0,1.0,0.0,0.0,1.0,0.0,0.0,1.0,0.0,0.0,0.0,0.0,0.0,0.0,1.0,1.0,0.0,1.0,0.0,1832.9,7898516.0
-0.3111734033328976,1.0,-1.0,0.0,-0.392479781835847,-0.9438115466306237,-0.12858452742669127,0.0,2.5,0.0,0.0,0.0,1.0,0.0,0.0,1.0,0.0,0.0,1.0,0.0,0.0,0.0,0.0,1.0,0.0,0.0,0.0,1.0,1.0,0.0,5285.8,7705111.0
0.0002137995747765309,0.0,1.0,0.0,0.0002252830772318762,-0.35615627212460593,-0.3449506481364952,0.0,0.0,1.0,0.0,0.0,0.0,0.0,1.0,0.0,0.0,0.0,0.0,0.0,1.0,0.0,0.0,0.0,0.0,1.0,1.0,0.0,1.0,0.0,2101.5,4440680.0
-0.04449406706179978,-1.0,1.0,0.0,-0.04795933795670926,0.6349745768166312,-0.3703277539058988,-1.0,-1.0,0.0,1.0,0.0,0.0,0.0,1.0,0.0,0.0,0.0,0.0,0.0,0.0,1.0,0.0,0.0,0.0,1.0,1.0,0.0,1.0,0.0,2040.2,4119164.0
-0.025489660415008556,-1.0,2.0,-1.0,-0.02720836211232814,0.6761665701229322,-0.4705956383380377,-1.0,-1.0,1.0,0.0,0.0,0.0,0.0,0.0,1.0,0.0,0.0,0.0,0.0,1.0,0.0,0.0,0.0,0.0,1.0,1.0,0.0,1.0,0.0,2655.6,5467880.0
0.10706607594636024,-1.0,-1.0,-1.0,0.10720992688760643,0.9634807234343824,0.34621815501339426,-1.0,-1.0,0.0,1.0,0.0,0.0,1.0,0.0,0.0,0.0,0.0,0.0,0.0,0.0,1.0,0.0,0.0,0.0,1.0,1.0,0.0,1.0,0.0,2070.3,4840361.0
0.10910904966089037,-1.0,0.0,-1.0,0.10915364876739264,0.9679088627148099,-0.07258050017079863,-1.0,-1.0,0.0,0.0,0.0,1.0,0.0,1.0,0.0,0.0,0.0,0.0,0.0,0.0,1.0,0.0,0.0,1.0,0.0,1.0,0.0,1.0,0.0,2933.1,6870200.0
0.2849948331769431,0.0,-2.0,0.0,0.26437915624105013,-0.04752526227714497,2.011236763093076,0.0,0.0,1.0,0.0,0.0,0.0,0.0,0.0,1.0,0.0,0.0,0.0,0.0,1.0,0.0,0.0,0.0,1.0,0.0,1.0,0.0,1.0,0.0,3185.8,8641482.0
2.3452625577555795,1.0,1.0,1.0,1.274784009480025,0.9754607281542981,0.9861473184588553,0.0,1.0,1.0,0.0,0.0,0.0,1.0,0.0,0.0,0.0,0.0,1.0,0.0,0.0,0.0,1.0,0.0,0.0,0.0,1.0,0.0,1.0,0.0,1341.7,9457509.0
0.18184841610148375,0.0,0.0,-1.0,0.17613076781632217,-0.1593100341121195,-0.01752935042519899,0.0,0.0,0.0,1.0,0.0,0.0,0.0,0.0,1.0,0.0,0.0,0.0,0.0,1.0,0.0,0.0,0.0,1.0,0.0,1.0,0.0,1.0,0.0,3212.2,8015724.0
0.12512026226081188,0.0,0.0,1.0,0.12426462283481773,-0.22078908412177392,-0.0604627748512252,0.0,1.5,0.0,0.0,1.0,0.0,0.0,0.0,1.0,0.0,0.0,0.0,0.0,0.0,1.0,0.0,0.0,0.0,1.0,0.0,1.0,1.0,0.0,1822.6,4330498.0
0.6525400577258853,0.0,-1.0,0.0,0.5298251785872089,0.3508013129947865,0.9654626849571204,0.0,0.0,1.0,0.0,0.0,0.0,0.0,1.0,0.0,0.0,0.0,1.0,0.0,0.0,0.0,0.0,0.0,0.0,1.0,1.0,0.0,1.0,0.0,2090.1,7286298.0
0.8784549417396159,0.0,-1.0,-1.0,0.6651032297033888,0.5956362232091136,1.2219305657934951,0.0,0.0,0.0,0.0,0.0,1.0,1.0,0.0,0.0,0.0,0.0,1.0,0.0,0.0,0.0,0.0,0.0,0.0,1.0,1.0,0.0,1.0,0.0,1847.7,7319848.0
0.5008373816678745,1.0,-1.0,0.0,0.4281966225418087,-0.35713458196563036,0.7932435590873951,0.0,1.0,0.0,0.0,0.0,1.0,0.0,1.0,0.0,0.0,0.0,1.0,0.0,0.0,0.0,0.0,0.0,1.0,0.0,1.0,0.0,1.0,0.0,2689.1,8515842.0
-0.30048342459407756,-1.0,0.0,-1.0,-0.37628096774634934,0.08011842698075557,-0.3825713309721147,-1.0,-1.0,0.0,0.0,1.0,0.0,0.0,0.0,1.0,0.0,0.0,0.0,0.0,0.0,1.0,0.0,0.0,0.0,1.0,1.0,0.0,1.0,0.0,2135.6,3161115.0
0.00358708175458193,-1.0,0.0,0.0,0.0037734117326513384,0.7391903198815727,-0.1524424228259111,-1.0,-1.0,0.0,1.0,0.0,0.0,1.0,0.0,0.0,0.0,0.0,0.0,1.0,0.0,0.0,0.0,0.0,1.0,0.0,1.0,0.0,1.0,0.0,2820.5,5980024.0
1.9600907460417385,1.0,-1.0,0.0,1.1455047034248567,0.697174486709146,2.4498480789629817,0.0,1.0,1.0,0.0,0.0,0.0,0.0,0.0,0.0,1.0,0.0,1.0,0.0,0.0,0.0,1.0,0.0,0.0,0.0,1.0,0.0,1.0,0.0,1754.6,10945546.0
-0.6239859367390812,-1.0,0.0,-1.0,-1.0277718578078767,-0.6210722790757548,-0.6274069146545368,-1.0,-1.0,1.0,0.0,0.0,0.0,0.0,0.0,1.0,0.0,0.0,1.0,0.0,0.0,0.0,0.0,0.0,1.0,0.0,1.0,0.0,1.0,0.0,3594.2,2872844.0
0.0007364207575632464,0.0,-2.0,1.0,0.0007757725069993374,-0.35558988221664434,1.365833048668668,0.0,0.0,0.0,0.0,0.0,1.0,0.0,0.0,1.0,0.0,0.0,1.0,0.0,0.0,0.0,0.0,0.0,0.0,1.0,1.0,0.0,1.0,0.0,1721.1,3638750.0
0.8734662849948333,1.0,-1.0,0.0,0.662295341077724,-0.08791057904786437,1.2162672371945846,0.0,2.5,1.0,0.0,0.0,0.0,1.0,0.0,0.0,0.0,1.0,0.0,0.0,0.0,0.0,0.0,0.0,0.0,1.0,0.0,1.0,1.0,0.0,2291.5,9053946.0
1.4506301148578826,1.0,-2.0,1.0,0.9459379079525563,0.3290896998562568,4.657791122058215,0.0,1.0,0.0,1.0,0.0,0.0,1.0,0.0,0.0,0.0,0.0,1.0,0.0,0.0,0.0,0.0,0.0,1.0,0.0,1.0,0.0,1.0,0.0,2512.5,12979324.0
1.9078761387796797,1.0,-1.0,1.0,1.1266978183566938,0.6594494861727918,2.3905719062943853,0.0,3.0,0.0,0.0,0.0,1.0,0.0,0.0,1.0,0.0,0.0,0.0,0.0,1.0,0.0,1.0,0.0,0.0,0.0,1.0,0.0,0.0,1.0,1244.2,8074831.0
0.4020144671045601,0.0,-1.0,0.0,0.3563238170581015,0.0792945871146296,0.6810557163661208,0.0,0.0,0.0,1.0,0.0,0.0,0.0,0.0,1.0,0.0,0.0,0.0,1.0,0.0,0.0,0.0,0.0,1.0,0.0,1.0,0.0,1.0,0.0,3181.2,9412535.0
-0.5865947666615194,-1.0,0.0,0.0,-0.9285083823226252,-0.5400270322456073,-0.5991082504809333,-1.0,-1.0,0.0,1.0,0.0,0.0,1.0,0.0,0.0,0.0,0.0,1.0,0.0,0.0,0.0,0.0,0.0,0.0,1.0,1.0,0.0,1.0,0.0,1807.5,1586985.0
-0.5870698768276892,-1.0,-1.0,0.0,-0.9297130106375256,-0.5410568320782648,-0.4417935671778644,-1.0,-1.0,0.0,0.0,1.0,0.0,1.0,0.0,0.0,0.0,0.0,1.0,0.0,0.0,0.0,0.0,0.0,0.0,1.0,1.0,0.0,1.0,0.0,1821.5,1597456.0
-0.2555855138910333,-1.0,0.0,1.0,-0.3108303483588437,0.17743451116689188,-0.3485913593786519,-1.0,-1.0,0.0,0.0,0.0,1.0,0.0,0.0,1.0,0.0,0.0,1.0,0.0,0.0,0.0,0.0,0.0,0.0,1.0,1.0,0.0,1.0,0.0,1854.4,2920124.0
0.20284828544618796,0.0,0.0,1.0,0.19470394696208904,-0.13655145781038824,-0.001636072706351901,0.0,0.0,1.0,0.0,0.0,0.0,0.0,0.0,1.0,0.0,1.0,0.0,0.0,0.0,0.0,1.0,0.0,0.0,0.0,1.0,0.0,1.0,0.0,1491.7,3788321.0
0.01603496810823031,-1.0,0.0,0.0,0.01676451595029978,0.7661710754972002,-0.14302152064867577,-1.0,-1.0,0.0,1.0,0.0,0.0,1.0,0.0,0.0,0.0,0.0,0.0,0.0,1.0,0.0,0.0,0.0,0.0,1.0,1.0,0.0,1.0,0.0,1984.6,4259745.0
0.059127460179829325,-1.0,0.0,-1.0,0.06054442813292382,0.8595739203192377,-0.11040793944733106,-1.0,-1.0,1.0,0.0,0.0,0.0,0.0,1.0,0.0,0.0,0.0,1.0,0.0,0.0,0.0,0.0,0.0,1.0,0.0,1.0,0.0,1.0,0.0,3596.3,8045283.0
-0.5806558895843972,-1.0,1.0,0.0,-0.9135650973148606,-0.5271545343373882,-0.6746642455187788,-1.0,-1.0,0.0,0.0,0.0,1.0,0.0,1.0,0.0,0.0,0.0,1.0,0.0,0.0,0.0,1.0,0.0,0.0,0.0,1.0,0.0,1.0,0.0,1431.8,1275018.0
-0.25016925799669787,0.0,0.0,-1.0,-0.3032014859245301,-0.6275085280298643,-0.34449218820229766,0.0,0.0,0.0,0.0,0.0,1.0,0.0,0.0,0.0,1.0,1.0,0.0,0.0,0.0,0.0,1.0,0.0,0.0,0.0,1.0,0.0,1.0,0.0,1675.7,2657828.0
0.4803126224893398,0.0,-1.0,1.0,0.4136655045373545,0.1641500933256097,0.7699430071375918,0.0,0.0,1.0,0.0,0.0,0.0,0.0,0.0,1.0,0.0,1.0,0.0,0.0,0.0,0.0,0.0,0.0,0.0,1.0,1.0,0.0,1.0,0.0,2118.5,6617347.0
1.6594885439061184,1.0,-1.0,0.0,1.0323492769548794,0.47998970200167335,2.1085920785314896,0.0,1.0,0.0,1.0,0.0,0.0,0.0,1.0,0.0,0.0,0.0,0.0,0.0,0.0,1.0,0.0,0.0,0.0,1.0,1.0,0.0,1.0,0.0,1979.2,11094406.0
0.859165468993123,0.0,0.0,0.0,0.6542045224303988,0.5747312866061658,0.49508279247046977,0.0,0.0,0.0,0.0,0.0,1.0,1.0,0.0,0.0,0.0,0.0,0.0,0.0,0.0,1.0,0.0,0.0,0.0,1.0,1.0,0.0,1.0,0.0,1587.2,6223411.0
1.2457626112054734,0.0,-1.0,0.0,0.8537170814600067,0.9937053485228807,1.6389133600618468,0.0,0.0,1.0,0.0,0.0,0.0,0.0,1.0,0.0,0.0,0.0,0.0,1.0,0.0,0.0,0.0,0.0,0.0,1.0,1.0,0.0,1.0,0.0,2058.3,9745433.0
1.6244254136427885,1.0,-1.0,-1.0,1.018326517110051,0.45465662611829805,2.068786968950576,0.0,1.0,0.0,0.0,0.0,1.0,1.0,0.0,0.0,0.0,0.0,1.0,0.0,0.0,0.0,0.0,0.0,0.0,1.0,1.0,0.0,1.0,0.0,1838.3,10168924.0
0.09799147177251746,-1.0,-1.0,0.0,0.0985327751238633,0.9438115466306237,0.3359162906096619,-1.0,-1.0,1.0,0.0,0.0,0.0,0.0,1.0,0.0,0.0,1.0,0.0,0.0,0.0,0.0,0.0,0.0,0.0,1.0,1.0,0.0,1.0,0.0,2336.4,5417878.0
-0.28399710182798615,-1.0,-1.0,0.0,-0.351774967745438,0.1158524811739718,-0.0977328706783408,-1.0,-1.0,0.0,0.0,0.0,1.0,1.0,0.0,0.0,0.0,0.0,0.0,1.0,0.0,0.0,0.0,0.0,1.0,0.0,1.0,0.0,1.0,0.0,2661.5,4031906.0
0.655390718722904,1.0,-2.0,-1.0,0.5316444951472126,-0.245469953444466,2.8522140917998597,0.0,1.0,0.0,1.0,0.0,0.0,0.0,1.0,0.0,0.0,0.0,0.0,0.0,1.0,0.0,0.0,0.0,0.0,1.0,1.0,0.0,1.0,0.0,2014.7,7035534.0
-0.24461046905251138,-1.0,0.0,-1.0,-0.2954286328972405,0.20122288730128068,-0.3402851441002498,-1.0,-1.0,0.0,0.0,0.0,1.0,1.0,0.0,0.0,0.0,0.0,0.0,0.0,0.0,1.0,0.0,0.0,1.0,0.0,1.0,0.0,1.0,0.0,2952.5,4717504.0
1.1879892149992282,0.0,0.0,0.0,0.8261887097524974,0.9310935186973033,0.7439456320454505,0.0,0.0,0.0,1.0,0.0,0.0,0.0,1.0,0.0,0.0,0.0,0.0,0.0,0.0,1.0,0.0,1.0,0.0,0.0,1.0,0.0,1.0,0.0,3869.6,17850852.0
-0.1787126890047628,-1.0,1.0,0.0,-0.20738731518598658,0.34405612409087977,-0.44651300767695645,-1.0,-1.0,0.0,0.0,1.0,0.0,0.0,0.0,1.0,0.0,0.0,1.0,0.0,0.0,0.0,0.0,0.0,0.0,1.0,1.0,0.0,1.0,0.0,1936.2,3362211.0
0.5397013932605624,0.0,-1.0,-1.0,0.45517665686523867,0.22851258286670514,0.83736358569605,0.0,0.0,0.0,0.0,1.0,0.0,0.0,0.0,1.0,0.0,0.0,0.0,0.0,1.0,0.0,1.0,0.0,0.0,0.0,1.0,0.0,1.0,0.0,1363.1,4428167.0
0.4923804207100523,0.0,0.0,0.0,0.42223341314690266,0.17722855120036032,0.21748979701911159,0.0,0.0,0.0,0.0,1.0,0.0,0.0,1.0,0.0,0.0,0.0,0.0,0.0,0.0,1.0,0.0,0.0,0.0,1.0,1.0,0.0,1.0,0.0,1584.6,4989905.0
0.22840921238612225,0.0,1.0,0.0,0.21687991060996806,-0.10884984231190067,-0.21542223260998533,0.0,0.0,0.0,0.0,0.0,1.0,1.0,0.0,0.0,0.0,0.0,1.0,0.0,0.0,0.0,0.0,0.0,0.0,1.0,1.0,0.0,1.0,0.0,1711.8,4439382.0
0.466962026819969,0.0,0.0,-1.0,0.40410530685053264,0.1496814056767715,0.19825245860376473,0.0,0.0,0.0,0.0,0.0,1.0,1.0,0.0,0.0,0.0,0.0,1.0,0.0,0.0,0.0,1.0,0.0,0.0,0.0,1.0,0.0,1.0,0.0,1359.2,4207404.0
0.6301148578826717,0.0,1.0,-1.0,0.5154030848427791,0.3264980369440689,0.012594164074720053,0.0,0.0,1.0,0.0,0.0,0.0,1.0,0.0,0.0,0.0,0.0,0.0,1.0,0.0,0.0,1.0,0.0,0.0,0.0,1.0,0.0,1.0,0.0,1515.4,5211309.0
-0.45142592438621687,-1.0,0.0,0.0,-0.6317673702639148,-0.24704897985454086,-0.4968087592815662,-1.0,-1.0,1.0,0.0,0.0,0.0,0.0,0.0,1.0,0.0,0.0,0.0,0.0,0.0,1.0,0.0,0.0,0.0,1.0,1.0,0.0,1.0,0.0,2528.3,2939149.0
-0.2466059317504245,-1.0,1.0,-1.0,-0.29821232374484,0.196897728004119,-0.48505061038097114,-1.0,-1.0,1.0,0.0,0.0,0.0,0.0,0.0,1.0,0.0,0.0,0.0,0.0,0.0,1.0,0.0,0.0,0.0,1.0,1.0,0.0,1.0,0.0,2605.5,4152125.0
1.757218705087242,1.0,2.0,-1.0,1.0704812603629268,0.550599643860891,0.33892594523651143,0.0,3.0,0.0,0.0,0.0,1.0,0.0,0.0,1.0,0.0,0.0,0.0,0.0,1.0,0.0,0.0,0.0,0.0,1.0,1.0,0.0,0.0,1.0,1969.6,11895740.0
-0.35417087337126274,1.0,-1.0,0.0,-0.46026130886144223,-0.9748771749157925,-0.17739702630301496,0.0,1.0,0.0,1.0,0.0,0.0,0.0,1.0,0.0,0.0,0.0,1.0,0.0,0.0,0.0,0.0,0.0,0.0,1.0,1.0,0.0,1.0,0.0,2018.4,2759556.0
-0.5943390623700868,-1.0,0.0,1.0,-0.9483168879838284,-0.556812769517925,-0.604969346110282,-1.0,-1.0,0.0,1.0,0.0,0.0,0.0,1.0,0.0,0.0,0.0,1.0,0.0,0.0,0.0,0.0,0.0,0.0,1.0,1.0,0.0,1.0,0.0,1929.0,1662219.0
0.9104298559228423,1.0,1.0,-1.0,0.6829256821884004,-0.06120443672094576,0.17170672947268123,0.0,1.0,0.0,0.0,0.0,1.0,0.0,1.0,0.0,0.0,0.0,1.0,0.0,0.0,0.0,1.0,0.0,0.0,0.0,1.0,0.0,1.0,0.0,1453.8,5857215.0
0.6895986506871282,0.0,1.0,-1.0,0.5532357748009904,0.39096350646843003,0.04635838981679583,0.0,0.0,0.0,1.0,0.0,0.0,0.0,1.0,0.0,0.0,0.0,0.0,0.0,0.0,1.0,0.0,0.0,1.0,0.0,1.0,0.0,1.0,0.0,2912.7,10381154.0
0.03769999168557226,0.0,1.0,-1.0,0.039001498164348364,-0.31553066872626645,-0.32367271354344573,0.0,0.0,0.0,1.0,0.0,0.0,0.0,0.0,0.0,1.0,0.0,0.0,1.0,0.0,0.0,0.0,0.0,0.0,1.0,1.0,0.0,1.0,0.0,2293.0,5026256.0
-0.5728640828592128,-1.0,-2.0,1.0,-0.8942741773456735,-0.5102658170818049,0.0634832167706442,-1.0,-1.0,0.0,0.0,0.0,1.0,0.0,0.0,1.0,0.0,0.0,1.0,0.0,0.0,0.0,0.0,0.0,1.0,0.0,1.0,0.0,1.0,0.0,2808.6,2547119.0
-0.15704766542742085,0.0,1.0,-1.0,-0.17997174847530675,-0.5265881444294267,-0.43421549414789373,0.0,0.0,0.0,0.0,0.0,1.0,0.0,0.0,0.0,1.0,0.0,0.0,0.0,1.0,0.0,0.0,0.0,0.0,1.0,1.0,0.0,1.0,0.0,2215.4,3948064.0
0.8000142533049852,0.0,0.0,0.0,0.6200661650222581,0.5106262470232348,0.4503155283076536,0.0,0.0,0.0,0.0,0.0,1.0,1.0,0.0,0.0,0.0,0.0,0.0,1.0,0.0,0.0,0.0,1.0,0.0,0.0,1.0,0.0,1.0,0.0,4000.0,15186000.0
-0.18089819576914373,-1.0,-1.0,-1.0,-0.21019277035464096,0.33931904486065523,0.019309253699142506,-1.0,-1.0,0.0,1.0,0.0,0.0,1.0,0.0,0.0,0.0,0.0,1.0,0.0,0.0,0.0,0.0,0.0,0.0,1.0,1.0,0.0,1.0,0.0,2148.9,3721680.0
0.19861980496727685,0.0,-2.0,0.0,0.19099021716573322,-0.1411340670657143,1.815123784182233,0.0,0.0,0.0,0.0,0.0,1.0,0.0,0.0,1.0,0.0,0.0,0.0,1.0,0.0,0.0,0.0,0.0,0.0,1.0,1.0,0.0,1.0,0.0,1896.9,4800485.0
-0.34818448527752355,-1.0,-2.0,-1.0,-0.45056014973598435,-0.023273476218060255,0.5736142823753617,-1.0,-1.0,0.0,1.0,0.0,0.0,0.0,1.0,0.0,0.0,0.0,0.0,0.0,1.0,0.0,0.0,1.0,0.0,0.0,1.0,0.0,1.0,0.0,5024.6,6932943.0
1.4412229335677214,1.0,-1.0,-1.0,0.941874753060997,0.32229302096071744,1.8608079682134446,0.0,1.0,1.0,0.0,0.0,0.0,1.0,0.0,0.0,0.0,0.0,0.0,0.0,1.0,0.0,0.0,0.0,0.0,1.0,1.0,0.0,1.0,0.0,2218.0,11414050.0
-0.4670570488532027,0.0,2.0,-1.0,-0.6621229206004287,-0.8625603398339449,-0.6711098326171769,0.0,0.0,1.0,0.0,0.0,0.0,0.0,1.0,0.0,0.0,0.0,0.0,0.0,0.0,1.0,0.0,0.0,0.0,1.0,1.0,0.0,1.0,0.0,2349.6,2654108.0
-0.7518855934719861,-1.0,-1.0,-1.0,-1.4616993073001188,-0.898294394027161,-0.6288991567932974,-1.0,-1.0,1.0,0.0,0.0,0.0,0.0,0.0,1.0,0.0,0.0,0.0,0.0,1.0,0.0,0.0,0.0,0.0,1.0,1.0,0.0,1.0,0.0,2691.6,1426817.0
-0.09822902685560192,0.0,1.0,1.0,-0.10893516124445009,-0.46284353478792567,-0.4008288236457452,0.0,0.0,0.0,0.0,0.0,1.0,0.0,1.0,0.0,0.0,0.0,1.0,0.0,0.0,0.0,0.0,0.0,1.0,0.0,1.0,0.0,1.0,0.0,2444.6,4659163.0
-0.13086909527146587,-1.0,0.0,1.0,-0.1477651103095165,0.44775696723949276,-0.25420254939681053,-1.0,-1.0,0.0,0.0,1.0,0.0,0.0,1.0,0.0,0.0,0.0,1.0,0.0,0.0,0.0,0.0,0.0,0.0,1.0,1.0,0.0,1.0,0.0,1657.0,3044240.0
-0.5124775807390337,-1.0,-1.0,-1.0,-0.7556175753540131,-0.3793782583510331,-0.35711332050844097,-1.0,-1.0,0.0,1.0,0.0,0.0,1.0,0.0,0.0,0.0,0.0,0.0,0.0,0.0,1.0,0.0,0.0,0.0,1.0,1.0,0.0,1.0,0.0,2093.1,2164265.0
-0.6278818401016735,-1.0,0.0,-1.0,-1.0386709494418631,-0.6295166377035465,-0.6303554412901601,-1.0,-1.0,0.0,0.0,1.0,0.0,1.0,0.0,0.0,0.0,0.0,0.0,0.0,0.0,1.0,0.0,1.0,0.0,0.0,1.0,0.0,1.0,0.0,4317.0,3415179.0
-0.046109441626777076,0.0,0.0,-1.0,-0.04974207827091524,-0.40635901396666035,-0.19005411625105617,0.0,0.0,0.0,0.0,1.0,0.0,0.0,0.0,1.0,0.0,0.0,0.0,0.0,0.0,1.0,1.0,0.0,0.0,0.0,1.0,0.0,1.0,0.0,1336.6,2694051.0
0.11538050385433139,0.0,2.0,0.0,0.11509821921226,-0.23134453240651356,-0.4066269934017726,0.0,0.0,0.0,1.0,0.0,0.0,0.0,1.0,0.0,0.0,0.0,0.0,0.0,0.0,1.0,0.0,0.0,0.0,1.0,1.0,0.0,1.0,0.0,1981.5,4667423.0
-0.19847727191742562,-1.0,-1.0,0.0,-0.23303303911791867,0.3012164510523267,-0.0006472375541611,-1.0,-1.0,1.0,0.0,0.0,0.0,0.0,0.0,1.0,0.0,0.0,0.0,0.0,1.0,0.0,0.0,0.0,1.0,0.0,1.0,0.0,1.0,0.0,3638.0,6166046.0
-0.40348730861968596,0.0,-1.0,-1.0,-0.5437566925269334,-0.7936667310291563,-0.23338307473795855,0.0,1.5,0.0,0.0,0.0,1.0,0.0,0.0,0.0,1.0,0.0,1.0,0.0,0.0,0.0,0.0,0.0,0.0,1.0,0.0,1.0,1.0,0.0,2557.6,3231272.0
0.0693423287524796,-1.0,-1.0,-1.0,0.07066199457981756,0.8817146167213746,0.3033926035130616,-1.0,-1.0,1.0,0.0,0.0,0.0,0.0,0.0,1.0,0.0,0.0,0.0,0.0,1.0,0.0,0.0,0.0,0.0,1.0,1.0,0.0,1.0,0.0,2472.8,5585066.0
-0.18659951776318112,-1.0,-1.0,-1.0,-0.2175465496267802,0.3269614468687649,0.012836878157530526,-1.0,-1.0,0.0,1.0,0.0,0.0,0.0,1.0,0.0,0.0,1.0,0.0,0.0,0.0,0.0,0.0,0.0,1.0,0.0,1.0,0.0,1.0,0.0,3298.5,5673090.0
-0.11789858773503088,0.0,-2.0,-1.0,-0.1321638568430632,-0.4841603913239365,1.0964743532119163,0.0,0.0,1.0,0.0,0.0,0.0,0.0,1.0,0.0,0.0,0.0,1.0,0.0,0.0,0.0,1.0,0.0,0.0,0.0,1.0,0.0,1.0,0.0,1593.0,2970148.0
0.48530127923412253,0.0,1.0,-1.0,0.4172157711493368,0.16955654244706173,-0.06960500530375215,0.0,0.0,0.0,0.0,0.0,1.0,1.0,0.0,0.0,0.0,1.0,0.0,0.0,0.0,0.0,0.0,0.0,1.0,0.0,1.0,0.0,1.0,0.0,2548.5,7987254.0
2.092979059519426,1.0,0.0,-1.0,1.1919135568941606,0.7931861577739158,1.428866794915589,0.0,4.5,0.0,0.0,1.0,0.0,0.0,0.0,1.0,0.0,0.0,0.0,0.0,0.0,1.0,0.0,0.0,0.0,1.0,0.0,1.0,0.0,1.0,2399.1,16087094.0
-0.38671591975389275,-1.0,2.0,-1.0,-0.5146165301112854,-0.10679024264658561,-0.6346272091476239,-1.0,-1.0,0.0,0.0,0.0,1.0,1.0,0.0,0.0,0.0,0.0,0.0,0.0,1.0,0.0,1.0,0.0,0.0,0.0,1.0,0.0,1.0,0.0,1504.1,1953375.0
-0.08953451081469496,1.0,-2.0,-1.0,-0.09882769407910122,-0.7836776726523783,1.1608744898509555,0.0,1.0,0.0,0.0,1.0,0.0,1.0,0.0,0.0,0.0,0.0,1.0,0.0,0.0,0.0,0.0,0.0,0.0,1.0,1.0,0.0,1.0,0.0,1783.5,3431811.0
-0.6760580109512891,-1.0,0.0,-1.0,-1.1836343980029893,-0.7339383407350196,-0.6668164901745742,-1.0,-1.0,0.0,1.0,0.0,0.0,0.0,0.0,1.0,0.0,0.0,0.0,0.0,0.0,1.0,1.0,0.0,0.0,0.0,1.0,0.0,1.0,0.0,1711.9,1180697.0
-0.38714351890344556,0.0,0.0,0.0,-0.5153495986603857,-0.7759541739074468,-0.44815806979378287,0.0,0.0,1.0,0.0,0.0,0.0,1.0,0.0,0.0,0.0,0.0,0.0,1.0,0.0,0.0,0.0,1.0,0.0,0.0,1.0,0.0,1.0,0.0,4718.6,6123799.0
0.4947559715409012,0.0,-2.0,0.0,0.42391186847158646,0.17980305078200415,2.487495730030024,0.0,0.0,0.0,1.0,0.0,0.0,0.0,1.0,0.0,0.0,0.0,0.0,0.0,1.0,0.0,0.0,0.0,0.0,1.0,1.0,0.0,1.0,0.0,1854.7,5849724.0
0.11998907246617818,0.0,-1.0,-1.0,0.1194453906524717,-0.22635000321812465,0.3608888729077146,0.0,0.0,0.0,0.0,0.0,1.0,0.0,1.0,0.0,0.0,0.0,1.0,0.0,0.0,0.0,0.0,0.0,0.0,1.0,1.0,0.0,1.0,0.0,1880.4,4447522.0
-0.3713698613866088,0.0,-1.0,0.0,-0.48863811022684367,-0.7588594966853319,-0.19692202585354446,0.0,0.0,1.0,0.0,0.0,0.0,1.0,0.0,0.0,0.0,0.0,1.0,0.0,0.0,0.0,0.0,0.0,0.0,1.0,1.0,0.0,1.0,0.0,2046.1,2723359.0
-0.3677115131071015,-1.0,-1.0,-1.0,-0.4825381216902628,-0.06559824934028453,-0.19276891821434342,-1.0,-1.0,0.0,0.0,0.0,1.0,1.0,0.0,0.0,0.0,0.0,0.0,0.0,1.0,0.0,0.0,0.0,1.0,0.0,1.0,0.0,1.0,0.0,2903.0,3886246.0
-0.7868537017020819,-1.0,0.0,-1.0,-1.6195644689970616,-0.9740876617107551,-0.7506697110803473,-1.0,-1.0,0.0,0.0,0.0,1.0,1.0,0.0,0.0,0.0,0.0,0.0,0.0,0.0,1.0,0.0,0.0,1.0,0.0,1.0,0.0,1.0,0.0,3042.5,1388901.0
-0.46667696072026676,-1.0,-1.0,1.0,-0.6613743682365062,-0.2801055544828474,-0.305118570324158,-1.0,-1.0,0.0,0.0,0.0,1.0,1.0,0.0,0.0,0.0,0.0,1.0,0.0,0.0,0.0,0.0,0.0,1.0,0.0,1.0,0.0,1.0,0.0,2484.1,2808027.0
0.10649594374695658,-1.0,-1.0,-1.0,0.10666685510334574,0.9622449636351935,0.34557091745923313,-1.0,-1.0,1.0,0.0,0.0,0.0,0.0,1.0,0.0,0.0,1.0,0.0,0.0,0.0,0.0,0.0,0.0,0.0,1.0,1.0,0.0,1.0,0.0,2362.0,5519522.0
0.9925764036535973,0.0,0.0,-1.0,0.7273828045712587,0.7193151831112827,0.5960518509196169,0.0,0.0,0.0,0.0,0.0,1.0,0.0,1.0,0.0,0.0,0.0,0.0,0.0,1.0,0.0,0.0,0.0,1.0,0.0,1.0,0.0,1.0,0.0,2756.3,11581421.0
-0.2380064377427514,-1.0,0.0,1.0,-0.28626781252356126,0.21553710497522038,-0.3352870318764494,-1.0,-1.0,0.0,0.0,0.0,1.0,0.0,0.0,0.0,1.0,0.0,1.0,0.0,0.0,0.0,0.0,0.0,1.0,0.0,1.0,0.0,1.0,0.0,2789.2,4495354.0
0.3826774833414499,0.0,1.0,0.0,0.3416706987340701,0.058338160520048775,-0.12785638517825998,0.0,0.0,0.0,1.0,0.0,0.0,1.0,0.0,0.0,0.0,0.0,1.0,0.0,0.0,0.0,0.0,0.0,0.0,1.0,1.0,0.0,1.0,0.0,1781.5,5198595.0
0.39175208751529267,0.0,0.0,1.0,0.3485724963464023,0.06817274892192811,0.14133151147947715,0.0,1.5,0.0,0.0,0.0,1.0,0.0,0.0,1.0,0.0,0.0,0.0,0.0,0.0,1.0,0.0,0.0,0.0,1.0,0.0,1.0,1.0,0.0,1930.0,5668796.0
0.06297585252580451,0.0,-1.0,0.0,0.0643675277434186,-0.2881379931775763,0.2961651174915948,0.0,0.0,0.0,1.0,0.0,0.0,0.0,0.0,1.0,0.0,0.0,0.0,0.0,0.0,1.0,0.0,1.0,0.0,0.0,1.0,0.0,1.0,0.0,4692.7,10536050.0
-0.09034219809718361,0.0,-1.0,1.0,-0.09976258226453101,-0.4542961961768682,0.12211215188507941,0.0,0.0,0.0,1.0,0.0,0.0,0.0,0.0,0.0,1.0,0.0,0.0,0.0,0.0,1.0,0.0,0.0,0.0,1.0,1.0,0.0,1.0,0.0,1998.1,3841347.0
-0.4390255490491856,-1.0,0.0,-1.0,-0.6082903639847953,-0.2201712042221795,-0.48742381474622887,-1.0,-1.0,0.0,0.0,0.0,1.0,0.0,0.0,0.0,1.0,0.0,1.0,0.0,0.0,0.0,0.0,1.0,0.0,0.0,1.0,0.0,1.0,0.0,5365.6,6377552.0
-0.06041025762848743,-1.0,0.0,1.0,-0.06565694561564228,0.600476282422604,-0.20087736646230728,-1.0,-1.0,0.0,0.0,1.0,0.0,0.0,1.0,0.0,0.0,0.0,0.0,0.0,0.0,1.0,0.0,0.0,0.0,1.0,1.0,0.0,1.0,0.0,1673.8,3323330.0
-0.5221223171122802,-1.0,0.0,-1.0,-0.7765801546595459,-0.40028319495398085,-0.5503137304255585,-1.0,-1.0,0.0,0.0,0.0,1.0,0.0,1.0,0.0,0.0,0.0,1.0,0.0,0.0,0.0,0.0,0.0,1.0,0.0,1.0,0.0,1.0,0.0,3142.3,3185350.0
1.292085852407027,1.0,0.0,0.0,0.8752837176231392,0.21454163180365143,0.8227288254436274,0.0,1.0,0.0,0.0,0.0,1.0,0.0,0.0,1.0,0.0,0.0,1.0,0.0,0.0,0.0,0.0,0.0,0.0,1.0,1.0,0.0,1.0,0.0,1964.0,9490441.0
0.04701215094249992,-1.0,-1.0,1.0,0.04841776278698428,0.8333140245864709,0.2780424659750813,-1.0,-1.0,0.0,1.0,0.0,0.0,0.0,0.0,1.0,0.0,0.0,1.0,0.0,0.0,0.0,0.0,0.0,0.0,1.0,1.0,0.0,1.0,0.0,1847.7,4086373.0
0.012234086778872066,-1.0,1.0,0.0,0.01281465278371457,0.75793267683594,-0.3381276855863791,-1.0,-1.0,0.0,0.0,0.0,1.0,0.0,0.0,1.0,0.0,0.0,0.0,0.0,0.0,1.0,0.0,0.0,1.0,0.0,1.0,0.0,1.0,0.0,3016.4,6450270.0
-0.3967882552766921,-1.0,-1.0,1.0,-0.5320207205603803,-0.12862199909892524,-0.22577803347656453,-1.0,-1.0,0.0,1.0,0.0,0.0,1.0,0.0,0.0,0.0,0.0,0.0,0.0,0.0,1.0,0.0,0.0,0.0,1.0,1.0,0.0,1.0,0.0,1826.3,2333098.0
-0.26537278331413083,-1.0,0.0,0.0,-0.32475687917271506,0.15622063461414668,-0.3559986336096078,-1.0,-1.0,0.0,0.0,0.0,1.0,0.0,0.0,1.0,0.0,0.0,1.0,0.0,0.0,0.0,0.0,1.0,0.0,0.0,1.0,0.0,1.0,0.0,4529.0,7038519.0
-0.12896865460678675,0.0,0.0,-1.0,-0.1454647814821018,-0.49615755937439665,-0.2527642437208967,0.0,0.0,1.0,0.0,0.0,0.0,1.0,0.0,0.0,0.0,0.0,0.0,0.0,1.0,0.0,0.0,0.0,1.0,0.0,1.0,0.0,1.0,0.0,3372.2,6208895.0
-0.7043745768550081,-1.0,1.0,0.0,-1.2791336294345386,-0.7953144107614083,-0.7448895201452688,-1.0,-1.0,0.0,1.0,0.0,0.0,0.0,1.0,0.0,0.0,0.0,1.0,0.0,0.0,0.0,0.0,0.0,0.0,1.0,1.0,0.0,1.0,0.0,1944.9,1225481.0
-0.0016866410899025915,-1.0,0.0,-1.0,-0.0017789140283495642,0.7277595417390743,-0.15643372107657177,-1.0,-1.0,1.0,0.0,0.0,0.0,0.0,0.0,1.0,0.0,0.0,0.0,0.0,0.0,1.0,0.0,0.0,1.0,0.0,1.0,0.0,1.0,0.0,3745.4,7899423.0
-0.5467805347364918,-1.0,0.0,0.0,-0.8321418377616497,-0.45372980626890663,-0.5689757465705398,-1.0,-1.0,0.0,0.0,0.0,1.0,1.0,0.0,0.0,0.0,1.0,0.0,0.0,0.0,0.0,0.0,0.0,1.0,0.0,1.0,0.0,1.0,0.0,2910.1,2798934.0
-0.42591250846289963,-1.0,-1.0,1.0,-0.5840179540015147,-0.1917487288408316,-0.25884108520163235,-1.0,-1.0,0.0,0.0,0.0,1.0,0.0,1.0,0.0,0.0,0.0,0.0,1.0,0.0,0.0,0.0,0.0,0.0,1.0,1.0,0.0,1.0,0.0,1681.0,2044432.0
-0.5083441222933566,-1.0,0.0,-1.0,-0.7467591862220007,-0.37041899980691256,-0.5398860142751837,-1.0,-1.0,0.0,0.0,0.0,1.0,0.0,0.0,1.0,0.0,0.0,1.0,0.0,0.0,0.0,1.0,0.0,0.0,0.0,1.0,0.0,1.0,0.0,1585.7,1653409.0
-0.585216947179627,-1.0,0.0,0.0,-0.92502269458378,-0.5370406127309005,-0.5980654788658959,-1.0,-1.0,0.0,0.0,0.0,1.0,0.0,1.0,0.0,0.0,0.0,1.0,0.0,0.0,0.0,0.0,0.0,0.0,1.0,1.0,0.0,1.0,0.0,1880.0,1656092.0
-0.3353565107909395,0.0,-2.0,0.0,-0.43006666113326747,-0.7198300830276116,0.6027399723126157,0.0,0.0,0.0,0.0,0.0,1.0,1.0,0.0,0.0,0.0,0.0,0.0,0.0,0.0,1.0,0.0,0.0,0.0,1.0,1.0,0.0,1.0,0.0,1698.5,2389450.0
-0.5874499649606251,-1.0,1.0,0.0,-0.9306777015524336,-0.5418806719443908,-0.6785207026123226,-1.0,-1.0,1.0,0.0,0.0,0.0,1.0,0.0,0.0,0.0,0.0,0.0,0.0,1.0,0.0,0.0,0.0,0.0,1.0,1.0,0.0,1.0,0.0,2327.8,2039618.0
1.2327921036690381,1.0,0.0,0.0,0.8475988195907531,0.17170195876509814,0.7778536883551175,0.0,1.0,0.0,1.0,0.0,0.0,1.0,0.0,0.0,0.0,0.0,0.0,0.0,0.0,1.0,0.0,0.0,0.0,1.0,1.0,0.0,1.0,0.0,1976.8,9305588.0
-0.15476713662980582,-1.0,0.0,0.0,-0.17712678673402843,0.3959580356568192,-0.2722892432714262,-1.0,-1.0,0.0,1.0,0.0,0.0,1.0,0.0,0.0,0.0,0.0,0.0,0.0,0.0,1.0,0.0,0.0,0.0,1.0,1.0,0.0,1.0,0.0,1917.0,3425487.0
0.6854651922414512,0.0,-1.0,0.0,0.5506501067351414,0.3864838771963699,1.0028406537099297,0.0,0.0,1.0,0.0,0.0,0.0,1.0,0.0,0.0,0.0,0.0,0.0,1.0,0.0,0.0,0.0,1.0,0.0,0.0,1.0,0.0,1.0,0.0,4316.6,15347240.0
0.4079533441816824,1.0,0.0,-1.0,0.36078373608627534,-0.42424320439381263,0.1535930673666422,0.0,2.5,0.0,1.0,0.0,0.0,0.0,1.0,0.0,0.0,0.0,1.0,0.0,0.0,0.0,0.0,0.0,0.0,1.0,0.0,1.0,1.0,0.0,2542.3,7553936.0
-0.11157962252497282,-1.0,1.0,0.0,-0.12464576526991085,0.4895668404453883,-0.40840689667571595,-1.0,-1.0,0.0,0.0,0.0,1.0,0.0,0.0,1.0,0.0,0.0,1.0,0.0,0.0,0.0,0.0,0.0,1.0,0.0,1.0,0.0,1.0,0.0,2754.5,5172400.0
0.7840505517216807,0.0,-1.0,0.0,0.6106610371492349,0.49332560983458834,1.1147588141169702,0.0,0.0,0.0,0.0,0.0,1.0,0.0,1.0,0.0,0.0,0.0,0.0,0.0,1.0,0.0,0.0,0.0,1.0,0.0,1.0,0.0,1.0,0.0,2543.5,9570936.0
0.5989951419985511,0.0,0.0,0.0,0.4950580607723573,0.29277209242453495,0.29817874543787426,0.0,0.0,0.0,0.0,0.0,1.0,0.0,1.0,0.0,0.0,0.0,0.0,0.0,1.0,0.0,0.0,0.0,0.0,1.0,1.0,0.0,1.0,0.0,1708.3,5762779.0
0.2883206043401315,1.0,-1.0,1.0,0.26710564321940516,-0.5106777370148678,0.5519857607738085,0.0,3.0,1.0,0.0,0.0,0.0,0.0,0.0,0.0,1.0,0.0,0.0,1.0,0.0,0.0,0.0,0.0,0.0,1.0,1.0,0.0,0.0,1.0,2312.7,6739388.0
0.14930336971885377,0.0,1.0,-1.0,0.14668662843337288,-0.1945806783806398,-0.26032433792991844,0.0,0.0,0.0,1.0,0.0,0.0,0.0,1.0,0.0,0.0,0.0,1.0,0.0,0.0,0.0,0.0,0.0,0.0,1.0,1.0,0.0,1.0,0.0,2028.2,4922239.0
2.2332315805727454,1.0,-2.0,0.0,1.2387824001555596,0.8945184613074166,6.434673954082091,0.0,1.0,1.0,0.0,0.0,0.0,0.0,1.0,0.0,0.0,0.0,1.0,0.0,0.0,0.0,0.0,0.0,1.0,0.0,1.0,0.0,1.0,0.0,3414.8,23265374.0
0.8527989927664478,0.0,-1.0,-1.0,0.6505826348685355,0.5678316277273604,1.1928048758562413,0.0,1.5,0.0,1.0,0.0,0.0,1.0,0.0,0.0,0.0,0.0,0.0,0.0,0.0,1.0,0.0,0.0,1.0,0.0,0.0,1.0,1.0,0.0,3140.0,12269864.0
1.778931239681201,1.0,0.0,-1.0,1.0787696207086273,0.5662869279783741,1.1911867819708382,0.0,1.0,1.0,0.0,0.0,0.0,0.0,1.0,0.0,0.0,0.0,0.0,0.0,0.0,1.0,0.0,0.0,0.0,1.0,1.0,0.0,1.0,0.0,2509.5,14697891.0
0.14707035193785567,0.0,-1.0,0.0,0.1446360209010522,-0.19700070798738514,0.3916326567303715,0.0,0.0,0.0,0.0,1.0,0.0,1.0,0.0,0.0,0.0,1.0,0.0,0.0,0.0,0.0,0.0,1.0,0.0,0.0,1.0,0.0,1.0,0.0,3587.4,8689400.0
1.1535912389685359,0.0,-2.0,1.0,0.8094517680717418,0.8938147647551006,3.9833695906222464,0.0,0.0,0.0,0.0,0.0,1.0,0.0,0.0,1.0,0.0,0.0,0.0,0.0,0.0,1.0,0.0,0.0,1.0,0.0,1.0,0.0,1.0,0.0,2606.5,11835335.0
-0.09537836585858324,-1.0,0.0,-1.0,-0.10561058907609343,0.5246830147390101,-0.2273421908991207,-1.0,-1.0,0.0,0.0,0.0,1.0,0.0,0.0,1.0,0.0,0.0,1.0,0.0,0.0,0.0,0.0,0.0,1.0,0.0,1.0,0.0,1.0,0.0,3292.4,6294740.0
2.049886567447827,1.0,0.0,-1.0,1.1770860999709412,0.7620518761665701,1.3962532137142447,0.0,3.0,0.0,0.0,0.0,1.0,0.0,0.0,0.0,1.0,0.0,1.0,0.0,0.0,0.0,0.0,0.0,1.0,0.0,1.0,0.0,0.0,1.0,3374.9,22141157.0
-0.2500267249468468,-1.0,0.0,0.0,-0.3030014671757149,0.189483169208985,-0.344384315276604,-1.0,-1.0,1.0,0.0,0.0,0.0,1.0,0.0,0.0,0.0,0.0,0.0,0.0,0.0,1.0,0.0,0.0,0.0,1.0,1.0,0.0,1.0,0.0,2219.6,3521173.0
0.16498200520245654,0.0,0.0,1.0,0.1609736943046104,-0.17758898114179061,-0.03029431329893377,0.0,0.0,1.0,0.0,0.0,0.0,1.0,0.0,0.0,0.0,0.0,0.0,1.0,0.0,0.0,0.0,0.0,0.0,1.0,1.0,0.0,1.0,0.0,1891.1,4651917.0
0.8161204879381408,0.0,1.0,-1.0,0.6294713083058442,0.5280813541867799,0.11817479009726549,0.0,2.0,0.0,1.0,0.0,0.0,0.0,1.0,0.0,0.0,0.0,0.0,1.0,0.0,0.0,0.0,1.0,0.0,0.0,1.0,0.0,0.0,1.0,4740.7,18608777.0
0.07100521433407384,0.0,-1.0,1.0,0.07229992380382169,-0.2794361845916201,0.3052803797126984,0.0,0.0,1.0,0.0,0.0,0.0,1.0,0.0,0.0,0.0,0.0,0.0,0.0,0.0,1.0,1.0,0.0,0.0,0.0,1.0,0.0,1.0,0.0,1314.5,2973530.0
-0.323383734603461,0.0,-2.0,-1.0,-0.4112909646926666,-0.7068546051361267,0.6299239495873861,0.0,0.0,1.0,0.0,0.0,0.0,0.0,0.0,0.0,1.0,0.0,1.0,0.0,0.0,0.0,0.0,1.0,0.0,0.0,1.0,0.0,1.0,0.0,6016.2,8615198.0
1.357318478222138,1.0,2.0,-1.0,0.9049275058546473,0.26167213747827756,0.15733266212401792,0.0,1.0,1.0,0.0,0.0,0.0,1.0,0.0,0.0,0.0,0.0,0.0,0.0,1.0,0.0,0.0,0.0,0.0,1.0,1.0,0.0,1.0,0.0,2236.8,11115778.0
0.3805869986103028,0.0,0.0,0.0,0.34007435649794,0.05607260088820217,0.1328814656334837,0.0,0.0,0.0,0.0,0.0,1.0,1.0,0.0,0.0,0.0,0.0,0.0,1.0,0.0,0.0,0.0,0.0,0.0,1.0,1.0,0.0,1.0,0.0,1706.3,4971646.0
-0.4002565594897315,0.0,0.0,-1.0,-0.5380805408448297,-0.7901654115981207,-0.4580823789575878,0.0,0.0,0.0,1.0,0.0,0.0,1.0,0.0,0.0,0.0,0.0,1.0,0.0,0.0,0.0,0.0,1.0,0.0,0.0,1.0,0.0,1.0,0.0,4729.1,6006903.0
1.2062809563967647,0.0,-1.0,1.0,0.8349822328087247,0.9509171654759607,1.5940921594361843,0.0,1.5,0.0,1.0,0.0,0.0,0.0,1.0,0.0,0.0,0.0,0.0,1.0,0.0,0.0,0.0,0.0,0.0,1.0,0.0,1.0,1.0,0.0,1891.2,8797106.0
-0.5586582888907363,0.0,0.0,1.0,-0.8599837534920824,-0.9618330437021305,-0.5779651570450008,0.0,0.0,0.0,0.0,1.0,0.0,0.0,1.0,0.0,0.0,0.0,0.0,0.0,0.0,1.0,0.0,0.0,0.0,1.0,1.0,0.0,1.0,0.0,1645.3,1541317.0
1.2518915323490638,1.0,0.0,-1.0,0.8565958680899612,0.18550127652270934,0.7923086603980513,0.0,1.0,0.0,0.0,0.0,1.0,0.0,0.0,1.0,0.0,0.0,1.0,0.0,0.0,0.0,0.0,0.0,0.0,1.0,1.0,0.0,1.0,0.0,2162.2,10265261.0
0.5976648335332756,0.0,1.0,0.0,0.4941795714218688,0.2913303726588143,-0.005825137987450758,0.0,0.0,0.0,1.0,0.0,0.0,1.0,0.0,0.0,0.0,0.0,0.0,1.0,0.0,0.0,0.0,0.0,1.0,0.0,1.0,0.0,1.0,0.0,2650.8,8934786.0
-0.3799218443776649,-1.0,-1.0,-1.0,-0.5030365073055615,-0.09206410503958302,-0.20663058916596241,-1.0,-1.0,0.0,1.0,0.0,0.0,1.0,0.0,0.0,0.0,0.0,0.0,0.0,1.0,0.0,0.0,0.0,0.0,1.0,1.0,0.0,1.0,0.0,2182.5,2865622.0
-0.7508878621230296,-1.0,0.0,-1.0,-1.457523114138718,-0.8961318143785802,-0.7234497761636791,-1.0,-1.0,0.0,0.0,0.0,1.0,1.0,0.0,0.0,0.0,0.0,0.0,1.0,0.0,0.0,0.0,1.0,0.0,0.0,1.0,0.0,1.0,0.0,4616.0,2456635.0
-0.38861636041857184,0.0,-1.0,-1.0,-0.5178785065257361,-0.777550363648066,-0.21650096186692067,0.0,0.0,0.0,1.0,0.0,0.0,0.0,0.0,0.0,1.0,0.0,1.0,0.0,0.0,0.0,0.0,0.0,0.0,1.0,1.0,0.0,1.0,0.0,2272.4,2942076.0
-0.5263507975911913,-1.0,-1.0,1.0,-0.7859032203098647,-0.40944841346463295,-0.37286276765969684,-1.0,-1.0,0.0,1.0,0.0,0.0,1.0,0.0,0.0,0.0,0.0,1.0,0.0,0.0,0.0,0.0,1.0,0.0,0.0,1.0,0.0,1.0,0.0,4511.9,4533557.0
1.2223871910299202,0.0,0.0,0.0,0.8426650652516456,0.9683722726395056,0.7699789647794897,0.0,0.0,0.0,1.0,0.0,0.0,0.0,0.0,1.0,0.0,0.0,1.0,0.0,0.0,0.0,0.0,0.0,0.0,1.0,1.0,0.0,1.0,0.0,2007.4,9405673.0
0.41702794835552515,0.0,-2.0,-1.0,0.36756239599327767,0.09556542447061847,2.311015623595405,0.0,1.5,0.0,0.0,0.0,1.0,0.0,0.0,1.0,0.0,0.0,1.0,0.0,0.0,0.0,1.0,0.0,0.0,0.0,0.0,1.0,1.0,0.0,1681.2,5027460.0
-0.25416018339252394,-1.0,1.0,0.0,-0.30881741497162846,0.18052391066486448,-0.489338559177289,-1.0,-1.0,0.0,0.0,0.0,1.0,0.0,1.0,0.0,0.0,0.0,1.0,0.0,0.0,0.0,0.0,0.0,0.0,1.0,1.0,0.0,1.0,0.0,2019.5,3186165.0
0.02197384518535257,-1.0,-2.0,-1.0,0.022906814090977896,0.7790435734054193,1.4140522464536776,-1.0,-1.0,1.0,0.0,0.0,0.0,1.0,0.0,0.0,0.0,0.0,1.0,0.0,0.0,0.0,0.0,0.0,0.0,1.0,1.0,0.0,1.0,0.0,2368.5,5113355.0
-0.0529985390362389,0.0,-1.0,0.0,-0.05737883720564198,-0.41382506275342745,0.16450621168263785,0.0,0.0,0.0,1.0,0.0,0.0,1.0,0.0,0.0,0.0,0.0,0.0,0.0,0.0,1.0,0.0,0.0,0.0,1.0,1.0,0.0,1.0,0.0,1956.4,3914952.0
-0.6889810074711071,-1.0,0.0,-1.0,-1.226152051618671,-0.7619488961833044,-0.6765969687707879,-1.0,-1.0,1.0,0.0,0.0,0.0,1.0,0.0,0.0,0.0,0.0,1.0,0.0,0.0,0.0,0.0,0.0,0.0,1.0,1.0,0.0,1.0,0.0,2403.7,1592451.0
0.49394828425841264,0.0,-1.0,-1.0,0.4233414922985513,0.17892772092424536,0.785422771974614,0.0,0.0,0.0,0.0,0.0,1.0,1.0,0.0,0.0,0.0,0.0,0.0,1.0,0.0,0.0,0.0,0.0,0.0,1.0,1.0,0.0,1.0,0.0,1769.3,5577364.0
1.2583055195923558,0.0,-1.0,0.0,0.8596001892671886,1.0072987063139602,1.6531525862533936,0.0,1.5,1.0,0.0,0.0,0.0,1.0,0.0,0.0,0.0,0.0,0.0,1.0,0.0,0.0,0.0,0.0,1.0,0.0,0.0,1.0,1.0,0.0,3534.6,16828584.0
0.7649511230416554,1.0,0.0,-1.0,0.5992975304576021,-0.1663126729741909,0.4237787885870443,0.0,1.0,0.0,1.0,0.0,0.0,0.0,1.0,0.0,0.0,0.0,0.0,1.0,0.0,0.0,0.0,0.0,0.0,1.0,1.0,0.0,1.0,0.0,2041.8,7601009.0
0.16013588150752464,0.0,0.0,-1.0,0.15657825196665542,-0.18284096028834415,-0.033961992772513994,0.0,2.0,0.0,0.0,0.0,1.0,0.0,1.0,0.0,0.0,0.0,0.0,0.0,0.0,1.0,0.0,1.0,0.0,0.0,1.0,0.0,0.0,1.0,4233.2,10820070.0
0.4254849093133471,1.0,0.0,0.0,0.37384083067194634,-0.4115766664521252,0.16686143722694657,0.0,3.0,1.0,0.0,0.0,0.0,0.0,1.0,0.0,0.0,0.0,0.0,0.0,0.0,1.0,0.0,0.0,1.0,0.0,1.0,0.0,0.0,1.0,3280.3,10317798.0
1.2618688458386291,0.0,-1.0,0.0,0.8612655785662212,1.011160455686426,1.6571978209669012,0.0,2.0,0.0,0.0,0.0,1.0,0.0,1.0,0.0,0.0,0.0,1.0,0.0,0.0,0.0,0.0,1.0,0.0,0.0,1.0,0.0,0.0,1.0,4058.2,19801933.0
-0.7465168485942676,-1.0,2.0,-1.0,-1.439419203101632,-0.8866576559181311,-0.7980115424030491,-1.0,1.0,0.0,1.0,0.0,0.0,0.0,0.0,0.0,1.0,1.0,0.0,0.0,0.0,0.0,0.0,1.0,0.0,0.0,1.0,0.0,0.0,1.0,5676.3,3523149.0
0.40115926880545444,0.0,-1.0,-1.0,0.3556800377457179,0.07836776726523773,0.6800848600348789,0.0,1.5,0.0,0.0,0.0,1.0,0.0,0.0,1.0,0.0,0.0,1.0,0.0,0.0,0.0,0.0,0.0,0.0,1.0,0.0,1.0,1.0,0.0,2180.6,6448034.0
-0.04354384672946022,0.0,-1.0,-1.0,-0.04691206834093758,-0.403578554418485,0.17523956778914443,0.0,0.0,0.0,0.0,0.0,1.0,1.0,0.0,0.0,0.0,0.0,0.0,0.0,0.0,1.0,0.0,0.0,1.0,0.0,1.0,0.0,1.0,0.0,2864.9,5789963.0
0.01589243505837929,-1.0,1.0,1.0,0.016616661830551948,0.7658621355474028,-0.3360511317667787,-1.0,-1.0,0.0,1.0,0.0,0.0,0.0,1.0,0.0,0.0,0.0,1.0,0.0,0.0,0.0,0.0,0.0,1.0,0.0,1.0,0.0,1.0,0.0,2698.3,5790822.0
-0.07466356261358084,-1.0,1.0,-1.0,-0.08176071860165694,0.5695822874428782,-0.38745258085974715,-1.0,-1.0,0.0,0.0,1.0,0.0,0.0,1.0,0.0,0.0,0.0,0.0,0.0,0.0,1.0,1.0,0.0,0.0,0.0,1.0,0.0,1.0,0.0,1384.2,2706803.0
-0.7093157225831738,-1.0,1.0,0.0,-1.2967182566619564,-0.8060243290210466,-0.7476942162133007,-1.0,-1.0,0.0,1.0,0.0,0.0,0.0,1.0,0.0,0.0,0.0,0.0,0.0,0.0,1.0,1.0,0.0,0.0,0.0,1.0,0.0,1.0,0.0,1487.9,922052.0
0.009098359682151558,-1.0,2.0,-1.0,0.009544880659297102,0.7511359979404004,-0.45488934035705925,-1.0,-1.0,0.0,0.0,0.0,1.0,0.0,0.0,1.0,0.0,0.0,0.0,1.0,0.0,0.0,0.0,0.0,1.0,0.0,1.0,0.0,1.0,0.0,3102.7,6614336.0
2.2068154553337056,1.0,1.0,0.0,1.230112003772665,0.8754328377421637,0.9075618920911166,0.0,1.0,0.0,0.0,0.0,1.0,1.0,0.0,0.0,0.0,0.0,0.0,0.0,1.0,0.0,0.0,0.0,0.0,1.0,1.0,0.0,1.0,0.0,1730.9,11696557.0
-0.29402192633416857,1.0,1.0,0.0,-0.3666085780337778,-0.9314196219776448,-0.5119649053415076,0.0,1.0,0.0,0.0,1.0,0.0,0.0,1.0,0.0,0.0,0.0,0.0,1.0,0.0,0.0,0.0,0.0,0.0,1.0,1.0,0.0,1.0,0.0,1788.9,2672259.0
-0.015512346925443163,0.0,1.0,0.0,-0.016474832248950723,-0.37319945935508797,-0.353877132737635,0.0,0.0,0.0,0.0,0.0,1.0,0.0,1.0,0.0,0.0,0.0,1.0,0.0,0.0,0.0,0.0,0.0,0.0,1.0,1.0,0.0,1.0,0.0,1831.9,3810352.0
-0.7787768288771957,-1.0,1.0,-1.0,-1.5809539212845185,-0.9565810645555771,-0.7871217705542869,-1.0,-1.0,0.0,0.0,0.0,1.0,0.0,0.0,0.0,1.0,0.0,1.0,0.0,0.0,0.0,1.0,0.0,0.0,0.0,1.0,0.0,1.0,0.0,1692.0,801162.0
-0.3835801926571722,-1.0,-1.0,-1.0,-0.5092561543539317,-0.09999356375104602,-0.21078369680516348,-1.0,-1.0,0.0,1.0,0.0,0.0,1.0,0.0,0.0,0.0,0.0,1.0,0.0,0.0,0.0,0.0,1.0,0.0,0.0,1.0,0.0,1.0,0.0,4912.9,6412808.0
-0.20660165575892894,-1.0,1.0,0.0,-0.24375784493376462,0.28360687391388284,-0.46234335952248246,-1.0,-1.0,1.0,0.0,0.0,0.0,0.0,0.0,1.0,0.0,0.0,0.0,0.0,0.0,1.0,1.0,0.0,0.0,0.0,1.0,0.0,1.0,0.0,1554.0,2607301.0
2.3696832202967064,1.0,1.0,0.0,1.2824717115029374,0.9931046319538308,1.0000089894104744,0.0,1.0,0.0,1.0,0.0,0.0,0.0,1.0,0.0,0.0,0.0,1.0,0.0,0.0,0.0,0.0,0.0,0.0,1.0,1.0,0.0,1.0,0.0,2083.5,14793475.0
-0.10920407169412392,0.0,2.0,-1.0,-0.12183317162908049,-0.47473772285512017,-0.5086100573524387,0.0,1.5,0.0,0.0,0.0,1.0,0.0,1.0,0.0,0.0,0.0,1.0,0.0,0.0,0.0,0.0,0.0,0.0,1.0,0.0,1.0,1.0,0.0,2303.9,4337783.0
-0.41560261785701536,0.0,-1.0,0.0,-0.5653176024447255,-0.8067966788955397,-0.24713687276388402,0.0,0.0,0.0,0.0,1.0,0.0,0.0,0.0,1.0,0.0,0.0,1.0,0.0,0.0,0.0,1.0,0.0,0.0,0.0,1.0,0.0,1.0,0.0,1300.5,1609889.0
1.2199641291824541,0.0,-2.0,1.0,0.841512799232345,0.9657462830662287,4.134068067816112,0.0,0.0,0.0,0.0,0.0,1.0,0.0,1.0,0.0,0.0,0.0,1.0,0.0,0.0,0.0,0.0,0.0,1.0,0.0,1.0,0.0,1.0,0.0,2450.2,11467916.0
-0.3252366642515232,-1.0,-1.0,-1.0,-0.4141750284290156,0.02646585569929826,-0.14454972042933423,-1.0,-1.0,0.0,0.0,1.0,0.0,0.0,1.0,0.0,0.0,0.0,0.0,0.0,0.0,1.0,0.0,0.0,1.0,0.0,1.0,0.0,1.0,0.0,2976.3,4250454.0
0.11946645128339146,0.0,0.0,-1.0,0.11895330920873186,-0.22691639312608625,-0.06474173423706871,0.0,0.0,0.0,0.0,0.0,1.0,0.0,0.0,1.0,0.0,0.0,1.0,0.0,0.0,0.0,1.0,0.0,0.0,0.0,1.0,0.0,1.0,0.0,1565.0,3699816.0
1.1174353553230159,1.0,0.0,-1.0,0.7915693952752599,0.08835682564201579,0.6905485338271516,0.0,3.0,1.0,0.0,0.0,0.0,1.0,0.0,0.0,0.0,0.0,0.0,0.0,0.0,1.0,0.0,0.0,0.0,1.0,1.0,0.0,0.0,1.0,2165.1,10116305.0
0.09499827772564776,-1.0,-1.0,0.0,0.09565500280109172,0.9373238076848811,0.33251829345031547,-1.0,-1.0,1.0,0.0,0.0,0.0,0.0,0.0,1.0,0.0,0.0,1.0,0.0,0.0,0.0,0.0,0.0,0.0,1.0,1.0,0.0,1.0,0.0,2518.2,5823589.0
1.8971386490242426,1.0,1.0,1.0,1.122788561141693,0.6516916607667718,0.7317829596735045,0.0,1.0,0.0,1.0,0.0,0.0,0.0,1.0,0.0,0.0,0.0,1.0,0.0,0.0,0.0,0.0,0.0,0.0,1.0,1.0,0.0,1.0,0.0,1823.4,11133133.0
0.7969735482414986,0.0,0.0,-1.0,0.6182811445673205,0.5073308875587307,0.44801423922619144,0.0,0.0,0.0,0.0,0.0,1.0,0.0,1.0,0.0,0.0,0.0,0.0,1.0,0.0,0.0,0.0,0.0,1.0,0.0,1.0,0.0,1.0,0.0,2808.3,10643738.0
-0.049435212789965544,0.0,2.0,1.0,-0.053421909618936635,-0.4099633133809617,-0.48146922924794583,0.0,1.5,0.0,1.0,0.0,0.0,0.0,0.0,0.0,1.0,0.0,0.0,1.0,0.0,0.0,0.0,0.0,0.0,1.0,0.0,1.0,1.0,0.0,2166.6,4351833.0
-0.28456723402738987,0.0,-1.0,-1.0,-0.352613032220336,-0.6647872819720667,-0.09838010823250203,0.0,0.0,0.0,0.0,0.0,1.0,0.0,0.0,0.0,1.0,0.0,0.0,0.0,0.0,1.0,0.0,0.0,0.0,1.0,1.0,0.0,1.0,0.0,2270.3,3436553.0
-0.4449644261263079,-1.0,-1.0,-1.0,-0.6194691752072619,-0.2330437021303986,-0.28046960680318583,-1.0,-1.0,0.0,0.0,0.0,1.0,0.0,1.0,0.0,0.0,0.0,0.0,0.0,0.0,1.0,0.0,0.0,0.0,1.0,1.0,0.0,1.0,0.0,2167.2,2548844.0
-0.7754510577140072,-1.0,-1.0,1.0,-1.56545602710911,-0.9493724657269744,-0.6556516423652936,-1.0,-1.0,1.0,0.0,0.0,0.0,0.0,0.0,1.0,0.0,0.0,1.0,0.0,0.0,0.0,1.0,0.0,0.0,0.0,1.0,0.0,1.0,0.0,1680.1,807288.0
-0.46648691665379893,-1.0,-1.0,-1.0,-0.6610002905159725,-0.2796936345497845,-0.304902824472771,-1.0,-1.0,0.0,0.0,0.0,1.0,1.0,0.0,0.0,0.0,0.0,1.0,0.0,0.0,0.0,0.0,0.0,0.0,1.0,1.0,0.0,1.0,0.0,2044.3,2311694.0
-0.2214250929434261,0.0,0.0,-1.0,-0.26361045625327695,-0.5963570830919741,-0.3227378148541018,0.0,0.0,1.0,0.0,0.0,0.0,0.0,0.0,1.0,0.0,0.0,1.0,0.0,0.0,0.0,0.0,0.0,0.0,1.0,1.0,0.0,1.0,0.0,2275.8,3747332.0
-0.34804195222767265,0.0,-2.0,0.0,-0.45033025020351763,-0.7335779107935896,0.5739379011524424,0.0,0.0,0.0,0.0,0.0,1.0,1.0,0.0,0.0,0.0,0.0,0.0,0.0,0.0,1.0,0.0,0.0,1.0,0.0,1.0,0.0,1.0,0.0,2552.1,3522153.0
-0.6847050159755791,-1.0,0.0,-1.0,-1.2118937629628312,-0.7526806976893867,-0.6733607809999819,-1.0,-1.0,0.0,1.0,0.0,0.0,0.0,0.0,1.0,0.0,0.0,0.0,0.0,0.0,1.0,1.0,0.0,0.0,0.0,1.0,0.0,1.0,0.0,1755.0,1178482.0
-0.2732121010559322,0.0,1.0,0.0,-0.3360453378235951,-0.6524811739718094,-0.5001528199780657,0.0,0.0,0.0,1.0,0.0,0.0,0.0,0.0,1.0,0.0,0.0,0.0,0.0,0.0,1.0,0.0,0.0,1.0,0.0,1.0,0.0,1.0,0.0,3074.4,4727197.0
-0.37588340796522174,-1.0,0.0,0.0,-0.49621284640748015,-0.08331080646199404,-0.4396361086639937,-1.0,-1.0,0.0,0.0,0.0,1.0,1.0,0.0,0.0,0.0,0.0,1.0,0.0,0.0,0.0,0.0,0.0,0.0,1.0,1.0,0.0,1.0,0.0,1771.0,2340376.0
-0.11927640721692329,0.0,-2.0,-1.0,-0.1338102566789463,-0.48565360108128997,1.0933460383668037,0.0,0.0,1.0,0.0,0.0,0.0,0.0,1.0,0.0,0.0,0.0,0.0,1.0,0.0,0.0,0.0,0.0,0.0,1.0,1.0,0.0,1.0,0.0,2315.9,4311279.0
-0.11148460049173885,0.0,-1.0,0.0,-0.1245331178845936,-0.4772092424534982,0.09811042591826832,0.0,0.0,0.0,1.0,0.0,0.0,1.0,0.0,0.0,0.0,0.0,1.0,0.0,0.0,0.0,0.0,0.0,0.0,1.0,1.0,0.0,1.0,0.0,1860.9,3494770.0
0.9397441531755176,0.0,0.0,0.0,0.6990055343885729,0.662058312415524,0.5560669531292137,0.0,0.0,0.0,0.0,0.0,1.0,0.0,0.0,0.0,1.0,0.0,0.0,0.0,1.0,0.0,0.0,0.0,1.0,0.0,1.0,0.0,1.0,0.0,3003.5,12286117.0
-0.6759154779014382,-1.0,-2.0,-1.0,-1.1831748485159799,-0.7336294007852224,-0.17049315905862886,-1.0,-1.0,0.0,0.0,0.0,1.0,0.0,1.0,0.0,0.0,0.0,0.0,0.0,0.0,1.0,0.0,0.0,0.0,1.0,1.0,0.0,1.0,0.0,2025.3,1397457.0
-0.26641802567970424,0.0,-1.0,0.0,-0.3262550678996547,-0.6451181051683079,-0.0777763794250372,0.0,0.0,0.0,0.0,1.0,0.0,0.0,1.0,0.0,0.0,0.0,1.0,0.0,0.0,0.0,0.0,0.0,0.0,1.0,1.0,0.0,1.0,0.0,1793.8,2783798.0
0.6264565096031643,0.0,0.0,0.0,0.5130315679745849,0.3225333075883373,0.3189622624548282,0.0,1.5,0.0,0.0,1.0,0.0,0.0,0.0,1.0,0.0,0.0,0.0,0.0,0.0,1.0,0.0,0.0,0.0,1.0,0.0,1.0,1.0,0.0,2052.9,7043910.0
-0.4945659274744329,-1.0,-1.0,0.0,-0.7177555659967325,-0.3405548046598443,-0.33677927401520996,-1.0,-1.0,1.0,0.0,0.0,0.0,0.0,1.0,0.0,0.0,0.0,0.0,1.0,0.0,0.0,0.0,1.0,0.0,0.0,1.0,0.0,1.0,0.0,4974.0,5330636.0
1.1292655984606432,1.0,-1.0,-1.0,0.79745385119199,0.09690416425307322,1.5066611531615755,0.0,1.0,0.0,0.0,0.0,1.0,0.0,1.0,0.0,0.0,0.0,0.0,1.0,0.0,0.0,1.0,0.0,0.0,0.0,1.0,0.0,1.0,0.0,1535.6,6894076.0
-0.49546863679015557,-1.0,-1.0,0.0,-0.7196316617852222,-0.3425114243418937,-0.3378040668092986,-1.0,-1.0,0.0,0.0,0.0,1.0,0.0,0.0,1.0,0.0,0.0,0.0,1.0,0.0,0.0,0.0,0.0,0.0,1.0,1.0,0.0,1.0,0.0,2164.6,2315689.0
0.023541708733712714,0.0,2.0,1.0,0.02452245010102987,-0.3308746862328637,-0.44833066647489256,0.0,1.5,0.0,1.0,0.0,0.0,0.0,1.0,0.0,0.0,0.0,0.0,0.0,0.0,1.0,0.0,0.0,0.0,1.0,0.0,1.0,1.0,0.0,2036.4,4403104.0
0.22209024717606407,0.0,-1.0,0.0,0.2114408353801032,-0.11569801119907332,0.4767983315654159,0.0,0.0,1.0,0.0,0.0,0.0,1.0,0.0,0.0,0.0,0.0,0.0,0.0,1.0,0.0,0.0,0.0,1.0,0.0,1.0,0.0,1.0,0.0,3124.1,8060490.0
1.116057535841123,0.0,0.0,0.0,0.790881924849086,0.8531376713651282,0.6895057622121141,0.0,0.0,0.0,0.0,0.0,1.0,0.0,1.0,0.0,0.0,1.0,0.0,0.0,0.0,0.0,0.0,0.0,0.0,1.0,1.0,0.0,1.0,0.0,1769.4,7894532.0
0.34590395647990885,0.0,0.0,1.0,0.31323204201665983,0.018484906996202425,0.1066323870480574,0.0,0.0,0.0,0.0,0.0,1.0,0.0,0.0,1.0,0.0,0.0,0.0,0.0,0.0,1.0,0.0,1.0,0.0,0.0,1.0,0.0,1.0,0.0,3932.5,11171053.0
-0.4361273770355499,0.0,0.0,1.0,-0.6028776814534531,-0.8290403552809423,-0.4852303985904603,0.0,0.0,0.0,0.0,0.0,1.0,0.0,1.0,0.0,0.0,0.0,0.0,0.0,0.0,1.0,0.0,0.0,1.0,0.0,1.0,0.0,1.0,0.0,2545.5,3041109.0
-0.41769310258816245,-1.0,2.0,-1.0,-0.569082763516502,-0.17393319173585645,-0.6486938386580606,-1.0,-1.0,0.0,0.0,1.0,0.0,1.0,0.0,0.0,0.0,0.0,0.0,0.0,0.0,1.0,0.0,0.0,1.0,0.0,1.0,0.0,1.0,0.0,2902.5,3580234.0
0.3230986685037594,0.0,-1.0,0.0,0.29520386663470205,-0.006230288987578227,0.5914672515776415,0.0,1.5,0.0,0.0,0.0,1.0,1.0,0.0,0.0,0.0,0.0,0.0,0.0,1.0,0.0,0.0,0.0,0.0,1.0,0.0,1.0,1.0,0.0,1922.2,5368128.0
0.874178950244088,0.0,-1.0,0.0,0.6626969244440555,0.5910021239621547,1.2170762841372862,0.0,0.0,0.0,0.0,0.0,1.0,1.0,0.0,0.0,0.0,1.0,0.0,0.0,0.0,0.0,0.0,0.0,1.0,0.0,1.0,0.0,1.0,0.0,2254.9,8912718.0
1.8931002126117993,1.0,0.0,-1.0,1.121314520179871,0.648773894574242,1.277592995451358,0.0,1.0,1.0,0.0,0.0,0.0,0.0,0.0,1.0,0.0,0.0,1.0,0.0,0.0,0.0,0.0,0.0,0.0,1.0,1.0,0.0,1.0,0.0,2573.5,15691144.0
1.2282310460738086,0.0,-2.0,0.0,0.8454389089295061,0.9747055416103495,4.152837956886787,0.0,0.0,0.0,0.0,0.0,1.0,0.0,1.0,0.0,0.0,0.0,1.0,0.0,0.0,0.0,0.0,0.0,0.0,1.0,1.0,0.0,1.0,0.0,1781.7,8370070.0
-0.4652516302217574,-1.0,0.0,-1.0,-0.6585720031236724,-0.2770161549848748,-0.507272433073839,-1.0,-1.0,0.0,0.0,1.0,0.0,0.0,1.0,0.0,0.0,0.0,0.0,0.0,1.0,0.0,0.0,0.0,0.0,1.0,1.0,0.0,1.0,0.0,2009.5,2277567.0
0.6886959413714056,0.0,-1.0,0.0,0.5526716276179819,0.3899851966274054,1.0065083331835096,0.0,0.0,0.0,0.0,1.0,0.0,0.0,0.0,0.0,1.0,0.0,0.0,0.0,0.0,1.0,0.0,0.0,0.0,1.0,1.0,0.0,1.0,0.0,1840.2,6555160.0
-0.6462210925158269,-1.0,1.0,-1.0,-1.0915404603124432,-0.6692669112441271,-0.7118804048830476,-1.0,-1.0,0.0,1.0,0.0,0.0,0.0,1.0,0.0,0.0,0.0,1.0,0.0,0.0,0.0,0.0,0.0,0.0,1.0,1.0,0.0,1.0,0.0,2252.1,1694705.0
0.7544986993859202,0.0,1.0,0.0,0.5930266448345283,0.4612988350389391,0.08319699394113733,0.0,0.0,0.0,1.0,0.0,0.0,1.0,0.0,0.0,0.0,0.0,1.0,0.0,0.0,0.0,0.0,0.0,1.0,0.0,1.0,0.0,1.0,0.0,2770.0,10250939.0
-0.4116116924611893,-1.0,0.0,-1.0,-0.5581665550209767,-0.16075175387784013,-0.46667625537117263,-1.0,-1.0,1.0,0.0,0.0,0.0,0.0,1.0,0.0,0.0,0.0,0.0,1.0,0.0,0.0,0.0,0.0,0.0,1.0,1.0,0.0,1.0,0.0,2583.1,3219318.0
-0.336306731123279,-1.0,-1.0,-1.0,-0.43157116218332814,0.0024715195983779246,-0.1571169162726308,-1.0,-1.0,1.0,0.0,0.0,0.0,0.0,0.0,1.0,0.0,0.0,1.0,0.0,0.0,0.0,0.0,0.0,1.0,0.0,1.0,0.0,1.0,0.0,3864.2,5428428.0
0.412989511943082,0.0,1.0,0.0,0.3645510755431147,0.09118877518182399,-0.1106506535301414,0.0,0.0,0.0,0.0,1.0,0.0,0.0,0.0,1.0,0.0,0.0,0.0,1.0,0.0,0.0,1.0,0.0,0.0,0.0,1.0,0.0,1.0,0.0,1276.5,3806395.0
-0.49005238089582,0.0,-2.0,0.0,-0.7084246543018623,-0.8874814957842571,0.2515057262544723,0.0,0.0,0.0,0.0,0.0,1.0,0.0,0.0,1.0,0.0,0.0,1.0,0.0,0.0,0.0,0.0,0.0,0.0,1.0,1.0,0.0,1.0,0.0,1896.1,2050063.0
0.023921796866648627,0.0,0.0,1.0,0.024913748260552423,-0.3304627662998006,-0.13705255209363362,0.0,0.0,0.0,0.0,0.0,1.0,1.0,0.0,0.0,0.0,0.0,1.0,0.0,0.0,0.0,0.0,0.0,0.0,1.0,1.0,0.0,1.0,0.0,1515.0,3276945.0
0.8799752942713593,0.0,1.0,-1.0,0.6659574880498584,0.5972839029413658,0.1544200931302926,0.0,0.0,0.0,0.0,0.0,1.0,0.0,0.0,1.0,0.0,0.0,0.0,1.0,0.0,0.0,1.0,0.0,0.0,0.0,1.0,0.0,1.0,0.0,1379.1,5467856.0
1.9624662968725872,1.0,0.0,1.0,1.1463524419551936,0.6988908197635749,1.3300911526222108,0.0,1.0,0.0,0.0,1.0,0.0,0.0,1.0,0.0,0.0,0.0,0.0,0.0,1.0,0.0,0.0,0.0,0.0,1.0,1.0,0.0,1.0,0.0,1576.4,9841780.0
0.06739437707118355,-1.0,2.0,-1.0,0.06874004768158212,0.8774924374074788,-0.4284173243918663,-1.0,-1.0,0.0,0.0,0.0,1.0,0.0,1.0,0.0,0.0,0.0,1.0,0.0,0.0,0.0,0.0,0.0,1.0,0.0,1.0,0.0,1.0,0.0,2733.1,6161774.0
1.0035039374755024,0.0,1.0,0.0,0.7331584197870702,0.7311578811868443,0.22453749483108906,0.0,1.5,0.0,0.0,1.0,0.0,0.0,1.0,0.0,0.0,0.0,1.0,0.0,0.0,0.0,0.0,0.0,0.0,1.0,0.0,1.0,1.0,0.0,1757.7,7425931.0
-0.297395208513974,-1.0,0.0,0.0,-0.3716471039698192,0.0868121258930295,-0.3802340842487549,-1.0,-1.0,0.0,0.0,0.0,1.0,0.0,1.0,0.0,0.0,0.0,0.0,1.0,0.0,0.0,0.0,0.0,1.0,0.0,1.0,0.0,1.0,0.0,2790.3,4148339.0
0.03138102647551409,1.0,0.0,0.0,0.03256383752121723,-0.6963163201819315,-0.13140720231567218,0.0,1.0,0.0,0.0,0.0,1.0,1.0,0.0,0.0,0.0,0.0,0.0,0.0,0.0,1.0,0.0,0.0,1.0,0.0,1.0,0.0,1.0,0.0,2793.5,6086198.0
-0.009763513914788862,0.0,-1.0,0.0,-0.010339352610989932,-0.36696917036751,0.21358839287319537,0.0,0.0,0.0,0.0,1.0,0.0,0.0,1.0,0.0,0.0,0.0,0.0,0.0,0.0,1.0,0.0,0.0,0.0,1.0,1.0,0.0,1.0,0.0,1728.4,3615986.0
0.013279329144445497,-1.0,2.0,-1.0,0.013902335613785823,0.7601982364677864,-0.4529907768648531,-1.0,-1.0,0.0,1.0,0.0,0.0,1.0,0.0,0.0,0.0,0.0,0.0,1.0,0.0,0.0,0.0,0.0,0.0,1.0,1.0,0.0,1.0,0.0,2048.4,4384805.0
1.1012816096732432,0.0,-1.0,-1.0,0.7834811845119866,0.837124283967304,1.4748925765448302,0.0,0.0,0.0,0.0,0.0,1.0,0.0,1.0,0.0,0.0,0.0,1.0,0.0,0.0,0.0,0.0,0.0,0.0,1.0,1.0,0.0,1.0,0.0,1834.6,8128379.0
1.2272333147248518,0.0,0.0,0.0,0.8449658402596554,0.9736242517860589,0.7736466442530698,0.0,0.0,0.0,1.0,0.0,0.0,1.0,0.0,0.0,0.0,0.0,0.0,1.0,0.0,0.0,1.0,0.0,0.0,0.0,1.0,0.0,1.0,0.0,1265.7,5943347.0
0.408713520447554,0.0,-1.0,-1.0,0.36135325121104706,0.08655467593486511,0.6886607576275148,0.0,0.0,0.0,0.0,0.0,1.0,0.0,1.0,0.0,0.0,0.0,0.0,0.0,1.0,0.0,0.0,0.0,1.0,0.0,1.0,0.0,1.0,0.0,2760.2,8205799.0
-0.0883467353992705,-1.0,1.0,0.0,-0.09745435710060608,0.5399240522623414,-0.3952194315096815,-1.0,-1.0,0.0,0.0,0.0,1.0,0.0,1.0,0.0,0.0,0.0,0.0,0.0,0.0,1.0,0.0,0.0,1.0,0.0,1.0,0.0,1.0,0.0,2934.6,5654094.0
-0.06658668978869457,0.0,0.0,-1.0,-0.07260518077035691,-0.42855120036043004,-0.2055518599090271,0.0,1.5,1.0,0.0,0.0,0.0,0.0,1.0,0.0,0.0,0.0,1.0,0.0,0.0,0.0,0.0,0.0,1.0,0.0,0.0,1.0,1.0,0.0,3965.5,7821949.0
-0.5848368590466912,-1.0,1.0,0.0,-0.924063142564852,-0.5362167728647744,-0.6770374498840366,-1.0,-1.0,0.0,1.0,0.0,0.0,1.0,0.0,0.0,0.0,0.0,1.0,0.0,0.0,0.0,1.0,0.0,0.0,0.0,1.0,0.0,1.0,0.0,1487.3,1311352.0
-0.33644926417313,-1.0,-1.0,0.0,-0.43179702193455777,0.0021625796485807134,-0.15727872566117107,-1.0,-1.0,0.0,0.0,0.0,1.0,1.0,0.0,0.0,0.0,0.0,0.0,0.0,0.0,1.0,1.0,0.0,0.0,0.0,1.0,0.0,1.0,0.0,1363.7,1915317.0
1.0885011462032759,0.0,-1.0,0.0,0.7770378904669489,0.8232734762180599,1.4603836680390498,0.0,0.0,0.0,1.0,0.0,0.0,0.0,1.0,0.0,0.0,0.0,0.0,1.0,0.0,0.0,0.0,0.0,1.0,0.0,1.0,0.0,1.0,0.0,2819.0,12414030.0
-0.5807509116176311,-1.0,-1.0,-1.0,-0.9138025363691143,-0.5273604943039198,-0.43462001761924446,-1.0,-1.0,0.0,1.0,0.0,0.0,0.0,0.0,0.0,1.0,0.0,0.0,1.0,0.0,0.0,0.0,0.0,0.0,1.0,1.0,0.0,1.0,0.0,2543.9,2264834.0
-0.16018339252414135,1.0,0.0,-1.0,-0.18389610103311607,-0.834721417691103,-0.2763884144477804,0.0,1.0,0.0,1.0,0.0,0.0,1.0,0.0,0.0,0.0,0.0,0.0,1.0,0.0,0.0,0.0,0.0,0.0,1.0,1.0,0.0,1.0,0.0,2109.8,3745950.0
-0.7372522003539568,-1.0,-1.0,0.0,-1.4020410820118927,-0.8665765591813093,-0.6122867262364933,-1.0,-1.0,1.0,0.0,0.0,0.0,0.0,0.0,1.0,0.0,0.0,0.0,0.0,0.0,1.0,0.0,1.0,0.0,0.0,1.0,0.0,1.0,0.0,5631.9,3158933.0
0.7041370217719234,0.0,-1.0,-1.0,0.5622803319572498,0.4067194439080902,1.0240376836087088,0.0,0.0,0.0,0.0,0.0,1.0,1.0,0.0,0.0,0.0,0.0,1.0,0.0,0.0,0.0,0.0,0.0,0.0,1.0,1.0,0.0,1.0,0.0,1789.3,6431997.0
-0.47589409794396054,-1.0,-1.0,1.0,-0.6796777198215345,-0.3000836712364035,-0.31558224411643077,-1.0,-1.0,0.0,1.0,0.0,0.0,1.0,0.0,0.0,0.0,0.0,0.0,0.0,0.0,1.0,0.0,0.0,0.0,1.0,1.0,0.0,1.0,0.0,1901.8,2112900.0
0.44054590158092927,0.0,0.0,1.0,0.3849306753919427,0.12105297032889227,0.17826000970856343,0.0,0.0,0.0,0.0,0.0,1.0,0.0,0.0,0.0,1.0,0.0,0.0,1.0,0.0,0.0,0.0,0.0,0.0,1.0,1.0,0.0,1.0,0.0,1760.6,5352048.0
0.7395802401681892,0.0,-2.0,0.0,0.5840115203175451,0.4451309776662161,3.0433649161288,0.0,0.0,0.0,0.0,0.0,1.0,1.0,0.0,0.0,0.0,0.0,0.0,0.0,1.0,0.0,0.0,0.0,0.0,1.0,1.0,0.0,1.0,0.0,1754.7,6438521.0
0.3646708080436152,0.0,0.0,1.0,0.32784077720210003,0.038823453691188586,0.12083565559770587,0.0,0.0,0.0,0.0,0.0,1.0,1.0,0.0,0.0,0.0,0.0,1.0,0.0,0.0,0.0,1.0,0.0,0.0,0.0,1.0,0.0,1.0,0.0,1102.8,3176285.0
2.1596845268496634,1.0,0.0,-1.0,1.214463851898678,0.8413807899422883,1.4793513241401628,0.0,3.0,0.0,1.0,0.0,0.0,0.0,1.0,0.0,0.0,0.0,1.0,0.0,0.0,0.0,1.0,0.0,0.0,0.0,1.0,0.0,0.0,1.0,1590.1,11037363.0
-0.5263507975911913,0.0,2.0,0.0,-0.7859032203098647,-0.9268198493917746,-0.6980349148702827,0.0,1.5,0.0,0.0,0.0,1.0,1.0,0.0,0.0,0.0,0.0,0.0,1.0,0.0,0.0,0.0,0.0,0.0,1.0,0.0,1.0,1.0,0.0,2025.6,2035323.0
-0.40885605349740456,-1.0,0.0,0.0,-0.5532569781541156,-0.1547789148484265,-0.46459071214109776,-1.0,-1.0,1.0,0.0,0.0,0.0,0.0,0.0,0.0,1.0,0.0,1.0,0.0,0.0,0.0,0.0,0.0,0.0,1.0,1.0,0.0,1.0,0.0,2461.3,3081794.0
1.2211519045978785,1.0,-2.0,-1.0,0.8420777922840941,0.16329192679839494,4.13676489095845,0.0,1.0,0.0,1.0,0.0,0.0,0.0,1.0,0.0,0.0,1.0,0.0,0.0,0.0,0.0,0.0,0.0,0.0,1.0,1.0,0.0,1.0,0.0,2143.0,10035455.0
1.2170659571688187,1.0,-1.0,0.0,0.8401329489298174,0.16033983394477702,1.6063357365024002,0.0,1.0,0.0,0.0,0.0,1.0,0.0,0.0,1.0,0.0,0.0,1.0,0.0,0.0,0.0,0.0,0.0,0.0,1.0,1.0,0.0,1.0,0.0,1940.6,9070947.0
0.26252212231711236,0.0,-1.0,-1.0,0.24576946978633357,-0.07188002831949558,0.5226982614480141,0.0,0.0,0.0,0.0,0.0,1.0,0.0,1.0,0.0,0.0,0.0,1.0,0.0,0.0,0.0,0.0,0.0,0.0,1.0,1.0,0.0,1.0,0.0,2010.5,5358385.0
-0.3984036298416694,-1.0,-1.0,-1.0,-0.5348387860768791,-0.13212331852996093,-0.22761187321335463,-1.0,-1.0,0.0,0.0,0.0,1.0,1.0,0.0,0.0,0.0,0.0,0.0,0.0,0.0,1.0,0.0,0.0,0.0,1.0,1.0,0.0,1.0,0.0,2042.8,2602731.0
-0.4455820693423286,0.0,0.0,1.0,-0.6206385795665396,-0.8392868636158848,-0.4923859693281314,0.0,0.0,0.0,0.0,0.0,1.0,0.0,1.0,0.0,0.0,0.0,1.0,0.0,0.0,0.0,0.0,0.0,0.0,1.0,1.0,0.0,1.0,0.0,1764.2,2072582.0
-0.026439880747348116,-1.0,0.0,0.0,-0.028236303776804757,0.6741069704576172,-0.17516765250534866,-1.0,-1.0,1.0,0.0,0.0,0.0,0.0,1.0,0.0,0.0,0.0,1.0,0.0,0.0,0.0,0.0,0.0,1.0,0.0,1.0,0.0,1.0,0.0,3297.5,6782958.0
1.7712819660058678,1.0,-1.0,-1.0,1.0758570518210882,0.5607603355431121,2.235504575609932,0.0,1.0,0.0,0.0,1.0,0.0,0.0,0.0,1.0,0.0,0.0,0.0,0.0,0.0,1.0,0.0,1.0,0.0,0.0,1.0,0.0,1.0,0.0,4554.4,26601340.0
-0.4044375289520255,0.0,-2.0,0.0,-0.5454319593962879,-0.7946965308618138,0.44589273835421883,0.0,0.0,0.0,0.0,0.0,1.0,0.0,1.0,0.0,0.0,0.0,1.0,0.0,0.0,0.0,0.0,0.0,1.0,0.0,1.0,0.0,1.0,0.0,2868.5,3618326.0
1.268092789015453,1.0,0.0,0.0,0.8641681866212252,0.19720666795391623,0.8045702162852159,0.0,3.0,0.0,0.0,0.0,1.0,0.0,0.0,1.0,0.0,0.0,0.0,0.0,0.0,1.0,0.0,0.0,0.0,1.0,1.0,0.0,0.0,1.0,1834.5,9222029.0
2.1247639296361847,1.0,0.0,-1.0,1.2027186269988488,0.8161506940421789,1.4529224573452473,0.0,1.0,0.0,0.0,0.0,1.0,0.0,1.0,0.0,0.0,0.0,0.0,1.0,0.0,0.0,1.0,0.0,0.0,0.0,1.0,0.0,1.0,0.0,1526.3,10050380.0
0.21667399128172854,1.0,0.0,-1.0,0.20675641722873217,-0.5624423419364529,0.008827601085920726,0.0,1.0,0.0,0.0,1.0,0.0,0.0,0.0,1.0,0.0,0.0,0.0,0.0,0.0,1.0,0.0,0.0,0.0,1.0,1.0,0.0,1.0,0.0,1986.2,5101952.0
-0.028055255312325413,-1.0,1.0,1.0,-0.029986099402445357,0.6706056510265815,-0.3609967458334082,-1.0,-1.0,0.0,0.0,1.0,0.0,0.0,0.0,0.0,1.0,0.0,1.0,0.0,0.0,0.0,0.0,0.0,0.0,1.0,1.0,0.0,1.0,0.0,1803.8,3704284.0
-0.22674632680452758,-1.0,1.0,1.0,-0.2708288628246912,0.23994336100920383,-0.4737778896459969,-1.0,-1.0,1.0,0.0,0.0,0.0,0.0,1.0,0.0,0.0,0.0,0.0,0.0,0.0,1.0,1.0,0.0,0.0,0.0,1.0,0.0,1.0,0.0,1502.4,2457025.0
-0.5392737941110093,-1.0,2.0,-1.0,-0.8149161555028449,-0.43745896891291763,-0.7039032020280109,-1.0,-1.0,0.0,0.0,0.0,1.0,0.0,0.0,0.0,1.0,1.0,0.0,0.0,0.0,0.0,1.0,0.0,0.0,0.0,1.0,0.0,1.0,0.0,1650.4,1613431.0
1.8482973239419889,1.0,2.0,0.0,1.1048220948309113,0.6164038531677068,0.3802844249474119,0.0,1.0,0.0,1.0,0.0,0.0,0.0,1.0,0.0,0.0,0.0,0.0,0.0,0.0,1.0,0.0,0.0,1.0,0.0,1.0,0.0,1.0,0.0,2881.9,17299758.0
0.02149873501918279,-1.0,0.0,-1.0,0.022416740052225062,0.7780137735727618,-0.13888639183042362,-1.0,-1.0,0.0,0.0,0.0,1.0,1.0,0.0,0.0,0.0,0.0,1.0,0.0,0.0,0.0,0.0,0.0,0.0,1.0,1.0,0.0,1.0,0.0,1929.1,4162805.0
1.2601584492404176,0.0,1.0,1.0,0.8604665187737934,1.0093068159876424,0.3702198809802053,0.0,0.0,0.0,0.0,0.0,1.0,0.0,1.0,0.0,0.0,0.0,0.0,0.0,0.0,1.0,0.0,0.0,1.0,0.0,1.0,0.0,1.0,0.0,2504.1,11932036.0
1.1063652884512598,1.0,0.0,-1.0,0.7860332642500361,0.08035871360837567,0.6821704032649539,0.0,1.0,0.0,0.0,0.0,1.0,0.0,1.0,0.0,0.0,0.0,0.0,0.0,0.0,1.0,0.0,0.0,1.0,0.0,1.0,0.0,1.0,0.0,2991.8,13287481.0
-0.1617512560725016,1.0,0.0,0.0,-0.18586374807106534,-0.8358541975070263,-0.2775750166304093,0.0,1.0,0.0,1.0,0.0,0.0,0.0,0.0,1.0,0.0,0.0,1.0,0.0,0.0,0.0,0.0,1.0,0.0,0.0,1.0,0.0,1.0,0.0,5308.1,9407015.0
-0.20023517953225384,-1.0,2.0,0.0,-0.23534441436654477,0.2974061916714938,-0.5499469624782005,-1.0,-1.0,0.0,1.0,0.0,0.0,0.0,0.0,1.0,0.0,1.0,0.0,0.0,0.0,0.0,1.0,0.0,0.0,0.0,1.0,0.0,1.0,0.0,1564.4,2645713.0
-0.33108051929541144,0.0,-1.0,-1.0,-0.42332275050838025,-0.7151959837806527,-0.15118390535948648,0.0,0.0,0.0,0.0,1.0,0.0,0.0,1.0,0.0,0.0,0.0,0.0,0.0,0.0,1.0,1.0,0.0,0.0,0.0,1.0,0.0,1.0,0.0,1385.2,1961166.0
0.33155562946158157,0.0,-1.0,0.0,0.30192519527114786,0.0029349295230738587,0.601067941964366,0.0,0.0,0.0,0.0,1.0,0.0,1.0,0.0,0.0,0.0,0.0,0.0,0.0,1.0,0.0,0.0,0.0,1.0,0.0,1.0,0.0,1.0,0.0,2509.8,7053793.0
0.3470442208787164,1.0,0.0,0.0,0.31412543897600936,-0.4682499839093778,0.10749537045360562,0.0,1.0,0.0,0.0,1.0,0.0,0.0,1.0,0.0,0.0,0.0,0.0,1.0,0.0,0.0,0.0,0.0,1.0,0.0,1.0,0.0,1.0,0.0,2627.9,7471382.0
0.2697913078595101,0.0,1.0,-1.0,0.2518249747109469,-0.06400205959966541,-0.19193290304021857,0.0,0.0,0.0,0.0,0.0,1.0,1.0,0.0,0.0,0.0,0.0,0.0,0.0,1.0,0.0,0.0,0.0,1.0,0.0,1.0,0.0,1.0,0.0,2788.5,7474574.0
-0.7271323538145406,-1.0,-1.0,0.0,-1.362666943370082,-0.8446418227457039,-0.600798259650132,-1.0,-1.0,0.0,1.0,0.0,0.0,0.0,1.0,0.0,0.0,0.0,0.0,0.0,1.0,0.0,0.0,0.0,0.0,1.0,1.0,0.0,1.0,0.0,2069.2,1204688.0
0.053426138185791956,0.0,1.0,-1.0,0.05485506792903589,-0.2984874814957844,-0.3147462289423059,0.0,0.0,0.0,0.0,0.0,1.0,0.0,0.0,1.0,0.0,0.0,1.0,0.0,0.0,0.0,0.0,0.0,1.0,0.0,1.0,0.0,1.0,0.0,3096.8,6890690.0
-0.033424000190043913,-1.0,-1.0,0.0,-0.03582247146244898,0.6589689129175516,0.18672803437550567,-1.0,-1.0,0.0,0.0,0.0,1.0,0.0,0.0,0.0,1.0,0.0,0.0,0.0,0.0,1.0,0.0,0.0,1.0,0.0,1.0,0.0,1.0,0.0,3173.8,6481852.0
-0.0766115142948769,0.0,-2.0,-1.0,-0.08398072505804588,-0.4394155885949669,1.1902159256395966,0.0,0.0,1.0,0.0,0.0,0.0,1.0,0.0,0.0,0.0,0.0,1.0,0.0,0.0,0.0,0.0,0.0,0.0,1.0,1.0,0.0,1.0,0.0,2350.8,4587351.0
0.8303737929232342,0.0,0.0,1.0,0.637725295606758,0.5435283516766428,0.47329246148037607,0.0,0.0,0.0,1.0,0.0,0.0,1.0,0.0,0.0,0.0,0.0,0.0,1.0,0.0,0.0,0.0,0.0,1.0,0.0,1.0,0.0,1.0,0.0,2527.7,9757933.0
1.0833224453920254,0.0,0.0,-1.0,0.7744158290293887,0.8176610671300766,0.6647309469444993,0.0,0.0,1.0,0.0,0.0,0.0,1.0,0.0,0.0,0.0,0.0,1.0,0.0,0.0,0.0,0.0,0.0,1.0,0.0,1.0,0.0,1.0,0.0,3088.0,13564966.0
-0.5176562815502843,0.0,2.0,0.0,-0.7668216991217846,-0.9173971809229582,-0.6940867657898994,0.0,0.0,1.0,0.0,0.0,0.0,0.0,0.0,0.0,1.0,0.0,0.0,0.0,1.0,0.0,0.0,0.0,0.0,1.0,1.0,0.0,1.0,0.0,2437.1,2493397.0
0.3679490681901867,0.0,2.0,0.0,0.3303721199709381,0.0423762631138571,-0.29193649880440836,0.0,0.0,0.0,0.0,1.0,0.0,0.0,0.0,1.0,0.0,0.0,0.0,0.0,0.0,1.0,0.0,0.0,0.0,1.0,1.0,0.0,1.0,0.0,1661.6,4797205.0
1.957145063011486,1.0,1.0,-1.0,1.144452563646027,0.6950462337216538,0.7658438359612376,0.0,3.0,1.0,0.0,0.0,0.0,0.0,1.0,0.0,0.0,0.0,0.0,0.0,0.0,1.0,1.0,0.0,0.0,0.0,1.0,0.0,0.0,1.0,1742.7,11310506.0
0.1360953070993338,-1.0,2.0,-1.0,0.13449933925896368,1.0264014932097572,-0.39722047428129653,-1.0,-1.0,0.0,0.0,0.0,1.0,1.0,0.0,0.0,0.0,0.0,0.0,1.0,0.0,0.0,1.0,0.0,0.0,0.0,1.0,0.0,1.0,0.0,1447.0,3471498.0
-0.7440462757301848,-1.0,-2.0,1.0,-1.4293219109511581,-0.8813026967883119,-0.32518293450315516,-1.0,-1.0,0.0,0.0,1.0,0.0,0.0,0.0,1.0,0.0,0.0,0.0,1.0,0.0,0.0,0.0,0.0,0.0,1.0,1.0,0.0,1.0,0.0,1891.0,1033621.0
1.02806713306648,1.0,-1.0,0.0,0.7460270752895878,0.023788376134388785,1.391776487297963,0.0,1.0,0.0,0.0,0.0,1.0,1.0,0.0,0.0,0.0,0.0,1.0,0.0,0.0,0.0,0.0,1.0,0.0,0.0,1.0,0.0,1.0,0.0,4011.0,17153042.0
-0.36661875972491104,-1.0,1.0,-1.0,-0.4807228462488156,-0.06322970972517226,-0.5531723629564372,-1.0,-1.0,0.0,0.0,0.0,1.0,1.0,0.0,0.0,0.0,0.0,0.0,0.0,1.0,0.0,1.0,0.0,0.0,0.0,1.0,0.0,1.0,0.0,1508.6,2023033.0
-0.6791937380480098,-1.0,0.0,0.0,-1.1937953062604503,-0.7407350196305594,-0.6691896945398319,-1.0,-1.0,1.0,0.0,0.0,0.0,0.0,1.0,0.0,0.0,0.0,0.0,0.0,1.0,0.0,1.0,0.0,0.0,0.0,1.0,0.0,1.0,0.0,1745.5,1192351.0
-0.46696202681996873,-1.0,-2.0,-1.0,-0.6619357328648426,-0.28072343438244207,0.30393196814152923,-1.0,-1.0,0.0,0.0,0.0,1.0,0.0,1.0,0.0,0.0,0.0,0.0,1.0,0.0,0.0,0.0,0.0,0.0,1.0,1.0,0.0,1.0,0.0,2072.7,2341736.0
-0.6765806321340759,-1.0,1.0,0.0,-1.1853211221830149,-0.735071120550943,-0.7291131047625896,-1.0,-1.0,0.0,0.0,0.0,1.0,0.0,1.0,0.0,0.0,0.0,1.0,0.0,0.0,0.0,0.0,0.0,0.0,1.0,1.0,0.0,1.0,0.0,1947.3,1340911.0
-0.7798695822593862,-1.0,0.0,1.0,-1.5860960281139933,-0.9589496041706894,-0.7453839377213641,-1.0,-1.0,1.0,0.0,0.0,0.0,1.0,0.0,0.0,0.0,0.0,1.0,0.0,0.0,0.0,0.0,0.0,0.0,1.0,1.0,0.0,1.0,0.0,2013.3,948667.0
-0.5314344763692079,-1.0,0.0,1.0,-0.7972216796489172,-0.42046727167406844,-0.5573614282375361,-1.0,-1.0,0.0,1.0,0.0,0.0,0.0,0.0,1.0,0.0,0.0,1.0,0.0,0.0,0.0,0.0,0.0,0.0,1.0,1.0,0.0,1.0,0.0,1971.5,1959868.0
0.24404033685310805,1.0,0.0,-1.0,0.23021557046692145,-0.5426701851494283,0.029539202819079236,0.0,1.0,1.0,0.0,0.0,0.0,0.0,1.0,0.0,0.0,0.0,1.0,0.0,0.0,0.0,0.0,1.0,0.0,0.0,1.0,0.0,1.0,0.0,5464.0,14350103.0
0.39593305697758685,0.0,-1.0,1.0,0.35173729839625867,0.07270386818562133,0.6741518491217345,0.0,0.0,0.0,1.0,0.0,0.0,0.0,0.0,0.0,1.0,0.0,0.0,0.0,1.0,0.0,1.0,0.0,0.0,0.0,1.0,0.0,1.0,0.0,1456.4,4290554.0
-0.36438574194391304,0.0,-1.0,1.0,-0.4770230250638906,-0.7512904679152991,-0.18899336581506976,0.0,0.0,1.0,0.0,0.0,0.0,0.0,1.0,0.0,0.0,0.0,0.0,0.0,0.0,1.0,0.0,0.0,1.0,0.0,1.0,0.0,1.0,0.0,2862.2,3851663.0
0.03570452898765927,-1.0,-1.0,-1.0,0.03697278029737988,0.808804788569222,0.26520558781755105,-1.0,-1.0,1.0,0.0,0.0,0.0,1.0,0.0,0.0,0.0,0.0,0.0,0.0,0.0,1.0,0.0,0.0,0.0,1.0,1.0,0.0,1.0,0.0,2324.8,5086197.0
1.2690430093477925,0.0,0.0,0.0,0.8646106332110138,1.01893544442299,0.8052893691231728,0.0,0.0,0.0,1.0,0.0,0.0,0.0,1.0,0.0,0.0,0.0,1.0,0.0,0.0,0.0,0.0,1.0,0.0,0.0,1.0,0.0,1.0,0.0,4200.2,20092497.0
-0.4608331056763785,-1.0,0.0,1.0,-0.6499315332799528,-0.26743901654115987,-0.5039283723773393,-1.0,-1.0,0.0,1.0,0.0,0.0,0.0,0.0,1.0,0.0,0.0,0.0,0.0,1.0,0.0,0.0,0.0,0.0,1.0,1.0,0.0,1.0,0.0,1987.4,2271002.0
2.09103110783813,1.0,0.0,1.0,1.1912477612765482,0.7917787646692842,1.427392531597778,0.0,1.0,1.0,0.0,0.0,0.0,1.0,0.0,0.0,0.0,0.0,0.0,1.0,0.0,0.0,0.0,0.0,0.0,1.0,1.0,0.0,1.0,0.0,2009.3,13088178.0
-0.5629342803862644,-1.0,1.0,-1.0,-0.8701889035526585,-0.48874300057926257,-0.6646050951978567,-1.0,-1.0,0.0,1.0,0.0,0.0,0.0,1.0,0.0,0.0,0.0,0.0,0.0,1.0,0.0,0.0,0.0,0.0,1.0,1.0,0.0,1.0,0.0,2292.9,2127353.0
0.49095509021154293,0.0,0.0,0.0,0.42122506065482446,0.17568385145137405,0.21641106776217625,0.0,0.0,0.0,0.0,0.0,1.0,0.0,1.0,0.0,0.0,0.0,0.0,0.0,0.0,1.0,1.0,0.0,0.0,0.0,1.0,0.0,1.0,0.0,1289.0,4055194.0
-0.6181895927118098,-1.0,0.0,0.0,-1.0117610818109593,-0.6085087211173329,-0.6230200823429999,-1.0,-1.0,0.0,0.0,0.0,1.0,0.0,0.0,1.0,0.0,0.0,1.0,0.0,0.0,0.0,1.0,0.0,0.0,0.0,1.0,0.0,1.0,0.0,1337.6,1085462.0
0.3345013124918341,0.0,-1.0,1.0,0.3042563439201259,0.006127309004312099,0.6044120026608654,0.0,0.0,0.0,0.0,0.0,1.0,1.0,0.0,0.0,0.0,0.0,1.0,0.0,0.0,0.0,0.0,0.0,0.0,1.0,1.0,0.0,1.0,0.0,1503.3,4234345.0
-0.25297240797709947,0.0,0.0,1.0,-0.30714289033291375,-0.630546437536204,-0.3466136890742704,0.0,0.0,0.0,0.0,0.0,1.0,1.0,0.0,0.0,0.0,0.0,0.0,0.0,1.0,0.0,0.0,0.0,0.0,1.0,1.0,0.0,1.0,0.0,1635.9,2585049.0
0.07442600753049639,0.0,0.0,-1.0,0.07566142757636037,-0.2757289051940529,-0.09882957875622504,0.0,0.0,0.0,0.0,0.0,1.0,0.0,1.0,0.0,0.0,0.0,0.0,0.0,0.0,1.0,0.0,0.0,1.0,0.0,1.0,0.0,1.0,0.0,2905.3,6592997.0
-0.5388461949614565,0.0,-1.0,0.0,-0.8139433355841434,-0.9403617171912211,-0.38704805738839637,0.0,0.0,0.0,0.0,0.0,1.0,0.0,0.0,1.0,0.0,0.0,0.0,0.0,1.0,0.0,0.0,0.0,1.0,0.0,1.0,0.0,1.0,0.0,2847.8,2786572.0
-0.7087455903837699,-1.0,-1.0,0.0,-1.2946742852677429,-0.8047885692218576,-0.5799248485284334,-1.0,-1.0,0.0,0.0,0.0,1.0,0.0,1.0,0.0,0.0,0.0,0.0,0.0,0.0,1.0,0.0,0.0,1.0,0.0,1.0,0.0,1.0,0.0,2814.7,1747647.0
0.8552695656305308,0.0,-1.0,0.0,0.6519896156633109,0.5705091072922701,1.1956095719242732,0.0,0.0,0.0,0.0,1.0,0.0,1.0,0.0,0.0,0.0,0.0,1.0,0.0,0.0,0.0,0.0,0.0,1.0,0.0,1.0,0.0,1.0,0.0,2227.6,8716153.0
-0.06430616099107965,-1.0,-1.0,-1.0,-0.07003436310353724,0.5920319237948123,0.15166933352510742,-1.0,-1.0,0.0,0.0,0.0,1.0,0.0,1.0,0.0,0.0,0.0,0.0,1.0,0.0,0.0,0.0,0.0,1.0,0.0,1.0,0.0,1.0,0.0,2987.6,5907381.0
0.5954318157522778,1.0,-1.0,-1.0,0.49270332289465724,-0.28879019973825926,0.9006310566153072,0.0,1.0,0.0,1.0,0.0,0.0,1.0,0.0,0.0,0.0,0.0,1.0,0.0,0.0,0.0,0.0,1.0,0.0,0.0,1.0,0.0,1.0,0.0,4590.5,15451164.0
-0.36813911225665436,0.0,-1.0,-1.0,-0.48324929533982686,-0.7553581772542963,-0.19325434637996436,0.0,0.0,0.0,1.0,0.0,0.0,0.0,1.0,0.0,0.0,0.0,0.0,0.0,1.0,0.0,0.0,0.0,0.0,1.0,1.0,0.0,1.0,0.0,2206.4,2951722.0
1.1518808423703248,1.0,-2.0,1.0,0.8086125959981363,0.11324365493123943,3.9794861652972795,0.0,1.0,0.0,0.0,0.0,1.0,0.0,0.0,1.0,0.0,0.0,0.0,0.0,1.0,0.0,1.0,0.0,0.0,0.0,1.0,0.0,1.0,0.0,1372.0,6224901.0
-0.689361095604043,-1.0,1.0,-1.0,-1.2274288014165697,-0.7627727360494304,-0.7363675590154797,-1.0,-1.0,0.0,0.0,0.0,1.0,0.0,1.0,0.0,0.0,0.0,0.0,0.0,0.0,1.0,0.0,0.0,0.0,1.0,1.0,0.0,1.0,0.0,2053.8,1358999.0
0.6886959413714056,0.0,-2.0,1.0,0.5526716276179819,0.3899851966274054,2.9278330127110257,0.0,0.0,1.0,0.0,0.0,0.0,0.0,1.0,0.0,0.0,0.0,1.0,0.0,0.0,0.0,0.0,0.0,1.0,0.0,1.0,0.0,1.0,0.0,2997.7,10678407.0
-0.13780570369754475,-1.0,-2.0,0.0,-0.15620400016456248,0.43272188968269276,1.051275597346326,-1.0,-1.0,0.0,1.0,0.0,0.0,0.0,1.0,0.0,0.0,0.0,1.0,0.0,0.0,0.0,0.0,0.0,1.0,0.0,1.0,0.0,1.0,0.0,2928.1,5336755.0
0.3673789359907831,0.0,0.0,-1.0,0.32993232116549315,0.04175838321426268,0.12288524118588309,0.0,0.0,0.0,0.0,0.0,1.0,0.0,0.0,1.0,0.0,0.0,0.0,1.0,0.0,0.0,0.0,0.0,1.0,0.0,1.0,0.0,1.0,0.0,2857.5,8246459.0
0.9603639343872862,0.0,1.0,0.0,0.7101715481580102,0.6844049687841924,0.20005034069865701,0.0,1.5,0.0,0.0,0.0,1.0,0.0,1.0,0.0,0.0,0.0,1.0,0.0,0.0,0.0,0.0,0.0,0.0,1.0,0.0,1.0,1.0,0.0,1829.8,7564393.0
-0.537468375479564,-1.0,-1.0,0.0,-0.8108147630470466,-0.4335457295488191,-0.38548389996584015,-1.0,-1.0,0.0,0.0,0.0,1.0,0.0,1.0,0.0,0.0,0.0,0.0,0.0,0.0,1.0,1.0,0.0,0.0,0.0,1.0,0.0,1.0,0.0,1306.4,1282101.0
0.9447328099203006,0.0,1.0,-1.0,0.7017178127527771,0.6674647615369763,0.19117779256036402,0.0,0.0,0.0,1.0,0.0,0.0,0.0,0.0,1.0,0.0,0.0,1.0,0.0,0.0,0.0,0.0,0.0,0.0,1.0,1.0,0.0,1.0,0.0,2165.7,8881752.0
-0.7247092919670747,-1.0,-1.0,-1.0,-1.3534527906018892,-0.8393898435991506,-0.598047500044947,-1.0,-1.0,0.0,0.0,1.0,0.0,0.0,0.0,1.0,0.0,0.0,0.0,0.0,0.0,1.0,0.0,0.0,0.0,1.0,1.0,0.0,1.0,0.0,2193.3,1288125.0
0.4963713461058785,0.0,-1.0,1.0,0.4250516993941019,0.181553710497522,0.788173531579799,0.0,0.0,0.0,1.0,0.0,0.0,0.0,0.0,0.0,1.0,0.0,0.0,0.0,0.0,1.0,0.0,0.0,0.0,1.0,1.0,0.0,1.0,0.0,1906.0,6018004.0
0.4200686534190118,1.0,0.0,-1.0,0.36982410175843317,-0.4154899058162237,0.1627622660505925,0.0,1.0,0.0,0.0,0.0,1.0,0.0,0.0,1.0,0.0,0.0,0.0,1.0,0.0,0.0,0.0,0.0,0.0,1.0,1.0,0.0,1.0,0.0,2006.8,6013978.0
0.47285339288047434,1.0,-1.0,-1.0,0.4083346922680282,-0.3773529853468066,0.7614749824706496,0.0,1.0,1.0,0.0,0.0,0.0,0.0,1.0,0.0,0.0,0.0,0.0,0.0,1.0,0.0,0.0,0.0,1.0,0.0,1.0,0.0,1.0,0.0,3355.3,10427937.0
-0.5727215498093619,0.0,-2.0,-1.0,-0.8939245492844444,-0.9770740812254619,0.06380683554772487,0.0,0.0,1.0,0.0,0.0,0.0,0.0,1.0,0.0,0.0,0.0,0.0,0.0,1.0,0.0,0.0,1.0,0.0,0.0,1.0,0.0,1.0,0.0,5558.1,5042308.0
-0.2858500314760483,-1.0,0.0,1.0,-0.3545011074051433,0.11183626182660736,-0.37149637726757867,-1.0,-1.0,0.0,0.0,0.0,1.0,1.0,0.0,0.0,0.0,0.0,0.0,1.0,0.0,0.0,0.0,0.0,0.0,1.0,1.0,0.0,1.0,0.0,1672.8,2527601.0
0.10701856492974329,0.0,-1.0,-1.0,0.10716468154843559,-0.24040677093389978,0.3461642185505475,0.0,0.0,1.0,0.0,0.0,0.0,0.0,0.0,1.0,0.0,0.0,0.0,0.0,1.0,0.0,1.0,0.0,0.0,0.0,1.0,0.0,1.0,0.0,1785.4,4174087.0
0.9882529011414523,0.0,-2.0,0.0,0.7250889385318614,0.7146295938726908,3.607971809208751,0.0,0.0,1.0,0.0,0.0,0.0,1.0,0.0,0.0,0.0,0.0,0.0,0.0,1.0,0.0,0.0,0.0,0.0,1.0,1.0,0.0,1.0,0.0,1993.8,8359405.0
-0.3612025038305755,0.0,0.0,-1.0,-0.471771074530903,-0.7478406384758963,-0.4285251973175598,0.0,0.0,0.0,1.0,0.0,0.0,0.0,0.0,0.0,1.0,0.0,0.0,0.0,0.0,1.0,0.0,0.0,1.0,0.0,1.0,0.0,1.0,0.0,3621.6,4897852.0
-0.100319511586749,-1.0,-1.0,0.0,-0.11137983592095514,0.5139730964793717,0.11078549468725844,-1.0,-1.0,0.0,0.0,1.0,0.0,0.0,0.0,1.0,0.0,0.0,0.0,0.0,0.0,1.0,0.0,0.0,0.0,1.0,1.0,0.0,1.0,0.0,1950.2,3708305.0
-0.2859925645258992,-1.0,-2.0,-1.0,-0.35471110162358616,0.11152732187681015,0.7148199421081965,-1.0,-1.0,0.0,0.0,0.0,1.0,1.0,0.0,0.0,0.0,0.0,1.0,0.0,0.0,0.0,1.0,0.0,0.0,0.0,1.0,0.0,1.0,0.0,1499.0,2264539.0
0.9815538477984586,1.0,1.0,0.0,0.7215248568113684,-0.00981742507133506,0.21207817191348605,0.0,1.0,0.0,1.0,0.0,0.0,0.0,0.0,1.0,0.0,0.0,0.0,0.0,0.0,1.0,0.0,0.0,0.0,1.0,1.0,0.0,1.0,0.0,2106.3,8801385.0
1.2482806950861731,0.0,-1.0,0.0,0.8549007866832891,0.9964343180794232,1.6417719925927257,0.0,0.0,0.0,0.0,1.0,0.0,0.0,1.0,0.0,0.0,0.0,0.0,0.0,1.0,0.0,0.0,0.0,1.0,0.0,1.0,0.0,1.0,0.0,2535.5,12018270.0
-0.18911760164388103,0.0,2.0,0.0,-0.2208108089062712,-0.5613438887816182,-0.5448985095557433,0.0,0.0,0.0,0.0,1.0,0.0,0.0,1.0,0.0,0.0,0.0,0.0,0.0,1.0,0.0,0.0,0.0,1.0,0.0,1.0,0.0,1.0,0.0,2558.9,4387490.0
-0.6619472390160466,-1.0,-1.0,0.0,-1.1390803076407454,-0.7033532857050911,-0.5267974326243684,-1.0,-1.0,0.0,0.0,0.0,1.0,0.0,0.0,1.0,0.0,0.0,1.0,0.0,0.0,0.0,0.0,0.0,0.0,1.0,1.0,0.0,1.0,0.0,2133.3,1534696.0
0.33526148875770595,1.0,-1.0,-1.0,0.3048570980170084,-0.47676299585934656,0.6052749860664138,0.0,1.0,1.0,0.0,0.0,0.0,0.0,0.0,1.0,0.0,0.0,0.0,1.0,0.0,0.0,0.0,0.0,0.0,1.0,1.0,0.0,1.0,0.0,2599.8,7327016.0
-0.217386656530983,0.0,-1.0,0.0,-0.2581648772589396,-0.5919804338031797,-0.022113949767174266,0.0,0.0,0.0,0.0,0.0,1.0,1.0,0.0,0.0,0.0,0.0,0.0,0.0,0.0,1.0,0.0,0.0,0.0,1.0,1.0,0.0,1.0,0.0,1755.0,2904700.0
-0.46753215901937245,0.0,1.0,-1.0,-0.6630593562516304,-0.8630752397502737,-0.6104528864997033,0.0,0.0,0.0,0.0,0.0,1.0,0.0,1.0,0.0,0.0,0.0,0.0,0.0,0.0,1.0,0.0,0.0,1.0,0.0,1.0,0.0,1.0,0.0,2901.0,3274069.0
0.6439405637182123,0.0,0.0,-1.0,0.5243178813079485,0.3414816245092359,0.33219467467323494,0.0,0.0,0.0,0.0,0.0,1.0,0.0,1.0,0.0,0.0,0.0,0.0,1.0,0.0,0.0,0.0,0.0,0.0,1.0,1.0,0.0,1.0,0.0,1922.7,6667924.0
-0.5937214191540662,-1.0,-2.0,-1.0,-0.946723390701822,-0.5554740297354702,0.016127002391183233,-1.0,1.0,0.0,0.0,0.0,1.0,1.0,0.0,0.0,0.0,1.0,0.0,0.0,0.0,0.0,0.0,1.0,0.0,0.0,1.0,0.0,0.0,1.0,4698.2,4504547.0
-0.49722654440498376,-1.0,1.0,1.0,-0.7232946839964794,-0.3463216837227266,-0.6273080311393178,-1.0,-1.0,0.0,0.0,0.0,1.0,1.0,0.0,0.0,0.0,0.0,0.0,0.0,1.0,0.0,0.0,0.0,1.0,0.0,1.0,0.0,1.0,0.0,2652.4,2827724.0
0.4890071385302469,1.0,-1.0,1.0,0.4198454232545335,-0.365681920576688,0.7798133798385503,0.0,1.0,1.0,0.0,0.0,0.0,1.0,0.0,0.0,0.0,0.0,0.0,0.0,0.0,1.0,0.0,0.0,1.0,0.0,1.0,0.0,1.0,0.0,2967.4,9323274.0
1.46089249444715,1.0,0.0,0.0,0.9503527206561572,0.3365042586513913,0.9504863271066684,0.0,1.0,0.0,0.0,0.0,1.0,1.0,0.0,0.0,0.0,0.0,0.0,1.0,0.0,0.0,0.0,0.0,0.0,1.0,1.0,0.0,1.0,0.0,1736.8,9009650.0
1.4551911724531126,1.0,-1.0,-1.0,0.9479023210423957,0.3323850593207612,1.8766652882903938,0.0,3.0,0.0,0.0,0.0,1.0,1.0,0.0,0.0,0.0,0.0,1.0,0.0,0.0,0.0,0.0,0.0,0.0,1.0,1.0,0.0,0.0,1.0,1920.5,10389548.0
0.08378567780404098,0.0,0.0,-1.0,0.08480467128157984,-0.2655853768423764,-0.09174592330234978,0.0,0.0,1.0,0.0,0.0,0.0,1.0,0.0,0.0,0.0,1.0,0.0,0.0,0.0,0.0,1.0,0.0,0.0,0.0,1.0,0.0,1.0,0.0,1549.7,3547263.0
0.15334180613129691,0.0,0.0,-1.0,0.15038511288903111,-0.1902040290918453,-0.039103935563905595,0.0,0.0,0.0,0.0,0.0,1.0,0.0,1.0,0.0,0.0,0.0,0.0,0.0,0.0,1.0,0.0,0.0,0.0,1.0,1.0,0.0,1.0,0.0,1903.1,4634810.0
0.7831003313893411,0.0,0.0,-1.0,0.6100985635861403,0.49229581000193084,0.4375146077920211,0.0,0.0,1.0,0.0,0.0,0.0,0.0,0.0,1.0,0.0,0.0,1.0,0.0,0.0,0.0,0.0,0.0,1.0,0.0,1.0,0.0,1.0,0.0,3415.0,12843474.0
-0.40239455523749545,0.0,0.0,0.0,-0.5418334084616678,-0.7924824612216002,-0.4597004728429908,0.0,0.0,0.0,0.0,1.0,0.0,1.0,0.0,0.0,0.0,1.0,0.0,0.0,0.0,0.0,1.0,0.0,0.0,0.0,1.0,0.0,1.0,0.0,1193.1,1510107.0
-0.4802176004561055,0.0,-1.0,0.0,-0.68837361897384,-0.8768230675162516,-0.32049046223548644,0.0,0.0,0.0,0.0,0.0,1.0,0.0,0.0,1.0,0.0,0.0,0.0,0.0,0.0,1.0,1.0,0.0,0.0,0.0,1.0,0.0,1.0,0.0,1503.6,1656817.0
-0.19857229395065962,0.0,-1.0,-1.0,-0.233157849338652,-0.5715903971165606,-0.0007551104798546574,0.0,0.0,0.0,1.0,0.0,0.0,1.0,0.0,0.0,0.0,0.0,1.0,0.0,0.0,0.0,0.0,0.0,0.0,1.0,1.0,0.0,1.0,0.0,1944.6,3295514.0
0.016937677423952937,-1.0,1.0,-1.0,0.017700445973696056,0.7681276951792496,-0.3354578306754642,-1.0,-1.0,0.0,1.0,0.0,0.0,0.0,1.0,0.0,0.0,0.0,1.0,0.0,0.0,0.0,0.0,1.0,0.0,0.0,1.0,0.0,1.0,0.0,4886.0,10496594.0
1.4313881531280066,1.0,1.0,-1.0,0.9376101630080449,0.3151874021153802,0.46741338703007845,0.0,3.0,1.0,0.0,0.0,0.0,1.0,0.0,0.0,0.0,0.0,0.0,0.0,1.0,0.0,1.0,0.0,0.0,0.0,1.0,0.0,0.0,1.0,1689.9,9111413.0
-0.5279661721561685,0.0,-1.0,1.0,-0.7894866356700799,-0.9285705091072923,-0.37469660739648686,0.0,0.0,0.0,0.0,0.0,1.0,1.0,0.0,0.0,0.0,0.0,1.0,0.0,0.0,0.0,0.0,0.0,0.0,1.0,1.0,0.0,1.0,0.0,1749.7,1752150.0
0.5741468803078715,0.0,0.0,-1.0,0.4785275060419031,0.2658428268005405,0.2793728987253016,0.0,0.0,1.0,0.0,0.0,0.0,1.0,0.0,0.0,0.0,0.0,0.0,0.0,1.0,0.0,0.0,0.0,0.0,1.0,1.0,0.0,1.0,0.0,2064.4,6856079.0
-0.1876922711453717,1.0,1.0,-1.0,-0.21896187850693874,-0.8545965544613934,-0.4516100034159759,0.0,1.0,1.0,0.0,0.0,0.0,0.0,0.0,0.0,1.0,0.0,0.0,0.0,0.0,1.0,0.0,0.0,0.0,1.0,1.0,0.0,1.0,0.0,2819.5,4842773.0
1.445688969129717,1.0,2.0,-1.0,0.943805670768846,0.3255197271030443,0.1974613904820121,0.0,3.0,0.0,0.0,0.0,1.0,0.0,0.0,1.0,0.0,0.0,0.0,1.0,0.0,0.0,1.0,0.0,0.0,0.0,1.0,0.0,0.0,1.0,1504.2,8204903.0
2.2388378805335485,1.0,0.0,0.0,1.2406134177901071,0.8985690073158695,1.5392567555419714,0.0,1.0,0.0,0.0,1.0,0.0,0.0,0.0,1.0,0.0,0.0,1.0,0.0,0.0,0.0,0.0,0.0,0.0,1.0,1.0,0.0,1.0,0.0,1851.3,12634937.0
-0.4288581914931523,-1.0,0.0,-1.0,-0.589422173252852,-0.19813348780330833,-0.4797288793800902,-1.0,-1.0,1.0,0.0,0.0,0.0,0.0,1.0,0.0,0.0,0.0,0.0,0.0,0.0,1.0,0.0,0.0,1.0,0.0,1.0,0.0,1.0,0.0,3916.8,4739328.0
0.007863073250109955,0.0,-1.0,-1.0,0.00825400963976685,-0.3478663834717129,0.23359882058934567,0.0,0.0,0.0,1.0,0.0,0.0,0.0,1.0,0.0,0.0,0.0,0.0,0.0,0.0,1.0,0.0,0.0,1.0,0.0,1.0,0.0,1.0,0.0,3078.3,6554316.0
1.1083607511491729,0.0,-2.0,0.0,0.7870333355632237,0.8447962927206023,3.880674565362003,0.0,0.0,1.0,0.0,0.0,0.0,1.0,0.0,0.0,0.0,0.0,1.0,0.0,0.0,0.0,0.0,0.0,0.0,1.0,1.0,0.0,1.0,0.0,1927.2,8567368.0
1.4171348481429131,1.0,-2.0,-1.0,0.9313989357612644,0.3048894037888049,4.581740709444274,0.0,1.0,0.0,1.0,0.0,0.0,0.0,1.0,0.0,0.0,0.0,0.0,0.0,0.0,1.0,0.0,0.0,0.0,1.0,1.0,0.0,1.0,0.0,2135.1,10879189.0
0.8120820515256977,0.0,-1.0,0.0,0.6271209265568267,0.5237047048979854,1.1465813271965624,0.0,0.0,0.0,1.0,0.0,0.0,1.0,0.0,0.0,0.0,0.0,0.0,0.0,0.0,1.0,0.0,0.0,0.0,1.0,1.0,0.0,1.0,0.0,1758.7,6721576.0
0.056846931382214506,-1.0,-2.0,0.0,0.05827235313134966,0.8546308811224819,1.493230973912731,-1.0,-1.0,1.0,0.0,0.0,0.0,1.0,0.0,0.0,0.0,0.0,1.0,0.0,0.0,0.0,0.0,0.0,0.0,1.0,1.0,0.0,1.0,0.0,2174.2,4853467.0
-0.19500896770438625,0.0,0.0,-1.0,-0.22848751079692448,-0.5677286477440948,-0.30274536595890034,0.0,1.5,0.0,1.0,0.0,0.0,0.0,0.0,1.0,0.0,0.0,0.0,0.0,0.0,1.0,0.0,0.0,1.0,0.0,0.0,1.0,1.0,0.0,4005.4,6817992.0
-0.09970186837072831,-1.0,-1.0,0.0,-0.11065695770747985,0.5153118362618264,0.11148666870426639,-1.0,-1.0,0.0,0.0,0.0,1.0,0.0,1.0,0.0,0.0,0.0,1.0,0.0,0.0,0.0,0.0,0.0,0.0,1.0,1.0,0.0,1.0,0.0,1955.7,3721306.0
0.1272582580085759,-1.0,0.0,0.0,0.12626617701839885,1.0072472163223272,-0.0588446809658222,-1.0,-1.0,0.0,0.0,0.0,1.0,0.0,0.0,1.0,0.0,0.0,0.0,0.0,0.0,1.0,0.0,1.0,0.0,0.0,1.0,0.0,1.0,0.0,4414.7,10509193.0
0.055896711049874946,0.0,-1.0,0.0,0.057324213606052485,-0.2958100019308747,0.2881285845274268,0.0,0.0,0.0,1.0,0.0,0.0,1.0,0.0,0.0,0.0,0.0,0.0,1.0,0.0,0.0,0.0,0.0,1.0,0.0,1.0,0.0,1.0,0.0,2681.2,5979880.0
0.9000249432837241,1.0,-1.0,-1.0,0.6771589820078312,-0.06872197549934567,1.2464177199259272,0.0,1.0,0.0,0.0,1.0,0.0,0.0,1.0,0.0,0.0,0.0,1.0,0.0,0.0,0.0,0.0,0.0,0.0,1.0,1.0,0.0,1.0,0.0,1872.6,7503508.0
-0.3592070411326625,0.0,2.0,1.0,-0.4684920482162079,-0.7456780588273155,-0.6221355243523129,0.0,0.0,0.0,1.0,0.0,0.0,0.0,0.0,1.0,0.0,0.0,0.0,0.0,1.0,0.0,0.0,0.0,1.0,0.0,1.0,0.0,1.0,0.0,2796.0,3793054.0
1.085983062322576,0.0,0.0,-1.0,0.7757637546126318,0.8205445066615173,0.6667445748907785,0.0,0.0,0.0,0.0,0.0,1.0,0.0,1.0,0.0,0.0,0.0,1.0,0.0,0.0,0.0,0.0,0.0,1.0,0.0,1.0,0.0,1.0,0.0,2812.4,12370060.0
-0.364480763977147,-1.0,0.0,-1.0,-0.477180201042254,-0.05859561047821339,-0.4310062746085111,-1.0,-1.0,0.0,1.0,0.0,0.0,0.0,1.0,0.0,0.0,0.0,1.0,0.0,0.0,0.0,0.0,0.0,0.0,1.0,1.0,0.0,1.0,0.0,2204.6,2966289.0
0.3049019491394569,0.0,-2.0,0.0,0.28059529007867573,-0.025950955782969732,2.0564355189586667,0.0,0.0,0.0,0.0,0.0,1.0,0.0,0.0,1.0,0.0,0.0,0.0,0.0,0.0,1.0,0.0,0.0,0.0,1.0,1.0,0.0,1.0,0.0,1826.5,5030912.0
1.102231830005583,0.0,0.0,-1.0,0.7839586766738423,0.8381540837999615,0.6790420884198416,0.0,0.0,0.0,0.0,0.0,1.0,0.0,1.0,0.0,0.0,0.0,1.0,0.0,0.0,0.0,0.0,0.0,1.0,0.0,1.0,0.0,1.0,0.0,2692.8,11936105.0
1.1196208620873966,0.0,0.0,-1.0,0.7926589504102713,0.8569994207375939,0.6922025853544524,0.0,0.0,0.0,0.0,0.0,1.0,0.0,0.0,1.0,0.0,0.0,1.0,0.0,0.0,0.0,0.0,0.0,1.0,0.0,1.0,0.0,1.0,0.0,2814.6,12579010.0
1.0678338539748904,0.0,1.0,-1.0,0.7665347036163511,0.8008753298577587,0.26105248017834987,0.0,0.0,1.0,0.0,0.0,0.0,0.0,1.0,0.0,0.0,0.0,1.0,0.0,0.0,0.0,0.0,0.0,1.0,0.0,1.0,0.0,1.0,0.0,3318.8,14470632.0
1.023553586487867,0.0,1.0,1.0,0.7436741340187103,0.752886657655918,0.23591808849175674,0.0,1.5,0.0,0.0,0.0,1.0,0.0,1.0,0.0,0.0,0.0,1.0,0.0,0.0,0.0,1.0,0.0,0.0,0.0,0.0,1.0,1.0,0.0,1241.9,5299187.0
0.6563409390552435,0.0,-1.0,1.0,0.532250239624625,0.3549205123254166,0.9697776019848617,0.0,0.0,0.0,0.0,0.0,1.0,0.0,1.0,0.0,0.0,0.0,0.0,0.0,0.0,1.0,0.0,1.0,0.0,0.0,1.0,0.0,1.0,0.0,3540.5,12370861.0
-0.5520067465643594,-1.0,-1.0,-1.0,-0.8443021350047223,-0.4650576044281394,-0.40198845759695073,-1.0,-1.0,0.0,0.0,0.0,1.0,0.0,1.0,0.0,0.0,0.0,1.0,0.0,0.0,0.0,0.0,1.0,0.0,0.0,1.0,0.0,1.0,0.0,4756.0,4522005.0
-0.6647979000130653,-1.0,-1.0,-1.0,-1.147931202782625,-0.7095320847010363,-0.5300336203951744,-1.0,-1.0,0.0,1.0,0.0,0.0,0.0,0.0,1.0,0.0,0.0,1.0,0.0,0.0,0.0,1.0,0.0,0.0,0.0,1.0,0.0,1.0,0.0,1793.1,1279198.0
1.1440415246285236,0.0,1.0,0.0,0.8047578533460823,0.8834652764368927,0.3043095233814568,0.0,0.0,0.0,1.0,0.0,0.0,0.0,1.0,0.0,0.0,0.0,0.0,0.0,0.0,1.0,0.0,0.0,0.0,1.0,1.0,0.0,1.0,0.0,1850.8,8366726.0
1.2514639331995108,0.0,-1.0,1.0,0.8563952764327507,0.9998841475188258,1.645385735603459,0.0,0.0,0.0,0.0,0.0,1.0,0.0,1.0,0.0,0.0,0.0,1.0,0.0,0.0,0.0,0.0,0.0,0.0,1.0,1.0,0.0,1.0,0.0,1573.7,7469882.0
0.05570666698340699,-1.0,0.0,1.0,0.05713448372156427,0.8521593615241038,-0.1129968896639757,-1.0,-1.0,0.0,0.0,0.0,1.0,1.0,0.0,0.0,0.0,0.0,1.0,0.0,0.0,0.0,0.0,0.0,0.0,1.0,1.0,0.0,1.0,0.0,1689.6,3767639.0
-0.6180945706785759,-1.0,-1.0,0.0,-1.0115006176549868,-0.6083027611508014,-0.4770140774168029,-1.0,-1.0,0.0,1.0,0.0,0.0,0.0,1.0,0.0,0.0,0.0,0.0,0.0,0.0,1.0,0.0,0.0,0.0,1.0,1.0,0.0,1.0,0.0,2270.1,1842640.0
1.5662719293036074,1.0,-1.0,-1.0,0.9946516302242577,0.4126407929458712,2.002768738426134,0.0,1.0,0.0,1.0,0.0,0.0,0.0,0.0,1.0,0.0,0.0,0.0,0.0,0.0,1.0,0.0,0.0,1.0,0.0,1.0,0.0,1.0,0.0,3330.2,18014051.0
0.3247615540853536,0.0,0.0,-1.0,0.29652885223457015,-0.004428139280427555,0.09063123640351663,0.0,0.0,0.0,1.0,0.0,0.0,1.0,0.0,0.0,0.0,0.0,0.0,0.0,1.0,0.0,0.0,0.0,1.0,0.0,1.0,0.0,1.0,0.0,2971.8,8309747.0
0.05333111615255809,0.0,0.0,0.0,0.054759985641427096,-0.29859046147905005,-0.114794771758868,0.0,1.5,0.0,0.0,0.0,1.0,0.0,1.0,0.0,0.0,0.0,1.0,0.0,0.0,0.0,0.0,0.0,0.0,1.0,0.0,1.0,1.0,0.0,1948.0,4334105.0
0.04192847216448335,0.0,1.0,0.0,0.043287638478022875,-0.3109480594709404,-0.3212725409467646,0.0,0.0,0.0,1.0,0.0,0.0,0.0,0.0,1.0,0.0,0.0,0.0,0.0,0.0,1.0,0.0,0.0,0.0,1.0,1.0,0.0,1.0,0.0,2022.4,4451100.0
-0.5119549595562469,-1.0,-1.0,-1.0,-0.7544934456105278,-0.3782454785351099,-0.3565200194171266,-1.0,-1.0,0.0,1.0,0.0,0.0,1.0,0.0,0.0,0.0,0.0,0.0,1.0,0.0,0.0,0.0,0.0,1.0,0.0,1.0,0.0,1.0,0.0,3116.2,3225579.0
-0.03233124680785344,-1.0,-1.0,-1.0,-0.03463192547914627,0.6613374525326637,0.18796857302098127,-1.0,-1.0,0.0,1.0,0.0,0.0,0.0,1.0,0.0,0.0,0.0,1.0,0.0,0.0,0.0,0.0,0.0,0.0,1.0,1.0,0.0,1.0,0.0,2086.2,4265445.0
0.3238113337530141,0.0,0.0,-1.0,0.2957719207522101,-0.005457939113085081,0.08991208356555978,0.0,0.0,0.0,0.0,1.0,0.0,0.0,0.0,1.0,0.0,0.0,0.0,1.0,0.0,0.0,0.0,1.0,0.0,0.0,1.0,0.0,1.0,0.0,4676.4,13066797.0
-0.7838129966385953,-1.0,1.0,-1.0,-1.604862905220447,-0.9674969427817469,-0.7899804030851655,-1.0,-1.0,0.0,0.0,0.0,1.0,0.0,0.0,1.0,0.0,1.0,0.0,0.0,0.0,0.0,0.0,0.0,1.0,0.0,1.0,0.0,1.0,0.0,3388.5,1568537.0
-0.3324108277606868,1.0,-2.0,1.0,-0.42541625437681246,-0.9591555641372209,0.6094280937056148,0.0,1.0,0.0,0.0,0.0,1.0,1.0,0.0,0.0,0.0,0.0,0.0,1.0,0.0,0.0,0.0,0.0,1.0,0.0,1.0,0.0,1.0,0.0,2509.9,3546489.0
-0.6786236058486059,-1.0,0.0,1.0,-1.1919405971068062,-0.7394992598313704,-0.6687582028370578,-1.0,-1.0,0.0,0.0,0.0,1.0,0.0,1.0,0.0,0.0,0.0,0.0,1.0,0.0,0.0,1.0,0.0,0.0,0.0,1.0,0.0,1.0,0.0,1245.7,852433.0
0.7295079046453897,0.0,0.0,1.0,0.5778811547197893,0.4342150994400462,0.3969543877312526,0.0,0.0,0.0,0.0,0.0,1.0,1.0,0.0,0.0,0.0,0.0,0.0,1.0,0.0,0.0,0.0,0.0,1.0,0.0,1.0,0.0,1.0,0.0,2176.1,7938630.0
-0.17039826109679163,-1.0,2.0,-1.0,-0.19678184199897816,0.36207762116238645,-0.5363981230110928,-1.0,-1.0,0.0,0.0,0.0,1.0,0.0,1.0,0.0,0.0,0.0,1.0,0.0,0.0,0.0,0.0,0.0,0.0,1.0,1.0,0.0,1.0,0.0,2110.6,3701992.0
0.36628618260859247,0.0,0.0,0.0,0.3290888622353353,0.040574113406706434,0.12205821542223257,0.0,0.0,0.0,0.0,1.0,0.0,1.0,0.0,0.0,0.0,0.0,0.0,0.0,0.0,1.0,0.0,0.0,1.0,0.0,1.0,0.0,1.0,0.0,2471.4,7126529.0
-0.4232518915323489,-1.0,0.0,0.0,-0.5791603316871784,-0.18598184977794954,-0.4754858776361445,-1.0,-1.0,0.0,1.0,0.0,0.0,1.0,0.0,0.0,0.0,0.0,0.0,0.0,1.0,0.0,0.0,0.0,0.0,1.0,1.0,0.0,1.0,0.0,1902.6,2324597.0
-0.09604352009122097,-1.0,-1.0,1.0,-0.10638538892480218,0.5232412949732895,0.11563977634346743,-1.0,-1.0,1.0,0.0,0.0,0.0,1.0,0.0,0.0,0.0,0.0,1.0,0.0,0.0,0.0,0.0,0.0,1.0,0.0,1.0,0.0,1.0,0.0,2821.3,5390094.0
0.50829661127674,0.0,-1.0,0.0,0.4334285617823622,0.19447769839737392,0.8017115837543374,0.0,0.0,0.0,0.0,0.0,1.0,0.0,1.0,0.0,0.0,0.0,0.0,0.0,0.0,1.0,0.0,0.0,0.0,1.0,1.0,0.0,1.0,0.0,1706.8,5431891.0
0.0761839151453245,0.0,1.0,0.0,0.07738472249466656,-0.27382377550363657,-0.3018284460905053,0.0,0.0,0.0,0.0,1.0,0.0,0.0,0.0,1.0,0.0,0.0,1.0,0.0,0.0,0.0,0.0,0.0,0.0,1.0,1.0,0.0,1.0,0.0,1693.7,3849780.0
0.47750947250893805,0.0,0.0,0.0,0.4116653538366496,0.16111218381926995,0.20623505510508625,0.0,0.0,0.0,0.0,0.0,1.0,0.0,1.0,0.0,0.0,0.0,0.0,1.0,0.0,0.0,0.0,0.0,1.0,0.0,1.0,0.0,1.0,0.0,2493.7,7774608.0
0.787613877967954,0.0,-1.0,0.0,0.6127676544235879,0.4971873592070541,1.1188040488304776,0.0,0.0,0.0,0.0,1.0,0.0,1.0,0.0,0.0,0.0,0.0,0.0,1.0,0.0,0.0,0.0,0.0,0.0,1.0,1.0,0.0,1.0,0.0,1603.1,6044328.0
-0.2028007744295707,-1.0,1.0,-1.0,-0.238726859179188,0.2918452725751431,-0.4601859010086118,-1.0,-1.0,0.0,0.0,1.0,0.0,0.0,1.0,0.0,0.0,0.0,0.0,0.0,0.0,1.0,0.0,0.0,0.0,1.0,1.0,0.0,1.0,0.0,1983.0,3342941.0
0.2198572293950662,0.0,-1.0,1.0,0.20951205169785383,-0.11811804080581842,0.47426331781161796,0.0,0.0,0.0,0.0,1.0,0.0,0.0,1.0,0.0,0.0,1.0,0.0,0.0,0.0,0.0,1.0,0.0,0.0,0.0,1.0,0.0,1.0,0.0,1129.1,2907884.0
-0.2162939031487924,0.0,1.0,-1.0,-0.25669617195223676,-0.5907961639956234,-0.4678448787328526,0.0,0.0,0.0,0.0,0.0,1.0,0.0,0.0,1.0,0.0,0.0,0.0,1.0,0.0,0.0,0.0,0.0,0.0,1.0,1.0,0.0,1.0,0.0,2032.6,3368831.0
1.1795322540414062,0.0,-1.0,-1.0,0.8220982998318689,0.9219283001866512,1.5637259308534546,0.0,0.0,1.0,0.0,0.0,0.0,0.0,0.0,0.0,1.0,0.0,1.0,0.0,0.0,0.0,0.0,0.0,0.0,1.0,1.0,0.0,1.0,0.0,2486.7,11427133.0
-0.3512727013576271,0.0,-2.0,-1.0,-0.4555536097592475,-0.7370792302246252,0.5666025422052822,0.0,1.5,0.0,0.0,0.0,1.0,1.0,0.0,0.0,0.0,0.0,1.0,0.0,0.0,0.0,0.0,0.0,0.0,1.0,0.0,1.0,1.0,0.0,2094.9,2876926.0
1.6808685013837585,1.0,0.0,1.0,1.040809432815972,0.49543669949153624,1.1169702090936875,0.0,3.0,0.0,1.0,0.0,0.0,0.0,0.0,1.0,0.0,0.0,0.0,0.0,1.0,0.0,0.0,0.0,1.0,0.0,1.0,0.0,0.0,1.0,2700.9,15711435.0
2.0469883954341914,1.0,-1.0,-1.0,1.1760813884493195,0.7599579498401665,2.5484978695097174,0.0,3.0,0.0,1.0,0.0,0.0,1.0,0.0,0.0,0.0,0.0,1.0,0.0,0.0,0.0,0.0,0.0,0.0,1.0,1.0,0.0,0.0,1.0,2095.9,13907983.0
-0.33606917604019415,-1.0,-1.0,-1.0,-0.4311948363515566,0.0029864195147066884,-0.15684723395839698,-1.0,-1.0,0.0,0.0,1.0,0.0,0.0,1.0,0.0,0.0,0.0,1.0,0.0,0.0,0.0,0.0,0.0,0.0,1.0,1.0,0.0,1.0,0.0,1954.2,2746237.0
-0.5812260217838009,-1.0,-2.0,0.0,-0.9149905313977477,-0.5283902941365773,0.044497581848582365,-1.0,-1.0,0.0,0.0,0.0,1.0,1.0,0.0,0.0,0.0,0.0,1.0,0.0,0.0,0.0,0.0,0.0,0.0,1.0,1.0,0.0,1.0,0.0,1933.0,1719017.0
-0.21667399128172832,-1.0,0.0,-1.0,-0.25720679481395087,0.26177511746154325,-0.31914205066431744,-1.0,-1.0,0.0,0.0,0.0,1.0,0.0,1.0,0.0,0.0,0.0,0.0,1.0,0.0,0.0,0.0,0.0,0.0,1.0,1.0,0.0,1.0,0.0,2076.9,3440593.0
0.7954531957097554,0.0,1.0,0.0,0.617387503993518,0.5056832078264787,0.10644360942809376,0.0,0.0,0.0,1.0,0.0,0.0,0.0,1.0,0.0,0.0,0.0,1.0,0.0,0.0,0.0,0.0,0.0,0.0,1.0,1.0,0.0,1.0,0.0,1933.3,7321214.0
-0.10592581154755239,0.0,0.0,1.0,-0.11796402733418827,-0.4711849134324516,-0.23532478740044224,0.0,0.0,0.0,0.0,1.0,0.0,1.0,0.0,0.0,0.0,0.0,0.0,1.0,0.0,0.0,0.0,1.0,0.0,0.0,1.0,0.0,1.0,0.0,3452.0,6523244.0
0.02962311886068599,-1.0,0.0,-1.0,0.03076592461390897,0.7956233507112054,-0.1327376350658923,-1.0,-1.0,0.0,0.0,0.0,1.0,0.0,0.0,1.0,0.0,0.0,1.0,0.0,0.0,0.0,0.0,0.0,0.0,1.0,1.0,0.0,1.0,0.0,2310.7,5025772.0
-0.3181575227755934,-1.0,0.0,0.0,-0.4031985203483962,0.04180987320589551,-0.39594757375811285,-1.0,-1.0,0.0,0.0,0.0,1.0,0.0,1.0,0.0,0.0,0.0,0.0,0.0,1.0,0.0,0.0,0.0,0.0,1.0,1.0,0.0,1.0,0.0,1852.5,2673158.0
-0.7719352424843509,-1.0,0.0,-1.0,-1.5493156331057827,-0.9417519469653087,-0.7393790115244241,-1.0,-1.0,0.0,1.0,0.0,0.0,1.0,0.0,0.0,0.0,0.0,0.0,0.0,0.0,1.0,0.0,0.0,0.0,1.0,1.0,0.0,1.0,0.0,2096.1,1022687.0
0.9148958914848383,0.0,0.0,0.0,0.6853912806584652,0.6351290467915299,0.5372611064166414,0.0,0.0,0.0,0.0,1.0,0.0,0.0,0.0,0.0,1.0,0.0,1.0,0.0,0.0,0.0,0.0,0.0,0.0,1.0,1.0,0.0,1.0,0.0,1911.0,7717191.0
0.8268579776935778,0.0,1.0,-1.0,0.6356952855572272,0.5397180922958099,0.12426961039895007,0.0,0.0,0.0,0.0,0.0,1.0,1.0,0.0,0.0,0.0,0.0,1.0,0.0,0.0,0.0,0.0,0.0,0.0,1.0,1.0,0.0,1.0,0.0,1799.5,6933474.0
-0.5878775641101779,-1.0,0.0,0.0,-0.9317640310168979,-0.5428074917937827,-0.6000791068121751,-1.0,-1.0,0.0,0.0,0.0,1.0,1.0,0.0,0.0,0.0,0.0,1.0,0.0,0.0,0.0,0.0,1.0,0.0,0.0,1.0,0.0,1.0,0.0,4052.1,3546803.0
-0.041310828948462226,-1.0,2.0,0.0,-0.04445505657023736,0.6418742356954367,-0.477779975189227,-1.0,-1.0,0.0,0.0,0.0,1.0,0.0,1.0,0.0,0.0,0.0,0.0,0.0,1.0,0.0,0.0,0.0,1.0,0.0,1.0,0.0,1.0,0.0,2621.3,5309967.0
0.7347341164732574,0.0,0.0,0.0,0.5810664371727338,0.4398789985196626,0.40090972834001554,0.0,0.0,0.0,0.0,0.0,1.0,0.0,1.0,0.0,0.0,0.0,1.0,0.0,0.0,0.0,0.0,0.0,1.0,0.0,1.0,0.0,1.0,0.0,2548.9,9326680.0
-0.03741492558587001,-1.0,1.0,1.0,-0.040181966238712376,0.6503185943232285,-0.36630948742381464,-1.0,-1.0,0.0,0.0,0.0,1.0,0.0,0.0,0.0,1.0,0.0,0.0,0.0,0.0,1.0,0.0,0.0,1.0,0.0,1.0,0.0,1.0,0.0,2957.4,6015056.0
0.6579563136202208,0.0,0.0,0.0,0.5332792101716212,0.35667117204093446,0.34280217903309895,0.0,0.0,0.0,0.0,0.0,1.0,0.0,1.0,0.0,0.0,0.0,0.0,0.0,0.0,1.0,0.0,0.0,1.0,0.0,1.0,0.0,1.0,0.0,2767.5,9679331.0
-0.1464051977052177,-1.0,-2.0,-1.0,-0.16676021018762574,0.4140825127115916,1.0317505977957966,-1.0,-1.0,1.0,0.0,0.0,0.0,0.0,1.0,0.0,0.0,0.0,0.0,0.0,0.0,1.0,0.0,0.0,0.0,1.0,1.0,0.0,1.0,0.0,2341.0,4224334.0
0.5659274744331344,0.0,0.0,0.0,0.4730021349106689,0.256935058248053,0.27315222667697453,0.0,0.0,0.0,1.0,0.0,0.0,0.0,0.0,1.0,0.0,0.0,1.0,0.0,0.0,0.0,0.0,0.0,1.0,0.0,1.0,0.0,1.0,0.0,2943.0,9723083.0
-0.3738879452673086,0.0,1.0,0.0,-0.4928573275056146,-0.7615884662418743,-0.5572985023642149,0.0,0.0,0.0,0.0,0.0,1.0,0.0,1.0,0.0,0.0,0.0,0.0,1.0,0.0,0.0,0.0,0.0,0.0,1.0,1.0,0.0,1.0,0.0,1728.5,2291472.0
1.0368566711406209,0.0,0.0,0.0,0.7505941596315402,0.7673038553131234,0.6295643731684076,0.0,0.0,0.0,0.0,1.0,0.0,1.0,0.0,0.0,0.0,0.0,1.0,0.0,0.0,0.0,0.0,1.0,0.0,0.0,1.0,0.0,1.0,0.0,3519.0,15114105.0
-0.7293653715955385,-1.0,0.0,-1.0,-1.3712300434511542,-0.8494818819591943,-0.7071609643839556,-1.0,-1.0,0.0,0.0,0.0,1.0,0.0,1.0,0.0,0.0,0.0,0.0,1.0,0.0,0.0,0.0,0.0,0.0,1.0,1.0,0.0,1.0,0.0,2108.3,1217543.0
-0.5004097825183212,-1.0,-1.0,1.0,-0.7299601643299132,-0.3532213426015318,-0.34341345894536224,-1.0,-1.0,0.0,1.0,0.0,0.0,0.0,0.0,1.0,0.0,0.0,0.0,0.0,0.0,1.0,1.0,0.0,0.0,0.0,1.0,0.0,1.0,0.0,1398.5,1481571.0
0.4156026178570158,0.0,0.0,0.0,0.3665005551800505,0.09402072472163218,0.15938224771219514,0.0,0.0,0.0,1.0,0.0,0.0,1.0,0.0,0.0,0.0,0.0,0.0,1.0,0.0,0.0,0.0,0.0,0.0,1.0,1.0,0.0,1.0,0.0,1826.6,5456785.0
-0.3495147937427989,0.0,-1.0,1.0,-0.45270829054102657,-0.7351741005342087,-0.17211125294403187,0.0,0.0,1.0,0.0,0.0,0.0,0.0,0.0,0.0,1.0,0.0,0.0,1.0,0.0,0.0,0.0,0.0,0.0,1.0,1.0,0.0,1.0,0.0,2198.5,3027334.0
-0.0561342661329594,0.0,-1.0,1.0,-0.06087321434420273,-0.41722340220119725,0.1609464051347513,0.0,0.0,0.0,0.0,0.0,1.0,0.0,1.0,0.0,0.0,0.0,0.0,0.0,0.0,1.0,0.0,0.0,1.0,0.0,1.0,0.0,1.0,0.0,2402.0,4790789.0
-0.14778301718711012,-1.0,0.0,0.0,-0.16846136683846086,0.41109609319688467,-0.2670034699124431,-1.0,-1.0,0.0,0.0,1.0,0.0,0.0,0.0,1.0,0.0,0.0,0.0,0.0,0.0,1.0,0.0,0.0,1.0,0.0,1.0,0.0,1.0,0.0,2902.9,5229865.0
-0.45327885403427903,-1.0,-1.0,0.0,-0.6353205885780412,-0.25106519920190534,-0.28990848780136996,-1.0,-1.0,0.0,0.0,0.0,1.0,0.0,0.0,1.0,0.0,1.0,0.0,0.0,0.0,0.0,0.0,0.0,0.0,1.0,1.0,0.0,1.0,0.0,2030.0,2351958.0
1.157534653347745,0.0,2.0,0.0,0.8113839939659615,0.8980884340606293,0.06661153161575663,0.0,1.5,0.0,0.0,1.0,0.0,0.0,1.0,0.0,0.0,0.0,1.0,0.0,0.0,0.0,0.0,0.0,0.0,1.0,0.0,1.0,1.0,0.0,1841.1,8375164.0
1.5048401848178548,1.0,-1.0,-1.0,0.9690531627610561,0.36825642015833165,1.9330288919652647,0.0,1.0,0.0,0.0,0.0,1.0,0.0,0.0,1.0,0.0,0.0,0.0,1.0,0.0,0.0,0.0,0.0,1.0,0.0,1.0,0.0,1.0,0.0,3186.4,16824192.0
0.5611763727714366,0.0,0.0,0.0,0.46979507184537633,0.2517860590847654,0.2695564624871902,0.0,0.0,0.0,0.0,0.0,1.0,0.0,1.0,0.0,0.0,0.0,1.0,0.0,0.0,0.0,0.0,0.0,0.0,1.0,1.0,0.0,1.0,0.0,1720.6,5667312.0
0.9776579444358661,1.0,0.0,-1.0,0.7194465948441848,-0.012632211280599218,0.5847611513636934,0.0,1.0,0.0,0.0,0.0,1.0,0.0,1.0,0.0,0.0,1.0,0.0,0.0,0.0,0.0,1.0,0.0,0.0,0.0,1.0,0.0,1.0,0.0,1449.5,6044995.0
-0.3392524141535317,0.0,-1.0,-1.0,-0.4362487546952624,-0.7240522623415075,-0.16046097696913034,0.0,0.0,0.0,0.0,1.0,0.0,0.0,1.0,0.0,0.0,0.0,0.0,0.0,1.0,0.0,0.0,0.0,0.0,1.0,1.0,0.0,1.0,0.0,1962.8,2745172.0
0.5479683101519166,0.0,0.0,-1.0,0.46082803019821295,0.23747184141082567,0.25956023803958944,0.0,0.0,0.0,0.0,1.0,0.0,1.0,0.0,0.0,0.0,0.0,1.0,0.0,0.0,0.0,0.0,0.0,0.0,1.0,1.0,0.0,1.0,0.0,1686.3,5507456.0
0.05741706358161816,1.0,-1.0,-1.0,0.05884082936707276,-0.6775053099053873,0.2898545513385232,0.0,1.0,0.0,0.0,0.0,1.0,1.0,0.0,0.0,0.0,1.0,0.0,0.0,0.0,0.0,0.0,0.0,0.0,1.0,1.0,0.0,1.0,0.0,1980.1,4422553.0
-0.3619151690798302,-1.0,-2.0,0.0,-0.47294462197719656,-0.05303469138186265,0.5424390068499308,-1.0,-1.0,0.0,0.0,0.0,1.0,1.0,0.0,0.0,0.0,0.0,1.0,0.0,0.0,0.0,0.0,0.0,0.0,1.0,1.0,0.0,1.0,0.0,1846.1,2493896.0
1.2912306541079213,1.0,1.0,1.0,0.8748895205387905,0.21392375190405677,0.3878571043310979,0.0,1.0,1.0,0.0,0.0,0.0,0.0,0.0,1.0,0.0,0.0,1.0,0.0,0.0,0.0,0.0,0.0,0.0,1.0,1.0,0.0,1.0,0.0,2070.0,9998928.0
-0.7764012780463468,-1.0,0.0,-1.0,-1.5698608861652854,-0.9514320653922894,-0.7427590298628215,-1.0,-1.0,1.0,0.0,0.0,0.0,0.0,1.0,0.0,0.0,0.0,1.0,0.0,0.0,0.0,1.0,0.0,0.0,0.0,1.0,0.0,1.0,0.0,1870.8,895178.0
0.4207338076516493,0.0,0.0,0.0,0.3703182062211433,0.09958164381798269,0.16326567303716222,0.0,0.0,0.0,0.0,0.0,1.0,0.0,1.0,0.0,0.0,0.0,1.0,0.0,0.0,0.0,0.0,0.0,0.0,1.0,1.0,0.0,1.0,0.0,1843.9,5528381.0
1.2095592165433362,0.0,1.0,-1.0,0.8365505226193842,0.954469974898629,0.34149871451430214,0.0,0.0,0.0,1.0,0.0,0.0,0.0,0.0,1.0,0.0,0.0,0.0,1.0,0.0,0.0,0.0,1.0,0.0,0.0,1.0,0.0,1.0,0.0,5005.0,23315792.0
-0.44239883122899104,0.0,-2.0,-1.0,-0.6146254342151186,-0.835837034176482,0.35970227072508587,0.0,0.0,1.0,0.0,0.0,0.0,0.0,1.0,0.0,0.0,0.0,1.0,0.0,0.0,0.0,0.0,0.0,1.0,0.0,1.0,0.0,1.0,0.0,3782.5,4469024.0
0.12455013006140825,-1.0,0.0,0.0,0.12373023508047087,1.0013773572761795,-0.06089426655399931,-1.0,-1.0,0.0,0.0,0.0,1.0,0.0,0.0,1.0,0.0,0.0,1.0,0.0,0.0,0.0,1.0,0.0,0.0,0.0,1.0,0.0,1.0,0.0,1427.6,3390264.0
-0.27107410530816817,-1.0,1.0,-1.0,-0.3329547061875159,0.14386303662225636,-0.49893924956401353,-1.0,-1.0,0.0,0.0,0.0,1.0,1.0,0.0,0.0,0.0,0.0,1.0,0.0,0.0,0.0,0.0,0.0,0.0,1.0,1.0,0.0,1.0,0.0,1873.0,2888353.0
-0.09114988537967225,0.0,-1.0,-1.0,-0.10069829707473538,-0.4551715260346271,0.12119523201668436,0.0,0.0,1.0,0.0,0.0,0.0,0.0,0.0,0.0,1.0,0.0,1.0,0.0,0.0,0.0,1.0,0.0,0.0,0.0,1.0,0.0,1.0,0.0,1928.9,3705031.0
0.017460298606739654,-1.0,0.0,-1.0,0.01824192211007972,0.7692604749951728,-0.14194279139174043,-1.0,-1.0,0.0,0.0,0.0,1.0,0.0,1.0,0.0,0.0,0.0,1.0,0.0,0.0,0.0,0.0,0.0,0.0,1.0,1.0,0.0,1.0,0.0,2010.6,4321584.0
0.04178593911463233,1.0,0.0,0.0,0.043143444196836384,-0.6887987814035315,-0.1235324787400442,0.0,1.0,0.0,1.0,0.0,0.0,0.0,0.0,1.0,0.0,1.0,0.0,0.0,0.0,0.0,0.0,0.0,0.0,1.0,1.0,0.0,1.0,0.0,2206.1,4854744.0
0.20104286681474293,0.0,2.0,0.0,0.19311990354607356,-0.1385080774924374,-0.36772801639668456,0.0,0.0,1.0,0.0,0.0,0.0,1.0,0.0,0.0,0.0,0.0,0.0,0.0,0.0,1.0,0.0,0.0,0.0,1.0,1.0,0.0,1.0,0.0,2070.6,5250627.0
-0.5512465702984877,-1.0,1.0,0.0,-0.8425246567613287,-0.4634099246958874,-0.6579709102677045,-1.0,-1.0,0.0,1.0,0.0,0.0,1.0,0.0,0.0,0.0,0.0,1.0,0.0,0.0,0.0,0.0,0.0,1.0,0.0,1.0,0.0,1.0,0.0,2747.6,2616814.0
-0.6868905227399601,-1.0,-1.0,-1.0,-1.2191573291648783,-0.7574177769196113,-0.5551140756189208,-1.0,-1.0,1.0,0.0,0.0,0.0,0.0,1.0,0.0,0.0,0.0,0.0,1.0,0.0,0.0,0.0,1.0,0.0,0.0,1.0,0.0,1.0,0.0,5677.9,3786592.0
0.08103003884025617,-1.0,0.0,0.0,0.08212094722944611,0.9070476926047497,-0.09383146653242481,-1.0,-1.0,0.0,0.0,0.0,1.0,0.0,1.0,0.0,0.0,0.0,1.0,0.0,0.0,0.0,1.0,0.0,0.0,0.0,1.0,0.0,1.0,0.0,1368.4,3124331.0
0.8242923827962609,0.0,-2.0,0.0,0.6342114653972215,0.5369376327476345,3.2357023426403697,0.0,0.0,1.0,0.0,0.0,0.0,0.0,1.0,0.0,0.0,0.0,1.0,0.0,0.0,0.0,0.0,0.0,1.0,0.0,1.0,0.0,1.0,0.0,3086.2,11874463.0
1.8922925253293108,1.0,-1.0,0.0,1.1210194654471946,0.648190341335736,2.372880746480645,0.0,1.0,1.0,0.0,0.0,0.0,1.0,0.0,0.0,0.0,0.0,0.0,1.0,0.0,0.0,0.0,0.0,0.0,1.0,1.0,0.0,1.0,0.0,2139.8,13043151.0
1.4357591666567688,1.0,0.0,0.0,0.9395076583352336,0.31834545493553035,0.9314647345427088,0.0,1.0,0.0,0.0,0.0,1.0,0.0,0.0,0.0,1.0,0.0,0.0,0.0,0.0,1.0,0.0,0.0,0.0,1.0,1.0,0.0,1.0,0.0,2050.6,10529011.0
-0.4146048865080589,-1.0,1.0,0.0,-0.5635253053053364,-0.1672394928235825,-0.5804102766940543,-1.0,-1.0,0.0,1.0,0.0,0.0,0.0,0.0,0.0,1.0,0.0,0.0,0.0,1.0,0.0,1.0,0.0,0.0,0.0,1.0,0.0,1.0,0.0,1670.0,2070800.0
-0.6566735161715621,-1.0,2.0,0.0,-1.1228987801006893,-0.6919225075625927,-0.7572140019057548,-1.0,-1.0,0.0,0.0,1.0,0.0,0.0,1.0,0.0,0.0,0.0,0.0,1.0,0.0,0.0,0.0,0.0,1.0,0.0,1.0,0.0,1.0,0.0,2759.7,2015961.0
-0.10625838866387126,-1.0,0.0,1.0,-0.11835590508736837,0.5011005985711526,-0.23557649089372715,-1.0,-1.0,0.0,0.0,0.0,1.0,1.0,0.0,0.0,0.0,0.0,1.0,0.0,0.0,0.0,0.0,0.0,1.0,0.0,1.0,0.0,1.0,0.0,2397.7,4529255.0
0.1861719186136287,1.0,2.0,-1.0,0.17998139655914636,-0.5844800583553239,-0.3744808615450998,0.0,1.0,0.0,0.0,0.0,1.0,0.0,1.0,0.0,0.0,1.0,0.0,0.0,0.0,0.0,0.0,0.0,1.0,0.0,1.0,0.0,1.0,0.0,3017.0,7556076.0
-0.316827214310318,1.0,0.0,0.0,-0.40114846822740496,-0.9478964193001652,-0.3949407597849732,0.0,1.0,0.0,0.0,0.0,1.0,0.0,1.0,0.0,0.0,0.0,0.0,1.0,0.0,0.0,0.0,0.0,0.0,1.0,1.0,0.0,1.0,0.0,1900.0,2747020.0
0.6741575702866103,0.0,-1.0,0.0,0.5435442181447373,0.37422925918774524,0.9900037755523992,0.0,0.0,0.0,0.0,0.0,1.0,0.0,0.0,1.0,0.0,0.0,0.0,0.0,1.0,0.0,0.0,1.0,0.0,0.0,1.0,0.0,1.0,0.0,4200.2,14833426.0
1.042890570250977,0.0,1.0,1.0,0.7537180305825097,0.7738430842504986,0.24689415868107367,0.0,0.0,0.0,0.0,1.0,0.0,0.0,0.0,1.0,0.0,0.0,1.0,0.0,0.0,0.0,0.0,0.0,0.0,1.0,1.0,0.0,1.0,0.0,1580.4,6807889.0
0.8240548277131761,0.0,-2.0,1.0,0.6340739693454249,0.5366801827894702,3.235162978011902,0.0,0.0,0.0,0.0,1.0,0.0,1.0,0.0,0.0,0.0,0.0,0.0,0.0,1.0,0.0,0.0,1.0,0.0,0.0,1.0,0.0,1.0,0.0,3539.4,13616426.0
-0.756446651067216,-1.0,1.0,-1.0,-1.4810031909340362,-0.9081804724206733,-0.7744467017852968,-1.0,-1.0,0.0,0.0,0.0,1.0,0.0,1.0,0.0,0.0,1.0,0.0,0.0,0.0,0.0,0.0,0.0,0.0,1.0,1.0,0.0,1.0,0.0,2131.1,1109238.0
0.5054934612963382,0.0,-2.0,-1.0,0.4314654515131797,0.19143978889103416,2.511875011236763,0.0,0.0,1.0,0.0,0.0,0.0,0.0,1.0,0.0,0.0,0.0,1.0,0.0,0.0,0.0,0.0,0.0,0.0,1.0,1.0,0.0,1.0,0.0,2279.9,7242330.0
-0.3812046418263233,0.0,0.0,-1.0,-0.5052132633566132,-0.7695179249533373,-0.4436633645565523,0.0,0.0,0.0,0.0,0.0,1.0,0.0,0.0,1.0,0.0,0.0,0.0,0.0,0.0,1.0,0.0,0.0,1.0,0.0,1.0,0.0,1.0,0.0,3144.5,4120238.0
1.194450713259137,0.0,-1.0,-1.0,0.8293033467474842,0.9380961575593743,1.5806619801873392,0.0,0.0,0.0,0.0,0.0,1.0,0.0,1.0,0.0,0.0,0.0,0.0,1.0,0.0,0.0,0.0,0.0,0.0,1.0,1.0,0.0,1.0,0.0,1763.5,8159185.0
-0.6933045099832521,-1.0,-1.0,0.0,-1.2407667756243834,-0.771320074660488,-0.5623954981032342,-1.0,-1.0,0.0,1.0,0.0,0.0,0.0,1.0,0.0,0.0,0.0,0.0,1.0,0.0,0.0,0.0,0.0,1.0,0.0,1.0,0.0,1.0,0.0,3281.1,2143871.0
-0.43147129740708606,-1.0,-1.0,-1.0,-0.5942394480573863,-0.20379738688292473,-0.2651516513547041,-1.0,-1.0,0.0,1.0,0.0,0.0,0.0,0.0,0.0,1.0,0.0,0.0,0.0,0.0,1.0,0.0,0.0,0.0,1.0,1.0,0.0,1.0,0.0,2409.2,2901881.0
-0.6862728795239393,-1.0,-1.0,0.0,-1.2170995233882427,-0.7560790371371565,-0.5544129016019128,-1.0,-1.0,0.0,1.0,0.0,0.0,0.0,1.0,0.0,0.0,0.0,1.0,0.0,0.0,0.0,0.0,0.0,0.0,1.0,1.0,0.0,1.0,0.0,2088.8,1395736.0
1.2524141535318503,0.0,0.0,0.0,0.8568409840478944,1.0009139473514834,0.7927041944589271,0.0,2.0,0.0,0.0,0.0,1.0,0.0,0.0,1.0,0.0,0.0,0.0,1.0,0.0,0.0,0.0,1.0,0.0,0.0,1.0,0.0,0.0,1.0,4245.0,20608232.0
-0.46724709291967054,0.0,-2.0,0.0,-0.6624973954310766,-0.8627662998004764,0.30328473058736816,0.0,0.0,0.0,1.0,0.0,0.0,0.0,0.0,1.0,0.0,0.0,0.0,0.0,0.0,1.0,1.0,0.0,0.0,0.0,1.0,0.0,1.0,0.0,1558.2,1759519.0
-0.5845517929469894,-1.0,-1.0,0.0,-0.9233440490873284,-0.53559889296518,-0.4389349346469858,-1.0,-1.0,0.0,0.0,0.0,1.0,0.0,1.0,0.0,0.0,0.0,0.0,0.0,0.0,1.0,1.0,0.0,0.0,0.0,1.0,0.0,1.0,0.0,1331.5,1174782.0
0.5833640175315653,0.0,-1.0,0.0,0.48468946525190443,0.27583188517731855,0.8869311950522284,0.0,0.0,0.0,0.0,0.0,1.0,0.0,0.0,1.0,0.0,0.0,1.0,0.0,0.0,0.0,0.0,0.0,0.0,1.0,1.0,0.0,1.0,0.0,1975.0,6597488.0
0.15975579337458895,0.0,0.0,0.0,0.15623273807210455,-0.183252880221407,-0.03424965390769661,0.0,1.5,0.0,0.0,1.0,0.0,1.0,0.0,0.0,0.0,0.0,0.0,0.0,0.0,1.0,0.0,1.0,0.0,0.0,0.0,1.0,1.0,0.0,4130.3,10114692.0
-0.16331911962086187,1.0,0.0,0.0,-0.18783506039589637,-0.8369869773229496,-0.2787616188130382,0.0,1.0,1.0,0.0,0.0,0.0,1.0,0.0,0.0,0.0,0.0,1.0,0.0,0.0,0.0,0.0,0.0,0.0,1.0,1.0,0.0,1.0,0.0,2116.6,3744054.0
0.24950410376406054,0.0,-1.0,0.0,0.23483761590480437,-0.08598828602690352,0.5079196706280004,0.0,0.0,0.0,0.0,1.0,0.0,1.0,0.0,0.0,0.0,0.0,1.0,0.0,0.0,0.0,0.0,0.0,0.0,1.0,1.0,0.0,1.0,0.0,1640.1,4326256.0
-0.2250359302063164,-1.0,-1.0,1.0,-0.26850328680802993,0.24365064040677084,-0.030797720285503625,-1.0,-1.0,0.0,1.0,0.0,0.0,1.0,0.0,0.0,0.0,0.0,0.0,1.0,0.0,0.0,0.0,0.0,0.0,1.0,1.0,0.0,1.0,0.0,1736.9,2846779.0
-0.5856445463291798,-1.0,2.0,-1.0,-0.926103231604688,-0.5379674325802923,-0.7249599971233885,-1.0,1.0,1.0,0.0,0.0,0.0,0.0,1.0,0.0,0.0,0.0,0.0,1.0,0.0,0.0,0.0,1.0,0.0,0.0,1.0,0.0,0.0,1.0,5655.8,5427104.0
-0.5717713294770222,0.0,-2.0,-1.0,-0.8915966428015965,-0.9760442813928043,0.06596429406159553,0.0,0.0,1.0,0.0,0.0,0.0,0.0,0.0,0.0,1.0,0.0,1.0,0.0,0.0,0.0,0.0,0.0,0.0,1.0,1.0,0.0,1.0,0.0,2592.2,2356828.0
-0.030383295126557384,-1.0,-1.0,0.0,-0.03251296399786757,0.6655596318465595,0.19017996799769865,-1.0,-1.0,0.0,1.0,0.0,0.0,1.0,0.0,0.0,0.0,1.0,0.0,0.0,0.0,0.0,0.0,0.0,1.0,0.0,1.0,0.0,1.0,0.0,2709.6,5551158.0
-0.2228029124253184,-1.0,0.0,0.0,-0.2654747892659419,0.24849069962026127,-0.3237805864691393,-1.0,-1.0,0.0,1.0,0.0,0.0,0.0,1.0,0.0,0.0,0.0,1.0,0.0,0.0,0.0,1.0,0.0,0.0,0.0,1.0,0.0,1.0,0.0,1479.0,2431032.0
-0.12298226651304756,0.0,0.0,0.0,-0.13825125620801532,-0.4896698204286543,-0.2482335808417684,0.0,0.0,0.0,0.0,0.0,1.0,1.0,0.0,0.0,0.0,0.0,1.0,0.0,0.0,0.0,0.0,0.0,0.0,1.0,1.0,0.0,1.0,0.0,1771.8,3284563.0
1.064127994678766,1.0,-2.0,0.0,0.7646403020568655,0.04984231190062417,3.7802448715413233,0.0,1.0,1.0,0.0,0.0,0.0,0.0,0.0,1.0,0.0,0.0,1.0,0.0,0.0,0.0,0.0,0.0,1.0,0.0,1.0,0.0,1.0,0.0,3351.8,14588374.0
-0.5411267237590714,-1.0,-2.0,-1.0,-0.8191420730166562,-0.441475188260282,0.13554233113392433,-1.0,-1.0,1.0,0.0,0.0,0.0,0.0,1.0,0.0,0.0,0.0,1.0,0.0,0.0,0.0,0.0,0.0,0.0,1.0,1.0,0.0,1.0,0.0,2538.7,2471932.0
-0.02425437398296717,-1.0,0.0,0.0,-0.025873528947936847,0.6788440496878417,-0.17351360097804785,-1.0,-1.0,0.0,1.0,0.0,0.0,0.0,1.0,0.0,0.0,0.0,1.0,0.0,0.0,0.0,0.0,0.0,0.0,1.0,1.0,0.0,1.0,0.0,1998.0,4119077.0
-0.10635341069710523,0.0,-1.0,-1.0,-0.11846789681829246,-0.47164832335714757,0.10393556390571908,0.0,0.0,1.0,0.0,0.0,0.0,1.0,0.0,0.0,0.0,0.0,1.0,0.0,0.0,0.0,0.0,0.0,0.0,1.0,1.0,0.0,1.0,0.0,2340.5,4420736.0
-0.3916570654820585,0.0,1.0,-1.0,-0.5231186731369794,-0.7808457231125701,-0.5673846209165602,0.0,0.0,0.0,0.0,0.0,1.0,0.0,1.0,0.0,0.0,0.0,0.0,0.0,0.0,1.0,0.0,0.0,1.0,0.0,1.0,0.0,1.0,0.0,3053.1,3933309.0
-0.5662125405328358,0.0,0.0,-1.0,-0.8780800455751189,-0.9700199523717578,-0.5836824221067581,0.0,0.0,0.0,1.0,0.0,0.0,0.0,1.0,0.0,0.0,0.0,1.0,0.0,0.0,0.0,0.0,0.0,1.0,0.0,1.0,0.0,1.0,0.0,3315.6,3053336.0
-0.46738962596952144,-1.0,1.0,-1.0,-0.6627783385397675,-0.2816502542318337,-0.6103719818054331,-1.0,-1.0,0.0,0.0,0.0,1.0,0.0,0.0,1.0,0.0,0.0,0.0,0.0,1.0,0.0,0.0,0.0,0.0,1.0,1.0,0.0,1.0,0.0,2150.0,2427135.0
-0.12231711228040983,-1.0,2.0,-1.0,-0.13745278017740017,0.46629336422732826,-0.5145646428507217,-1.0,-1.0,0.0,0.0,0.0,1.0,0.0,1.0,0.0,0.0,0.0,1.0,0.0,0.0,0.0,0.0,0.0,1.0,0.0,1.0,0.0,1.0,0.0,2898.2,5376741.0
-0.7554489197182596,-1.0,-1.0,1.0,-1.4767502748536963,-0.9060178927720925,-0.6329443915068049,-1.0,-1.0,0.0,0.0,0.0,1.0,1.0,0.0,0.0,0.0,0.0,1.0,0.0,0.0,0.0,1.0,0.0,0.0,0.0,1.0,0.0,1.0,0.0,1260.5,658737.0
1.0895938995854666,0.0,1.0,0.0,0.7775903403992269,0.8244577460256162,0.27340393017025943,0.0,0.0,0.0,0.0,0.0,1.0,1.0,0.0,0.0,0.0,0.0,1.0,0.0,0.0,0.0,0.0,0.0,1.0,0.0,1.0,0.0,1.0,0.0,2427.8,10696887.0
-0.6446057179508496,-1.0,1.0,-1.0,-1.0867760138045002,-0.6657655918130915,-0.7109634850146526,-1.0,-1.0,1.0,0.0,0.0,0.0,1.0,0.0,0.0,0.0,0.0,0.0,1.0,0.0,0.0,0.0,1.0,0.0,0.0,1.0,0.0,1.0,0.0,5382.7,4068783.0
0.6051240631421413,0.0,-1.0,-1.0,0.49909599388430004,0.29941430134517605,0.9116340950360475,0.0,0.0,1.0,0.0,0.0,0.0,0.0,1.0,0.0,0.0,0.0,1.0,0.0,0.0,0.0,0.0,0.0,1.0,0.0,1.0,0.0,1.0,0.0,3341.2,11314306.0
-0.33469135655830173,-1.0,-1.0,-1.0,-0.4290147815972379,0.005972839029413611,-0.1552830765358407,-1.0,-1.0,0.0,0.0,0.0,1.0,0.0,1.0,0.0,0.0,0.0,1.0,0.0,0.0,0.0,0.0,0.0,0.0,1.0,1.0,0.0,1.0,0.0,2051.1,2888359.0
0.029955695977004752,0.0,-1.0,-1.0,0.03110630465785658,-0.32392353736242535,0.2586792758130921,0.0,0.0,0.0,1.0,0.0,0.0,1.0,0.0,0.0,0.0,1.0,0.0,0.0,0.0,0.0,0.0,0.0,0.0,1.0,1.0,0.0,1.0,0.0,1865.1,4057898.0
-0.21349075316839075,-1.0,1.0,-1.0,-0.25293791803923305,0.2686747763403487,-0.466253753078873,-1.0,-1.0,0.0,1.0,0.0,0.0,1.0,0.0,0.0,0.0,0.0,0.0,1.0,0.0,0.0,0.0,0.0,0.0,1.0,1.0,0.0,1.0,0.0,2151.6,3578756.0
0.8490456224537065,1.0,1.0,-1.0,0.6484415202618982,-0.10555448284739677,0.13686377447367,0.0,2.5,0.0,0.0,1.0,0.0,0.0,1.0,0.0,0.0,0.0,1.0,0.0,0.0,0.0,0.0,0.0,0.0,1.0,0.0,1.0,1.0,0.0,2149.7,8383185.0
-0.04568184247722423,-1.0,-1.0,-1.0,-0.04926988408131326,0.6324000772349874,0.17281242696103993,-1.0,-1.0,0.0,1.0,0.0,0.0,0.0,0.0,1.0,0.0,1.0,0.0,0.0,0.0,0.0,1.0,0.0,0.0,0.0,1.0,0.0,1.0,0.0,1678.1,3383889.0
0.672542195721633,1.0,-2.0,-1.0,0.5425251849794582,-0.23307802879148715,2.8911562179752246,0.0,1.0,0.0,1.0,0.0,0.0,0.0,0.0,1.0,0.0,0.0,0.0,1.0,0.0,0.0,0.0,0.0,0.0,1.0,1.0,0.0,1.0,0.0,2270.2,8009720.0
-0.5456877813543014,-1.0,-1.0,0.0,-0.8296167974238681,-0.4513612666537942,-0.39481490803833075,-1.0,-1.0,0.0,0.0,0.0,1.0,0.0,1.0,0.0,0.0,0.0,0.0,1.0,0.0,0.0,0.0,0.0,1.0,0.0,1.0,0.0,1.0,0.0,2828.5,2726957.0
0.09713627347341178,-1.0,0.0,-1.0,0.09771135268129894,0.9419579069318399,-0.0816418259290555,-1.0,-1.0,0.0,0.0,1.0,0.0,0.0,0.0,0.0,1.0,0.0,1.0,0.0,0.0,0.0,0.0,0.0,1.0,0.0,1.0,0.0,1.0,0.0,3023.5,7005752.0
0.18313121355014206,0.0,1.0,-1.0,0.17727472461793695,-0.15791980433803193,-0.24112295715646964,0.0,1.5,0.0,1.0,0.0,0.0,1.0,0.0,0.0,0.0,0.0,1.0,0.0,0.0,0.0,0.0,0.0,0.0,1.0,0.0,1.0,1.0,0.0,2309.2,5768613.0
1.0917318953332305,0.0,0.0,-1.0,0.7786703872972313,0.8267747956490956,0.6710954495604179,0.0,0.0,0.0,0.0,0.0,1.0,0.0,0.0,1.0,0.0,0.0,1.0,0.0,0.0,0.0,0.0,0.0,0.0,1.0,1.0,0.0,1.0,0.0,2003.3,8835555.0
0.20194557613046532,0.0,1.0,0.0,0.19391222163439106,-0.13752976765141295,-0.23044353751280988,0.0,0.0,1.0,0.0,0.0,0.0,1.0,0.0,0.0,0.0,0.0,0.0,0.0,0.0,1.0,0.0,0.0,0.0,1.0,1.0,0.0,1.0,0.0,2056.5,5218780.0
0.45023814897079284,1.0,-1.0,-1.0,0.3920063870949741,-0.3936924760249727,0.7358012261555887,0.0,1.0,0.0,0.0,0.0,1.0,1.0,0.0,0.0,0.0,0.0,1.0,0.0,0.0,0.0,0.0,0.0,0.0,1.0,1.0,0.0,1.0,0.0,1965.8,6015938.0
-0.6690738915085933,-1.0,-1.0,1.0,-1.1613479098059725,-0.7188002831949541,-0.5348879020513834,-1.0,-1.0,0.0,1.0,0.0,0.0,1.0,0.0,0.0,0.0,0.0,0.0,0.0,1.0,0.0,1.0,0.0,0.0,0.0,1.0,0.0,1.0,0.0,1450.3,1021591.0
0.6991483650271407,0.0,0.0,-1.0,0.5591855111261136,0.4013129947866382,0.3739774545585301,0.0,0.0,1.0,0.0,0.0,0.0,1.0,0.0,0.0,0.0,0.0,0.0,1.0,0.0,0.0,0.0,0.0,0.0,1.0,1.0,0.0,1.0,0.0,2131.3,7639005.0
-0.020928602819778704,-1.0,0.0,-1.0,-0.022288093534029656,0.6860526485164444,-0.17099656604519872,-1.0,-1.0,0.0,0.0,1.0,0.0,0.0,1.0,0.0,0.0,0.0,1.0,0.0,0.0,0.0,1.0,0.0,0.0,0.0,1.0,0.0,1.0,0.0,1473.4,3047875.0
-0.02482450618237082,-1.0,-1.0,-1.0,-0.02648939658532071,0.6776082898886528,0.19649053415077047,-1.0,-1.0,0.0,0.0,1.0,0.0,0.0,0.0,0.0,1.0,0.0,0.0,0.0,1.0,0.0,0.0,1.0,0.0,0.0,1.0,0.0,1.0,0.0,4900.7,10097402.0
1.0616099107980665,1.0,0.0,0.0,0.7633511427731613,0.04802299886292946,0.6482983045971847,0.0,1.0,0.0,1.0,0.0,0.0,0.0,0.0,1.0,0.0,0.0,0.0,1.0,0.0,0.0,0.0,0.0,0.0,1.0,1.0,0.0,1.0,0.0,2035.5,8848522.0
0.3737929232340751,0.0,-1.0,0.0,0.33486955097158544,0.04870953208470099,0.6490174574351414,0.0,0.0,0.0,0.0,0.0,1.0,0.0,1.0,0.0,0.0,0.0,1.0,0.0,0.0,0.0,0.0,0.0,1.0,0.0,1.0,0.0,1.0,0.0,2478.4,7185873.0
0.34647408867931273,0.0,0.0,0.0,0.3136788347729872,0.019102786895797082,0.10706387875083163,0.0,1.5,1.0,0.0,0.0,0.0,0.0,1.0,0.0,0.0,0.0,1.0,0.0,0.0,0.0,0.0,0.0,1.0,0.0,0.0,1.0,1.0,0.0,3551.8,10093860.0
2.4062667030917795,1.0,-1.0,-1.0,1.2938848128581533,1.0195361609920404,2.956365401556966,0.0,1.0,1.0,0.0,0.0,0.0,1.0,0.0,0.0,0.0,0.0,1.0,0.0,0.0,0.0,0.0,0.0,0.0,1.0,1.0,0.0,1.0,0.0,2288.0,16421662.0
-0.22118753786034123,0.0,-1.0,-1.0,-0.2632893512168695,-0.5960996331338098,-0.026428866794915587,0.0,1.5,0.0,0.0,0.0,1.0,0.0,1.0,0.0,0.0,0.0,0.0,0.0,1.0,0.0,0.0,1.0,0.0,0.0,0.0,1.0,1.0,0.0,4993.5,8224794.0
-0.13842334691356542,-1.0,1.0,0.0,-0.15695868113594744,0.431383149900238,-0.42364394742992745,-1.0,-1.0,0.0,1.0,0.0,0.0,1.0,0.0,0.0,0.0,0.0,0.0,1.0,0.0,0.0,0.0,0.0,1.0,0.0,1.0,0.0,1.0,0.0,2966.3,5402522.0
-0.31834756684206134,0.0,0.0,1.0,-0.4034917093959484,-0.701396666023042,-0.3960914043257043,0.0,0.0,0.0,0.0,0.0,1.0,1.0,0.0,0.0,0.0,0.0,1.0,0.0,0.0,0.0,0.0,0.0,1.0,0.0,1.0,0.0,1.0,0.0,2419.8,3490803.0
-0.7490349324749674,-1.0,0.0,-1.0,-1.4498107809197458,-0.8921155950312158,-0.722047428129663,-1.0,-1.0,0.0,0.0,0.0,1.0,0.0,0.0,1.0,0.0,0.0,1.0,0.0,0.0,0.0,0.0,1.0,0.0,0.0,1.0,0.0,1.0,0.0,5198.7,2787023.0
-0.06563646945635501,-1.0,1.0,0.0,-0.07153324767250671,0.5891484842633712,-0.3823286168893043,-1.0,-1.0,1.0,0.0,0.0,0.0,1.0,0.0,0.0,0.0,0.0,0.0,0.0,0.0,1.0,0.0,0.0,1.0,0.0,1.0,0.0,1.0,0.0,3148.0,6215726.0
1.0028387832428645,1.0,-1.0,0.0,0.7328077601060983,0.005560919096350507,1.3631362255263297,0.0,1.0,0.0,0.0,0.0,1.0,0.0,1.0,0.0,0.0,0.0,0.0,0.0,0.0,1.0,0.0,0.0,0.0,1.0,1.0,0.0,1.0,0.0,1874.9,7918453.0
0.20987991590550079,1.0,-1.0,1.0,0.20085087740514215,-0.5673510544721204,0.462936660613797,0.0,1.0,0.0,1.0,0.0,0.0,0.0,1.0,0.0,0.0,0.0,0.0,0.0,1.0,0.0,0.0,0.0,0.0,1.0,1.0,0.0,1.0,0.0,1912.3,4884779.0
0.9082443491584613,1.0,0.0,-1.0,0.6817170161126044,-0.06278346313102061,0.5322270365509431,0.0,3.0,1.0,0.0,0.0,0.0,1.0,0.0,0.0,0.0,0.0,1.0,0.0,0.0,0.0,0.0,0.0,1.0,0.0,1.0,0.0,0.0,1.0,3289.8,13689142.0
-0.04074069674905847,-1.0,-1.0,0.0,-0.043828647519024905,0.6431099954946258,0.1784218190971037,-1.0,-1.0,0.0,0.0,0.0,1.0,1.0,0.0,0.0,0.0,0.0,1.0,0.0,0.0,0.0,0.0,1.0,0.0,0.0,1.0,0.0,1.0,0.0,3790.8,7683573.0
0.4435866066444159,0.0,1.0,0.0,0.3871556036141337,0.12434832979339641,-0.09328311249348258,0.0,0.0,0.0,1.0,0.0,0.0,1.0,0.0,0.0,0.0,0.0,0.0,0.0,0.0,1.0,0.0,0.0,0.0,1.0,1.0,0.0,1.0,0.0,1784.3,5435513.0
-0.6492617975793136,-1.0,2.0,-1.0,-1.1005674396179654,-0.6758576301731352,-0.7538483666241166,-1.0,-1.0,0.0,0.0,1.0,0.0,0.0,0.0,1.0,0.0,0.0,0.0,0.0,1.0,0.0,0.0,0.0,0.0,1.0,1.0,0.0,1.0,0.0,2187.9,1632392.0
-0.6800014253304982,-1.0,1.0,0.0,-1.1964283876958617,-0.7424856793460772,-0.7310548174250732,-1.0,-1.0,0.0,1.0,0.0,0.0,0.0,1.0,0.0,0.0,0.0,0.0,0.0,0.0,1.0,0.0,0.0,1.0,0.0,1.0,0.0,1.0,0.0,3166.2,2157449.0
0.1322469147533586,-1.0,-1.0,0.0,0.13092180054627883,1.0180601145652313,0.3748044803221805,-1.0,-1.0,0.0,0.0,0.0,1.0,0.0,1.0,0.0,0.0,0.0,1.0,0.0,0.0,0.0,0.0,0.0,1.0,0.0,1.0,0.0,1.0,0.0,2833.5,6774898.0
0.34333836158259223,0.0,1.0,-1.0,0.3112191369906223,0.01570444744802729,-0.15018608079682122,0.0,0.0,0.0,1.0,0.0,0.0,0.0,0.0,1.0,0.0,0.0,1.0,0.0,0.0,0.0,0.0,0.0,0.0,1.0,1.0,0.0,1.0,0.0,2151.5,6100148.0
0.08853677946573879,-1.0,0.0,-1.0,0.08941585879675781,0.9233185299607388,-0.0881501591125653,-1.0,-1.0,0.0,0.0,0.0,1.0,0.0,1.0,0.0,0.0,0.0,0.0,0.0,1.0,0.0,0.0,0.0,0.0,1.0,1.0,0.0,1.0,0.0,1880.1,4322350.0
0.1678326661994752,0.0,1.0,0.0,0.1635507462547698,-0.17449958164381804,-0.24980672767479897,0.0,0.0,0.0,0.0,0.0,1.0,0.0,1.0,0.0,0.0,0.0,0.0,1.0,0.0,0.0,0.0,0.0,1.0,0.0,1.0,0.0,1.0,0.0,2660.6,6560774.0
-0.4280980152272807,-1.0,-1.0,-1.0,-0.5880248918346475,-0.19648580807105637,-0.2613221624925837,-1.0,-1.0,0.0,0.0,1.0,0.0,1.0,0.0,0.0,0.0,0.0,1.0,0.0,0.0,0.0,0.0,0.0,0.0,1.0,1.0,0.0,1.0,0.0,1754.7,2125995.0
-0.1723462127780877,-1.0,2.0,-1.0,-0.19925703638873293,0.3578554418484907,-0.5372826810017798,-1.0,-1.0,0.0,1.0,0.0,0.0,0.0,1.0,0.0,0.0,0.0,0.0,0.0,1.0,0.0,0.0,1.0,0.0,0.0,1.0,0.0,1.0,0.0,5219.9,9134303.0
0.24461046905251171,0.0,0.0,0.0,0.23069881528388936,-0.09129175516508987,0.029970694521853344,0.0,0.0,0.0,0.0,1.0,0.0,0.0,1.0,0.0,0.0,0.0,0.0,0.0,0.0,1.0,1.0,0.0,0.0,0.0,1.0,0.0,1.0,0.0,1257.6,3304344.0
0.11870627501751986,-1.0,-1.0,0.0,0.11823714567567127,0.9887108193344918,0.359432588410852,-1.0,-1.0,1.0,0.0,0.0,0.0,0.0,1.0,0.0,0.0,0.0,1.0,0.0,0.0,0.0,0.0,1.0,0.0,0.0,1.0,0.0,1.0,0.0,5046.9,11923301.0
1.7952275183808246,1.0,0.0,-1.0,1.0849480569967602,0.5780609727317585,1.203520253141799,0.0,1.0,0.0,0.0,0.0,1.0,1.0,0.0,0.0,0.0,0.0,0.0,1.0,0.0,0.0,0.0,0.0,0.0,1.0,1.0,0.0,1.0,0.0,1965.1,11576797.0
-0.6981981446948009,-1.0,1.0,0.0,-1.2575559431001622,-0.7819270129368605,-0.741383650060229,-1.0,-1.0,0.0,0.0,0.0,1.0,0.0,0.0,0.0,1.0,0.0,1.0,0.0,0.0,0.0,0.0,0.0,1.0,0.0,1.0,0.0,1.0,0.0,3487.9,2243068.0
0.08416576593697689,0.0,1.0,0.0,0.08517430658410524,-0.26517345690931327,-0.29729778321137684,0.0,0.0,1.0,0.0,0.0,0.0,1.0,0.0,0.0,0.0,0.0,0.0,0.0,0.0,1.0,0.0,0.0,1.0,0.0,1.0,0.0,1.0,0.0,3072.2,7034724.0
0.21106769132092523,0.0,0.0,1.0,0.2018856943968064,-0.12764368925790054,0.004584599341975275,0.0,0.0,1.0,0.0,0.0,0.0,0.0,1.0,0.0,0.0,0.0,0.0,0.0,0.0,1.0,1.0,0.0,0.0,0.0,1.0,0.0,1.0,0.0,1376.8,3520340.0
0.9882053901248355,0.0,2.0,0.0,0.7250637035728061,0.7145781038810582,-0.010280289818593543,0.0,1.5,0.0,0.0,0.0,1.0,1.0,0.0,0.0,0.0,0.0,1.0,0.0,0.0,0.0,0.0,0.0,1.0,0.0,0.0,1.0,1.0,0.0,2783.3,11669264.0
-0.75198061550522,-1.0,1.0,0.0,-1.462097900849227,-0.8985003539936925,-0.7719116880314988,-1.0,-1.0,0.0,0.0,0.0,1.0,0.0,1.0,0.0,0.0,0.0,1.0,0.0,0.0,0.0,0.0,0.0,0.0,1.0,1.0,0.0,1.0,0.0,1954.9,1035902.0
0.6741575702866103,0.0,-2.0,0.0,0.5435442181447373,0.37422925918774524,2.894823897448805,0.0,0.0,1.0,0.0,0.0,0.0,0.0,0.0,1.0,0.0,0.0,0.0,0.0,1.0,0.0,0.0,0.0,0.0,1.0,1.0,0.0,1.0,0.0,2182.1,7706304.0
-0.4258649974462827,-1.0,0.0,-1.0,-0.5839310149289357,-0.19164574885756594,-0.477463547940526,-1.0,-1.0,0.0,0.0,0.0,1.0,1.0,0.0,0.0,0.0,0.0,1.0,0.0,0.0,0.0,0.0,0.0,0.0,1.0,1.0,0.0,1.0,0.0,2007.2,2441357.0
-0.4721407276312192,-1.0,0.0,0.0,-0.6721860443776038,-0.29194825255840895,-0.5124862911490263,-1.0,-1.0,0.0,1.0,0.0,0.0,0.0,1.0,0.0,0.0,0.0,0.0,0.0,0.0,1.0,0.0,0.0,0.0,1.0,1.0,0.0,1.0,0.0,2102.7,2352711.0
0.06606406860590808,-1.0,-2.0,-1.0,0.06742548985803717,0.8746089978760375,1.5141583214972758,-1.0,-1.0,0.0,0.0,0.0,1.0,0.0,1.0,0.0,0.0,0.0,0.0,0.0,0.0,1.0,0.0,0.0,1.0,0.0,1.0,0.0,1.0,0.0,2973.3,6694980.0
1.2992125048995735,1.0,-1.0,1.0,0.8785629955390502,0.21969063096693905,1.6995918807644592,0.0,2.5,0.0,0.0,0.0,1.0,1.0,0.0,0.0,0.0,0.0,0.0,0.0,1.0,0.0,0.0,0.0,0.0,1.0,0.0,1.0,1.0,0.0,1853.3,8983316.0
-0.21800429974700367,-1.0,1.0,-1.0,-0.25899591757376633,0.2588916779301022,-0.4688157350640944,-1.0,-1.0,0.0,0.0,0.0,1.0,0.0,0.0,0.0,1.0,0.0,0.0,0.0,0.0,1.0,0.0,0.0,0.0,1.0,1.0,0.0,1.0,0.0,2312.8,3824909.0
2.293047950493521,1.0,1.0,0.0,1.258156898412303,0.9377357276179442,0.9565092321245572,0.0,1.0,0.0,1.0,0.0,0.0,0.0,0.0,1.0,0.0,0.0,0.0,0.0,1.0,0.0,1.0,0.0,0.0,0.0,1.0,0.0,1.0,0.0,1490.6,10343273.0
-0.10549821239799965,-1.0,0.0,-1.0,-0.11746039764203793,0.5027482783034046,-0.23500116862336168,-1.0,-1.0,0.0,0.0,0.0,1.0,1.0,0.0,0.0,0.0,0.0,0.0,0.0,0.0,1.0,1.0,0.0,0.0,0.0,1.0,0.0,1.0,0.0,1459.0,2758385.0
-0.37189248256939555,0.0,1.0,-1.0,-0.48951241456618916,-0.7594258865932935,-0.5561658366444328,0.0,1.5,0.0,0.0,1.0,0.0,1.0,0.0,0.0,0.0,0.0,0.0,0.0,1.0,0.0,0.0,0.0,1.0,0.0,0.0,1.0,1.0,0.0,2943.6,3914694.0
-0.4167428822558229,-1.0,-2.0,-1.0,-0.5673696658370768,-0.17187359207054137,0.41795365059959366,-1.0,-1.0,0.0,0.0,0.0,1.0,1.0,0.0,0.0,0.0,0.0,0.0,0.0,1.0,0.0,1.0,0.0,0.0,0.0,1.0,0.0,1.0,0.0,1507.5,1862516.0
1.9841313204499296,1.0,1.0,0.0,1.1540526392012445,0.7145437772199696,0.7811617914097194,0.0,1.0,0.0,1.0,0.0,0.0,0.0,0.0,0.0,1.0,0.0,1.0,0.0,0.0,0.0,0.0,0.0,0.0,1.0,1.0,0.0,1.0,0.0,2127.4,13378793.0
-0.390564312099868,-1.0,-1.0,1.0,-0.5212325000011011,-0.11513162129111172,-0.21871235684363818,-1.0,-1.0,1.0,0.0,0.0,0.0,0.0,1.0,0.0,0.0,0.0,1.0,0.0,0.0,0.0,0.0,0.0,0.0,1.0,1.0,0.0,1.0,0.0,2015.6,2601333.0
2.169186730173059,1.0,-2.0,1.0,1.2176373983081803,0.848246122160005,6.2892612502472085,0.0,3.0,0.0,0.0,0.0,1.0,0.0,0.0,0.0,1.0,0.0,1.0,0.0,0.0,0.0,0.0,0.0,0.0,1.0,1.0,0.0,0.0,1.0,1883.1,13025907.0
-0.448955351522134,-1.0,-1.0,-1.0,-0.6270482281722795,-0.24169402072472168,-0.2850002696823141,-1.0,-1.0,1.0,0.0,0.0,0.0,1.0,0.0,0.0,0.0,0.0,0.0,1.0,0.0,0.0,0.0,0.0,0.0,1.0,1.0,0.0,1.0,0.0,2417.7,2823148.0
-0.6055991733083107,-1.0,0.0,1.0,-0.977796258862995,-0.5812190255519084,-0.6134913072400712,-1.0,-1.0,0.0,0.0,1.0,0.0,0.0,0.0,1.0,0.0,0.0,0.0,1.0,0.0,0.0,0.0,1.0,0.0,0.0,1.0,0.0,1.0,0.0,3852.3,3228227.0
-0.31958285327410274,-1.0,-1.0,1.0,-0.405399420677983,0.03872047370792293,-0.13813128135056896,-1.0,-1.0,0.0,0.0,1.0,0.0,0.0,0.0,1.0,0.0,0.0,0.0,0.0,0.0,1.0,0.0,0.0,0.0,1.0,1.0,0.0,1.0,0.0,1727.9,2488176.0
1.2285636231901274,0.0,-1.0,0.0,0.8455965515039356,0.9750659715517795,1.6193883605113175,0.0,1.5,0.0,0.0,0.0,1.0,0.0,0.0,1.0,0.0,0.0,1.0,0.0,0.0,0.0,0.0,0.0,1.0,0.0,0.0,1.0,1.0,0.0,3310.0,15552035.0
1.3939969830504448,1.0,-1.0,-1.0,0.9212377694972919,0.2881723198386646,1.8071951241437585,0.0,1.0,0.0,0.0,0.0,1.0,0.0,0.0,0.0,1.0,1.0,0.0,0.0,0.0,0.0,0.0,0.0,1.0,0.0,1.0,0.0,1.0,0.0,3378.7,17051285.0
0.7973536363744345,0.0,-1.0,0.0,0.6185044368504372,0.5077428074917938,1.1298610237140647,0.0,0.0,0.0,0.0,0.0,1.0,0.0,0.0,0.0,1.0,0.0,1.0,0.0,0.0,0.0,0.0,0.0,0.0,1.0,1.0,0.0,1.0,0.0,1812.9,6872523.0
0.5505339050492335,0.0,1.0,-1.0,0.46257578593877374,0.24025230095900105,-0.03257762355944689,0.0,0.0,0.0,0.0,0.0,1.0,1.0,0.0,0.0,0.0,0.0,1.0,0.0,0.0,0.0,0.0,0.0,0.0,1.0,1.0,0.0,1.0,0.0,1854.5,6066811.0
-0.2724519247900605,-1.0,0.0,0.0,-0.3349454121843692,0.14087661710754967,-0.36135632225238656,-1.0,-1.0,0.0,0.0,1.0,0.0,0.0,0.0,1.0,0.0,0.0,0.0,0.0,1.0,0.0,0.0,0.0,0.0,1.0,1.0,0.0,1.0,0.0,1902.6,2928482.0
-0.7437136986138659,-1.0,1.0,-1.0,-1.4279699879599999,-0.8805818369054517,-0.76721921576383,-1.0,-1.0,0.0,0.0,0.0,1.0,0.0,0.0,1.0,0.0,0.0,0.0,0.0,0.0,1.0,1.0,0.0,0.0,0.0,1.0,0.0,1.0,0.0,1683.8,921544.0
0.13044149612191336,-1.0,-1.0,-1.0,0.12923927215143943,1.0141468752011324,0.37275489473400325,-1.0,-1.0,0.0,1.0,0.0,0.0,0.0,1.0,0.0,0.0,0.0,0.0,0.0,0.0,1.0,0.0,0.0,1.0,0.0,1.0,0.0,1.0,0.0,3163.0,7550714.0
-0.1369029943818221,-1.0,0.0,0.0,-0.15510197209385554,0.4346785093647421,-0.25876916991783677,-1.0,-1.0,0.0,0.0,1.0,0.0,0.0,1.0,0.0,0.0,0.0,1.0,0.0,0.0,0.0,0.0,0.0,1.0,0.0,1.0,0.0,1.0,0.0,2691.6,4910824.0
-0.6257913553705263,-1.0,-1.0,-1.0,-1.032808703825988,-0.6249855184398534,-0.48575178439797906,-1.0,-1.0,0.0,1.0,0.0,0.0,0.0,0.0,0.0,1.0,0.0,0.0,0.0,1.0,0.0,1.0,0.0,0.0,0.0,1.0,0.0,1.0,0.0,1867.3,1485437.0
-0.7603425544298082,-1.0,0.0,0.0,-1.497775440060475,-0.9166248310484651,-0.7306053469013502,-1.0,-1.0,0.0,0.0,0.0,1.0,0.0,0.0,1.0,0.0,0.0,0.0,0.0,0.0,1.0,0.0,0.0,1.0,0.0,1.0,0.0,1.0,0.0,3393.4,1738439.0
0.12740079105842692,-1.0,0.0,-1.0,0.12639947945936653,1.0075561562721247,-0.05873680804012865,-1.0,-1.0,0.0,1.0,0.0,0.0,0.0,1.0,0.0,0.0,0.0,1.0,0.0,0.0,0.0,0.0,0.0,0.0,1.0,1.0,0.0,1.0,0.0,2112.7,5029916.0
-0.20821703032390612,0.0,-1.0,-1.0,-0.24590327761971462,-0.5820428654180344,-0.011704212437748234,0.0,0.0,0.0,0.0,0.0,1.0,1.0,0.0,0.0,0.0,0.0,0.0,0.0,0.0,1.0,1.0,0.0,0.0,0.0,1.0,0.0,1.0,0.0,1392.9,2332272.0
-0.21510612773336796,0.0,1.0,0.0,-0.2551020616571781,-0.5895089142048014,-0.467170672947268,0.0,0.0,1.0,0.0,0.0,0.0,0.0,1.0,0.0,0.0,0.0,0.0,0.0,1.0,0.0,0.0,0.0,1.0,0.0,1.0,0.0,1.0,0.0,3056.5,5073484.0
0.10573576748108476,-1.0,-2.0,0.0,0.10594232560281856,0.9605972839029411,1.6042322144513759,-1.0,-1.0,0.0,0.0,0.0,1.0,0.0,1.0,0.0,0.0,0.0,1.0,0.0,0.0,0.0,0.0,0.0,0.0,1.0,1.0,0.0,1.0,0.0,1791.8,4184211.0
-0.5302467009537835,-1.0,0.0,-1.0,-0.7945663215528727,-0.4178927720924246,-0.55646248719009,-1.0,-1.0,0.0,0.0,0.0,1.0,1.0,0.0,0.0,0.0,0.0,0.0,0.0,0.0,1.0,0.0,0.0,0.0,1.0,1.0,0.0,1.0,0.0,1967.9,1961209.0
0.13053651815514744,1.0,0.0,-1.0,0.12932789299982508,-0.624676578490056,-0.05636360367487087,0.0,3.0,0.0,0.0,1.0,0.0,0.0,0.0,1.0,0.0,0.0,0.0,0.0,1.0,0.0,0.0,0.0,0.0,1.0,1.0,0.0,0.0,1.0,1973.0,5160340.0
0.44738748797377415,0.0,0.0,-1.0,0.3899302018944284,0.1284675291240265,0.18343791014185296,0.0,0.0,0.0,0.0,1.0,0.0,0.0,1.0,0.0,0.0,0.0,0.0,0.0,1.0,0.0,1.0,0.0,0.0,0.0,1.0,0.0,1.0,0.0,1347.4,4115364.0
-0.16365169673718072,-1.0,0.0,1.0,-0.1882536900542393,0.3767007787861234,-0.2790133223063231,-1.0,-1.0,0.0,0.0,0.0,1.0,0.0,1.0,0.0,0.0,0.0,1.0,0.0,0.0,0.0,0.0,0.0,1.0,0.0,1.0,0.0,1.0,0.0,2524.8,4464351.0
-0.3228136024040572,0.0,-2.0,0.0,-0.4104051394230004,-0.7062367252365322,0.6312184246957084,0.0,0.0,0.0,0.0,0.0,1.0,0.0,0.0,0.0,1.0,0.0,0.0,1.0,0.0,0.0,0.0,0.0,0.0,1.0,1.0,0.0,1.0,0.0,2014.8,2887611.0
-0.2797211103324581,-1.0,-1.0,-1.0,-0.34551055012175713,0.12512067966788956,-0.09287858902213182,-1.0,-1.0,1.0,0.0,0.0,0.0,0.0,1.0,0.0,0.0,0.0,0.0,0.0,1.0,0.0,0.0,0.0,0.0,1.0,1.0,0.0,1.0,0.0,2486.3,3788873.0
0.30428430592343614,1.0,0.0,0.0,0.2800958815501292,-0.4991439788891036,0.07513349274554572,0.0,1.0,0.0,1.0,0.0,0.0,0.0,0.0,1.0,0.0,0.0,1.0,0.0,0.0,0.0,0.0,0.0,0.0,1.0,1.0,0.0,1.0,0.0,2060.0,5671386.0
0.5611288617548195,0.0,-1.0,1.0,0.46976295208331637,0.25173456909313235,0.8616889304399417,0.0,0.0,0.0,1.0,0.0,0.0,0.0,0.0,1.0,0.0,0.0,1.0,0.0,0.0,0.0,0.0,0.0,1.0,0.0,1.0,0.0,1.0,0.0,2627.0,8652550.0
-0.16883039754843138,-1.0,0.0,-1.0,-0.19479380888694178,0.36547596061015625,-0.28293270527318815,-1.0,-1.0,0.0,0.0,0.0,1.0,0.0,1.0,0.0,0.0,0.0,0.0,0.0,1.0,0.0,0.0,0.0,1.0,0.0,1.0,0.0,1.0,0.0,2917.5,5126923.0
0.7945979974106497,1.0,0.0,1.0,0.6168844993501249,-0.14489283645491413,0.44621635713129937,0.0,1.0,0.0,1.0,0.0,0.0,1.0,0.0,0.0,0.0,0.0,0.0,0.0,0.0,1.0,0.0,0.0,0.0,1.0,1.0,0.0,1.0,0.0,1799.2,6810152.0
-0.035181907804872126,-1.0,-1.0,-1.0,-0.037740512440793864,0.6551586535367186,0.18473238525017527,-1.0,-1.0,0.0,0.0,1.0,0.0,0.0,0.0,1.0,0.0,0.0,1.0,0.0,0.0,0.0,0.0,0.0,0.0,1.0,1.0,0.0,1.0,0.0,1926.1,3926547.0
0.5420294330747943,0.0,-1.0,-1.0,0.4567711906814042,0.23103559245671612,0.8400064723755416,0.0,0.0,0.0,0.0,0.0,1.0,0.0,0.0,1.0,0.0,1.0,0.0,0.0,0.0,0.0,0.0,0.0,0.0,1.0,1.0,0.0,1.0,0.0,1960.5,6378487.0
-0.1675951111163899,-1.0,-1.0,0.0,-0.1932301059217322,0.36815344017506596,0.03441146329623713,-1.0,-1.0,0.0,1.0,0.0,0.0,1.0,0.0,0.0,0.0,0.0,1.0,0.0,0.0,0.0,0.0,0.0,0.0,1.0,1.0,0.0,1.0,0.0,2058.3,3622402.0
-0.7077003480181966,-1.0,-1.0,0.0,-1.2909372269816937,-0.802523009590011,-0.5787382463458046,-1.0,-1.0,0.0,0.0,0.0,1.0,0.0,0.0,1.0,0.0,0.0,0.0,1.0,0.0,0.0,0.0,0.0,0.0,1.0,1.0,0.0,1.0,0.0,2188.3,1363530.0
-0.42866814742668435,0.0,-2.0,1.0,-0.5890726799008079,-0.8209564265945807,0.390877546250517,0.0,0.0,1.0,0.0,0.0,0.0,1.0,0.0,0.0,0.0,0.0,1.0,0.0,0.0,0.0,0.0,0.0,1.0,0.0,1.0,0.0,1.0,0.0,2870.6,3474574.0
-0.47475383354515305,-1.0,0.0,0.0,-0.6773961540214288,-0.29761215163802535,-0.5144639614534078,-1.0,-1.0,0.0,0.0,0.0,1.0,1.0,0.0,0.0,0.0,1.0,0.0,0.0,0.0,0.0,0.0,0.0,0.0,1.0,1.0,0.0,1.0,0.0,1848.8,2058454.0
-0.45513178368234114,-1.0,2.0,0.0,-0.6388857773302031,-0.2550814185492695,-0.6656946117473614,-1.0,-1.0,0.0,0.0,0.0,1.0,0.0,0.0,0.0,1.0,0.0,0.0,1.0,0.0,0.0,0.0,1.0,0.0,0.0,1.0,0.0,1.0,0.0,4878.7,5633435.0
-0.08464087610314625,-1.0,-1.0,0.0,-0.09318096461377343,0.5479564909570701,0.12858452742669138,-1.0,-1.0,0.0,1.0,0.0,0.0,0.0,0.0,1.0,0.0,0.0,1.0,0.0,0.0,0.0,0.0,1.0,0.0,0.0,1.0,0.0,1.0,0.0,5011.3,9694360.0
-0.10592581154755239,-1.0,1.0,1.0,-0.11796402733418827,0.5018214584540129,-0.4051976771363333,-1.0,-1.0,0.0,0.0,0.0,1.0,0.0,1.0,0.0,0.0,0.0,0.0,0.0,1.0,0.0,1.0,0.0,0.0,0.0,1.0,0.0,1.0,0.0,1290.1,2437902.0
0.09319285909420272,0.0,0.0,0.0,0.0939154123806488,-0.2553903584990667,-0.08462631020657657,0.0,0.0,0.0,1.0,0.0,0.0,1.0,0.0,0.0,0.0,0.0,0.0,0.0,0.0,1.0,0.0,0.0,0.0,1.0,1.0,0.0,1.0,0.0,1760.7,4065104.0
-0.5422669881578789,-1.0,-1.0,-1.0,-0.8217510502650277,-0.44394670785866014,-0.3909314827133636,-1.0,-1.0,0.0,0.0,0.0,1.0,0.0,0.0,1.0,0.0,0.0,0.0,1.0,0.0,0.0,0.0,0.0,1.0,0.0,1.0,0.0,1.0,0.0,3534.3,3432866.0
0.14184414010998808,0.0,-2.0,1.0,0.13982113710851796,-0.20266460706700154,1.686215637978461,0.0,0.0,0.0,0.0,1.0,0.0,0.0,0.0,0.0,1.0,0.0,0.0,0.0,0.0,1.0,1.0,0.0,0.0,0.0,1.0,0.0,1.0,0.0,1250.4,3014964.0
-0.04012305353303778,-1.0,-1.0,-1.0,-0.0431504558720032,0.6444487352770805,0.17912299311411164,-1.0,-1.0,0.0,0.0,0.0,1.0,0.0,1.0,0.0,0.0,0.0,0.0,1.0,0.0,0.0,0.0,0.0,0.0,1.0,1.0,0.0,1.0,0.0,1935.0,3924567.0
-0.40662303571640657,-1.0,-2.0,-1.0,-0.5492951673668692,-0.1499388556349361,0.44093058377231614,-1.0,-1.0,1.0,0.0,0.0,0.0,1.0,0.0,0.0,0.0,0.0,1.0,0.0,0.0,0.0,0.0,0.0,0.0,1.0,1.0,0.0,1.0,0.0,2419.0,3040199.0
0.15913815015856814,0.0,2.0,-1.0,0.15567103728583132,-0.1839222501126345,-0.38675680048902383,0.0,1.5,0.0,0.0,0.0,1.0,0.0,0.0,1.0,0.0,0.0,0.0,0.0,0.0,1.0,0.0,0.0,0.0,1.0,0.0,1.0,1.0,0.0,2274.2,5566332.0
-0.11243482082407841,-1.0,1.0,0.0,-0.1256601316869257,0.4877132007466048,-0.4088923248413368,-1.0,-1.0,0.0,0.0,0.0,1.0,1.0,0.0,0.0,0.0,0.0,0.0,0.0,1.0,0.0,0.0,0.0,0.0,1.0,1.0,0.0,1.0,0.0,1853.9,3477916.0
-0.4138922212588042,-1.0,0.0,0.0,-0.5622469489666335,-0.16569479307459622,-0.46840222218226923,-1.0,-1.0,1.0,0.0,0.0,0.0,0.0,0.0,0.0,1.0,0.0,0.0,1.0,0.0,0.0,0.0,1.0,0.0,0.0,1.0,0.0,1.0,0.0,5819.8,7225282.0
0.7588222018980654,0.0,2.0,-1.0,0.5956250189775043,0.46598442427753106,-0.11444238686826907,0.0,1.5,0.0,1.0,0.0,0.0,0.0,0.0,1.0,0.0,0.0,0.0,0.0,0.0,1.0,0.0,0.0,1.0,0.0,0.0,1.0,1.0,0.0,3577.3,13271068.0
0.15956574930812098,0.0,0.0,-1.0,0.1560599388129757,-0.18345884018793857,-0.034393484475288096,0.0,0.0,1.0,0.0,0.0,0.0,0.0,0.0,1.0,0.0,0.0,1.0,0.0,0.0,0.0,0.0,0.0,1.0,0.0,1.0,0.0,1.0,0.0,3468.6,8492867.0
0.822249409081731,0.0,-1.0,0.0,0.6330284151369788,0.534723563107421,1.1581237302457705,0.0,0.0,0.0,0.0,1.0,0.0,1.0,0.0,0.0,0.0,0.0,0.0,0.0,0.0,1.0,0.0,0.0,0.0,1.0,1.0,0.0,1.0,0.0,1514.5,5820678.0
-0.21125773538739276,-1.0,-1.0,-1.0,-0.2499535764918276,0.27351483555383915,-0.015156146059941339,-1.0,-1.0,0.0,0.0,0.0,1.0,1.0,0.0,0.0,0.0,0.0,0.0,1.0,0.0,0.0,0.0,0.0,0.0,1.0,1.0,0.0,1.0,0.0,1924.4,3209899.0
-0.026059792614412207,-1.0,0.0,0.0,-0.027825007284891387,0.6749308103237435,-0.1748799913701658,-1.0,-1.0,1.0,0.0,0.0,0.0,0.0,0.0,0.0,1.0,0.0,0.0,0.0,1.0,0.0,0.0,0.0,0.0,1.0,1.0,0.0,1.0,0.0,2509.5,5164049.0
1.0761957928994788,1.0,0.0,-1.0,0.770796832751066,0.0585612838171246,0.6593373006598227,0.0,1.0,0.0,0.0,0.0,1.0,0.0,1.0,0.0,0.0,0.0,1.0,0.0,0.0,0.0,0.0,0.0,1.0,0.0,1.0,0.0,1.0,0.0,3038.3,13301070.0
0.9683932961955553,1.0,-1.0,-1.0,0.7144879313252959,-0.019325910192873146,1.324032289962424,0.0,1.0,1.0,0.0,0.0,0.0,1.0,0.0,0.0,0.0,0.0,0.0,0.0,0.0,1.0,0.0,0.0,1.0,0.0,1.0,0.0,1.0,0.0,3271.6,13580084.0
1.3517121782613344,1.0,-2.0,0.0,0.9024121888036833,0.25762159146982455,4.433199690764279,0.0,1.0,0.0,1.0,0.0,0.0,0.0,0.0,1.0,0.0,0.0,0.0,0.0,1.0,0.0,0.0,0.0,0.0,1.0,1.0,0.0,1.0,0.0,2123.7,10528667.0
-0.7688470264042472,-1.0,-1.0,-1.0,-1.5353385365183543,-0.9350582480530348,-0.6481544740295929,-1.0,-1.0,0.0,0.0,0.0,1.0,1.0,0.0,0.0,0.0,0.0,0.0,1.0,0.0,0.0,0.0,0.0,0.0,1.0,1.0,0.0,1.0,0.0,1947.2,962696.0
0.8412538157285223,0.0,1.0,0.0,0.6439827955903967,0.5553195597605716,0.13244098452023526,0.0,0.0,0.0,0.0,0.0,1.0,1.0,0.0,0.0,0.0,0.0,0.0,1.0,0.0,0.0,1.0,0.0,0.0,0.0,1.0,0.0,1.0,0.0,1207.6,4689473.0
0.050718010238624295,0.0,-1.0,0.0,0.05214186936464508,-0.30142241101885825,0.28224951007712923,0.0,1.5,0.0,0.0,0.0,1.0,1.0,0.0,0.0,0.0,0.0,1.0,0.0,0.0,0.0,0.0,0.0,1.0,0.0,0.0,1.0,1.0,0.0,2855.3,6337053.0
0.8878621230297777,1.0,-2.0,-1.0,0.6703779200532158,-0.0775096007380232,3.380036317218317,0.0,1.0,1.0,0.0,0.0,0.0,0.0,0.0,1.0,0.0,0.0,0.0,0.0,0.0,1.0,0.0,0.0,0.0,1.0,1.0,0.0,1.0,0.0,2391.7,9522314.0
1.2854818210972672,1.0,-1.0,0.0,0.8722358221292807,0.20977022591233835,1.684004243001744,0.0,3.0,1.0,0.0,0.0,0.0,0.0,1.0,0.0,0.0,0.0,0.0,1.0,0.0,0.0,0.0,0.0,0.0,1.0,1.0,0.0,0.0,1.0,2026.8,10215730.0
0.003872147854283971,-1.0,0.0,-1.0,0.004072709173355918,0.7398081997811676,-0.15222667697452388,-1.0,-1.0,0.0,0.0,0.0,1.0,1.0,0.0,0.0,0.0,0.0,0.0,0.0,0.0,1.0,0.0,0.0,1.0,0.0,1.0,0.0,1.0,0.0,2863.5,6072911.0
1.153638749985153,0.0,1.0,-1.0,0.8094750689108557,0.8938662547467336,0.3097571061289801,0.0,0.0,1.0,0.0,0.0,0.0,0.0,1.0,0.0,0.0,0.0,0.0,0.0,1.0,0.0,1.0,0.0,0.0,0.0,1.0,0.0,1.0,0.0,1568.2,7120883.0
-0.4185007898706511,-1.0,0.0,-1.0,-0.5705410800952109,-0.17568385145137427,-0.4718901134463601,-1.0,-1.0,0.0,0.0,0.0,1.0,0.0,0.0,1.0,0.0,0.0,0.0,1.0,0.0,0.0,1.0,0.0,0.0,0.0,1.0,0.0,1.0,0.0,1564.3,1926905.0
-0.17690727037331766,0.0,-1.0,0.0,-0.20507536171419072,-0.548110960931969,0.02383991657827082,0.0,0.0,0.0,1.0,0.0,0.0,1.0,0.0,0.0,0.0,0.0,0.0,0.0,0.0,1.0,0.0,0.0,1.0,0.0,1.0,0.0,1.0,0.0,2625.5,4569158.0
0.6358161798767091,0.0,-2.0,1.0,0.5190883929359256,0.3326768359400141,2.8077704464141244,0.0,1.5,0.0,0.0,0.0,1.0,0.0,0.0,1.0,0.0,1.0,0.0,0.0,0.0,0.0,0.0,0.0,0.0,1.0,0.0,1.0,1.0,0.0,1882.0,6494594.0
-0.7472770248601392,-1.0,0.0,1.0,-1.442545544696985,-0.888305335650383,-0.7207169953794429,-1.0,-1.0,0.0,0.0,1.0,0.0,1.0,0.0,0.0,0.0,0.0,0.0,0.0,1.0,0.0,0.0,0.0,1.0,0.0,1.0,0.0,1.0,0.0,2427.7,1310472.0
-0.7605801095128931,-1.0,-1.0,1.0,-1.4988067878278766,-0.9171397309647938,-0.6387695294942557,-1.0,-1.0,0.0,0.0,0.0,1.0,0.0,0.0,0.0,1.0,0.0,1.0,0.0,0.0,0.0,0.0,0.0,1.0,0.0,1.0,0.0,1.0,0.0,3102.8,1588013.0
-0.12626052665961898,0.0,1.0,-1.0,-0.1421954282387222,-0.4932226298513227,-0.4167400801855413,0.0,0.0,0.0,0.0,1.0,0.0,1.0,0.0,0.0,0.0,0.0,1.0,0.0,0.0,0.0,0.0,0.0,0.0,1.0,1.0,0.0,1.0,0.0,1718.0,3172974.0
-0.20907222862301184,0.0,-1.0,0.0,-0.2470408582301026,-0.5829696852674263,-0.012675068768990128,0.0,0.0,0.0,1.0,0.0,0.0,1.0,0.0,0.0,0.0,0.0,0.0,0.0,0.0,1.0,0.0,0.0,0.0,1.0,1.0,0.0,1.0,0.0,1733.5,2899452.0
1.703578767326674,1.0,-1.0,0.0,1.0497225327123147,0.5118448434918795,2.158645116053289,0.0,1.0,0.0,0.0,0.0,1.0,0.0,0.0,1.0,0.0,0.0,1.0,0.0,0.0,0.0,0.0,1.0,0.0,0.0,1.0,0.0,1.0,0.0,4326.6,24654265.0
0.9092420805074178,0.0,-1.0,0.0,0.682268969707588,0.6290017377872176,1.2568813937182,0.0,0.0,0.0,0.0,0.0,1.0,1.0,0.0,0.0,0.0,0.0,1.0,0.0,0.0,0.0,0.0,0.0,0.0,1.0,1.0,0.0,1.0,0.0,1701.5,6850920.0
-0.5639795227518379,-1.0,1.0,0.0,-0.8726985359596019,-0.49100856021110906,-0.6651983962891712,-1.0,-1.0,0.0,1.0,0.0,0.0,1.0,0.0,0.0,0.0,0.0,0.0,1.0,0.0,0.0,0.0,0.0,1.0,0.0,1.0,0.0,1.0,0.0,2807.3,2598437.0
-0.39745340950932984,0.0,1.0,-1.0,-0.5331801918021446,-0.7871275020917811,-0.570674745150213,0.0,0.0,0.0,1.0,0.0,0.0,0.0,1.0,0.0,0.0,0.0,0.0,1.0,0.0,0.0,0.0,0.0,0.0,1.0,1.0,0.0,1.0,0.0,2155.9,2751144.0
0.46482403107220505,0.0,-1.0,-1.0,0.40256625951724795,0.14736435605329204,0.752359720249546,0.0,0.0,1.0,0.0,0.0,0.0,0.0,0.0,1.0,0.0,0.0,0.0,0.0,1.0,0.0,0.0,0.0,1.0,0.0,1.0,0.0,1.0,0.0,3577.8,11058980.0
0.3535532301552425,0.0,-2.0,0.0,0.31921085618313483,0.02677479564909571,2.1668973948688444,0.0,0.0,0.0,0.0,0.0,1.0,0.0,1.0,0.0,0.0,0.0,0.0,1.0,0.0,0.0,0.0,0.0,0.0,1.0,1.0,0.0,1.0,0.0,1620.5,4629444.0
0.2334928911641388,1.0,-1.0,-1.0,0.22123550660597033,-0.550290703911094,0.48974308264863986,0.0,1.0,0.0,1.0,0.0,0.0,1.0,0.0,0.0,0.0,0.0,1.0,0.0,0.0,0.0,0.0,0.0,0.0,1.0,1.0,0.0,1.0,0.0,2055.7,5353248.0
-0.15728522051050572,-1.0,1.0,0.0,-0.18026853897010636,0.39050009654373413,-0.4343503353050106,-1.0,-1.0,0.0,0.0,0.0,1.0,0.0,0.0,1.0,0.0,0.0,0.0,0.0,0.0,1.0,1.0,0.0,0.0,0.0,1.0,0.0,1.0,0.0,1447.8,2579400.0
0.08141012697319208,-1.0,-1.0,-1.0,0.08249152093904434,0.9078715324708759,0.3170924650761403,-1.0,-1.0,1.0,0.0,0.0,0.0,1.0,0.0,0.0,0.0,0.0,1.0,0.0,0.0,0.0,0.0,0.0,0.0,1.0,1.0,0.0,1.0,0.0,2483.5,5672314.0
1.0614198667315984,0.0,-1.0,0.0,0.7632537839690391,0.7939241809873204,1.4296398842163929,0.0,0.0,1.0,0.0,0.0,0.0,1.0,0.0,0.0,0.0,0.0,0.0,0.0,0.0,1.0,0.0,0.0,0.0,1.0,1.0,0.0,1.0,0.0,2035.4,8847273.0
0.3565939352187289,0.0,-1.0,-1.0,0.3215781768160325,0.030070155113599607,0.6294924578846118,0.0,0.0,0.0,0.0,1.0,0.0,1.0,0.0,0.0,0.0,0.0,1.0,0.0,0.0,0.0,0.0,0.0,0.0,1.0,1.0,0.0,1.0,0.0,1848.4,5292339.0
-0.33502393367462063,-1.0,-1.0,-1.0,-0.42954059067378864,0.005251979146553295,-0.15566063177576808,-1.0,-1.0,0.0,1.0,0.0,0.0,1.0,0.0,0.0,0.0,0.0,1.0,0.0,0.0,0.0,1.0,0.0,0.0,0.0,1.0,0.0,1.0,0.0,1529.4,2152630.0
-0.3755508308489029,-1.0,-1.0,0.0,-0.4956528538765467,-0.08258994657913372,-0.2016684345840599,-1.0,-1.0,0.0,0.0,1.0,0.0,0.0,0.0,1.0,0.0,0.0,1.0,0.0,0.0,0.0,1.0,0.0,0.0,0.0,1.0,0.0,1.0,0.0,1413.7,1869194.0
-0.4240595788148375,-1.0,0.0,-1.0,-0.5806326114472344,-0.1877325094934674,-0.47609715754840787,-1.0,-1.0,0.0,0.0,0.0,1.0,0.0,1.0,0.0,0.0,0.0,0.0,0.0,1.0,0.0,0.0,0.0,1.0,0.0,1.0,0.0,1.0,0.0,2987.7,3645293.0
-0.4797900013065528,-1.0,0.0,1.0,-0.6875103939526375,-0.3085280298641953,-0.5182754714945793,-1.0,-1.0,0.0,0.0,0.0,1.0,0.0,0.0,1.0,0.0,0.0,0.0,1.0,0.0,0.0,0.0,0.0,0.0,1.0,1.0,0.0,1.0,0.0,1884.0,2077675.0
-0.05808221781425546,-1.0,0.0,0.0,-0.0630497884027639,0.605522301602626,-0.19911544200931292,-1.0,-1.0,0.0,1.0,0.0,0.0,0.0,0.0,1.0,0.0,0.0,0.0,0.0,1.0,0.0,0.0,0.0,0.0,1.0,1.0,0.0,1.0,0.0,2083.5,4146998.0
0.0020667292228387186,0.0,0.0,0.0,0.0021757275486536053,-0.3541481624509237,-0.15359306736664208,0.0,0.0,0.0,0.0,1.0,0.0,0.0,0.0,1.0,0.0,0.0,0.0,1.0,0.0,0.0,0.0,0.0,0.0,1.0,1.0,0.0,1.0,0.0,1849.7,3915815.0
-0.607167036856671,-1.0,-2.0,-1.0,-0.9819668946297168,-0.5846173649996782,-0.014401035580086558,-1.0,-1.0,0.0,0.0,0.0,1.0,0.0,1.0,0.0,0.0,0.0,1.0,0.0,0.0,0.0,1.0,0.0,0.0,0.0,1.0,0.0,1.0,0.0,1552.2,1295621.0
0.025679704481476728,1.0,-1.0,0.0,0.026721622598871085,-0.7004355195125616,0.2538249941568831,0.0,2.5,0.0,0.0,0.0,1.0,0.0,0.0,1.0,0.0,0.0,1.0,0.0,0.0,0.0,0.0,0.0,0.0,1.0,0.0,1.0,1.0,0.0,2212.0,4792740.0
-0.6693589576082952,-1.0,-2.0,0.0,-1.1622484339224628,-0.7194181630945486,-0.15560669531292137,-1.0,-1.0,1.0,0.0,0.0,0.0,0.0,1.0,0.0,0.0,0.0,0.0,0.0,0.0,1.0,0.0,0.0,0.0,1.0,1.0,0.0,1.0,0.0,2394.8,1685460.0
0.2729270349562306,0.0,1.0,-1.0,0.2544264937052287,-0.060603720151895614,-0.19015299976627528,0.0,0.0,0.0,1.0,0.0,0.0,0.0,1.0,0.0,0.0,0.0,1.0,0.0,0.0,0.0,0.0,0.0,0.0,1.0,1.0,0.0,1.0,0.0,2055.2,5522528.0
-0.665320521195852,-1.0,-1.0,0.0,-1.1495619272720166,-0.7106648645169596,-0.5306269214864888,-1.0,-1.0,0.0,1.0,0.0,0.0,0.0,0.0,1.0,0.0,0.0,0.0,0.0,0.0,1.0,0.0,0.0,1.0,0.0,1.0,0.0,1.0,0.0,3228.5,2299661.0
-0.745709161311779,-1.0,0.0,0.0,-1.4361075538963848,-0.8849069962026131,-0.7195303931968141,-1.0,-1.0,0.0,0.0,0.0,1.0,0.0,1.0,0.0,0.0,0.0,1.0,0.0,0.0,0.0,0.0,0.0,0.0,1.0,1.0,0.0,1.0,0.0,1794.2,974430.0
0.8072359278307658,0.0,0.0,-1.0,0.6242935604830221,0.5184527257514319,0.45578108987612587,0.0,1.5,0.0,0.0,1.0,0.0,0.0,0.0,1.0,0.0,0.0,1.0,0.0,0.0,0.0,0.0,0.0,1.0,0.0,0.0,1.0,1.0,0.0,3216.1,12258808.0
0.23430057844662755,0.0,-1.0,0.0,0.2219258698233892,-0.10246508334942396,0.490660002517035,0.0,0.0,0.0,1.0,0.0,0.0,0.0,1.0,0.0,0.0,0.0,0.0,0.0,0.0,1.0,0.0,0.0,1.0,0.0,1.0,0.0,1.0,0.0,3050.0,7947690.0
-0.4584575548455296,-1.0,0.0,-1.0,-0.6453151158199399,-0.2622900173778722,-0.5021304902824472,-1.0,-1.0,0.0,0.0,1.0,0.0,1.0,0.0,0.0,0.0,0.0,1.0,0.0,0.0,0.0,0.0,0.0,1.0,0.0,1.0,0.0,1.0,0.0,2957.7,3394552.0
-0.5138078892043091,-1.0,2.0,0.0,-0.7584843963884006,-0.38226169788247416,-0.6923392243936641,-1.0,-1.0,0.0,0.0,0.0,1.0,0.0,0.0,0.0,1.0,0.0,0.0,0.0,0.0,1.0,0.0,0.0,0.0,1.0,1.0,0.0,1.0,0.0,2188.7,2256987.0
-0.4574598234965731,0.0,0.0,0.0,-0.6433822096015424,-0.8521593615241039,-0.5013753798025925,0.0,0.0,0.0,0.0,0.0,1.0,0.0,1.0,0.0,0.0,0.0,0.0,0.0,1.0,0.0,1.0,0.0,0.0,0.0,1.0,0.0,1.0,0.0,1342.6,1543721.0
0.2529724079770998,0.0,-1.0,0.0,0.23776117006626782,-0.08222951663770368,0.5118570324158142,0.0,0.0,0.0,0.0,1.0,0.0,0.0,0.0,1.0,0.0,0.0,1.0,0.0,0.0,0.0,0.0,0.0,0.0,1.0,1.0,0.0,1.0,0.0,1725.0,4562798.0
-0.19173070755781482,-1.0,0.0,-1.0,-0.22420892738314835,0.3158396086760634,-0.30026428866794913,-1.0,-1.0,0.0,1.0,0.0,0.0,0.0,0.0,1.0,0.0,0.0,1.0,0.0,0.0,0.0,0.0,0.0,1.0,0.0,1.0,0.0,1.0,0.0,3305.4,5649259.0
0.4652991412383748,0.0,-1.0,0.0,0.40290846351711707,0.14787925596962082,0.7528990848780137,0.0,0.0,0.0,0.0,0.0,1.0,1.0,0.0,0.0,0.0,0.0,0.0,0.0,0.0,1.0,0.0,1.0,0.0,0.0,1.0,0.0,1.0,0.0,4028.0,12454576.0
0.4355097338195296,0.0,-2.0,0.0,0.381235317137131,0.11559503121580743,2.352978191690189,0.0,0.0,1.0,0.0,0.0,0.0,0.0,0.0,1.0,0.0,0.0,0.0,1.0,0.0,0.0,0.0,0.0,0.0,1.0,1.0,0.0,1.0,0.0,2305.2,6983142.0
2.1405850981696384,1.0,0.0,0.0,1.2080560892822871,0.8275814721846773,1.4648963520972293,0.0,1.0,0.0,0.0,0.0,1.0,0.0,0.0,1.0,0.0,1.0,0.0,0.0,0.0,0.0,0.0,0.0,0.0,1.0,1.0,0.0,1.0,0.0,2067.2,13680936.0
0.1635566747039472,0.0,0.0,-1.0,0.15968281117263847,-0.17913368089077691,-0.0313730425558691,0.0,0.0,0.0,0.0,0.0,1.0,0.0,1.0,0.0,0.0,0.0,0.0,0.0,0.0,1.0,1.0,0.0,0.0,0.0,1.0,0.0,1.0,0.0,1390.3,3415828.0
-0.03541946288795701,-1.0,-1.0,-1.0,-0.037999974001014514,0.6546437536203898,0.18446270293594144,-1.0,-1.0,0.0,0.0,0.0,1.0,0.0,0.0,1.0,0.0,0.0,0.0,0.0,0.0,1.0,0.0,0.0,1.0,0.0,1.0,0.0,1.0,0.0,3053.6,6223542.0
0.18208597118456862,0.0,0.0,0.0,0.17634270498490978,-0.15905258415395512,-0.01734956221570981,0.0,0.0,1.0,0.0,0.0,0.0,0.0,0.0,1.0,0.0,0.0,0.0,0.0,0.0,1.0,0.0,1.0,0.0,0.0,1.0,0.0,1.0,0.0,5274.1,13163626.0
0.795975816892542,0.0,1.0,-1.0,0.6176947780645998,0.5062495977344402,0.10674025997375096,0.0,0.0,0.0,0.0,0.0,1.0,1.0,0.0,0.0,0.0,0.0,1.0,0.0,0.0,0.0,0.0,0.0,0.0,1.0,1.0,0.0,1.0,0.0,1814.7,6874084.0
-0.10602083358078637,0.0,1.0,-1.0,-0.11807597759985665,-0.4712878934157174,-0.40525161359918005,0.0,0.0,0.0,0.0,0.0,1.0,0.0,0.0,1.0,0.0,0.0,0.0,0.0,0.0,1.0,0.0,1.0,0.0,0.0,1.0,0.0,1.0,0.0,4769.3,9011592.0
-0.1838438787993964,-1.0,-1.0,0.0,-0.21398584201524481,0.3329342858981785,0.015965193002642958,-1.0,-1.0,1.0,0.0,0.0,0.0,1.0,0.0,0.0,0.0,0.0,1.0,0.0,0.0,0.0,0.0,0.0,0.0,1.0,1.0,0.0,1.0,0.0,2161.7,3730446.0
0.08164768205627697,-1.0,-2.0,-1.0,0.0827230636290333,0.9083864323872046,1.549540641124755,-1.0,-1.0,0.0,1.0,0.0,0.0,0.0,0.0,0.0,1.0,0.0,1.0,0.0,0.0,0.0,0.0,0.0,0.0,1.0,1.0,0.0,1.0,0.0,2596.8,5932390.0
0.7628131272938913,0.0,-1.0,-1.0,0.5980178687795101,0.4703095835746925,1.0906492152244653,0.0,0.0,1.0,0.0,0.0,0.0,0.0,1.0,0.0,0.0,0.0,0.0,0.0,0.0,1.0,0.0,1.0,0.0,0.0,1.0,0.0,1.0,0.0,5000.2,18591744.0
-0.2130631540188379,-1.0,-1.0,1.0,-0.25236579652096763,0.26960159618974056,-0.01720573164811844,-1.0,-1.0,0.0,1.0,0.0,0.0,0.0,1.0,0.0,0.0,0.0,0.0,0.0,0.0,1.0,0.0,0.0,1.0,0.0,1.0,0.0,1.0,0.0,2756.2,4586868.0
0.9836443325296055,0.0,-1.0,-1.0,0.7226383414866794,0.7096350646843019,1.3413458945362362,0.0,0.0,0.0,0.0,0.0,1.0,1.0,0.0,0.0,0.0,0.0,1.0,0.0,0.0,0.0,0.0,0.0,0.0,1.0,1.0,0.0,1.0,0.0,1805.1,7550733.0
1.2234799444121107,0.0,-1.0,-1.0,0.8431843044285652,0.9695565424470618,1.6136171589867137,0.0,0.0,1.0,0.0,0.0,0.0,1.0,0.0,0.0,0.0,0.0,0.0,1.0,0.0,0.0,0.0,0.0,1.0,0.0,1.0,0.0,1.0,0.0,3249.7,15233944.0
0.8312765022389569,0.0,-1.0,0.0,0.6382458867430484,0.5445066615176675,1.1683716581866561,0.0,0.0,1.0,0.0,0.0,0.0,0.0,0.0,0.0,1.0,0.0,0.0,0.0,0.0,1.0,1.0,0.0,0.0,0.0,1.0,0.0,1.0,0.0,1708.1,6597195.0
-0.737062156287489,-1.0,0.0,1.0,-1.401288001844642,-0.8661646392482463,-0.7129861023714064,-1.0,-1.0,0.0,0.0,0.0,1.0,1.0,0.0,0.0,0.0,0.0,0.0,1.0,0.0,0.0,1.0,0.0,0.0,0.0,1.0,0.0,1.0,0.0,1378.7,773864.0
0.2106400921713724,1.0,-2.0,-1.0,0.2015132768386277,-0.566801827894703,1.842415634382697,0.0,1.0,0.0,0.0,0.0,1.0,1.0,0.0,0.0,0.0,0.0,1.0,0.0,0.0,0.0,0.0,0.0,1.0,0.0,1.0,0.0,1.0,0.0,3063.5,7830306.0
0.1671675119668375,0.0,-1.0,-1.0,0.16294999520282555,-0.17522044152667834,0.4144477805145539,0.0,0.0,1.0,0.0,0.0,0.0,0.0,1.0,0.0,0.0,0.0,0.0,0.0,0.0,1.0,0.0,0.0,1.0,0.0,1.0,0.0,1.0,0.0,3404.5,8390390.0
-0.23335035811428756,-1.0,1.0,1.0,-0.279856439407214,0.22562914333526413,-0.47752647381384716,-1.0,-1.0,0.0,0.0,0.0,1.0,0.0,0.0,1.0,0.0,0.0,0.0,0.0,1.0,0.0,1.0,0.0,0.0,0.0,1.0,0.0,1.0,0.0,1291.4,2094005.0
-0.7011913387416705,-1.0,1.0,0.0,-1.2679578911428306,-0.7884147518826029,-0.743082648639902,-1.0,-1.0,0.0,0.0,0.0,1.0,0.0,1.0,0.0,0.0,0.0,1.0,0.0,0.0,0.0,0.0,0.0,1.0,0.0,1.0,0.0,1.0,0.0,2856.4,1818956.0
1.2146428953213526,0.0,0.0,1.0,0.8389779210717753,0.9599794040033467,0.7641178691501409,0.0,0.0,0.0,0.0,0.0,1.0,0.0,0.0,0.0,1.0,0.0,1.0,0.0,0.0,0.0,0.0,0.0,1.0,0.0,1.0,0.0,1.0,0.0,2768.2,12925279.0
0.29454454751695563,0.0,0.0,-1.0,0.2721892718399992,-0.03717577395893687,0.0677621761564877,0.0,0.0,0.0,0.0,0.0,1.0,0.0,1.0,0.0,0.0,0.0,1.0,0.0,0.0,0.0,0.0,0.0,1.0,0.0,1.0,0.0,1.0,0.0,2739.7,7486504.0
0.7082704802176006,1.0,0.0,0.0,0.5648377735111211,-0.20726437965287162,0.3808813218029163,0.0,1.0,1.0,0.0,0.0,0.0,0.0,1.0,0.0,0.0,0.0,0.0,0.0,1.0,0.0,0.0,0.0,0.0,1.0,1.0,0.0,1.0,0.0,2116.4,7626236.0
0.12393248684538744,-1.0,1.0,0.0,0.12315101033558018,1.0000386174937246,-0.27472537351000514,-1.0,-1.0,0.0,0.0,0.0,1.0,1.0,0.0,0.0,0.0,0.0,1.0,0.0,0.0,0.0,0.0,0.0,1.0,0.0,1.0,0.0,1.0,0.0,2610.1,6195072.0
-0.2696012637930418,-1.0,0.0,0.0,-0.33083084300279353,0.14705541610349485,-0.3591988637385159,-1.0,-1.0,0.0,0.0,0.0,1.0,0.0,1.0,0.0,0.0,0.0,0.0,0.0,1.0,0.0,0.0,0.0,1.0,0.0,1.0,0.0,1.0,0.0,2876.0,4443995.0
0.9146108253851363,0.0,-1.0,1.0,0.6852340735484405,0.6348201068417324,1.2629762140198844,0.0,1.5,0.0,0.0,0.0,1.0,0.0,1.0,0.0,0.0,0.0,1.0,0.0,0.0,0.0,0.0,0.0,0.0,1.0,0.0,1.0,1.0,0.0,1884.1,7607431.0
1.4847430247888729,1.0,0.0,0.0,0.9605424852403123,0.35373624251786034,0.968537063339386,0.0,1.0,0.0,1.0,0.0,0.0,0.0,0.0,0.0,1.0,0.0,1.0,0.0,0.0,0.0,0.0,1.0,0.0,0.0,1.0,0.0,1.0,0.0,4915.8,25747486.0
0.44515447019277604,1.0,-1.0,0.0,0.38830100700879266,-0.3973654287614513,0.7300300246309847,0.0,3.0,0.0,0.0,0.0,1.0,1.0,0.0,0.0,0.0,0.0,0.0,0.0,1.0,0.0,0.0,0.0,0.0,1.0,1.0,0.0,0.0,1.0,1727.8,5719099.0
1.5641814445724602,1.0,-1.0,-1.0,0.9937906309745236,0.4111304198579732,2.000395534060876,0.0,1.0,0.0,1.0,0.0,0.0,0.0,0.0,1.0,0.0,1.0,0.0,0.0,0.0,0.0,0.0,0.0,1.0,0.0,1.0,0.0,1.0,0.0,3477.0,18792837.0
-0.15376940528084931,0.0,-1.0,-1.0,-0.1758845169322028,-0.5230353350067581,0.05010697398464613,0.0,0.0,0.0,0.0,0.0,1.0,0.0,1.0,0.0,0.0,0.0,1.0,0.0,0.0,0.0,0.0,1.0,0.0,0.0,1.0,0.0,1.0,0.0,4749.8,8497392.0
0.7500326638239244,0.0,1.0,0.0,0.5903358943755952,0.4564587758254489,0.0806619801873394,0.0,0.0,0.0,0.0,0.0,1.0,0.0,0.0,1.0,0.0,0.0,1.0,0.0,0.0,0.0,0.0,1.0,0.0,0.0,1.0,0.0,1.0,0.0,4216.0,15562521.0
-0.3529355869392214,-1.0,0.0,1.0,-0.45825218723792904,-0.03357147454463553,-0.42226856762733495,-1.0,-1.0,0.0,0.0,1.0,0.0,1.0,0.0,0.0,0.0,0.0,1.0,0.0,0.0,0.0,0.0,0.0,1.0,0.0,1.0,0.0,1.0,0.0,2423.4,3319573.0
-0.3097955838510053,0.0,-1.0,-1.0,-0.3903779621571203,-0.6921284675291242,-0.1270203700041351,0.0,0.0,0.0,1.0,0.0,0.0,1.0,0.0,0.0,0.0,0.0,1.0,0.0,0.0,0.0,0.0,0.0,0.0,1.0,1.0,0.0,1.0,0.0,2135.2,3118673.0
0.046964639925882984,0.0,-1.0,-1.0,0.04836993264255594,-0.30549012035785555,0.27798852951223463,0.0,2.0,0.0,0.0,0.0,1.0,1.0,0.0,0.0,0.0,0.0,0.0,0.0,1.0,0.0,0.0,1.0,0.0,0.0,1.0,0.0,0.0,1.0,4173.8,9680359.0
-0.18075566271929283,-1.0,2.0,0.0,-0.21000957901053383,0.3396279848104524,-0.5411013825713309,-1.0,-1.0,0.0,0.0,0.0,1.0,1.0,0.0,0.0,0.0,0.0,1.0,0.0,0.0,0.0,1.0,0.0,0.0,0.0,1.0,0.0,1.0,0.0,1362.8,2360642.0
-0.574621990474041,-1.0,0.0,1.0,-0.8985957811477072,-0.5140760764626376,-0.5900469247226766,-1.0,-1.0,0.0,0.0,0.0,1.0,1.0,0.0,0.0,0.0,0.0,0.0,0.0,1.0,0.0,0.0,0.0,0.0,1.0,1.0,0.0,1.0,0.0,1731.4,1563800.0
-0.03057333919302512,-1.0,2.0,1.0,-0.03271950527402809,0.6651477119134969,-0.47290411894787926,-1.0,-1.0,0.0,0.0,0.0,1.0,0.0,1.0,0.0,0.0,0.0,1.0,0.0,0.0,0.0,0.0,0.0,1.0,0.0,1.0,0.0,1.0,0.0,2386.7,4888678.0
0.12849354444061728,0.0,0.0,0.0,0.12742090738182052,-0.21713329471583975,-0.05790978227647824,0.0,0.0,0.0,1.0,0.0,0.0,0.0,0.0,1.0,0.0,0.0,0.0,0.0,1.0,0.0,0.0,0.0,1.0,0.0,1.0,0.0,1.0,0.0,2788.1,6644321.0
2.1786889334964545,1.0,-1.0,-1.0,1.2208014562775031,0.8551114543777221,2.6980097445209545,0.0,1.0,0.0,0.0,0.0,1.0,0.0,1.0,0.0,0.0,0.0,0.0,1.0,0.0,0.0,0.0,0.0,1.0,0.0,1.0,0.0,1.0,0.0,3023.7,20253650.0
-0.13847085793018235,-1.0,1.0,1.0,-0.15701675581618485,0.4312801699169723,-0.42367091566135084,-1.0,-1.0,0.0,0.0,1.0,0.0,0.0,0.0,1.0,0.0,0.0,1.0,0.0,0.0,0.0,0.0,0.0,0.0,1.0,1.0,0.0,1.0,0.0,1790.7,3261223.0
-0.24442042498604344,0.0,2.0,0.0,-0.29516390097331635,-0.6212782390422862,-0.5700113266571978,0.0,0.0,1.0,0.0,0.0,0.0,0.0,1.0,0.0,0.0,0.0,1.0,0.0,0.0,0.0,0.0,0.0,0.0,1.0,1.0,0.0,1.0,0.0,2201.4,3518277.0
-0.38894893753489074,0.0,-1.0,-1.0,-0.5184503875774109,-0.7779107935894961,-0.21687851710684805,0.0,1.5,0.0,0.0,1.0,0.0,0.0,0.0,1.0,0.0,0.0,1.0,0.0,0.0,0.0,0.0,0.0,0.0,1.0,0.0,1.0,1.0,0.0,2187.3,2830366.0
0.32257604732097267,0.0,0.0,1.0,0.29478709973659295,-0.00679667889553982,0.08897718487621582,0.0,0.0,0.0,1.0,0.0,0.0,0.0,1.0,0.0,0.0,0.0,0.0,0.0,1.0,0.0,1.0,0.0,0.0,0.0,1.0,0.0,1.0,0.0,1220.3,3406589.0
-0.15372189426423238,-1.0,1.0,1.0,-0.1758253975857801,0.3982235952886656,-0.43232771794825686,-1.0,-1.0,1.0,0.0,0.0,0.0,1.0,0.0,0.0,0.0,0.0,0.0,0.0,1.0,0.0,0.0,0.0,0.0,1.0,1.0,0.0,1.0,0.0,1994.8,3568897.0
-0.1975745626017031,0.0,2.0,0.0,-0.2318480756003495,-0.5705091072922702,-0.548738785710433,0.0,0.0,0.0,0.0,0.0,1.0,1.0,0.0,0.0,0.0,0.0,0.0,0.0,1.0,0.0,0.0,1.0,0.0,0.0,1.0,0.0,1.0,0.0,3941.3,6687598.0
0.9472033827843833,0.0,0.0,-1.0,0.703058466932108,0.6701422411018858,0.5617123029071753,0.0,0.0,0.0,1.0,0.0,0.0,0.0,1.0,0.0,0.0,0.0,0.0,1.0,0.0,0.0,0.0,0.0,0.0,1.0,1.0,0.0,1.0,0.0,2005.4,8234774.0
0.6537753441579267,0.0,-1.0,-1.0,0.5306139331349498,0.35214005277724125,0.9668650329911362,0.0,0.0,0.0,1.0,0.0,0.0,0.0,0.0,0.0,1.0,0.0,0.0,0.0,1.0,0.0,0.0,0.0,0.0,1.0,1.0,0.0,1.0,0.0,2159.4,7533499.0
-0.3154969058450427,-1.0,1.0,-1.0,-0.39910237975060614,0.04757675226877757,-0.5241545459448769,-1.0,-1.0,0.0,1.0,0.0,0.0,0.0,1.0,0.0,0.0,0.0,0.0,1.0,0.0,0.0,0.0,0.0,0.0,1.0,1.0,0.0,1.0,0.0,2170.2,3143752.0
1.957050040978252,1.0,-1.0,-1.0,1.144418606231004,0.6949775803994767,2.4463961453407888,0.0,3.0,1.0,0.0,0.0,0.0,0.0,1.0,0.0,0.0,0.0,1.0,0.0,0.0,0.0,1.0,0.0,0.0,0.0,1.0,0.0,0.0,1.0,1629.1,10602225.0
0.41645781615612126,0.0,0.0,-1.0,0.36713778751077153,0.09494754457102382,0.16002948526635624,0.0,0.0,0.0,0.0,1.0,0.0,1.0,0.0,0.0,0.0,0.0,1.0,0.0,0.0,0.0,0.0,0.0,0.0,1.0,1.0,0.0,1.0,0.0,1688.0,5045770.0
0.5918684895060043,0.0,0.0,0.0,0.4903433338242625,0.2850485936796035,0.29278509915319756,0.0,0.0,0.0,1.0,0.0,0.0,0.0,1.0,0.0,0.0,0.0,1.0,0.0,0.0,0.0,1.0,0.0,0.0,0.0,1.0,0.0,1.0,0.0,1453.4,4881099.0
-0.6291646375503317,-1.0,-1.0,-1.0,-1.042284380487139,-0.6322970972517218,-0.48958127326009954,-1.0,-1.0,1.0,0.0,0.0,0.0,0.0,1.0,0.0,0.0,0.0,1.0,0.0,0.0,0.0,0.0,0.0,0.0,1.0,1.0,0.0,1.0,0.0,2517.8,1985034.0
-0.010951289330213313,-1.0,1.0,1.0,-0.011604101501124228,0.7076784450022525,-0.3512881825209902,-1.0,-1.0,0.0,1.0,0.0,0.0,1.0,0.0,0.0,0.0,0.0,0.0,0.0,0.0,1.0,0.0,0.0,0.0,1.0,1.0,0.0,1.0,0.0,1720.4,3594948.0
-0.16845030941549557,1.0,-1.0,-1.0,-0.19431242337326948,-0.8406942567205168,0.033440606964995234,0.0,1.0,0.0,1.0,0.0,0.0,0.0,0.0,1.0,0.0,0.0,1.0,0.0,0.0,0.0,1.0,0.0,0.0,0.0,1.0,0.0,1.0,0.0,1637.1,2878186.0
1.0246938508866743,0.0,-2.0,-1.0,0.7442690553463074,0.7541224174551069,3.690710343215691,0.0,0.0,0.0,0.0,0.0,1.0,0.0,1.0,0.0,0.0,0.0,0.0,0.0,0.0,1.0,0.0,0.0,0.0,1.0,1.0,0.0,1.0,0.0,1955.9,8350519.0
0.35293558693922167,0.0,-2.0,0.0,0.31872934641213285,0.02610542575786822,2.1654950468348284,0.0,1.5,0.0,0.0,0.0,1.0,0.0,1.0,0.0,0.0,0.0,0.0,1.0,0.0,0.0,0.0,0.0,0.0,1.0,0.0,1.0,1.0,0.0,1925.4,5497980.0
0.07523369481298493,0.0,-2.0,-1.0,0.0764535602169288,-0.2748535753362941,1.534977796156128,0.0,1.5,0.0,1.0,0.0,0.0,0.0,0.0,0.0,1.0,0.0,1.0,0.0,0.0,0.0,0.0,0.0,1.0,0.0,0.0,1.0,1.0,0.0,3891.2,8836915.0
2.188048603769999,1.0,-1.0,-1.0,1.2239088323874632,0.8618738066121732,2.708635227701767,0.0,3.0,0.0,0.0,0.0,1.0,0.0,0.0,0.0,1.0,0.0,1.0,0.0,0.0,0.0,0.0,0.0,1.0,0.0,1.0,0.0,0.0,1.0,3274.9,22450778.0
-0.3869059638203607,-1.0,-2.0,0.0,-0.5149422756653368,-0.10720216257964872,0.4856978479351324,-1.0,-1.0,0.0,0.0,1.0,0.0,0.0,1.0,0.0,0.0,0.0,0.0,1.0,0.0,0.0,0.0,0.0,0.0,1.0,1.0,0.0,1.0,0.0,1764.4,2290721.0
0.6916891354182753,0.0,0.0,-1.0,0.5545410674245321,0.3932290661002767,0.3683321047805685,0.0,0.0,0.0,0.0,1.0,0.0,0.0,1.0,0.0,0.0,1.0,0.0,0.0,0.0,0.0,0.0,1.0,0.0,0.0,1.0,0.0,1.0,0.0,4175.1,14898844.0
2.2957560784406885,1.0,-1.0,1.0,1.259025722561309,0.9396923472999935,2.830909188975387,0.0,3.0,0.0,0.0,0.0,1.0,1.0,0.0,0.0,0.0,1.0,0.0,0.0,0.0,0.0,1.0,0.0,0.0,0.0,1.0,0.0,0.0,1.0,1175.6,8614189.0
-0.28979344585525746,0.0,2.0,0.0,-0.3603263743876989,-0.6704511810516831,-0.5906150554646625,0.0,0.0,0.0,0.0,0.0,1.0,0.0,0.0,1.0,0.0,0.0,1.0,0.0,0.0,0.0,0.0,1.0,0.0,0.0,1.0,0.0,1.0,0.0,4299.6,6461009.0
-0.6378116425746218,-1.0,0.0,0.0,-1.0669688760804261,-0.6510394542060888,-0.6378705884468095,-1.0,-1.0,0.0,0.0,0.0,1.0,0.0,1.0,0.0,0.0,0.0,1.0,0.0,0.0,0.0,0.0,0.0,0.0,1.0,1.0,0.0,1.0,0.0,1877.1,1445742.0
-0.32884750151441344,-1.0,-2.0,-1.0,-0.4198179384096085,0.01863937697110115,0.6175185631326298,-1.0,-1.0,0.0,0.0,0.0,1.0,1.0,0.0,0.0,0.0,1.0,0.0,0.0,0.0,0.0,0.0,0.0,0.0,1.0,1.0,0.0,1.0,0.0,1911.9,2715854.0
0.047914860258222544,0.0,-1.0,0.0,0.049326125036835304,-0.304460320525198,0.27906725876916993,0.0,0.0,0.0,0.0,1.0,0.0,0.0,1.0,0.0,0.0,0.0,0.0,0.0,0.0,1.0,0.0,0.0,1.0,0.0,1.0,0.0,1.0,0.0,2354.7,5212128.0
0.7313608342934519,1.0,0.0,0.0,0.5790115794600367,-0.19058162236381987,0.3983567357652684,0.0,1.0,0.0,0.0,1.0,0.0,0.0,1.0,0.0,0.0,0.0,0.0,0.0,0.0,1.0,0.0,0.0,1.0,0.0,1.0,0.0,1.0,0.0,2498.2,9123426.0
-0.2814790179472863,-1.0,0.0,-1.0,-0.34808143460295077,0.12131042028705666,-0.368188274212977,-1.0,-1.0,0.0,0.0,0.0,1.0,0.0,1.0,0.0,0.0,0.0,1.0,0.0,0.0,0.0,0.0,0.0,1.0,0.0,1.0,0.0,1.0,0.0,2838.6,4315240.0
0.6916891354182753,0.0,0.0,0.0,0.5545410674245321,0.3932290661002767,0.3683321047805685,0.0,0.0,0.0,0.0,1.0,0.0,0.0,0.0,1.0,0.0,0.0,0.0,1.0,0.0,0.0,1.0,0.0,0.0,0.0,1.0,0.0,1.0,0.0,1207.0,4307180.0
0.07646898124502631,1.0,-1.0,-1.0,0.07766391148464385,-0.663740318808865,0.31148307294007654,0.0,2.5,0.0,0.0,1.0,0.0,0.0,0.0,1.0,0.0,0.0,0.0,0.0,0.0,1.0,0.0,0.0,0.0,1.0,0.0,1.0,1.0,0.0,2383.5,5419126.0
1.1564418999655546,0.0,-1.0,-1.0,0.810848911136079,0.8969041642530731,1.537512809909926,0.0,0.0,1.0,0.0,0.0,0.0,1.0,0.0,0.0,0.0,0.0,0.0,0.0,0.0,1.0,0.0,0.0,1.0,0.0,1.0,0.0,1.0,0.0,3120.6,14188432.0
1.657825658324524,1.0,-1.0,-1.0,1.031688421317845,0.4787882688635728,2.106704302331853,0.0,1.0,0.0,0.0,1.0,0.0,0.0,1.0,0.0,0.0,0.0,0.0,1.0,0.0,0.0,0.0,1.0,0.0,0.0,1.0,0.0,1.0,0.0,4413.2,24722746.0
0.6549631195733512,0.0,0.0,0.0,0.5313717969725865,0.35342730256806315,0.34053684759353486,0.0,0.0,1.0,0.0,0.0,0.0,0.0,0.0,1.0,0.0,0.0,0.0,0.0,1.0,0.0,0.0,0.0,0.0,1.0,1.0,0.0,1.0,0.0,2127.3,7426830.0
0.06083785677804049,-1.0,-1.0,0.0,0.06224528884877289,0.8632811997168047,0.29373797666349033,-1.0,-1.0,0.0,1.0,0.0,0.0,1.0,0.0,0.0,0.0,0.0,0.0,0.0,0.0,1.0,0.0,1.0,0.0,0.0,1.0,0.0,1.0,0.0,4413.2,9888657.0
0.8068083286812132,1.0,-1.0,0.0,0.6240437239616091,-0.13607088455514804,1.1405943798205713,0.0,1.0,0.0,1.0,0.0,0.0,0.0,0.0,1.0,0.0,0.0,0.0,0.0,0.0,1.0,1.0,0.0,0.0,0.0,1.0,0.0,1.0,0.0,1364.7,5200599.0
0.0071979190174724355,-1.0,0.0,1.0,0.0075582724911960695,0.7470167986097703,-0.14970964204167472,-1.0,-1.0,0.0,1.0,0.0,0.0,0.0,0.0,1.0,0.0,0.0,0.0,0.0,0.0,1.0,0.0,0.0,0.0,1.0,1.0,0.0,1.0,0.0,1983.0,4219427.0
0.40966374077989354,0.0,0.0,-1.0,0.3620647143864354,0.08758447576752264,0.15488754247496453,0.0,1.5,0.0,1.0,0.0,0.0,0.0,0.0,1.0,0.0,0.0,0.0,0.0,1.0,0.0,0.0,0.0,0.0,1.0,0.0,1.0,1.0,0.0,2506.0,7455099.0
-0.3577341996175361,-1.0,-1.0,-1.0,-0.46607831493484697,-0.04397245285447646,-0.18144226101652244,-1.0,-1.0,1.0,0.0,0.0,0.0,0.0,0.0,1.0,0.0,0.0,0.0,0.0,1.0,0.0,0.0,0.0,0.0,1.0,1.0,0.0,1.0,0.0,2546.6,3462612.0
0.085923673551805,0.0,-1.0,0.0,0.08688219245121355,-0.2632683272188969,0.32221642904658315,0.0,0.0,1.0,0.0,0.0,0.0,0.0,1.0,0.0,0.0,0.0,0.0,0.0,0.0,1.0,1.0,0.0,0.0,0.0,1.0,0.0,1.0,0.0,1538.5,3528550.0
0.9471558717677662,0.0,-1.0,-1.0,0.7030327011311359,0.6700907511102527,1.2999226910699195,0.0,0.0,0.0,1.0,0.0,0.0,0.0,0.0,1.0,0.0,0.0,0.0,1.0,0.0,0.0,1.0,0.0,0.0,0.0,1.0,0.0,1.0,0.0,1541.9,6331350.0
-0.788801653383378,-1.0,0.0,0.0,-1.6290911334584994,-0.9783098410246509,-0.7521439743981589,-1.0,-1.0,0.0,0.0,1.0,0.0,0.0,0.0,1.0,0.0,0.0,0.0,1.0,0.0,0.0,0.0,0.0,0.0,1.0,1.0,0.0,1.0,0.0,2003.6,906429.0
-0.09675618534047564,1.0,2.0,-1.0,-0.10721616159107371,-0.7888953251378431,-0.5029575160460976,0.0,2.5,0.0,1.0,0.0,0.0,0.0,0.0,0.0,1.0,0.0,0.0,1.0,0.0,0.0,0.0,1.0,0.0,0.0,0.0,1.0,1.0,0.0,6544.1,12492687.0
-0.4701452649333063,-1.0,2.0,0.0,-0.6682246167451003,-0.2876230932612475,-0.6725121806511928,-1.0,-1.0,1.0,0.0,0.0,0.0,0.0,0.0,0.0,1.0,0.0,1.0,0.0,0.0,0.0,0.0,0.0,0.0,1.0,1.0,0.0,1.0,0.0,2549.7,2863568.0
-0.4459146464586474,-1.0,-1.0,1.0,-0.6212687944835092,-0.23510330179571365,-0.28154833606012114,-1.0,-1.0,0.0,1.0,0.0,0.0,0.0,0.0,0.0,1.0,0.0,0.0,0.0,1.0,0.0,0.0,0.0,1.0,0.0,1.0,0.0,1.0,0.0,2889.0,3391975.0
0.23377795726384062,0.0,0.0,-1.0,0.22147921564067888,-0.10303147325738578,0.02177235216914469,0.0,0.0,0.0,0.0,0.0,1.0,1.0,0.0,0.0,0.0,0.0,0.0,0.0,0.0,1.0,0.0,0.0,0.0,1.0,1.0,0.0,1.0,0.0,1961.9,5110161.0
-0.2292644106852275,-1.0,-2.0,-1.0,-0.27426195477810933,0.23448542189611876,0.8436202153862749,-1.0,-1.0,0.0,1.0,0.0,0.0,1.0,0.0,0.0,0.0,0.0,1.0,0.0,0.0,0.0,0.0,0.0,0.0,1.0,1.0,0.0,1.0,0.0,2080.3,3391097.0
-0.01969331638773732,-1.0,0.0,0.0,-0.020959448211519797,0.6887301280813539,-0.17006166735585476,-1.0,-1.0,1.0,0.0,0.0,0.0,0.0,1.0,0.0,0.0,0.0,1.0,0.0,0.0,0.0,0.0,1.0,0.0,0.0,1.0,0.0,1.0,0.0,5032.2,10422693.0
-0.7631932154268269,-1.0,-1.0,0.0,-1.5102184506700191,-0.9228036300444102,-0.6417360349508279,-1.0,-1.0,1.0,0.0,0.0,0.0,1.0,0.0,0.0,0.0,0.0,0.0,0.0,0.0,1.0,0.0,0.0,0.0,1.0,1.0,0.0,1.0,0.0,2257.6,1143023.0
0.02078606976992812,-1.0,-1.0,1.0,0.021681203201467936,0.7764690738237755,0.2482695384836663,-1.0,-1.0,0.0,0.0,0.0,1.0,1.0,0.0,0.0,0.0,0.0,1.0,0.0,0.0,0.0,0.0,0.0,0.0,1.0,1.0,0.0,1.0,0.0,1710.8,3689169.0
0.9492463564989135,1.0,-1.0,0.0,0.7041658033432554,-0.033159554611572425,1.3022958954351775,0.0,1.0,0.0,0.0,0.0,1.0,0.0,1.0,0.0,0.0,0.0,1.0,0.0,0.0,0.0,0.0,1.0,0.0,0.0,1.0,0.0,1.0,0.0,4055.1,16668894.0
0.5034979985984253,0.0,-2.0,-1.0,0.4300657609883795,0.18927720924245345,2.507344348357635,0.0,1.5,0.0,0.0,0.0,1.0,0.0,1.0,0.0,0.0,0.0,0.0,0.0,0.0,1.0,0.0,0.0,0.0,1.0,0.0,1.0,1.0,0.0,2117.7,6718191.0
-0.7714126213015641,-1.0,-1.0,0.0,-1.5469372636372274,-0.9406191671493854,-0.6510670430233184,-1.0,-1.0,0.0,0.0,0.0,1.0,0.0,0.0,1.0,0.0,0.0,1.0,0.0,0.0,0.0,0.0,0.0,0.0,1.0,1.0,0.0,1.0,0.0,2022.4,988954.0
0.09946431328764374,0.0,-2.0,-1.0,0.09994595423806168,-0.24859367960352716,1.5899929882598298,0.0,2.0,0.0,0.0,0.0,1.0,0.0,0.0,1.0,0.0,0.0,0.0,0.0,1.0,0.0,0.0,1.0,0.0,0.0,1.0,0.0,0.0,1.0,4562.8,11044822.0
-0.16678742383390135,-1.0,0.0,0.0,-0.19220893259848748,0.3699040998905836,-0.28138652667158087,-1.0,-1.0,0.0,0.0,0.0,1.0,0.0,1.0,0.0,0.0,0.0,0.0,1.0,0.0,0.0,0.0,0.0,0.0,1.0,1.0,0.0,1.0,0.0,1780.4,3136353.0
-0.22593863952203902,0.0,0.0,0.0,-0.2697300372792569,-0.6012486322970974,-0.32615379083439705,0.0,0.0,1.0,0.0,0.0,0.0,0.0,1.0,0.0,0.0,0.0,0.0,0.0,0.0,1.0,0.0,0.0,0.0,1.0,1.0,0.0,1.0,0.0,2236.6,3661538.0
0.039837987433336275,0.0,0.0,-1.0,0.041170817394156664,-0.313213619102787,-0.12500674205785584,0.0,0.0,0.0,1.0,0.0,0.0,0.0,0.0,0.0,1.0,0.0,0.0,0.0,0.0,1.0,0.0,0.0,0.0,1.0,1.0,0.0,1.0,0.0,2319.3,5094342.0
0.11362259623950328,1.0,-1.0,0.0,0.11343530349694823,-0.636896869837592,0.3536613868862481,0.0,3.0,0.0,1.0,0.0,0.0,0.0,0.0,1.0,0.0,0.0,1.0,0.0,0.0,0.0,0.0,0.0,0.0,1.0,1.0,0.0,0.0,1.0,2169.2,5551525.0
2.4090223420555645,1.0,0.0,0.0,1.2947395366262986,1.0215271073351784,1.66805702882005,0.0,1.0,0.0,0.0,0.0,1.0,0.0,0.0,0.0,1.0,0.0,1.0,0.0,0.0,0.0,0.0,0.0,0.0,1.0,1.0,0.0,1.0,0.0,1851.6,13300228.0
-0.6804765354966681,-1.0,2.0,0.0,-1.1979803250034282,-0.7435154791787347,-0.768022869060247,-1.0,-1.0,1.0,0.0,0.0,0.0,0.0,0.0,1.0,0.0,0.0,0.0,0.0,0.0,1.0,1.0,0.0,0.0,0.0,1.0,0.0,1.0,0.0,1744.4,1186890.0
-0.18688458386288304,-1.0,0.0,0.0,-0.21791558340723838,0.3263435669691702,-0.2965966091943689,-1.0,1.0,0.0,0.0,1.0,0.0,0.0,0.0,1.0,0.0,0.0,0.0,0.0,0.0,1.0,0.0,1.0,0.0,0.0,1.0,0.0,0.0,1.0,4320.5,7878236.0
-0.4420187430960552,-1.0,1.0,-1.0,-0.6139097247548375,-0.22665894316792187,-0.5959709462253464,-1.0,-1.0,0.0,0.0,0.0,1.0,0.0,0.0,0.0,1.0,0.0,1.0,0.0,0.0,0.0,1.0,0.0,0.0,0.0,1.0,0.0,1.0,0.0,1668.1,1972195.0
1.324915964889359,1.0,0.0,-1.0,0.890306551369398,0.2382613546158631,0.8475755559950378,0.0,1.0,0.0,0.0,0.0,1.0,0.0,0.0,0.0,1.0,0.0,1.0,0.0,0.0,0.0,1.0,0.0,0.0,0.0,1.0,0.0,1.0,0.0,1570.1,7695531.0
-0.747847157059543,-1.0,-1.0,-1.0,-1.4448963768973913,-0.889541095449572,-0.6243145574513222,-1.0,-1.0,0.0,0.0,0.0,1.0,0.0,1.0,0.0,0.0,1.0,0.0,0.0,0.0,0.0,0.0,0.0,1.0,0.0,1.0,0.0,1.0,0.0,3138.7,1690504.0
-0.5119074485396299,0.0,0.0,-1.0,-0.7543913111839295,-0.9111668919353801,-0.542582837417522,0.0,0.0,1.0,0.0,0.0,0.0,1.0,0.0,0.0,0.0,0.0,0.0,1.0,0.0,0.0,0.0,0.0,0.0,1.0,1.0,0.0,1.0,0.0,2165.2,2241415.0
1.136012162820254,1.0,-1.0,0.0,0.8007950526550421,0.10177855012765219,1.5143201308858163,0.0,1.0,0.0,0.0,1.0,0.0,0.0,0.0,0.0,1.0,0.0,1.0,0.0,0.0,0.0,0.0,0.0,0.0,1.0,1.0,0.0,1.0,0.0,1936.7,8722316.0
-0.7274649309308594,-1.0,0.0,0.0,-1.3639379156464857,-0.8453626826285642,-0.7057226587080417,-1.0,-1.0,0.0,0.0,1.0,0.0,0.0,0.0,1.0,0.0,0.0,1.0,0.0,0.0,0.0,0.0,0.0,1.0,0.0,1.0,0.0,1.0,0.0,2769.0,1610174.0
0.2976327635970592,0.0,0.0,1.0,0.2747026471896737,-0.03382892450279991,0.07009942287984755,0.0,0.0,0.0,0.0,0.0,1.0,0.0,0.0,1.0,0.0,0.0,0.0,0.0,0.0,1.0,0.0,0.0,1.0,0.0,1.0,0.0,1.0,0.0,2567.4,7032365.0
0.10198239716834366,0.0,-1.0,1.0,0.10235767203198136,-0.24586471004698462,0.34044695348879034,0.0,0.0,0.0,1.0,0.0,0.0,0.0,1.0,0.0,0.0,0.0,1.0,0.0,0.0,0.0,0.0,0.0,0.0,1.0,1.0,0.0,1.0,0.0,1777.8,4137474.0
0.8125096506752505,0.0,0.0,1.0,0.6273700377495585,0.5241681148226813,0.4597723881267866,0.0,1.5,0.0,0.0,0.0,1.0,0.0,0.0,0.0,1.0,0.0,0.0,0.0,0.0,1.0,0.0,0.0,1.0,0.0,0.0,1.0,1.0,0.0,3031.8,11589965.0
-0.2238956658075089,-1.0,-1.0,-1.0,-0.2669557371385797,0.246122160005149,-0.02950324517718118,-1.0,-1.0,0.0,0.0,1.0,0.0,0.0,1.0,0.0,0.0,0.0,0.0,0.0,1.0,0.0,1.0,0.0,0.0,0.0,1.0,0.0,1.0,0.0,1370.1,2248882.0
0.9425473031559194,0.0,-1.0,0.0,0.700530432034596,0.6650962219218638,1.2946908541737832,0.0,0.0,0.0,0.0,0.0,1.0,0.0,0.0,1.0,0.0,0.0,1.0,0.0,0.0,0.0,0.0,0.0,0.0,1.0,1.0,0.0,1.0,0.0,1849.0,7574428.0
-0.54193441104156,-1.0,1.0,0.0,-0.8209894339238637,-0.4432258479757998,-0.6526851369087214,-1.0,-1.0,0.0,0.0,1.0,0.0,1.0,0.0,0.0,0.0,0.0,0.0,0.0,1.0,0.0,0.0,0.0,0.0,1.0,1.0,0.0,1.0,0.0,1867.5,1815210.0
1.2214844817141979,0.0,0.0,1.0,0.8422359362993874,0.9673939627984811,0.7692957695834307,0.0,1.5,0.0,1.0,0.0,0.0,0.0,1.0,0.0,0.0,0.0,1.0,0.0,0.0,0.0,0.0,0.0,0.0,1.0,0.0,1.0,1.0,0.0,1912.7,8958322.0
-0.16802271026594273,0.0,0.0,0.0,-0.19377112628304802,-0.538482332496621,-0.2823214253609247,0.0,0.0,0.0,0.0,0.0,1.0,0.0,0.0,1.0,0.0,0.0,1.0,0.0,0.0,0.0,1.0,0.0,0.0,0.0,1.0,0.0,1.0,0.0,1396.0,2455564.0
-0.6282144172179922,-1.0,-1.0,-1.0,-1.0396065808286818,-0.6302374975864068,-0.4885025440031642,-1.0,-1.0,0.0,1.0,0.0,0.0,0.0,0.0,1.0,0.0,0.0,0.0,0.0,0.0,1.0,0.0,0.0,0.0,1.0,1.0,0.0,1.0,0.0,2348.0,1855859.0
-0.14374458077466698,-1.0,-1.0,-1.0,-0.16348293675160547,0.41984939177447367,0.061487567645313816,-1.0,1.0,0.0,0.0,0.0,1.0,0.0,1.0,0.0,0.0,0.0,0.0,1.0,0.0,0.0,0.0,1.0,0.0,0.0,1.0,0.0,0.0,1.0,4488.3,8574272.0
0.036369683220296795,-1.0,0.0,0.0,0.037649451800005444,0.8102465083349422,-0.12763164991639853,-1.0,-1.0,1.0,0.0,0.0,0.0,0.0,1.0,0.0,0.0,1.0,0.0,0.0,0.0,0.0,1.0,0.0,0.0,0.0,1.0,0.0,1.0,0.0,1614.0,3533369.0
0.7253744461997127,0.0,0.0,0.0,0.5753550782106224,0.4297354701679861,0.39382607288614024,0.0,0.0,0.0,0.0,1.0,0.0,0.0,0.0,1.0,0.0,0.0,1.0,0.0,0.0,0.0,0.0,0.0,0.0,1.0,1.0,0.0,1.0,0.0,1755.3,6388239.0
-0.5755246997897636,-1.0,0.0,-1.0,-0.9008218601691478,-0.516032696144687,-0.5907301199187356,-1.0,-1.0,0.0,0.0,0.0,1.0,0.0,1.0,0.0,0.0,0.0,0.0,0.0,0.0,1.0,0.0,0.0,0.0,1.0,1.0,0.0,1.0,0.0,2137.0,1926078.0
0.22503593020631685,0.0,-1.0,0.0,0.21397982287394626,-0.11250563171783484,0.4801423922619156,0.0,0.0,1.0,0.0,0.0,0.0,0.0,0.0,1.0,0.0,0.0,0.0,0.0,0.0,1.0,1.0,0.0,0.0,0.0,1.0,0.0,1.0,0.0,1641.5,4245411.0
-0.4496205057547717,-1.0,1.0,1.0,-0.6283166976773332,-0.24313574049044231,-0.6002858632530877,-1.0,-1.0,0.0,0.0,0.0,1.0,1.0,0.0,0.0,0.0,0.0,0.0,1.0,0.0,0.0,0.0,0.0,1.0,0.0,1.0,0.0,1.0,0.0,2436.6,2841807.0
-0.001116508890498725,1.0,0.0,-1.0,-0.0011772562528956933,-0.7197957563665229,-0.15600222937379754,0.0,1.0,0.0,1.0,0.0,0.0,1.0,0.0,0.0,0.0,0.0,0.0,0.0,0.0,1.0,0.0,0.0,1.0,0.0,1.0,0.0,1.0,0.0,2973.1,6274133.0
0.5156608188523716,0.0,-2.0,0.0,0.43856860191795005,0.20245864710046976,2.534959817335179,0.0,0.0,0.0,1.0,0.0,0.0,0.0,0.0,0.0,1.0,0.0,0.0,0.0,0.0,1.0,0.0,0.0,1.0,0.0,1.0,0.0,1.0,0.0,2892.7,9250855.0
0.026487391763965484,-1.0,2.0,0.0,0.02755123319340003,0.7888266718156658,-0.44699304219629266,-1.0,-1.0,0.0,0.0,1.0,0.0,0.0,1.0,0.0,0.0,0.0,1.0,0.0,0.0,0.0,1.0,0.0,0.0,0.0,1.0,0.0,1.0,0.0,1273.7,2761891.0
-0.11984653941632693,1.0,0.0,0.0,-0.13449227551696935,-0.805578082426895,-0.2458603764765106,0.0,1.0,0.0,0.0,1.0,0.0,1.0,0.0,0.0,0.0,1.0,0.0,0.0,0.0,0.0,0.0,1.0,0.0,0.0,1.0,0.0,1.0,0.0,4206.9,7826517.0
-0.42881068047653537,0.0,-2.0,-1.0,-0.5893347890935708,-0.8211108965694794,0.3905539274734362,0.0,0.0,1.0,0.0,0.0,0.0,0.0,0.0,0.0,1.0,0.0,0.0,1.0,0.0,0.0,0.0,1.0,0.0,0.0,1.0,0.0,1.0,0.0,5833.0,7058513.0
0.19101804230856037,0.0,0.0,-1.0,0.18428089732530456,-0.14937246572697452,-0.010589525538915213,0.0,2.0,0.0,0.0,0.0,1.0,0.0,0.0,1.0,0.0,0.0,1.0,0.0,0.0,0.0,0.0,1.0,0.0,0.0,1.0,0.0,0.0,1.0,4513.3,11799596.0
-0.5254480882754686,-1.0,-1.0,-1.0,-0.7839059958435045,-0.40749179378258354,-0.3718379748656082,-1.0,-1.0,1.0,0.0,0.0,0.0,1.0,0.0,0.0,0.0,0.0,0.0,1.0,0.0,0.0,0.0,0.0,0.0,1.0,1.0,0.0,1.0,0.0,2172.8,2187358.0
-0.33222078369421887,-1.0,0.0,0.0,-0.42511692871780304,0.011327798159232799,-0.4065910357598747,-1.0,-1.0,1.0,0.0,0.0,0.0,1.0,0.0,0.0,0.0,0.0,1.0,0.0,0.0,0.0,0.0,0.0,0.0,1.0,1.0,0.0,1.0,0.0,2174.1,3072873.0
-0.05033792210568806,-1.0,-1.0,-1.0,-0.054422932835837365,0.6223080388749437,0.16752665360205685,-1.0,-1.0,1.0,0.0,0.0,0.0,0.0,1.0,0.0,0.0,0.0,1.0,0.0,0.0,0.0,0.0,0.0,0.0,1.0,1.0,0.0,1.0,0.0,2388.6,4793204.0
-0.34405102683184646,-1.0,-1.0,-1.0,-0.4439132571590168,-0.014314217673939722,-0.16590855971665372,-1.0,-1.0,0.0,0.0,1.0,0.0,0.0,1.0,0.0,0.0,1.0,0.0,0.0,0.0,0.0,0.0,1.0,0.0,0.0,1.0,0.0,1.0,0.0,4614.7,6407511.0
1.1076955969165354,1.0,-1.0,-1.0,0.7867000834563465,0.0813198601188561,1.4821739990291438,0.0,1.0,0.0,1.0,0.0,0.0,0.0,1.0,0.0,0.0,0.0,0.0,0.0,1.0,0.0,0.0,0.0,0.0,1.0,1.0,0.0,1.0,0.0,2174.5,9663695.0
1.3257711631884646,1.0,0.0,1.0,0.8906950483856461,0.23887923451545776,0.8482227935491992,0.0,1.0,0.0,0.0,0.0,1.0,0.0,1.0,0.0,0.0,0.0,0.0,0.0,1.0,0.0,0.0,0.0,0.0,1.0,1.0,0.0,1.0,0.0,1670.3,8189648.0
-0.4305210770747465,-1.0,1.0,-1.0,-0.5924851735398443,-0.20173778721760968,-0.5894446342208877,-1.0,-1.0,0.0,1.0,0.0,0.0,1.0,0.0,0.0,0.0,0.0,1.0,0.0,0.0,0.0,0.0,0.0,1.0,0.0,1.0,0.0,1.0,0.0,3159.8,3812299.0
-0.053188583102706743,0.0,-1.0,-1.0,-0.05759028949874215,-0.4140310227199589,0.16429046583125084,0.0,0.0,1.0,0.0,0.0,0.0,0.0,0.0,1.0,0.0,0.0,0.0,0.0,1.0,0.0,0.0,0.0,0.0,1.0,1.0,0.0,1.0,0.0,2306.8,4615215.0
0.41565012887363273,1.0,1.0,0.0,0.36653596704440994,-0.41868228529746204,-0.10914043257043197,0.0,3.0,0.0,0.0,0.0,1.0,1.0,0.0,0.0,0.0,0.0,0.0,1.0,0.0,0.0,1.0,0.0,0.0,0.0,1.0,0.0,0.0,1.0,1221.7,4099829.0
2.1854830088726827,1.0,0.0,0.0,1.2230579716525565,0.8600201669133894,1.4988763236906921,0.0,1.0,0.0,0.0,0.0,1.0,0.0,0.0,0.0,1.0,0.0,1.0,0.0,0.0,0.0,1.0,0.0,0.0,0.0,1.0,0.0,1.0,0.0,1542.4,10353514.0
-0.33036785404615676,0.0,0.0,0.0,-0.4222029318503611,-0.7144236339061596,-0.40518868772585886,0.0,0.0,1.0,0.0,0.0,0.0,0.0,1.0,0.0,0.0,0.0,1.0,0.0,0.0,0.0,0.0,0.0,0.0,1.0,1.0,0.0,1.0,0.0,2141.7,3035431.0
-0.1741991424261499,-1.0,0.0,0.0,-0.2016168743290239,0.35383922250112626,-0.2869959188076445,-1.0,-1.0,0.0,0.0,0.0,1.0,1.0,0.0,0.0,0.0,0.0,1.0,0.0,0.0,0.0,0.0,0.0,0.0,1.0,1.0,0.0,1.0,0.0,1868.8,3262925.0
2.29195519711133,1.0,0.0,1.0,1.2578061181675741,0.9369462144129065,1.5794573991837613,0.0,1.0,0.0,1.0,0.0,0.0,1.0,0.0,0.0,0.0,0.0,1.0,0.0,0.0,0.0,0.0,0.0,0.0,1.0,1.0,0.0,1.0,0.0,1793.3,12439584.0
0.367283913957549,0.0,-1.0,0.0,0.3298590035916537,0.041655403230996785,0.6416281620251343,0.0,0.0,0.0,0.0,0.0,1.0,0.0,1.0,0.0,0.0,0.0,0.0,0.0,1.0,0.0,0.0,1.0,0.0,0.0,1.0,0.0,1.0,0.0,4049.8,11686508.0
-0.6344858714114333,-1.0,2.0,-1.0,-1.0574065791598422,-0.6438308553774861,-0.7471386706459788,-1.0,-1.0,1.0,0.0,0.0,0.0,0.0,0.0,1.0,0.0,0.0,1.0,0.0,0.0,0.0,0.0,0.0,0.0,1.0,1.0,0.0,1.0,0.0,2637.6,2049943.0
0.6452708721834878,1.0,0.0,0.0,0.5251717150359867,-0.2527815322563344,0.33320148864637467,0.0,2.5,1.0,0.0,0.0,0.0,0.0,0.0,0.0,1.0,0.0,1.0,0.0,0.0,0.0,0.0,0.0,1.0,0.0,0.0,1.0,1.0,0.0,4151.4,14408679.0
-0.13362473423525056,-1.0,0.0,1.0,-0.15110949384274855,0.4417841282100792,-0.2562880926268854,-1.0,-1.0,0.0,1.0,0.0,0.0,0.0,1.0,0.0,0.0,0.0,0.0,0.0,1.0,0.0,0.0,0.0,0.0,1.0,1.0,0.0,1.0,0.0,1918.5,3513541.0
0.40667054673302383,0.0,1.0,1.0,0.3598219837782059,0.08434060629465134,-0.11423742830945142,0.0,0.0,0.0,1.0,0.0,0.0,0.0,1.0,0.0,0.0,0.0,1.0,0.0,0.0,0.0,0.0,0.0,0.0,1.0,1.0,0.0,1.0,0.0,1635.9,4856333.0
1.2217695478138995,0.0,0.0,-1.0,0.8423714695054514,0.9677029027482781,0.7695115154348176,0.0,0.0,0.0,1.0,0.0,0.0,0.0,0.0,0.0,1.0,0.0,1.0,0.0,0.0,0.0,0.0,0.0,1.0,0.0,1.0,0.0,1.0,0.0,3383.8,15850396.0
-0.45137841336959994,-1.0,2.0,0.0,-0.6316764187911788,-0.24694599987127522,-0.6639902195214037,-1.0,-1.0,1.0,0.0,0.0,0.0,0.0,0.0,0.0,1.0,0.0,1.0,0.0,0.0,0.0,0.0,0.0,0.0,1.0,1.0,0.0,1.0,0.0,2478.4,2881388.0
1.6850494708460526,1.0,-1.0,0.0,1.042455986229216,0.4984574456673317,2.1376098955430503,0.0,1.0,0.0,0.0,1.0,0.0,0.0,1.0,0.0,0.0,0.0,0.0,0.0,1.0,0.0,0.0,0.0,0.0,1.0,1.0,0.0,1.0,0.0,1720.9,9739089.0
1.238065826513523,0.0,0.0,-1.0,0.8500907332677728,0.9853639698783548,0.7818449866057783,0.0,0.0,0.0,1.0,0.0,0.0,0.0,0.0,1.0,0.0,0.0,0.0,0.0,1.0,0.0,0.0,0.0,1.0,0.0,1.0,0.0,1.0,0.0,2946.2,13901645.0
0.6246510909717192,0.0,-1.0,-1.0,0.51185924757093,0.3205766879062882,0.9338019812660686,0.0,0.0,1.0,0.0,0.0,0.0,0.0,1.0,0.0,0.0,0.0,0.0,0.0,1.0,0.0,0.0,0.0,0.0,1.0,1.0,0.0,1.0,0.0,2274.0,7793908.0
-0.6838023066598565,-1.0,0.0,-1.0,-1.2089080825583123,-0.7507240780073374,-0.6726775858039228,-1.0,-1.0,0.0,1.0,0.0,0.0,1.0,0.0,0.0,0.0,0.0,1.0,0.0,0.0,0.0,0.0,0.0,1.0,0.0,1.0,0.0,1.0,0.0,3188.4,2147069.0
-0.1261655046263851,1.0,0.0,0.0,-0.1420808973013414,-0.8101435283516768,-0.25064274284892396,0.0,1.0,0.0,0.0,0.0,1.0,0.0,1.0,0.0,0.0,1.0,0.0,0.0,0.0,0.0,0.0,0.0,0.0,1.0,1.0,0.0,1.0,0.0,2015.3,3722461.0
-0.5459253364373863,-1.0,1.0,0.0,-0.8301652069611297,-0.45187616657012303,-0.6549504683482856,-1.0,-1.0,0.0,1.0,0.0,0.0,0.0,0.0,1.0,0.0,0.0,0.0,0.0,1.0,0.0,0.0,1.0,0.0,0.0,1.0,0.0,1.0,0.0,4927.0,4747657.0
0.09091233029658768,0.0,-2.0,0.0,0.09171393974407163,-0.25786187809744493,1.5705758616349939,0.0,0.0,0.0,0.0,0.0,1.0,0.0,0.0,1.0,0.0,0.0,1.0,0.0,0.0,0.0,1.0,0.0,0.0,0.0,1.0,0.0,1.0,0.0,1316.7,3033677.0
-0.37621598508154064,0.0,1.0,1.0,-0.496773135421256,-0.7641114758318853,-0.5586199457039606,0.0,0.0,1.0,0.0,0.0,0.0,0.0,0.0,1.0,0.0,0.0,0.0,0.0,1.0,0.0,0.0,0.0,0.0,1.0,1.0,0.0,1.0,0.0,2068.2,2731679.0
-0.1086814505113371,-1.0,0.0,0.0,-0.12121540291336069,0.49584861942459935,-0.23741033063051714,-1.0,-1.0,0.0,0.0,0.0,1.0,1.0,0.0,0.0,0.0,0.0,0.0,0.0,0.0,1.0,0.0,0.0,1.0,0.0,1.0,0.0,1.0,0.0,2801.7,5278123.0
-0.6620897720658976,-1.0,-1.0,0.0,-1.1395210987031554,-0.7036622256548885,-0.5269592420129087,-1.0,-1.0,0.0,0.0,0.0,1.0,0.0,0.0,1.0,0.0,0.0,1.0,0.0,0.0,0.0,0.0,0.0,0.0,1.0,1.0,0.0,1.0,0.0,2094.6,1506227.0
-0.011093822380064117,-1.0,1.0,0.0,-0.011755972992266047,0.7073695050524555,-0.3513690872152603,-1.0,-1.0,0.0,0.0,0.0,1.0,0.0,0.0,0.0,1.0,0.0,0.0,0.0,0.0,1.0,1.0,0.0,0.0,0.0,1.0,0.0,1.0,0.0,1589.3,3320524.0
0.6441306077846802,0.0,0.0,-1.0,0.5244398997400412,0.34168758447576747,0.3323385052408264,0.0,0.0,1.0,0.0,0.0,0.0,0.0,0.0,1.0,0.0,0.0,1.0,0.0,0.0,0.0,0.0,0.0,0.0,1.0,1.0,0.0,1.0,0.0,2414.7,8375145.0
0.3609174377308741,1.0,-1.0,0.0,0.3249351188306977,-0.45822659887151107,0.6344006760036678,0.0,1.0,0.0,0.0,0.0,1.0,0.0,1.0,0.0,0.0,0.0,0.0,0.0,0.0,1.0,0.0,0.0,1.0,0.0,1.0,0.0,1.0,0.0,2682.8,7705806.0
0.9237329405755962,1.0,0.0,-1.0,0.6902531538057876,-0.05159297161614225,0.5439492278096402,0.0,1.0,1.0,0.0,0.0,0.0,0.0,0.0,1.0,0.0,0.0,0.0,1.0,0.0,0.0,1.0,0.0,0.0,0.0,1.0,0.0,1.0,0.0,1911.0,7752736.0
0.17453171954246907,1.0,0.0,-1.0,0.16958222992373723,-0.5928900903220271,-0.023066827277467134,0.0,1.0,0.0,0.0,0.0,1.0,1.0,0.0,0.0,0.0,0.0,0.0,0.0,0.0,1.0,1.0,0.0,0.0,0.0,1.0,0.0,1.0,0.0,1363.4,3381232.0
1.259730850090865,0.0,0.0,-1.0,0.8602666595178493,1.0088434060629465,0.7982416713111956,0.0,0.0,0.0,0.0,0.0,1.0,0.0,1.0,0.0,0.0,0.0,1.0,0.0,0.0,0.0,0.0,1.0,0.0,0.0,1.0,0.0,1.0,0.0,4315.6,20559950.0
-0.3995438942404768,-1.0,-1.0,-1.0,-0.5368325366194071,-0.13459483812833886,-0.22890634832167697,-1.0,-1.0,0.0,0.0,0.0,1.0,0.0,1.0,0.0,0.0,0.0,0.0,0.0,0.0,1.0,0.0,0.0,0.0,1.0,1.0,0.0,1.0,0.0,2040.2,2594522.0
-0.4212564288344358,-1.0,-1.0,0.0,-0.5755316918240995,-0.1816566904807879,-0.2535553118426493,-1.0,-1.0,0.0,0.0,0.0,1.0,0.0,1.0,0.0,0.0,0.0,0.0,1.0,0.0,0.0,0.0,0.0,0.0,1.0,1.0,0.0,1.0,0.0,1889.9,2317017.0
-0.230262142034184,-1.0,-1.0,1.0,-0.27562532314972665,0.23232284224753805,-0.03673073119864794,-1.0,-1.0,0.0,1.0,0.0,0.0,1.0,0.0,0.0,0.0,0.0,1.0,0.0,0.0,0.0,0.0,0.0,1.0,0.0,1.0,0.0,1.0,0.0,2606.9,4244033.0
0.09452316755947798,-1.0,0.0,0.0,0.0951974930190444,0.9362940078522235,-0.08361949623343698,-1.0,-1.0,0.0,1.0,0.0,0.0,1.0,0.0,0.0,0.0,0.0,1.0,0.0,0.0,0.0,0.0,0.0,0.0,1.0,1.0,0.0,1.0,0.0,1789.7,4137071.0
0.37146488341984313,1.0,-1.0,-1.0,0.33308018126153094,-0.4506060801098454,0.6463745707556499,0.0,2.5,0.0,1.0,0.0,0.0,1.0,0.0,0.0,0.0,0.0,1.0,0.0,0.0,0.0,0.0,0.0,0.0,1.0,0.0,1.0,1.0,0.0,2345.5,6789050.0
-0.3523654547398176,-1.0,-1.0,0.0,-0.45732618525931473,-0.03233571474544645,-0.17534744071483785,-1.0,-1.0,0.0,0.0,0.0,1.0,0.0,0.0,0.0,1.0,0.0,0.0,0.0,1.0,0.0,0.0,0.0,0.0,1.0,1.0,0.0,1.0,0.0,2030.2,2783404.0
-0.760770153579361,-1.0,-1.0,-1.0,-1.4996325903359309,-0.9175516508978568,-0.6389852753456426,-1.0,-1.0,0.0,0.0,0.0,1.0,0.0,1.0,0.0,0.0,0.0,1.0,0.0,0.0,0.0,0.0,0.0,1.0,0.0,1.0,0.0,1.0,0.0,3399.9,1738709.0
1.2754569965910847,0.0,-1.0,0.0,0.8675923190401658,1.0258865932934285,1.672623649341076,0.0,0.0,0.0,1.0,0.0,0.0,1.0,0.0,0.0,0.0,0.0,0.0,0.0,0.0,1.0,0.0,0.0,1.0,0.0,1.0,0.0,1.0,0.0,2554.2,12253008.0
0.35949210723236474,1.0,-2.0,0.0,0.32382961083228956,-0.45925639870416857,2.180381510580536,0.0,3.0,0.0,0.0,0.0,1.0,0.0,0.0,0.0,1.0,1.0,0.0,0.0,0.0,0.0,0.0,0.0,0.0,1.0,1.0,0.0,0.0,1.0,2096.0,6464053.0
0.02872040954496337,-1.0,0.0,0.0,0.02984148367573965,0.793666731029156,-0.13342083026195134,-1.0,-1.0,1.0,0.0,0.0,0.0,0.0,1.0,0.0,0.0,0.0,1.0,0.0,0.0,0.0,0.0,0.0,0.0,1.0,1.0,0.0,1.0,0.0,2153.5,4679771.0
0.9802235393331831,0.0,0.0,0.0,0.7208156651690515,0.7059277852867349,0.5867028640261772,0.0,0.0,0.0,1.0,0.0,0.0,0.0,1.0,0.0,0.0,0.0,0.0,0.0,1.0,0.0,0.0,0.0,0.0,1.0,1.0,0.0,1.0,0.0,1859.4,7764483.0
-0.21377581926809258,-1.0,0.0,-1.0,-0.2533195042910969,0.26805689644075426,-0.3169486345085488,-1.0,-1.0,0.0,0.0,0.0,1.0,1.0,0.0,0.0,0.0,0.0,0.0,1.0,0.0,0.0,0.0,0.0,0.0,1.0,1.0,0.0,1.0,0.0,1951.9,3245424.0
-0.09300281502773433,-1.0,-1.0,1.0,-0.10284806829370716,0.5298320139022977,0.11909170996566054,-1.0,-1.0,1.0,0.0,0.0,0.0,0.0,1.0,0.0,0.0,0.0,1.0,0.0,0.0,0.0,0.0,0.0,0.0,1.0,1.0,0.0,1.0,0.0,2019.6,3871371.0
0.04515922129443773,-1.0,0.0,0.0,0.046550783425303395,0.8292978052391063,-0.12097948616529725,-1.0,-1.0,0.0,0.0,0.0,1.0,0.0,0.0,0.0,1.0,0.0,1.0,0.0,0.0,0.0,0.0,0.0,0.0,1.0,1.0,0.0,1.0,0.0,2104.1,4645222.0
0.9484386692164245,0.0,-2.0,-1.0,0.7037281576610162,0.6714809808843403,3.5175742974775703,0.0,0.0,0.0,1.0,0.0,0.0,1.0,0.0,0.0,0.0,0.0,1.0,0.0,0.0,0.0,0.0,0.0,0.0,1.0,1.0,0.0,1.0,0.0,1830.2,7520109.0
-0.7364445130714683,-1.0,-1.0,-1.0,-1.3988441858221656,-0.8648258994657914,-0.6113698063680983,-1.0,-1.0,0.0,0.0,0.0,1.0,1.0,0.0,0.0,0.0,0.0,0.0,0.0,0.0,1.0,0.0,0.0,1.0,0.0,1.0,0.0,1.0,0.0,2921.0,1643355.0
-0.5611288617548192,-1.0,0.0,-1.0,-0.8658680527350052,-0.48482976121516386,-0.5798349544236888,-1.0,-1.0,0.0,0.0,0.0,1.0,0.0,0.0,0.0,1.0,0.0,0.0,1.0,0.0,0.0,0.0,0.0,0.0,1.0,1.0,0.0,1.0,0.0,2294.9,2137929.0
1.1238018315496907,1.0,0.0,-1.0,0.7947401962362378,0.0929565982278861,0.6953668578414628,0.0,2.5,1.0,0.0,0.0,0.0,0.0,1.0,0.0,0.0,0.0,1.0,0.0,0.0,0.0,0.0,0.0,0.0,1.0,0.0,1.0,1.0,0.0,2694.5,12065971.0
0.7002886294259483,0.0,0.0,-1.0,0.5598936970952397,0.40254875458582723,0.3748404379640783,0.0,1.5,1.0,0.0,0.0,0.0,0.0,1.0,0.0,0.0,0.0,0.0,0.0,0.0,1.0,0.0,0.0,1.0,0.0,0.0,1.0,1.0,0.0,3530.9,12663926.0
-0.23254267083179891,0.0,-1.0,-1.0,-0.27874820512191345,-0.6084057411340671,-0.039319681415292705,0.0,1.5,0.0,0.0,1.0,0.0,1.0,0.0,0.0,0.0,0.0,0.0,1.0,0.0,0.0,0.0,0.0,0.0,1.0,0.0,1.0,1.0,0.0,2074.5,3367328.0
-0.5556175838272497,-1.0,-1.0,-1.0,-0.8527861683543644,-0.4728840831563365,-0.40608762877330495,-1.0,-1.0,0.0,1.0,0.0,0.0,0.0,0.0,1.0,0.0,0.0,0.0,1.0,0.0,0.0,1.0,0.0,0.0,0.0,1.0,0.0,1.0,0.0,1740.9,1642017.0
1.248993360335428,0.0,0.0,-1.0,0.8552355573489269,0.9972066679539163,0.7901152442422825,0.0,0.0,1.0,0.0,0.0,0.0,0.0,0.0,1.0,0.0,0.0,1.0,0.0,0.0,0.0,0.0,0.0,0.0,1.0,1.0,0.0,1.0,0.0,2397.0,11365376.0
1.158532384696702,0.0,0.0,-1.0,0.811872311683018,0.89916972388492,0.7216518940687872,0.0,1.5,0.0,0.0,0.0,1.0,1.0,0.0,0.0,0.0,0.0,0.0,0.0,0.0,1.0,1.0,0.0,0.0,0.0,0.0,1.0,1.0,0.0,1556.9,7085608.0
0.8855815942321626,0.0,-1.0,-1.0,0.669101619363395,0.6033597219540451,1.23002103522051,0.0,0.0,0.0,1.0,0.0,0.0,0.0,0.0,0.0,1.0,0.0,1.0,0.0,0.0,0.0,0.0,0.0,0.0,1.0,1.0,0.0,1.0,0.0,2144.4,8527421.0
1.0046442018743096,0.0,0.0,-1.0,0.7337592804762398,0.7323936409860331,0.605185091961669,0.0,0.0,1.0,0.0,0.0,0.0,0.0,1.0,0.0,0.0,0.0,0.0,0.0,0.0,1.0,0.0,0.0,0.0,1.0,1.0,0.0,1.0,0.0,2130.7,9006895.0
-0.37726122744711416,-1.0,-1.0,-1.0,-0.498535977422602,-0.08629722597670096,-0.20361014724654355,-1.0,-1.0,0.0,1.0,0.0,0.0,0.0,1.0,0.0,0.0,0.0,0.0,0.0,0.0,1.0,0.0,0.0,0.0,1.0,1.0,0.0,1.0,0.0,2363.2,3116116.0
-0.643798030668361,-1.0,0.0,-1.0,-1.0844018102845836,-0.6640149320975736,-0.642401251325938,-1.0,-1.0,0.0,0.0,1.0,0.0,0.0,1.0,0.0,0.0,0.0,0.0,1.0,0.0,0.0,0.0,0.0,0.0,1.0,1.0,0.0,1.0,0.0,1946.4,1474593.0
-0.30048342459407756,0.0,-2.0,0.0,-0.37628096774634934,-0.6820364291690804,0.681918699771669,0.0,1.5,0.0,1.0,0.0,0.0,1.0,0.0,0.0,0.0,0.0,0.0,0.0,0.0,1.0,0.0,0.0,0.0,1.0,0.0,1.0,1.0,0.0,2115.5,3131363.0
-0.7675167179389719,-1.0,0.0,0.0,-1.5293740593588554,-0.9321748085215936,-0.7360349508279246,-1.0,-1.0,0.0,0.0,1.0,0.0,1.0,0.0,0.0,0.0,0.0,1.0,0.0,0.0,0.0,0.0,0.0,0.0,1.0,1.0,0.0,1.0,0.0,1741.8,866023.0
0.05470893563445049,-1.0,-2.0,-1.0,0.05613784337757919,0.8499967818755231,1.4883766922565218,-1.0,-1.0,0.0,1.0,0.0,0.0,1.0,0.0,0.0,0.0,0.0,0.0,0.0,0.0,1.0,1.0,0.0,0.0,0.0,1.0,0.0,1.0,0.0,1545.8,3443733.0
0.7360169139219158,0.0,0.0,-1.0,0.5818468159714293,0.4412692282937504,0.4018805846712574,0.0,1.5,0.0,0.0,0.0,1.0,0.0,0.0,1.0,0.0,0.0,1.0,0.0,0.0,0.0,1.0,0.0,0.0,0.0,0.0,1.0,1.0,0.0,1641.9,6012309.0
-0.4633036785404614,-1.0,0.0,-1.0,-0.654754065921274,-0.27279397567097907,-0.5057981697560273,-1.0,-1.0,0.0,1.0,0.0,0.0,1.0,0.0,0.0,0.0,0.0,0.0,0.0,0.0,1.0,0.0,0.0,0.0,1.0,1.0,0.0,1.0,0.0,2184.4,2484755.0
-0.5200793433977502,-1.0,0.0,-1.0,-0.7721050108519134,-0.39585505567355356,-0.5487675518239513,-1.0,-1.0,1.0,0.0,0.0,0.0,0.0,1.0,0.0,0.0,0.0,1.0,0.0,0.0,0.0,0.0,0.0,1.0,0.0,1.0,0.0,1.0,0.0,3529.8,3593336.0
-0.4458671354420304,0.0,-2.0,-1.0,-0.6211787408000641,-0.839595803565682,0.351827547149458,0.0,0.0,0.0,0.0,0.0,1.0,0.0,1.0,0.0,0.0,0.0,0.0,0.0,0.0,1.0,0.0,0.0,0.0,1.0,1.0,0.0,1.0,0.0,1943.8,2282410.0
-0.11419272843890661,-1.0,-2.0,-1.0,-0.12774827661068705,0.4839029413657719,1.1048884414160118,-1.0,-1.0,0.0,0.0,0.0,1.0,0.0,0.0,1.0,0.0,0.0,1.0,0.0,0.0,0.0,0.0,0.0,0.0,1.0,1.0,0.0,1.0,0.0,2049.9,3838028.0
-0.3990212730576901,0.0,0.0,1.0,-0.5359182680006656,-0.7888266718156659,-0.4571474802682439,0.0,0.0,0.0,1.0,0.0,0.0,0.0,0.0,1.0,0.0,0.0,0.0,1.0,0.0,0.0,0.0,0.0,0.0,1.0,1.0,0.0,1.0,0.0,1967.1,2503725.0
-0.48221306315401863,-1.0,0.0,-1.0,-0.6924113388189561,-0.3137800090107486,-0.5201093112313693,-1.0,-1.0,0.0,0.0,1.0,0.0,0.0,0.0,1.0,0.0,0.0,1.0,0.0,0.0,0.0,0.0,0.0,1.0,0.0,1.0,0.0,1.0,0.0,2836.2,3113297.0
-0.1323894478032092,-1.0,1.0,1.0,-0.14960898029203798,0.44446160777498867,-0.42021898203915775,-1.0,-1.0,0.0,1.0,0.0,0.0,0.0,1.0,0.0,0.0,0.0,0.0,0.0,0.0,1.0,0.0,0.0,1.0,0.0,1.0,0.0,1.0,0.0,2700.4,4952534.0
0.6808566236296042,0.0,0.0,0.0,0.5477597672420572,0.3814893480079808,0.3601337624278598,0.0,0.0,0.0,0.0,1.0,0.0,1.0,0.0,0.0,0.0,0.0,0.0,0.0,0.0,1.0,0.0,0.0,0.0,1.0,1.0,0.0,1.0,0.0,1586.1,5623835.0
1.073440153935694,0.0,0.0,0.0,0.769394162925717,0.8069511488704382,0.6572517574297476,0.0,0.0,0.0,0.0,0.0,1.0,0.0,0.0,0.0,1.0,0.0,0.0,0.0,0.0,1.0,0.0,1.0,0.0,0.0,1.0,0.0,1.0,0.0,4101.3,17930884.0
1.2521290874321487,0.0,0.0,0.0,0.8567072914726067,1.0006050074016863,0.7924884486075403,0.0,0.0,0.0,0.0,0.0,1.0,0.0,0.0,1.0,0.0,0.0,0.0,0.0,0.0,1.0,0.0,0.0,0.0,1.0,1.0,0.0,1.0,0.0,1806.6,8577917.0
0.5400814813934983,1.0,-2.0,1.0,0.4554371530783386,-0.32878075990645983,2.590406501141655,0.0,2.5,0.0,1.0,0.0,0.0,0.0,0.0,1.0,0.0,0.0,1.0,0.0,0.0,0.0,0.0,0.0,1.0,0.0,0.0,1.0,1.0,0.0,3378.4,10977773.0
-0.07575631599577132,0.0,-1.0,1.0,-0.08300551455097131,-0.43848876874557513,0.13867064597903675,0.0,0.0,0.0,0.0,0.0,1.0,0.0,0.0,1.0,0.0,0.0,1.0,0.0,0.0,0.0,0.0,0.0,0.0,1.0,1.0,0.0,1.0,0.0,1728.2,3375520.0
-0.7208133886044824,-1.0,2.0,-1.0,-1.3388040420959542,-0.8309454849713588,-0.7863396918430088,-1.0,-1.0,0.0,1.0,0.0,0.0,0.0,0.0,1.0,0.0,0.0,1.0,0.0,0.0,0.0,0.0,1.0,0.0,0.0,1.0,0.0,1.0,0.0,5391.0,3210340.0
1.2360703638156099,0.0,-1.0,-1.0,0.8491485369504873,0.983201390229774,1.6279103216411068,0.0,0.0,0.0,0.0,0.0,1.0,1.0,0.0,0.0,0.0,0.0,1.0,0.0,0.0,0.0,0.0,0.0,0.0,1.0,1.0,0.0,1.0,0.0,1756.2,8279254.0
-0.7250418690833935,-1.0,0.0,0.0,-1.354712738199072,-0.8401107034820108,-0.7038888189712518,-1.0,-1.0,0.0,1.0,0.0,0.0,1.0,0.0,0.0,0.0,0.0,1.0,0.0,0.0,0.0,0.0,0.0,1.0,0.0,1.0,0.0,1.0,0.0,3072.8,1802504.0
-0.5192716561152615,-1.0,1.0,0.0,-0.7703409745924626,-0.3941043959580357,-0.6398212905197677,-1.0,-1.0,0.0,0.0,0.0,1.0,1.0,0.0,0.0,0.0,0.0,0.0,0.0,1.0,0.0,0.0,0.0,0.0,1.0,1.0,0.0,1.0,0.0,1852.8,1889300.0
0.5095794087253983,0.0,-1.0,0.0,0.4343257211443841,0.19586792817146148,0.8031678682511999,0.0,0.0,0.0,0.0,0.0,1.0,0.0,0.0,1.0,0.0,0.0,1.0,0.0,0.0,0.0,0.0,0.0,0.0,1.0,1.0,0.0,1.0,0.0,1779.0,5666471.0
0.3516527894905634,0.0,-1.0,-1.0,0.3177285870699145,0.024715195983780653,0.6238830657485482,0.0,0.0,1.0,0.0,0.0,0.0,0.0,0.0,1.0,0.0,0.0,0.0,0.0,0.0,1.0,0.0,0.0,0.0,1.0,1.0,0.0,1.0,0.0,2494.1,7115168.0
0.48321079450297544,0.0,0.0,-1.0,0.4157294898920299,0.1672909828152151,0.21054997213282758,0.0,0.0,0.0,1.0,0.0,0.0,0.0,1.0,0.0,0.0,0.0,0.0,0.0,0.0,1.0,0.0,0.0,1.0,0.0,1.0,0.0,1.0,0.0,3116.4,9753397.0
1.0569063201529856,0.0,-2.0,-1.0,0.7609388759727851,0.7890326317821972,3.7638481868359066,0.0,1.5,0.0,0.0,0.0,1.0,0.0,1.0,0.0,0.0,0.0,0.0,0.0,1.0,0.0,0.0,0.0,0.0,1.0,0.0,1.0,1.0,0.0,2247.2,9746556.0
1.0352888075922606,0.0,0.0,-1.0,0.7497809335295502,0.7656046855892384,0.6283777709857786,0.0,0.0,0.0,1.0,0.0,0.0,0.0,0.0,1.0,0.0,0.0,0.0,0.0,0.0,1.0,1.0,0.0,0.0,0.0,1.0,0.0,1.0,0.0,1615.3,6932383.0
0.1523440747823404,0.0,1.0,1.0,0.14947257118271234,-0.19128531891613568,-0.2585983711188219,0.0,0.0,0.0,0.0,0.0,1.0,1.0,0.0,0.0,0.0,0.0,0.0,0.0,0.0,1.0,0.0,0.0,0.0,1.0,1.0,0.0,1.0,0.0,1601.8,3897660.0
-0.37887660201209133,-1.0,0.0,0.0,-0.5012661587117115,-0.08979854540773642,-0.44190144010355786,-1.0,-1.0,0.0,0.0,0.0,1.0,0.0,0.0,1.0,0.0,0.0,1.0,0.0,0.0,0.0,0.0,0.0,0.0,1.0,1.0,0.0,1.0,0.0,2092.4,2751924.0
-0.5805133565345463,-1.0,0.0,-1.0,-0.9132090385910268,-0.526845594387591,-0.5945056723180092,-1.0,-1.0,0.0,0.0,0.0,1.0,0.0,1.0,0.0,0.0,0.0,1.0,0.0,0.0,0.0,0.0,0.0,0.0,1.0,1.0,0.0,1.0,0.0,2164.6,1928226.0
-0.505445950279721,-1.0,2.0,-1.0,-0.7405920593842136,-0.3641372208277018,-0.6885420974092518,-1.0,-1.0,0.0,0.0,0.0,1.0,0.0,0.0,1.0,0.0,0.0,0.0,1.0,0.0,0.0,0.0,0.0,0.0,1.0,1.0,0.0,1.0,0.0,2258.4,2368610.0
0.1390885011462035,0.0,2.0,0.0,0.13727353201392212,-0.20565102658170822,-0.395861275417558,0.0,0.0,0.0,0.0,0.0,1.0,1.0,0.0,0.0,0.0,0.0,1.0,0.0,0.0,0.0,0.0,0.0,0.0,1.0,1.0,0.0,1.0,0.0,1613.5,3881113.0
0.8109417871268901,1.0,0.0,0.0,0.6264563432173812,-0.1330844650404411,0.4585857859441579,0.0,1.0,0.0,0.0,1.0,0.0,0.0,1.0,0.0,0.0,0.0,0.0,0.0,1.0,0.0,0.0,0.0,1.0,0.0,1.0,0.0,1.0,0.0,2575.1,9835594.0
-0.39835611882505234,0.0,0.0,-1.0,-0.5347557945965887,-0.7881058119328056,-0.45664407328167406,0.0,1.5,0.0,1.0,0.0,0.0,1.0,0.0,0.0,0.0,0.0,0.0,0.0,0.0,1.0,0.0,0.0,0.0,1.0,0.0,1.0,1.0,0.0,2430.0,3096306.0
-0.3620577021296812,0.0,0.0,-1.0,-0.47317948771377166,-0.7487674583252881,-0.429172434871721,0.0,0.0,1.0,0.0,0.0,0.0,1.0,0.0,0.0,0.0,0.0,1.0,0.0,0.0,0.0,0.0,0.0,0.0,1.0,1.0,0.0,1.0,0.0,2167.8,2927831.0
1.071349669204547,0.0,1.0,1.0,0.7683288270195077,0.8046855892385918,0.2630481293036804,0.0,0.0,0.0,1.0,0.0,0.0,1.0,0.0,0.0,0.0,0.0,0.0,1.0,0.0,0.0,0.0,0.0,0.0,1.0,1.0,0.0,1.0,0.0,1678.0,7328833.0
0.9813638037319904,0.0,-2.0,0.0,0.7214235728125956,0.7071635450859237,3.592330234983189,0.0,0.0,0.0,0.0,1.0,0.0,1.0,0.0,0.0,0.0,1.0,0.0,0.0,0.0,0.0,0.0,0.0,1.0,0.0,1.0,0.0,1.0,0.0,2410.8,10072805.0
-0.41964105426945847,-1.0,0.0,0.0,-0.5726033071726846,-0.1781553710497522,-0.47275309685190836,-1.0,-1.0,0.0,0.0,0.0,1.0,0.0,1.0,0.0,0.0,0.0,0.0,0.0,1.0,0.0,0.0,0.0,1.0,0.0,1.0,0.0,1.0,0.0,3029.2,3724098.0
-0.3230986685037592,1.0,1.0,1.0,-0.41084795937243024,-0.9524275385638584,-0.5284694629726182,0.0,3.0,0.0,0.0,1.0,0.0,0.0,1.0,0.0,0.0,1.0,0.0,0.0,0.0,0.0,0.0,1.0,0.0,0.0,1.0,0.0,0.0,1.0,3761.6,5838868.0
-0.07898706512572581,0.0,-1.0,-1.0,-0.0866943679121392,-0.44199008817661073,0.13500296650545665,0.0,0.0,0.0,0.0,1.0,0.0,0.0,0.0,1.0,0.0,0.0,1.0,0.0,0.0,0.0,0.0,1.0,0.0,0.0,1.0,0.0,1.0,0.0,4546.0,8848334.0
-0.5693007566129393,-1.0,0.0,0.0,-0.8855679428055636,-0.5025423183368734,-0.586019668830118,-1.0,-1.0,0.0,0.0,0.0,1.0,0.0,0.0,1.0,0.0,0.0,0.0,0.0,1.0,0.0,0.0,0.0,1.0,0.0,1.0,0.0,1.0,0.0,2900.5,2652217.0
0.9343754082977993,0.0,0.0,0.0,0.6960788192197399,0.6562399433610092,0.5520037395947573,0.0,0.0,0.0,1.0,0.0,0.0,0.0,0.0,1.0,0.0,0.0,0.0,0.0,1.0,0.0,0.0,0.0,0.0,1.0,1.0,0.0,1.0,0.0,1951.4,7960346.0
1.6486560321174473,1.0,-2.0,0.0,1.0280368437534237,0.472163223273476,5.10740547634886,0.0,1.0,0.0,0.0,0.0,1.0,1.0,0.0,0.0,0.0,0.0,1.0,0.0,0.0,0.0,0.0,0.0,0.0,1.0,1.0,0.0,1.0,0.0,1872.7,10454722.0
-0.4427789193619268,-1.0,-1.0,0.0,-0.6153416280401833,-0.22830662290017384,-0.27798852951223446,-1.0,-1.0,1.0,0.0,0.0,0.0,0.0,1.0,0.0,0.0,0.0,0.0,0.0,0.0,1.0,0.0,0.0,0.0,1.0,1.0,0.0,1.0,0.0,2247.0,2653033.0
-0.3961706120606714,-1.0,1.0,-1.0,-0.530945204993874,-0.1272832593164705,-0.5699466029017816,-1.0,-1.0,0.0,0.0,0.0,1.0,0.0,0.0,0.0,1.0,0.0,1.0,0.0,0.0,0.0,1.0,0.0,0.0,0.0,1.0,0.0,1.0,0.0,1672.4,2138665.0
-0.2508819232459525,-1.0,0.0,0.0,-0.3042021471334886,0.18762952951020126,-0.34503155283076536,-1.0,-1.0,1.0,0.0,0.0,0.0,1.0,0.0,0.0,0.0,0.0,0.0,0.0,1.0,0.0,0.0,0.0,1.0,0.0,1.0,0.0,1.0,0.0,3454.7,5474318.0
-0.5416018339252412,-1.0,0.0,-1.0,-0.8202283653111472,-0.4425049880929395,-0.5650563636036747,-1.0,-1.0,0.0,0.0,0.0,1.0,0.0,0.0,1.0,0.0,1.0,0.0,0.0,0.0,0.0,0.0,1.0,0.0,0.0,1.0,0.0,1.0,0.0,5209.4,5067183.0
0.04069318573244197,-1.0,-1.0,0.0,0.0420373014985449,0.819617686812126,0.27086891641646155,-1.0,-1.0,0.0,0.0,0.0,1.0,0.0,1.0,0.0,0.0,1.0,0.0,0.0,0.0,0.0,0.0,1.0,0.0,0.0,1.0,0.0,1.0,0.0,4468.7,9823543.0
-0.1330070910192299,-1.0,0.0,0.0,-0.1503589711204308,0.4431228679925339,-0.2558206432822135,-1.0,-1.0,1.0,0.0,0.0,0.0,0.0,1.0,0.0,0.0,0.0,1.0,0.0,0.0,0.0,0.0,0.0,0.0,1.0,1.0,0.0,1.0,0.0,2140.5,3922894.0
-0.44791010915656043,-1.0,0.0,-1.0,-0.6250579857556025,-0.23942846109287508,-0.4941478937811257,-1.0,-1.0,0.0,0.0,0.0,1.0,0.0,0.0,1.0,0.0,0.0,1.0,0.0,0.0,0.0,0.0,0.0,0.0,1.0,1.0,0.0,1.0,0.0,2104.6,2462172.0
0.11975151738309328,0.0,2.0,0.0,0.11922174563370325,-0.22660745317628905,-0.4046421315690117,0.0,0.0,1.0,0.0,0.0,0.0,0.0,0.0,1.0,0.0,0.0,1.0,0.0,0.0,0.0,0.0,0.0,0.0,1.0,1.0,0.0,1.0,0.0,2328.2,5505495.0
-0.6623273271489825,-1.0,0.0,1.0,-1.140256158717685,-0.7041771255712171,-0.6564247316660973,-1.0,-1.0,0.0,1.0,0.0,0.0,0.0,1.0,0.0,0.0,0.0,0.0,0.0,0.0,1.0,0.0,0.0,0.0,1.0,1.0,0.0,1.0,0.0,1951.4,1402276.0
0.5165635281680941,0.0,2.0,-1.0,0.4391969571090556,0.20343695694149444,-0.22445119649053405,0.0,0.0,0.0,0.0,0.0,1.0,0.0,0.0,0.0,1.0,0.0,1.0,0.0,0.0,0.0,0.0,0.0,0.0,1.0,1.0,0.0,1.0,0.0,2187.7,7000421.0
-0.2905536221211292,-1.0,0.0,0.0,-0.3614530132435896,0.10164124348329774,-0.37505618381546535,-1.0,-1.0,1.0,0.0,0.0,0.0,1.0,0.0,0.0,0.0,0.0,0.0,0.0,0.0,1.0,0.0,0.0,0.0,1.0,1.0,0.0,1.0,0.0,2186.2,3281705.0
-0.5653098312171133,0.0,0.0,0.0,-0.8759012452880123,-0.9690416425307332,-0.5829992269106992,0.0,0.0,0.0,1.0,0.0,0.0,0.0,1.0,0.0,0.0,1.0,0.0,0.0,0.0,0.0,0.0,0.0,1.0,0.0,1.0,0.0,1.0,0.0,2776.6,2562246.0
0.8071884168141489,1.0,-1.0,-1.0,0.6242658037820301,-0.13579627126643937,1.1410258715233454,0.0,1.0,0.0,1.0,0.0,0.0,0.0,0.0,1.0,0.0,0.0,1.0,0.0,0.0,0.0,0.0,0.0,0.0,1.0,1.0,0.0,1.0,0.0,2282.7,8700739.0
-0.5619840600539249,-1.0,0.0,-1.0,-0.8679125725816889,-0.4866834009139475,-0.5804821919778499,-1.0,-1.0,0.0,0.0,1.0,0.0,1.0,0.0,0.0,0.0,0.0,0.0,0.0,1.0,0.0,0.0,0.0,1.0,0.0,1.0,0.0,1.0,0.0,2790.9,2594979.0
0.0024468173557746294,-1.0,1.0,-1.0,0.0025753747816398623,0.736718800283195,-0.34368314125959604,-1.0,-1.0,0.0,0.0,0.0,1.0,1.0,0.0,0.0,0.0,0.0,0.0,1.0,0.0,0.0,0.0,0.0,0.0,1.0,1.0,0.0,1.0,0.0,1925.6,4078036.0
0.7960233279091591,0.0,-1.0,-1.0,0.6177227076474869,0.5063010877260731,1.1283508027543552,0.0,0.0,0.0,1.0,0.0,0.0,1.0,0.0,0.0,0.0,0.0,0.0,1.0,0.0,0.0,0.0,0.0,1.0,0.0,1.0,0.0,1.0,0.0,2941.8,11143833.0
2.186955850387809,1.0,0.0,0.0,1.2235465123739722,0.8610842934071355,1.4999910105895253,0.0,2.5,1.0,0.0,0.0,0.0,0.0,0.0,1.0,0.0,0.0,1.0,0.0,0.0,0.0,1.0,0.0,0.0,0.0,0.0,1.0,1.0,0.0,1964.0,13189635.0
-0.26855602142746826,-1.0,0.0,1.0,-0.32932616693154737,0.14932097573534145,-0.3584077956167633,-1.0,-1.0,0.0,1.0,0.0,0.0,0.0,0.0,1.0,0.0,0.0,0.0,1.0,0.0,0.0,1.0,0.0,0.0,0.0,1.0,0.0,1.0,0.0,1502.7,2325278.0
-0.039030300150847304,0.0,-2.0,0.0,-0.041951642002895397,-0.39868700521336176,1.275543409863181,0.0,2.0,1.0,0.0,0.0,0.0,0.0,1.0,0.0,0.0,0.0,0.0,1.0,0.0,0.0,0.0,1.0,0.0,0.0,1.0,0.0,0.0,1.0,4753.0,10100966.0
-0.6846099939423451,-1.0,0.0,0.0,-1.211579083846516,-0.7524747377228551,-0.6732888657161863,-1.0,-1.0,0.0,0.0,0.0,1.0,0.0,0.0,1.0,0.0,0.0,0.0,0.0,0.0,1.0,1.0,0.0,0.0,0.0,1.0,0.0,1.0,0.0,1532.6,1029447.0
-0.2076468981245025,0.0,-1.0,0.0,-0.2451455693340969,-0.58142498551844,-0.011056974883587133,0.0,1.5,0.0,0.0,1.0,0.0,0.0,1.0,0.0,0.0,1.0,0.0,0.0,0.0,0.0,0.0,0.0,0.0,1.0,0.0,1.0,1.0,0.0,2072.2,3472178.0
-0.32509413120167213,-1.0,-1.0,-1.0,-0.41395289810942365,0.02677479564909571,-0.14438791104079382,-1.0,-1.0,0.0,0.0,0.0,1.0,0.0,0.0,1.0,0.0,0.0,0.0,1.0,0.0,0.0,0.0,0.0,1.0,0.0,1.0,0.0,1.0,0.0,3209.0,4583736.0
-0.41921345511990576,0.0,0.0,-1.0,-0.5718295010088388,-0.8107099182596385,-0.47242947807482777,0.0,0.0,0.0,1.0,0.0,0.0,0.0,0.0,1.0,0.0,0.0,0.0,0.0,0.0,1.0,0.0,1.0,0.0,0.0,1.0,0.0,1.0,0.0,4853.7,5971507.0
-0.5168010832511787,-1.0,0.0,1.0,-0.7649632805479284,-0.3887494368282165,-0.5462864745329999,-1.0,-1.0,0.0,0.0,0.0,1.0,1.0,0.0,0.0,0.0,0.0,1.0,0.0,0.0,0.0,0.0,1.0,0.0,0.0,1.0,0.0,1.0,0.0,3761.8,3855469.0
1.3782233255336083,1.0,1.0,0.0,0.9142542958905824,0.2767758683572547,0.4372359360673127,0.0,2.5,0.0,1.0,0.0,0.0,1.0,0.0,0.0,0.0,0.0,1.0,0.0,0.0,0.0,0.0,0.0,1.0,0.0,0.0,1.0,1.0,0.0,2969.7,14888591.0
-0.7036619116057534,-1.0,0.0,-1.0,-1.2766213250330554,-0.793769711012422,-0.6877078801172218,-1.0,-1.0,1.0,0.0,0.0,0.0,1.0,0.0,0.0,0.0,0.0,1.0,0.0,0.0,0.0,0.0,0.0,0.0,1.0,1.0,0.0,1.0,0.0,2416.5,1526261.0
-0.2777256476345451,-1.0,0.0,-1.0,-0.34259979739375457,0.129445838965051,-0.36534762050304737,-1.0,-1.0,0.0,0.0,0.0,1.0,0.0,1.0,0.0,0.0,0.0,0.0,0.0,0.0,1.0,0.0,1.0,0.0,0.0,1.0,0.0,1.0,0.0,4579.8,6998392.0
-0.2571058664227766,0.0,0.0,1.0,-0.31298170590884566,-0.6350260668082642,-0.3497420039193828,0.0,0.0,0.0,0.0,0.0,1.0,0.0,1.0,0.0,0.0,0.0,1.0,0.0,0.0,0.0,0.0,0.0,0.0,1.0,1.0,0.0,1.0,0.0,1673.6,2630062.0
0.23430057844662755,0.0,-1.0,0.0,0.2219258698233892,-0.10246508334942396,0.490660002517035,0.0,0.0,0.0,0.0,0.0,1.0,0.0,1.0,0.0,0.0,0.0,1.0,0.0,0.0,0.0,0.0,0.0,1.0,0.0,1.0,0.0,1.0,0.0,2558.2,6666158.0
0.5675903600147286,0.0,-1.0,0.0,0.4741223148133262,0.2587372079552037,0.8690242893871021,0.0,0.0,1.0,0.0,0.0,0.0,0.0,0.0,1.0,0.0,0.0,1.0,0.0,0.0,0.0,0.0,0.0,1.0,0.0,1.0,0.0,1.0,0.0,3383.1,11188927.0
-0.012471641861956524,0.0,0.0,0.0,-0.013225188822993648,-0.3699040998905838,-0.16459610578738237,0.0,0.0,0.0,0.0,0.0,1.0,0.0,0.0,1.0,0.0,0.0,0.0,1.0,0.0,0.0,0.0,0.0,0.0,1.0,1.0,0.0,1.0,0.0,1934.7,4036558.0
0.672542195721633,0.0,-2.0,0.0,0.5425251849794582,0.3724785994722274,2.8911562179752246,0.0,0.0,0.0,0.0,1.0,0.0,0.0,1.0,0.0,0.0,1.0,0.0,0.0,0.0,0.0,0.0,0.0,0.0,1.0,1.0,0.0,1.0,0.0,1657.8,5849050.0
-0.13904099012958612,-1.0,-1.0,-1.0,-0.15771390067695001,0.43004441011778327,0.06682727746714374,-1.0,-1.0,0.0,1.0,0.0,0.0,0.0,1.0,0.0,0.0,0.0,0.0,0.0,0.0,1.0,0.0,0.0,0.0,1.0,1.0,0.0,1.0,0.0,2110.3,3840746.0
-0.03408915442268154,-1.0,-1.0,-1.0,-0.03654780792701357,0.6575271931518311,0.185972923895651,-1.0,-1.0,0.0,0.0,0.0,1.0,0.0,1.0,0.0,0.0,0.0,1.0,0.0,0.0,0.0,0.0,0.0,0.0,1.0,1.0,0.0,1.0,0.0,1947.5,3974653.0
1.1635210414414845,0.0,0.0,0.0,0.8143105260947439,0.9045761730063719,0.7254274464680608,0.0,0.0,0.0,0.0,0.0,1.0,1.0,0.0,0.0,0.0,0.0,0.0,1.0,0.0,0.0,0.0,0.0,0.0,1.0,1.0,0.0,1.0,0.0,1649.2,7522991.0
-0.45004810490432445,-1.0,-1.0,0.0,-0.629132945971074,-0.24406256033983395,-0.28624080832778975,-1.0,-1.0,0.0,0.0,0.0,1.0,0.0,0.0,1.0,0.0,1.0,0.0,0.0,0.0,0.0,0.0,1.0,0.0,0.0,1.0,0.0,1.0,0.0,4392.9,5119486.0
0.6708793101400388,1.0,-1.0,0.0,0.5414751542730909,-0.23427946192958768,0.9862821596159722,0.0,3.0,0.0,0.0,1.0,0.0,0.0,0.0,1.0,0.0,0.0,0.0,0.0,0.0,1.0,0.0,0.0,0.0,1.0,1.0,0.0,0.0,1.0,1801.7,6800452.0
1.4471142996282265,1.0,-1.0,0.0,0.9444211802047919,0.3265495269357018,1.8674960896064434,0.0,2.5,1.0,0.0,0.0,0.0,0.0,0.0,1.0,0.0,0.0,1.0,0.0,0.0,0.0,0.0,0.0,0.0,1.0,0.0,1.0,1.0,0.0,2777.1,14325670.0
0.6388568849401958,0.0,-1.0,1.0,0.5210486555746177,0.3359721954045182,0.9499289836572518,0.0,0.0,0.0,1.0,0.0,0.0,0.0,0.0,1.0,0.0,0.0,0.0,0.0,0.0,1.0,0.0,0.0,0.0,1.0,1.0,0.0,1.0,0.0,1776.2,6140856.0
-0.37593091898183867,-1.0,-1.0,0.0,-0.4962928695358311,-0.08341378644525971,-0.202099926286834,-1.0,-1.0,0.0,1.0,0.0,0.0,0.0,1.0,0.0,0.0,0.0,0.0,0.0,0.0,1.0,0.0,0.0,1.0,0.0,1.0,0.0,1.0,0.0,2933.3,3876063.0
-0.553004477913316,0.0,-1.0,1.0,-0.8466396151102199,-0.9557057346978182,-0.4031211233167328,0.0,0.0,0.0,0.0,0.0,1.0,1.0,0.0,0.0,0.0,0.0,0.0,0.0,0.0,1.0,0.0,0.0,0.0,1.0,1.0,0.0,1.0,0.0,1536.6,1457772.0
1.0028387832428645,1.0,0.0,-1.0,0.7328077601060983,0.005560919096350507,0.603818701569551,0.0,1.0,0.0,1.0,0.0,0.0,1.0,0.0,0.0,0.0,0.0,0.0,0.0,0.0,1.0,0.0,0.0,1.0,0.0,1.0,0.0,1.0,0.0,3152.7,13315113.0
2.2744236319796656,1.0,-2.0,-1.0,1.2521624280569843,0.9242796764712192,6.528199780658384,0.0,3.0,0.0,1.0,0.0,0.0,0.0,0.0,1.0,0.0,0.0,0.0,0.0,1.0,0.0,0.0,0.0,0.0,1.0,1.0,0.0,0.0,1.0,2419.4,17143376.0
-0.4001615374564975,-1.0,-2.0,1.0,-0.5379140552218377,-0.13593357791079358,0.4556013016666368,-1.0,-1.0,1.0,0.0,0.0,0.0,0.0,0.0,1.0,0.0,0.0,1.0,0.0,0.0,0.0,0.0,0.0,1.0,0.0,1.0,0.0,1.0,0.0,3235.4,4110252.0
-0.6726372177548666,-1.0,0.0,-1.0,-1.172659916540483,-0.7265237819398855,-0.6642275399579295,-1.0,-1.0,0.0,0.0,0.0,1.0,0.0,1.0,0.0,0.0,0.0,0.0,1.0,0.0,0.0,1.0,0.0,0.0,0.0,1.0,0.0,1.0,0.0,1477.1,1029391.0
0.490907579194926,0.0,-2.0,-1.0,0.42119143235248424,0.1756323614597412,2.4787580230488486,0.0,0.0,0.0,1.0,0.0,0.0,0.0,0.0,1.0,0.0,0.0,0.0,0.0,0.0,1.0,0.0,0.0,0.0,1.0,1.0,0.0,1.0,0.0,2239.1,7043985.0
0.07062512620113814,-1.0,-2.0,-1.0,0.07192576342148439,0.8844950762695502,1.5245141223638554,-1.0,-1.0,0.0,0.0,0.0,1.0,0.0,1.0,0.0,0.0,0.0,1.0,0.0,0.0,0.0,0.0,0.0,0.0,1.0,1.0,0.0,1.0,0.0,1983.1,4484384.0
-0.7682768942048436,-1.0,-1.0,-1.0,-1.5327782146395676,-0.9338224882538457,-0.6475072364754318,-1.0,-1.0,0.0,0.0,0.0,1.0,0.0,0.0,1.0,0.0,0.0,0.0,0.0,0.0,1.0,0.0,0.0,0.0,1.0,1.0,0.0,1.0,0.0,2172.7,1076790.0
-0.505445950279721,0.0,2.0,0.0,-0.7405920593842136,-0.9041642530733089,-0.6885420974092518,0.0,0.0,0.0,0.0,0.0,1.0,0.0,1.0,0.0,0.0,0.0,1.0,0.0,0.0,0.0,1.0,0.0,0.0,0.0,1.0,0.0,1.0,0.0,1326.2,1390919.0
0.1428418714589448,0.0,-1.0,-1.0,0.14074203566731555,-0.20158331724271095,0.38683231153700953,0.0,0.0,0.0,0.0,0.0,1.0,0.0,0.0,1.0,0.0,0.0,1.0,0.0,0.0,0.0,0.0,0.0,1.0,0.0,1.0,0.0,1.0,0.0,3051.5,7364185.0
0.27834329085056614,1.0,-1.0,-1.0,0.25890501802531757,-0.5178863358434705,0.5406591035759875,0.0,1.0,1.0,0.0,0.0,0.0,0.0,1.0,0.0,0.0,0.0,0.0,1.0,0.0,0.0,1.0,0.0,0.0,0.0,1.0,0.0,1.0,0.0,1719.4,4639801.0
0.16897293059828272,0.0,-1.0,-1.0,0.16457981244537218,-0.17326382184462896,0.4164973661027311,0.0,0.0,0.0,0.0,1.0,0.0,1.0,0.0,0.0,0.0,0.0,1.0,0.0,0.0,0.0,0.0,0.0,1.0,0.0,1.0,0.0,1.0,0.0,2708.3,6684897.0
1.0765758810324146,0.0,1.0,1.0,0.7709901586303709,0.8103494883182082,0.26601463476025256,0.0,0.0,0.0,0.0,0.0,1.0,0.0,0.0,1.0,0.0,0.0,1.0,0.0,0.0,0.0,0.0,0.0,0.0,1.0,1.0,0.0,1.0,0.0,1716.7,7516743.0
0.9271537337720185,0.0,2.0,-1.0,0.6921291888150485,0.6484134646328119,-0.038003631721831695,0.0,0.0,0.0,0.0,0.0,1.0,0.0,0.0,1.0,0.0,0.0,1.0,0.0,0.0,0.0,0.0,0.0,0.0,1.0,1.0,0.0,1.0,0.0,2019.6,8207856.0
0.47575156489410997,0.0,0.0,-1.0,0.41040909057624364,0.1592070541288536,0.204904622354866,0.0,0.0,0.0,0.0,0.0,1.0,0.0,0.0,1.0,0.0,0.0,1.0,0.0,0.0,0.0,0.0,0.0,0.0,1.0,1.0,0.0,1.0,0.0,2032.3,6328582.0
-0.6746326804527798,-1.0,-1.0,0.0,-1.1790478586348248,-0.7308489412370471,-0.541198468204455,-1.0,-1.0,1.0,0.0,0.0,0.0,0.0,1.0,0.0,0.0,0.0,1.0,0.0,0.0,0.0,0.0,0.0,1.0,0.0,1.0,0.0,1.0,0.0,3551.6,2460193.0
-0.36438574194391304,-1.0,-1.0,-1.0,-0.4770230250638906,-0.05838965051168184,-0.18899336581506976,-1.0,-1.0,0.0,0.0,1.0,0.0,0.0,1.0,0.0,0.0,0.0,1.0,0.0,0.0,0.0,0.0,1.0,0.0,0.0,1.0,0.0,1.0,0.0,4531.7,6098309.0
0.6976280124953975,0.0,1.0,1.0,0.5582405253636943,0.3996653150543862,0.05091602092734763,0.0,0.0,1.0,0.0,0.0,0.0,0.0,0.0,1.0,0.0,0.0,1.0,0.0,0.0,0.0,0.0,0.0,0.0,1.0,1.0,0.0,1.0,0.0,2042.3,7313476.0
0.42453468898100755,0.0,0.0,0.0,0.373137243211438,0.1037008431486128,0.16614228438898973,0.0,0.0,0.0,1.0,0.0,0.0,0.0,0.0,1.0,0.0,0.0,1.0,0.0,0.0,0.0,0.0,1.0,0.0,0.0,1.0,0.0,1.0,0.0,4672.1,14045267.0
-0.060837856778040274,0.0,-2.0,0.0,-0.06613651022410243,-0.42232091137285205,1.2260297369698494,0.0,0.0,0.0,0.0,0.0,1.0,0.0,1.0,0.0,0.0,0.0,0.0,0.0,0.0,1.0,0.0,0.0,0.0,1.0,1.0,0.0,1.0,0.0,1753.9,3480790.0
-0.5104821180411205,0.0,2.0,1.0,-0.7513318529663862,-0.9096221921863938,-0.6908290034339547,0.0,1.5,0.0,0.0,1.0,0.0,0.0,0.0,1.0,0.0,0.0,0.0,1.0,0.0,0.0,0.0,0.0,0.0,1.0,0.0,1.0,1.0,0.0,1979.6,2055221.0
1.0021736290102268,0.0,0.0,-1.0,0.7324569841944361,0.7297161614211237,0.6033152945829812,0.0,0.0,0.0,0.0,0.0,1.0,1.0,0.0,0.0,0.0,0.0,1.0,0.0,0.0,0.0,1.0,0.0,0.0,0.0,1.0,0.0,1.0,0.0,1349.9,5699278.0
1.3387416707248994,1.0,0.0,-1.0,0.8965698350629739,0.24825041299264092,0.8580392297873103,0.0,1.0,0.0,1.0,0.0,0.0,0.0,0.0,1.0,0.0,0.0,1.0,0.0,0.0,0.0,0.0,0.0,1.0,0.0,1.0,0.0,1.0,0.0,3127.7,15420812.0
-0.1293962537563396,-1.0,-1.0,-1.0,-0.14598191968939758,0.450949346720731,0.07777637942503732,-1.0,-1.0,0.0,0.0,0.0,1.0,0.0,0.0,1.0,0.0,0.0,0.0,1.0,0.0,0.0,0.0,0.0,1.0,0.0,1.0,0.0,1.0,0.0,3339.7,6146050.0
0.01736527657350557,0.0,0.0,1.0,0.01814349250852321,-0.3375683851451376,-0.14201470667553617,0.0,0.0,0.0,0.0,0.0,1.0,0.0,0.0,1.0,0.0,1.0,0.0,0.0,0.0,0.0,1.0,0.0,0.0,0.0,1.0,0.0,1.0,0.0,1300.4,2794820.0
1.1176253993894836,0.0,-2.0,0.0,0.7916641837441627,0.8548368410890133,3.901709785872242,0.0,0.0,0.0,0.0,0.0,1.0,0.0,1.0,0.0,0.0,1.0,0.0,0.0,0.0,0.0,0.0,0.0,1.0,0.0,1.0,0.0,1.0,0.0,2528.9,11291538.0
-0.44301647444501174,0.0,2.0,-1.0,-0.6157894954387891,-0.8365064040677094,-0.6601930925369913,0.0,0.0,1.0,0.0,0.0,0.0,0.0,1.0,0.0,0.0,1.0,0.0,0.0,0.0,0.0,0.0,0.0,0.0,1.0,1.0,0.0,1.0,0.0,2340.1,2761786.0
0.5834590395647992,0.0,0.0,-1.0,0.48475280412314425,0.27593486516058424,0.286420596537279,0.0,0.0,0.0,0.0,0.0,1.0,0.0,1.0,0.0,0.0,0.0,1.0,0.0,0.0,0.0,0.0,0.0,1.0,0.0,1.0,0.0,1.0,0.0,2768.6,9249062.0
-0.1623688992885223,0.0,1.0,0.0,-0.186639887350718,-0.5323550234923087,-0.4372359360673126,0.0,0.0,0.0,0.0,0.0,1.0,0.0,1.0,0.0,0.0,1.0,0.0,0.0,0.0,0.0,0.0,0.0,1.0,0.0,1.0,0.0,1.0,0.0,2473.9,4381030.0
0.006912852917770394,-1.0,0.0,0.0,0.00725995935028556,0.7463989187101754,-0.14992538789306198,-1.0,-1.0,0.0,0.0,0.0,1.0,1.0,0.0,0.0,0.0,0.0,1.0,0.0,0.0,0.0,0.0,1.0,0.0,0.0,1.0,0.0,1.0,0.0,4106.4,8735134.0
1.3233005903243813,1.0,1.0,0.0,0.8895723343205495,0.23709424813885113,0.40606066054188156,0.0,1.0,1.0,0.0,0.0,0.0,1.0,0.0,0.0,0.0,0.0,0.0,1.0,0.0,0.0,0.0,0.0,0.0,1.0,1.0,0.0,1.0,0.0,2118.2,10374732.0
-0.425104821180411,-1.0,0.0,0.0,-0.5825409602371683,-0.18999806912531378,-0.4768882256701604,-1.0,-1.0,1.0,0.0,0.0,0.0,0.0,0.0,0.0,1.0,0.0,1.0,0.0,0.0,0.0,0.0,0.0,0.0,1.0,1.0,0.0,1.0,0.0,2502.3,3047551.0
0.8728961527954296,0.0,0.0,-1.0,0.6619739646277164,0.5896118941880671,0.5054745509789469,0.0,0.0,0.0,1.0,0.0,0.0,0.0,0.0,1.0,0.0,0.0,1.0,0.0,0.0,0.0,0.0,0.0,0.0,1.0,1.0,0.0,1.0,0.0,2058.6,8131264.0
-0.695870104880569,-1.0,0.0,0.0,-1.249535639123996,-0.7768809937568386,-0.6818108268459753,-1.0,-1.0,0.0,0.0,0.0,1.0,1.0,0.0,0.0,0.0,0.0,0.0,0.0,1.0,0.0,0.0,1.0,0.0,0.0,1.0,0.0,1.0,0.0,4206.7,2725942.0
-0.45978786331080496,-1.0,-1.0,-1.0,-0.6478978281704785,-0.26517345690931327,-0.29729778321137684,-1.0,-1.0,0.0,0.0,0.0,1.0,0.0,1.0,0.0,0.0,0.0,0.0,0.0,0.0,1.0,1.0,0.0,0.0,0.0,1.0,0.0,1.0,0.0,1449.8,1659876.0
0.5413642788421567,0.0,-2.0,-1.0,0.45631585469659297,0.23031473257385582,2.5933190701353803,0.0,0.0,0.0,0.0,0.0,1.0,0.0,1.0,0.0,0.0,0.0,0.0,1.0,0.0,0.0,0.0,1.0,0.0,0.0,1.0,0.0,1.0,0.0,4305.9,14003217.0
-0.4280029931940467,-1.0,0.0,0.0,-0.5878503613056174,-0.1962798481045248,-0.47908164182592894,-1.0,-1.0,0.0,1.0,0.0,0.0,0.0,0.0,1.0,0.0,0.0,0.0,0.0,0.0,1.0,0.0,0.0,1.0,0.0,1.0,0.0,1.0,0.0,2973.9,3603772.0
0.45669964723070183,0.0,-1.0,0.0,0.39669738128271576,0.13855956748407025,0.7431365851027489,0.0,0.0,0.0,0.0,1.0,0.0,0.0,0.0,1.0,0.0,0.0,1.0,0.0,0.0,0.0,0.0,0.0,1.0,0.0,1.0,0.0,1.0,0.0,2617.2,8045011.0
2.1467615303298455,1.0,-1.0,1.0,1.2101324990562587,0.8320439381261934,2.661764441487927,0.0,1.0,1.0,0.0,0.0,0.0,0.0,0.0,1.0,0.0,0.0,1.0,0.0,0.0,0.0,0.0,1.0,0.0,0.0,1.0,0.0,1.0,0.0,4748.7,31489105.0
-0.4480051311897944,-1.0,-1.0,-1.0,-0.6252387622952236,-0.23963442105940663,-0.2839215404253788,-1.0,-1.0,0.0,0.0,0.0,1.0,0.0,0.0,0.0,1.0,0.0,1.0,0.0,0.0,0.0,0.0,0.0,0.0,1.0,1.0,0.0,1.0,0.0,2310.5,2702592.0
-0.5479683101519163,0.0,-1.0,0.0,-0.8348932975310686,-0.9502477955847334,-0.3974038582549756,0.0,0.0,1.0,0.0,0.0,0.0,1.0,0.0,0.0,0.0,0.0,1.0,0.0,0.0,0.0,0.0,0.0,1.0,0.0,1.0,0.0,1.0,0.0,2885.2,2767772.0
-0.13657041726550323,-1.0,0.0,0.0,-0.1546962508619176,0.4353993692476025,-0.2585174664245518,-1.0,-1.0,0.0,0.0,1.0,0.0,0.0,1.0,0.0,0.0,0.0,1.0,0.0,0.0,0.0,0.0,0.0,0.0,1.0,1.0,0.0,1.0,0.0,1820.3,3322412.0
-0.7356843368055965,-1.0,-2.0,-1.0,-1.3958441388509406,-0.8631782197335394,-0.3061972995810933,-1.0,-1.0,1.0,0.0,0.0,0.0,0.0,1.0,0.0,0.0,0.0,0.0,1.0,0.0,0.0,1.0,0.0,0.0,0.0,1.0,0.0,1.0,0.0,1834.4,1034968.0
0.9606965115036049,0.0,-2.0,0.0,0.7103506832019663,0.6847653987256225,3.5454055123065022,0.0,0.0,0.0,0.0,0.0,1.0,0.0,0.0,1.0,0.0,0.0,1.0,0.0,0.0,0.0,0.0,0.0,0.0,1.0,1.0,0.0,1.0,0.0,1930.7,7982865.0
1.1264149374636245,0.0,-1.0,-1.0,0.7960388994130146,0.8643624895410954,1.5034249653907696,0.0,0.0,0.0,0.0,0.0,1.0,1.0,0.0,0.0,0.0,0.0,0.0,0.0,0.0,1.0,0.0,0.0,1.0,0.0,1.0,0.0,1.0,0.0,2556.4,11461619.0
0.2544452494922261,0.0,-1.0,0.0,0.23900024038973663,-0.08063332689708456,0.5135290627640638,0.0,0.0,0.0,0.0,0.0,1.0,1.0,0.0,0.0,0.0,0.0,0.0,1.0,0.0,0.0,1.0,0.0,0.0,0.0,1.0,0.0,1.0,0.0,1292.1,3421739.0
-0.5215521849128765,-1.0,-1.0,-1.0,-0.7753293724471195,-0.3990474351547919,-0.3674151849121734,-1.0,-1.0,0.0,0.0,0.0,1.0,0.0,0.0,1.0,0.0,0.0,0.0,0.0,1.0,0.0,0.0,1.0,0.0,0.0,1.0,0.0,1.0,0.0,5229.4,5307318.0
1.2137401860056303,0.0,0.0,0.0,0.8385472940626305,0.9590010941623222,0.763434673954082,0.0,0.0,0.0,1.0,0.0,0.0,0.0,1.0,0.0,0.0,0.0,0.0,1.0,0.0,0.0,0.0,0.0,0.0,1.0,1.0,0.0,1.0,0.0,1932.3,9018624.0
-0.6218954520079342,-1.0,-2.0,0.0,-1.0219695133211506,-0.6165411598120616,-0.04784164254508179,-1.0,-1.0,0.0,0.0,0.0,1.0,0.0,0.0,1.0,0.0,0.0,1.0,0.0,0.0,0.0,0.0,0.0,1.0,0.0,1.0,0.0,1.0,0.0,2994.4,2406599.0
0.31008064995070755,0.0,0.0,1.0,0.2847733920622593,-0.02033854669498616,0.0795203250570829,0.0,0.0,1.0,0.0,0.0,0.0,0.0,1.0,0.0,0.0,0.0,0.0,1.0,0.0,0.0,0.0,0.0,1.0,0.0,1.0,0.0,1.0,0.0,2648.0,7322514.0
2.335570310365716,1.0,2.0,0.0,1.2717173108054802,0.9684580892922272,0.6015533701299869,0.0,1.0,0.0,0.0,0.0,1.0,0.0,1.0,0.0,0.0,0.0,0.0,0.0,1.0,0.0,0.0,0.0,0.0,1.0,1.0,0.0,1.0,0.0,1801.4,12661140.0
-0.07081517026760567,0.0,0.0,-1.0,-0.07738849363310388,-0.4331338096157561,-0.20875209003793527,0.0,0.0,1.0,0.0,0.0,0.0,0.0,1.0,0.0,0.0,0.0,0.0,0.0,0.0,1.0,0.0,0.0,0.0,1.0,1.0,0.0,1.0,0.0,2447.3,4805518.0
-0.33578410994049224,-1.0,0.0,1.0,-0.43074342192965265,0.003604299414301345,-0.40928785890221303,-1.0,-1.0,0.0,0.0,1.0,0.0,0.0,0.0,1.0,0.0,0.0,1.0,0.0,0.0,0.0,0.0,0.0,0.0,1.0,1.0,0.0,1.0,0.0,1854.6,2607382.0
-0.1527716739318928,-1.0,1.0,1.0,-0.17464370368780593,0.4002831949539806,-0.4317883533197892,-1.0,-1.0,0.0,0.0,1.0,0.0,1.0,0.0,0.0,0.0,0.0,1.0,0.0,0.0,0.0,0.0,0.0,1.0,0.0,1.0,0.0,1.0,0.0,2390.5,4281625.0
1.7352686154101984,1.0,-1.0,0.0,1.0620357088541124,0.5347407264379652,2.1946207367720825,0.0,3.0,0.0,1.0,0.0,0.0,1.0,0.0,0.0,0.0,0.0,0.0,0.0,0.0,1.0,1.0,0.0,0.0,0.0,1.0,0.0,0.0,1.0,1423.6,8657054.0
-0.5404140585098167,-1.0,0.0,-1.0,-0.8175147224570538,-0.4399304885112957,-0.5641574225562287,-1.0,-1.0,0.0,1.0,0.0,0.0,1.0,0.0,0.0,0.0,0.0,1.0,0.0,0.0,0.0,0.0,1.0,0.0,0.0,1.0,0.0,1.0,0.0,4631.2,4516346.0
1.1869439726336544,0.0,0.0,1.0,0.8256840089207287,0.9299607388813796,0.7431545639236976,0.0,1.5,0.0,1.0,0.0,0.0,1.0,0.0,0.0,0.0,0.0,0.0,1.0,0.0,0.0,1.0,0.0,0.0,0.0,0.0,1.0,1.0,0.0,1368.3,6309094.0
1.924504994595622,1.0,-1.0,0.0,1.1327236212438996,0.6714638175537962,2.409449668290754,0.0,1.0,1.0,0.0,0.0,0.0,0.0,0.0,1.0,0.0,0.0,1.0,0.0,0.0,0.0,0.0,1.0,0.0,0.0,1.0,0.0,1.0,0.0,5495.9,33872880.0
-0.19230083975721848,-1.0,2.0,0.0,-0.22495178733318708,0.31460384887687454,-0.5463440067600365,-1.0,-1.0,1.0,0.0,0.0,0.0,0.0,0.0,1.0,0.0,0.0,0.0,0.0,0.0,1.0,0.0,0.0,1.0,0.0,1.0,0.0,1.0,0.0,3692.0,6305567.0
0.6198999893100214,0.0,1.0,-1.0,0.5087679739457108,0.31542768874300053,0.006795994318692653,0.0,1.5,1.0,0.0,0.0,0.0,0.0,1.0,0.0,0.0,0.0,1.0,0.0,0.0,0.0,0.0,1.0,0.0,0.0,0.0,1.0,1.0,0.0,6241.4,21329360.0
-0.37816393676283666,-1.0,-2.0,-1.0,-0.5000607986280565,-0.08825384565875012,0.5055464662627426,-1.0,-1.0,1.0,0.0,0.0,0.0,0.0,0.0,1.0,0.0,0.0,1.0,0.0,0.0,0.0,0.0,0.0,1.0,0.0,1.0,0.0,1.0,0.0,4005.5,5274042.0
-0.5223598721953651,0.0,0.0,-1.0,-0.7771017505399712,-0.9224946900946129,-0.5504935186350478,0.0,0.0,0.0,0.0,1.0,0.0,1.0,0.0,0.0,0.0,1.0,0.0,0.0,0.0,0.0,0.0,1.0,0.0,0.0,1.0,0.0,1.0,0.0,4454.7,4513502.0
-0.6442731408345308,-1.0,0.0,-1.0,-1.0857977554287843,-0.6650447319302312,-0.6427608277449163,-1.0,-1.0,0.0,1.0,0.0,0.0,0.0,0.0,1.0,0.0,0.0,0.0,0.0,1.0,0.0,0.0,0.0,1.0,0.0,1.0,0.0,1.0,0.0,3625.0,2742675.0
0.1147628606383106,-1.0,1.0,1.0,0.11451424924244295,0.9801634807234341,-0.2799302421747181,-1.0,-1.0,0.0,0.0,1.0,0.0,1.0,0.0,0.0,0.0,0.0,1.0,0.0,0.0,0.0,0.0,0.0,0.0,1.0,1.0,0.0,1.0,0.0,1581.5,3723167.0
-0.02064353672007688,1.0,0.0,1.0,-0.021981334984985276,-0.7339040140739312,-0.17078082019381172,0.0,3.0,1.0,0.0,0.0,0.0,0.0,1.0,0.0,0.0,0.0,0.0,0.0,1.0,0.0,0.0,0.0,0.0,1.0,1.0,0.0,0.0,1.0,2078.2,4750211.0
0.10977420389352789,-1.0,0.0,-1.0,0.10978571883930434,0.9693505824805301,-0.07207709318422903,-1.0,-1.0,0.0,1.0,0.0,0.0,1.0,0.0,0.0,0.0,0.0,0.0,0.0,1.0,0.0,0.0,0.0,0.0,1.0,1.0,0.0,1.0,0.0,2099.9,4921536.0
0.9851646850613487,0.0,-1.0,-1.0,0.7234474132847816,0.7112827444165538,1.3430718613473327,0.0,0.0,1.0,0.0,0.0,0.0,0.0,1.0,0.0,0.0,0.0,1.0,0.0,0.0,0.0,0.0,0.0,1.0,0.0,1.0,0.0,1.0,0.0,3256.3,13631523.0
-0.5240227577769593,-1.0,0.0,0.0,-0.7807601378183365,-0.404402394284611,-0.5517520361014724,-1.0,-1.0,0.0,0.0,0.0,1.0,0.0,1.0,0.0,0.0,0.0,0.0,0.0,1.0,0.0,0.0,0.0,0.0,1.0,1.0,0.0,1.0,0.0,1887.4,1905708.0
0.447672554073476,0.0,0.0,-1.0,0.39013800380510405,0.12877646907382373,0.18365365599324007,0.0,0.0,1.0,0.0,0.0,0.0,0.0,1.0,0.0,0.0,0.0,0.0,0.0,0.0,1.0,1.0,0.0,0.0,0.0,1.0,0.0,1.0,0.0,1640.4,5011258.0
-0.45180601251915264,0.0,1.0,-1.0,-0.6324952635849314,-0.8460320525197915,-0.6015264018985634,0.0,0.0,0.0,0.0,0.0,1.0,0.0,1.0,0.0,0.0,0.0,0.0,0.0,0.0,1.0,0.0,0.0,0.0,1.0,1.0,0.0,1.0,0.0,1898.6,2205604.0
-0.5293439916380609,0.0,-2.0,0.0,-0.7925526960545494,-0.9300637188646458,0.16229481670592047,0.0,0.0,0.0,0.0,0.0,1.0,0.0,0.0,1.0,0.0,0.0,1.0,0.0,0.0,0.0,1.0,0.0,0.0,0.0,1.0,0.0,1.0,0.0,1400.1,1398000.0
0.05371120428549378,0.0,0.0,-1.0,0.055140263545306975,-0.29817854154598716,-0.11450711062368527,0.0,0.0,0.0,0.0,0.0,1.0,0.0,1.0,0.0,0.0,0.0,0.0,0.0,1.0,0.0,0.0,0.0,0.0,1.0,1.0,0.0,1.0,0.0,1887.0,4199896.0
-0.16441187300305243,0.0,1.0,1.0,-0.18921118015382116,-0.5345690931325225,-0.4383955700185181,0.0,0.0,0.0,0.0,0.0,1.0,0.0,1.0,0.0,0.0,0.0,1.0,0.0,0.0,0.0,0.0,0.0,1.0,0.0,1.0,0.0,1.0,0.0,2353.5,4157693.0
-0.6983406777446518,-1.0,0.0,1.0,-1.2580489623778286,-0.7822359528866578,-0.6836806242246632,-1.0,-1.0,1.0,0.0,0.0,0.0,0.0,0.0,1.0,0.0,0.0,1.0,0.0,0.0,0.0,0.0,0.0,0.0,1.0,1.0,0.0,1.0,0.0,2479.6,1593887.0
-0.5095794087253981,0.0,0.0,0.0,-0.7493987609183201,-0.9086438823453693,-0.5408209129645277,0.0,0.0,0.0,1.0,0.0,0.0,0.0,1.0,0.0,0.0,0.0,1.0,0.0,0.0,0.0,0.0,0.0,1.0,0.0,1.0,0.0,1.0,0.0,3034.1,3155767.0
0.5340950932997591,0.0,-2.0,0.0,0.45132687084193,0.2224367638540259,2.57681451250427,0.0,0.0,0.0,0.0,1.0,0.0,0.0,1.0,0.0,0.0,0.0,1.0,0.0,0.0,0.0,0.0,0.0,1.0,0.0,1.0,0.0,1.0,0.0,2434.8,7880961.0
0.4927605088429882,1.0,-1.0,0.0,0.42250214495646593,-0.36297011435068977,0.7840743604034448,0.0,1.0,0.0,1.0,0.0,0.0,1.0,0.0,0.0,0.0,0.0,1.0,0.0,0.0,0.0,0.0,0.0,0.0,1.0,1.0,0.0,1.0,0.0,1997.6,6292040.0
1.9522039172833203,1.0,0.0,-1.0,1.1426853316370462,0.691476260968441,1.3223243019722768,0.0,3.0,0.0,0.0,0.0,1.0,0.0,0.0,1.0,0.0,0.0,1.0,0.0,0.0,0.0,0.0,0.0,0.0,1.0,1.0,0.0,0.0,1.0,2118.0,13627349.0
0.3730802579848204,0.0,-1.0,-1.0,0.3343221059951382,0.047937182210207846,0.6482084104924399,0.0,1.5,0.0,0.0,1.0,0.0,0.0,1.0,0.0,0.0,0.0,1.0,0.0,0.0,0.0,0.0,1.0,0.0,0.0,0.0,1.0,1.0,0.0,4542.3,13163131.0
-0.16103859082324695,-1.0,0.0,-1.0,-0.1849689094988745,0.3823646778657398,-0.27703565200194163,-1.0,1.0,0.0,0.0,0.0,1.0,1.0,0.0,0.0,0.0,0.0,0.0,0.0,0.0,1.0,0.0,1.0,0.0,0.0,1.0,0.0,0.0,1.0,4436.6,8319197.0
-0.2524497867943128,-1.0,0.0,-1.0,-0.30640693806907665,0.18423119006243147,-0.3462181550133941,-1.0,-1.0,0.0,0.0,0.0,1.0,0.0,1.0,0.0,0.0,0.0,1.0,0.0,0.0,0.0,0.0,1.0,0.0,0.0,1.0,0.0,1.0,0.0,4735.7,7488562.0
0.8131748049078881,0.0,0.0,-1.0,0.6277574275315085,0.5248889747055414,0.4602757951133565,0.0,1.5,0.0,0.0,0.0,1.0,0.0,1.0,0.0,0.0,0.0,0.0,0.0,0.0,1.0,0.0,0.0,0.0,1.0,0.0,1.0,1.0,0.0,2127.7,8136750.0
0.7910346711643763,0.0,0.0,-1.0,0.6147860693916632,0.5008946386046211,0.44351953398896105,0.0,0.0,0.0,0.0,0.0,1.0,1.0,0.0,0.0,0.0,0.0,1.0,0.0,0.0,0.0,0.0,0.0,1.0,0.0,1.0,0.0,1.0,0.0,2689.4,10159477.0
-0.4323740067228087,-1.0,1.0,0.0,-0.5959087067445299,-0.2057540065649741,-0.5904963952463996,-1.0,-1.0,0.0,1.0,0.0,0.0,0.0,0.0,1.0,0.0,0.0,1.0,0.0,0.0,0.0,0.0,0.0,0.0,1.0,1.0,0.0,1.0,0.0,2169.3,2608800.0
-0.7489399104417335,-1.0,0.0,1.0,-1.4494167876685946,-0.8919096350646845,-0.7219755128458675,-1.0,-1.0,1.0,0.0,0.0,0.0,0.0,0.0,0.0,1.0,0.0,0.0,0.0,1.0,0.0,0.0,0.0,0.0,1.0,1.0,0.0,1.0,0.0,2282.8,1224266.0
-0.12074924873204956,0.0,-1.0,-1.0,-0.1355730384020043,-0.4872497908219091,0.08759281566314885,0.0,0.0,0.0,0.0,0.0,1.0,0.0,1.0,0.0,0.0,0.0,0.0,0.0,0.0,1.0,0.0,0.0,0.0,1.0,1.0,0.0,1.0,0.0,1961.6,3645634.0
-0.026724946847049943,-1.0,0.0,-1.0,-0.028544881081912908,0.6734890905580228,-0.17538339835673566,-1.0,-1.0,1.0,0.0,0.0,0.0,1.0,0.0,0.0,0.0,0.0,0.0,0.0,1.0,0.0,0.0,0.0,1.0,0.0,1.0,0.0,1.0,0.0,3341.5,6871461.0
-0.34766186409473676,1.0,1.0,0.0,-0.4497174288412627,-0.9701744223466565,-0.5424120386185073,0.0,1.0,0.0,1.0,0.0,0.0,0.0,1.0,0.0,0.0,0.0,0.0,0.0,1.0,0.0,0.0,0.0,1.0,0.0,1.0,0.0,1.0,0.0,3099.4,4279961.0
-0.4369825753346555,0.0,1.0,0.0,-0.6044719892111935,-0.8299671751303341,-0.5931123136944678,0.0,0.0,0.0,1.0,0.0,0.0,0.0,1.0,0.0,0.0,0.0,0.0,1.0,0.0,0.0,0.0,0.0,1.0,0.0,1.0,0.0,1.0,0.0,2702.8,3224170.0
1.0168070221282561,0.0,-1.0,-1.0,0.7401473229868498,0.7455750788440497,1.3789935456032794,0.0,0.0,0.0,0.0,0.0,1.0,0.0,1.0,0.0,0.0,0.0,1.0,0.0,0.0,0.0,0.0,0.0,1.0,0.0,1.0,0.0,1.0,0.0,2938.5,12496853.0
-0.544309961872409,0.0,-1.0,0.0,-0.826441614249317,-0.9462830662290018,-0.3932507506157745,0.0,0.0,0.0,0.0,0.0,1.0,0.0,1.0,0.0,0.0,0.0,0.0,0.0,1.0,0.0,0.0,0.0,0.0,1.0,1.0,0.0,1.0,0.0,1849.8,1788757.0
0.037509947619104304,-1.0,-1.0,-1.0,0.03880845440964104,0.8127180279333203,0.267255173405728,-1.0,-1.0,0.0,0.0,0.0,1.0,1.0,0.0,0.0,0.0,0.0,1.0,0.0,0.0,0.0,0.0,0.0,0.0,1.0,1.0,0.0,1.0,0.0,1828.1,4006464.0
0.5287263484220405,0.0,-1.0,0.0,0.44762703747938953,0.21661839479951076,0.824904262778447,0.0,0.0,0.0,0.0,0.0,1.0,1.0,0.0,0.0,0.0,0.0,0.0,0.0,0.0,1.0,0.0,1.0,0.0,0.0,1.0,0.0,1.0,0.0,3956.5,12761691.0
0.9041584017294011,0.0,-1.0,0.0,0.6794536264412596,0.6234923086824996,1.2511101921935959,0.0,0.0,0.0,0.0,0.0,1.0,0.0,1.0,0.0,0.0,0.0,0.0,0.0,0.0,1.0,0.0,0.0,0.0,1.0,1.0,0.0,1.0,0.0,1754.4,7045144.0
0.10782625221223184,0.0,1.0,1.0,0.10793358935558439,-0.23953144107614097,-0.2838676039625321,0.0,0.0,0.0,0.0,0.0,1.0,0.0,0.0,1.0,0.0,0.0,1.0,0.0,0.0,0.0,1.0,0.0,0.0,0.0,1.0,0.0,1.0,0.0,1253.8,2933390.0
0.41417728735850645,0.0,2.0,1.0,0.36543764786879,0.0924760249726459,-0.2709444274644468,0.0,0.0,0.0,0.0,0.0,1.0,0.0,1.0,0.0,0.0,0.0,0.0,0.0,1.0,0.0,0.0,0.0,0.0,1.0,1.0,0.0,1.0,0.0,1713.5,5113769.0
-0.39360501716335455,-1.0,0.0,0.0,-0.5264893421566803,-0.12172234022011977,-0.45304830909188964,-1.0,-1.0,0.0,0.0,1.0,0.0,0.0,0.0,1.0,0.0,0.0,0.0,0.0,0.0,1.0,0.0,0.0,1.0,0.0,1.0,0.0,1.0,0.0,2843.4,3651494.0
0.5086766994096759,1.0,0.0,1.0,0.43369446607984424,-0.35147068288601396,0.22982326819007226,0.0,1.0,0.0,1.0,0.0,0.0,0.0,0.0,1.0,0.0,0.0,0.0,0.0,1.0,0.0,0.0,0.0,1.0,0.0,1.0,0.0,1.0,0.0,2970.6,9456311.0
-0.786901212718699,-1.0,-2.0,-1.0,-1.6197958092232243,-0.9741906416940208,-0.422484313478722,-1.0,-1.0,1.0,0.0,0.0,0.0,1.0,0.0,0.0,0.0,0.0,0.0,0.0,0.0,1.0,0.0,0.0,0.0,1.0,1.0,0.0,1.0,0.0,2376.6,1084680.0
0.24351771567032113,0.0,1.0,0.0,0.22977240211689912,-0.09247602497264613,-0.20684633501734953,0.0,0.0,0.0,0.0,1.0,0.0,0.0,0.0,1.0,0.0,0.0,1.0,0.0,0.0,0.0,1.0,0.0,0.0,0.0,1.0,0.0,1.0,0.0,1283.1,3368394.0
0.5403190364765832,0.0,2.0,-1.0,0.45559993065550886,0.22918195275793263,-0.21366390392118076,0.0,0.0,0.0,0.0,0.0,1.0,0.0,0.0,0.0,1.0,0.0,0.0,1.0,0.0,0.0,1.0,0.0,0.0,0.0,1.0,0.0,1.0,0.0,1481.4,4814402.0
-0.5478732881186823,-1.0,0.0,-1.0,-0.834672917301123,-0.4560983458840189,-0.5698027723341903,-1.0,-1.0,0.0,1.0,0.0,0.0,0.0,1.0,0.0,0.0,0.0,1.0,0.0,0.0,0.0,0.0,0.0,0.0,1.0,1.0,0.0,1.0,0.0,2156.9,2069546.0
0.031143471392429206,1.0,-1.0,-1.0,0.032321054740008515,-0.6964879534873744,0.26002768738426124,0.0,1.0,1.0,0.0,0.0,0.0,0.0,1.0,0.0,0.0,0.0,0.0,0.0,0.0,1.0,0.0,0.0,0.0,1.0,1.0,0.0,1.0,0.0,2341.7,5100691.0
-0.4279079711608127,0.0,-1.0,-1.0,-0.587675859555635,-0.8201325867284548,-0.2611064166411966,0.0,0.0,0.0,0.0,0.0,1.0,1.0,0.0,0.0,0.0,0.0,1.0,0.0,0.0,0.0,0.0,0.0,1.0,0.0,1.0,0.0,1.0,0.0,2771.6,3359179.0
-0.2802912425318619,0.0,0.0,-1.0,-0.3463436663705481,-0.6601531827251079,-0.3672893331655309,0.0,2.0,0.0,1.0,0.0,0.0,1.0,0.0,0.0,0.0,0.0,0.0,1.0,0.0,0.0,0.0,1.0,0.0,0.0,1.0,0.0,0.0,1.0,4561.8,7396253.0
1.0140513831644713,1.0,-2.0,0.0,0.738703406888526,0.013662011113256512,3.66654680786034,0.0,1.0,1.0,0.0,0.0,0.0,0.0,0.0,1.0,0.0,0.0,1.0,0.0,0.0,0.0,0.0,0.0,0.0,1.0,1.0,0.0,1.0,0.0,2371.1,10070062.0
-0.10046204463659991,-1.0,-2.0,0.0,-0.11154672411648645,0.5136641565295745,1.136063716941443,-1.0,-1.0,0.0,0.0,0.0,1.0,0.0,0.0,1.0,0.0,0.0,0.0,0.0,1.0,0.0,0.0,0.0,1.0,0.0,1.0,0.0,1.0,0.0,2942.0,5593330.0
-0.39160955446544143,0.0,-2.0,0.0,-0.5230365956668659,-0.7807942331209372,0.4750184282914727,0.0,1.5,0.0,0.0,0.0,1.0,1.0,0.0,0.0,0.0,0.0,1.0,0.0,0.0,0.0,0.0,0.0,0.0,1.0,0.0,1.0,1.0,0.0,2069.6,2666473.0
-0.2024206862966349,0.0,1.0,0.0,-0.23822507355557657,-0.5757610864388236,-0.4599701551572247,0.0,0.0,0.0,1.0,0.0,0.0,1.0,0.0,0.0,0.0,0.0,0.0,0.0,1.0,0.0,0.0,0.0,0.0,1.0,1.0,0.0,1.0,0.0,1806.0,3046000.0
0.5360430449810552,0.0,-1.0,0.0,0.45266609661058305,0.22454785351097376,0.833210478056849,0.0,0.0,1.0,0.0,0.0,0.0,0.0,0.0,1.0,0.0,0.0,0.0,1.0,0.0,0.0,0.0,0.0,0.0,1.0,1.0,0.0,1.0,0.0,2172.5,7040855.0
-0.5433597415400694,-1.0,-2.0,-1.0,-0.8242573702120447,-0.4463152474737724,0.13047230362632822,-1.0,-1.0,0.0,0.0,0.0,1.0,0.0,0.0,1.0,0.0,0.0,0.0,0.0,0.0,1.0,0.0,0.0,1.0,0.0,1.0,0.0,1.0,0.0,3214.8,3115141.0
-0.5672102718817924,-1.0,-1.0,-1.0,-0.8804934237256646,-0.4980111990731803,-0.41924812570791603,-1.0,-1.0,0.0,0.0,0.0,1.0,0.0,0.0,1.0,0.0,0.0,0.0,0.0,0.0,1.0,0.0,0.0,0.0,1.0,1.0,0.0,1.0,0.0,2333.3,2143836.0
0.05717950849853327,0.0,-1.0,0.0,0.058604001378981606,-0.2944197721567871,0.2895848690242894,0.0,0.0,0.0,1.0,0.0,0.0,1.0,0.0,0.0,0.0,0.0,0.0,0.0,0.0,1.0,1.0,0.0,0.0,0.0,1.0,0.0,1.0,0.0,1315.2,2936842.0
-0.04819992635792405,-1.0,0.0,1.0,-0.052053620981870316,0.6269421381219025,-0.19163625249456137,-1.0,-1.0,0.0,0.0,0.0,1.0,0.0,0.0,1.0,0.0,0.0,1.0,0.0,0.0,0.0,0.0,0.0,1.0,0.0,1.0,0.0,1.0,0.0,2692.9,5415960.0
0.7152545996602964,0.0,-1.0,-1.0,0.5691449735173116,0.41876810195018327,1.0366588159148522,0.0,1.5,0.0,0.0,0.0,1.0,1.0,0.0,0.0,0.0,0.0,0.0,0.0,1.0,0.0,0.0,0.0,1.0,0.0,0.0,1.0,1.0,0.0,2975.2,10764571.0
1.4578042783670464,1.0,0.0,-1.0,0.9490261252184868,0.3342730256806332,0.9481490803833084,0.0,3.0,0.0,0.0,0.0,1.0,0.0,1.0,0.0,0.0,0.0,0.0,0.0,1.0,0.0,0.0,0.0,0.0,1.0,1.0,0.0,0.0,1.0,2023.1,10931681.0
0.14269933840909377,0.0,0.0,0.0,0.14061052778316577,-0.20173778721760968,-0.047158447349022754,0.0,1.5,1.0,0.0,0.0,0.0,0.0,1.0,0.0,0.0,0.0,1.0,0.0,0.0,0.0,0.0,0.0,1.0,0.0,0.0,1.0,1.0,0.0,3539.3,8540331.0
-0.05480395766768404,-1.0,-1.0,-1.0,-0.05938934189464487,0.6126279204479628,0.16245662609446074,-1.0,-1.0,1.0,0.0,0.0,0.0,1.0,0.0,0.0,0.0,0.0,1.0,0.0,0.0,0.0,1.0,0.0,0.0,0.0,1.0,0.0,1.0,0.0,1757.5,3510255.0
1.3233481013409985,1.0,-1.0,0.0,0.8895939362119837,0.2371285747999399,1.7269916038906168,0.0,3.0,1.0,0.0,0.0,0.0,1.0,0.0,0.0,0.0,0.0,1.0,0.0,0.0,0.0,0.0,0.0,0.0,1.0,1.0,0.0,0.0,1.0,2082.4,10649595.0
0.8684301172334337,0.0,2.0,-1.0,0.6594531335012692,0.5847718349745767,-0.06466981895327296,0.0,0.0,0.0,1.0,0.0,0.0,1.0,0.0,0.0,0.0,0.0,1.0,0.0,0.0,0.0,0.0,0.0,0.0,1.0,1.0,0.0,1.0,0.0,2025.6,7981877.0
1.1864688624674846,0.0,0.0,1.0,0.8254545198578601,0.9294458389650508,0.7427949875047193,0.0,0.0,0.0,0.0,0.0,1.0,0.0,0.0,1.0,0.0,1.0,0.0,0.0,0.0,0.0,0.0,0.0,0.0,1.0,1.0,0.0,1.0,0.0,1712.4,7893993.0
-0.28038626456509586,-1.0,1.0,-1.0,-0.3464825828659389,0.12367895990216893,-0.5042250229229966,-1.0,-1.0,0.0,1.0,0.0,0.0,0.0,0.0,0.0,1.0,0.0,0.0,0.0,1.0,0.0,0.0,1.0,0.0,0.0,1.0,0.0,1.0,0.0,5160.7,7857166.0
-0.7221436970697578,-1.0,1.0,1.0,-1.343783289072154,-0.8338289245027998,-0.7549756386976141,-1.0,-1.0,0.0,0.0,0.0,1.0,0.0,1.0,0.0,0.0,0.0,1.0,0.0,0.0,0.0,0.0,0.0,0.0,1.0,1.0,0.0,1.0,0.0,1797.0,1065082.0
1.482367473958024,1.0,-1.0,1.0,0.9595319566692275,0.3520199094634313,1.9075169450387441,0.0,1.0,0.0,0.0,1.0,0.0,0.0,0.0,0.0,1.0,0.0,0.0,1.0,0.0,0.0,0.0,0.0,1.0,0.0,1.0,0.0,1.0,0.0,2640.1,13814851.0
-0.6471713128481664,-1.0,0.0,-1.0,-1.0943531287066817,-0.6713265109094421,-0.6449542439006849,-1.0,-1.0,0.0,1.0,0.0,0.0,1.0,0.0,0.0,0.0,0.0,1.0,0.0,0.0,0.0,0.0,1.0,0.0,0.0,1.0,0.0,1.0,0.0,5150.3,3865300.0
-0.3613450368804265,0.0,-1.0,1.0,-0.4720056799322784,-0.747995108450795,-0.18554143219287678,0.0,0.0,0.0,0.0,0.0,1.0,0.0,0.0,0.0,1.0,0.0,1.0,0.0,0.0,0.0,0.0,1.0,0.0,0.0,1.0,0.0,1.0,0.0,4218.6,5703969.0
1.5876518867812477,1.0,0.0,-1.0,1.0034173193701712,0.4280877904357341,1.0464213156901172,0.0,3.0,1.0,0.0,0.0,0.0,1.0,0.0,0.0,0.0,0.0,0.0,1.0,0.0,0.0,1.0,0.0,0.0,0.0,1.0,0.0,0.0,1.0,1653.9,9470867.0
1.1939280920763504,1.0,0.0,0.0,0.8290517680323172,0.14362274999463648,0.7484403372826811,0.0,1.0,0.0,0.0,0.0,1.0,0.0,1.0,0.0,0.0,0.0,1.0,0.0,0.0,0.0,1.0,0.0,0.0,0.0,1.0,0.0,1.0,0.0,1330.9,6156211.0
-0.5317195424689097,-1.0,0.0,-1.0,-0.7978599582330251,-0.42108515157366294,-0.557577174088923,-1.0,-1.0,0.0,0.0,1.0,0.0,1.0,0.0,0.0,0.0,0.0,0.0,0.0,1.0,0.0,0.0,0.0,0.0,1.0,1.0,0.0,1.0,0.0,1878.4,1866190.0
-0.32818234728177575,0.0,0.0,0.0,-0.41877619159189033,-0.7120550942910472,-0.40353463619855795,0.0,0.0,0.0,0.0,0.0,1.0,0.0,0.0,1.0,0.0,0.0,0.0,0.0,1.0,0.0,1.0,0.0,0.0,0.0,1.0,0.0,1.0,0.0,1478.9,2102848.0
0.7643334798256347,0.0,-1.0,0.0,0.5989280093304471,0.47195726330694465,1.092375182035562,0.0,0.0,0.0,0.0,0.0,1.0,0.0,1.0,0.0,0.0,0.0,1.0,0.0,0.0,0.0,0.0,0.0,1.0,0.0,1.0,0.0,1.0,0.0,2666.9,9924602.0
-0.37925669014502716,0.0,0.0,0.0,-0.5019095792272734,-0.7674068352963893,-0.4421891012387406,0.0,0.0,0.0,0.0,1.0,0.0,0.0,0.0,1.0,0.0,0.0,0.0,0.0,0.0,1.0,1.0,0.0,0.0,0.0,1.0,0.0,1.0,0.0,1343.8,1766291.0
-0.6408523476381084,-1.0,0.0,-1.0,-1.0757878092859143,-0.657630173135097,-0.6401718775282715,-1.0,-1.0,0.0,0.0,0.0,1.0,1.0,0.0,0.0,0.0,0.0,1.0,0.0,0.0,0.0,1.0,0.0,0.0,0.0,1.0,0.0,1.0,0.0,1557.0,1189237.0
-0.5265883526742762,0.0,-2.0,0.0,-0.7864294327717893,-0.927077299349939,0.16855144639614533,0.0,0.0,0.0,0.0,0.0,1.0,0.0,0.0,0.0,1.0,0.0,1.0,0.0,0.0,0.0,0.0,0.0,0.0,1.0,1.0,0.0,1.0,0.0,1963.3,1971742.0
0.8821608010357403,0.0,-2.0,-1.0,0.6671842775720144,0.599652442556478,3.367091566135093,0.0,0.0,0.0,1.0,0.0,0.0,0.0,0.0,1.0,0.0,0.0,0.0,1.0,0.0,0.0,0.0,0.0,0.0,1.0,1.0,0.0,1.0,0.0,2116.4,8400838.0
0.02620232566426366,0.0,-2.0,-1.0,0.0272585037110013,-0.32799124670142243,1.423652936840402,0.0,0.0,0.0,1.0,0.0,0.0,0.0,0.0,0.0,1.0,0.0,1.0,0.0,0.0,0.0,0.0,0.0,0.0,1.0,1.0,0.0,1.0,0.0,2453.0,5317613.0
-0.5177513035835182,-1.0,-1.0,-1.0,-0.7670283916732951,-0.3908090364935317,-0.36310026788443206,-1.0,-1.0,0.0,0.0,0.0,1.0,0.0,1.0,0.0,0.0,0.0,1.0,0.0,0.0,0.0,0.0,0.0,0.0,1.0,1.0,0.0,1.0,0.0,2130.3,2179084.0
0.7067501276858572,0.0,0.0,0.0,0.5638978237565369,0.40955139344789837,0.37973067726218507,0.0,0.0,0.0,0.0,0.0,1.0,1.0,0.0,0.0,0.0,0.0,1.0,0.0,0.0,0.0,0.0,0.0,0.0,1.0,1.0,0.0,1.0,0.0,1657.9,5968772.0
0.1996650473328505,1.0,-1.0,-1.0,0.19190943109466393,-0.5747312866061659,0.4513403211017422,0.0,3.0,0.0,1.0,0.0,0.0,0.0,1.0,0.0,0.0,1.0,0.0,0.0,0.0,0.0,0.0,0.0,0.0,1.0,1.0,0.0,0.0,1.0,2104.2,5779728.0
-0.3166371702438501,0.0,-1.0,-1.0,-0.4008559275592338,-0.6995430263242582,-0.13478722065406942,0.0,0.0,0.0,0.0,1.0,0.0,0.0,0.0,0.0,1.0,0.0,0.0,0.0,0.0,1.0,0.0,0.0,1.0,0.0,1.0,0.0,1.0,0.0,3145.4,4548877.0
0.9916261833212578,0.0,0.0,-1.0,0.726879084317867,0.7182853832786252,0.5953326980816599,0.0,1.5,1.0,0.0,0.0,0.0,0.0,0.0,1.0,0.0,1.0,0.0,0.0,0.0,0.0,0.0,0.0,0.0,1.0,0.0,1.0,1.0,0.0,2879.4,12092904.0
-0.4086184984143197,0.0,-1.0,0.0,-0.5528348032331408,-0.799227650125507,-0.23920821272540943,0.0,1.5,0.0,1.0,0.0,0.0,1.0,0.0,0.0,0.0,0.0,1.0,0.0,0.0,0.0,0.0,1.0,0.0,0.0,0.0,1.0,1.0,0.0,4912.0,6152771.0
0.37108479528690724,0.0,-1.0,1.0,0.3327877517448699,0.045774602561626895,0.6459430790528756,0.0,0.0,0.0,1.0,0.0,0.0,0.0,0.0,1.0,0.0,0.0,1.0,0.0,0.0,0.0,0.0,0.0,1.0,0.0,1.0,0.0,1.0,0.0,2746.1,7946390.0
0.09984440142057965,-1.0,-2.0,-1.0,0.10031033949099354,0.9478277659779881,1.5908559716653783,-1.0,-1.0,0.0,1.0,0.0,0.0,1.0,0.0,0.0,0.0,0.0,1.0,0.0,0.0,0.0,1.0,0.0,0.0,0.0,1.0,0.0,1.0,0.0,1450.8,3369918.0
0.12340986566260073,-1.0,-1.0,1.0,0.1226606493476753,0.9989058376778014,0.364772298232682,-1.0,-1.0,0.0,0.0,0.0,1.0,0.0,0.0,0.0,1.0,0.0,0.0,0.0,0.0,1.0,1.0,0.0,0.0,0.0,1.0,0.0,1.0,0.0,1458.3,3459671.0
0.5842192158306709,0.0,-1.0,-1.0,0.48525937866583063,0.2767587050267104,0.8879020513834703,0.0,0.0,0.0,1.0,0.0,0.0,0.0,1.0,0.0,0.0,0.0,0.0,0.0,0.0,1.0,0.0,0.0,0.0,1.0,1.0,0.0,1.0,0.0,2064.9,6901515.0
0.9424047701060684,1.0,-1.0,-1.0,0.7004529478659853,-0.03810259380832874,1.2945290447852429,0.0,1.0,1.0,0.0,0.0,0.0,0.0,1.0,0.0,0.0,0.0,0.0,1.0,0.0,0.0,0.0,0.0,1.0,0.0,1.0,0.0,1.0,0.0,3564.5,14600905.0
0.8417289258946921,1.0,0.0,0.0,0.6442552075205383,-0.11084078865503862,0.4818863378939609,0.0,3.0,0.0,0.0,0.0,1.0,1.0,0.0,0.0,0.0,0.0,1.0,0.0,0.0,0.0,0.0,0.0,0.0,1.0,1.0,0.0,0.0,1.0,1795.3,7423484.0
0.8231996294140707,0.0,-1.0,1.0,0.6335788355901185,0.5357533629400785,1.1592024595027057,0.0,0.0,0.0,0.0,1.0,0.0,0.0,0.0,1.0,0.0,0.0,0.0,0.0,0.0,1.0,0.0,0.0,0.0,1.0,1.0,0.0,1.0,0.0,1541.3,5926761.0
-0.4232994025489658,-1.0,-1.0,0.0,-0.5792468797027955,-0.1860848297612152,-0.2558745797450602,-1.0,-1.0,1.0,0.0,0.0,0.0,0.0,1.0,0.0,0.0,0.0,0.0,1.0,0.0,0.0,0.0,0.0,0.0,1.0,1.0,0.0,1.0,0.0,2319.6,2833855.0
-0.10098466581938674,0.0,-1.0,0.0,-0.1121588727657478,-0.4658299543026326,0.11003038420740367,0.0,0.0,0.0,1.0,0.0,0.0,1.0,0.0,0.0,0.0,0.0,0.0,0.0,1.0,0.0,0.0,0.0,0.0,1.0,1.0,0.0,1.0,0.0,1809.5,3438231.0
0.2903160670380445,0.0,0.0,1.0,0.2687381700301747,-0.041758383214262916,0.06456194602757953,0.0,0.0,0.0,0.0,1.0,0.0,0.0,1.0,0.0,0.0,0.0,1.0,0.0,0.0,0.0,0.0,0.0,0.0,1.0,1.0,0.0,1.0,0.0,1454.5,3961622.0
0.7101234098656628,0.0,0.0,0.0,0.5659822096467353,0.4132071828538328,0.3822836698369322,0.0,0.0,0.0,1.0,0.0,0.0,0.0,1.0,0.0,0.0,0.0,1.0,0.0,0.0,0.0,0.0,0.0,0.0,1.0,1.0,0.0,1.0,0.0,1692.5,6105355.0
1.0045016688244586,0.0,0.0,0.0,0.7336841915444057,0.7322391710111344,0.6050772190359754,0.0,0.0,1.0,0.0,0.0,0.0,0.0,1.0,0.0,0.0,0.0,0.0,0.0,0.0,1.0,0.0,0.0,1.0,0.0,1.0,0.0,1.0,0.0,3185.9,13466481.0
-0.5513415923317218,0.0,0.0,0.0,-0.8427466783419956,-0.9539035849906675,-0.5724276801927327,0.0,0.0,1.0,0.0,0.0,0.0,1.0,0.0,0.0,0.0,0.0,0.0,0.0,0.0,1.0,0.0,0.0,0.0,1.0,1.0,0.0,1.0,0.0,2114.6,2013522.0
1.064413060778468,0.0,-1.0,0.0,0.7647861457110495,0.7971680504601917,1.4330378813757392,0.0,0.0,0.0,1.0,0.0,0.0,0.0,1.0,0.0,0.0,0.0,0.0,0.0,0.0,1.0,1.0,0.0,0.0,0.0,1.0,0.0,1.0,0.0,1261.7,5492180.0
2.056253043674502,1.0,-1.0,1.0,1.1792898277139354,0.7666516487524404,2.559015479764837,0.0,4.5,0.0,0.0,0.0,1.0,0.0,1.0,0.0,0.0,0.0,1.0,0.0,0.0,0.0,0.0,0.0,0.0,1.0,0.0,1.0,0.0,1.0,1943.1,12964730.0
1.056621254053284,0.0,-1.0,0.0,0.7607925011100083,0.7887236918324002,1.4241923014688698,0.0,0.0,0.0,0.0,0.0,1.0,1.0,0.0,0.0,0.0,1.0,0.0,0.0,0.0,0.0,0.0,0.0,0.0,1.0,1.0,0.0,1.0,0.0,1776.4,7703536.0
0.007720540200259151,-1.0,1.0,0.0,0.008104961608670903,0.7481495784256935,-0.3406896675716005,-1.0,-1.0,0.0,0.0,0.0,1.0,1.0,0.0,0.0,0.0,0.0,1.0,0.0,0.0,0.0,0.0,0.0,0.0,1.0,1.0,0.0,1.0,0.0,1792.0,3814989.0
-0.526778396740744,-1.0,-1.0,-1.0,-0.7868505912134721,-0.4103752333140247,-0.3733481958253177,-1.0,-1.0,1.0,0.0,0.0,0.0,0.0,1.0,0.0,0.0,0.0,0.0,1.0,0.0,0.0,1.0,0.0,0.0,0.0,1.0,0.0,1.0,0.0,1823.7,1830812.0
-0.1092990937273579,0.0,-1.0,0.0,-0.12194553196898193,-0.4748407028383859,0.10059150320921953,0.0,0.0,0.0,1.0,0.0,0.0,1.0,0.0,0.0,0.0,0.0,1.0,0.0,0.0,0.0,0.0,0.0,0.0,1.0,1.0,0.0,1.0,0.0,1710.2,3219623.0
0.05988763644570093,-1.0,-1.0,-1.0,0.06130070373641499,0.8612216000514897,0.292659247406555,-1.0,-1.0,0.0,0.0,0.0,1.0,1.0,0.0,0.0,0.0,0.0,0.0,1.0,0.0,0.0,0.0,0.0,0.0,1.0,1.0,0.0,1.0,0.0,1939.7,4342406.0
1.1705051608841803,1.0,1.0,-1.0,0.8177146161966018,0.1266997060779644,0.31933082828428117,0.0,1.0,0.0,0.0,1.0,0.0,0.0,0.0,0.0,1.0,0.0,0.0,0.0,0.0,1.0,0.0,0.0,0.0,1.0,1.0,0.0,1.0,0.0,2062.7,9439534.0
-0.008148139349811564,-1.0,-1.0,-1.0,-0.008621716218423501,0.713754264014932,0.21542223260998547,-1.0,-1.0,0.0,0.0,0.0,1.0,1.0,0.0,0.0,0.0,0.0,0.0,0.0,1.0,0.0,0.0,0.0,0.0,1.0,1.0,0.0,1.0,0.0,1911.8,4006177.0
-0.23187751659916128,-1.0,-1.0,0.0,-0.27783641221393585,0.22882152281650237,-0.03856457093543805,-1.0,-1.0,0.0,0.0,0.0,1.0,1.0,0.0,0.0,0.0,0.0,1.0,0.0,0.0,0.0,0.0,0.0,0.0,1.0,1.0,0.0,1.0,0.0,1753.2,2848249.0
-0.4372201304177404,0.0,-1.0,-1.0,-0.6049152790682891,-0.8302246250884985,-0.2716779633591628,0.0,0.0,0.0,1.0,0.0,0.0,0.0,0.0,1.0,0.0,0.0,0.0,0.0,1.0,0.0,0.0,0.0,0.0,1.0,1.0,0.0,1.0,0.0,2037.3,2429277.0
0.6308750341485433,1.0,0.0,-1.0,0.515895201390896,-0.26318251056617553,0.3223063231513277,0.0,1.0,0.0,1.0,0.0,0.0,0.0,1.0,0.0,0.0,0.0,0.0,0.0,0.0,1.0,1.0,0.0,0.0,0.0,1.0,0.0,1.0,0.0,1599.7,5503768.0
0.5245928899763636,0.0,0.0,-1.0,0.4447696538756829,0.2121387655274506,0.24186907822584996,0.0,0.0,0.0,0.0,0.0,1.0,0.0,0.0,1.0,0.0,0.0,0.0,1.0,0.0,0.0,0.0,0.0,0.0,1.0,1.0,0.0,1.0,0.0,2031.1,6533642.0
-0.4296183677590239,0.0,1.0,-1.0,-0.5908213020110987,-0.8219862264272383,-0.5889322378238434,0.0,0.0,1.0,0.0,0.0,0.0,0.0,0.0,0.0,1.0,0.0,1.0,0.0,0.0,0.0,1.0,0.0,0.0,0.0,1.0,0.0,1.0,0.0,1954.8,2362180.0
1.5114442161276145,1.0,0.0,1.0,0.9718349409414776,0.37302782604964474,0.9887452580859746,0.0,1.0,1.0,0.0,0.0,0.0,1.0,0.0,0.0,0.0,0.0,0.0,0.0,0.0,1.0,0.0,0.0,0.0,1.0,1.0,0.0,1.0,0.0,1969.5,10426336.0
0.8080436151132546,1.0,-1.0,-1.0,0.6247653130475429,-0.13517839136684473,1.1419967278545873,0.0,1.0,1.0,0.0,0.0,0.0,1.0,0.0,0.0,0.0,0.0,1.0,0.0,0.0,0.0,0.0,0.0,0.0,1.0,1.0,0.0,1.0,0.0,2214.7,8445537.0
0.8906177619935624,1.0,-1.0,0.0,0.6719180658574259,-0.07551865439488549,1.2357383002822673,0.0,1.0,0.0,1.0,0.0,0.0,1.0,0.0,0.0,0.0,0.0,1.0,0.0,0.0,0.0,0.0,0.0,1.0,0.0,1.0,0.0,1.0,0.0,2810.0,11204032.0
-0.20831205235714012,-1.0,1.0,0.0,-0.2460296150949879,0.27989959451631585,-0.4633142158537242,-1.0,-1.0,0.0,0.0,0.0,1.0,0.0,0.0,0.0,1.0,0.0,1.0,0.0,0.0,0.0,0.0,0.0,0.0,1.0,1.0,0.0,1.0,0.0,2162.3,3620123.0
-0.5346177144825454,-1.0,-1.0,0.0,-0.8043710703539595,-0.4273669305528739,-0.3822477121950342,-1.0,-1.0,0.0,1.0,0.0,0.0,1.0,0.0,0.0,0.0,0.0,0.0,0.0,0.0,1.0,0.0,0.0,1.0,0.0,1.0,0.0,1.0,0.0,2918.2,2881431.0
0.005867610552196963,0.0,-1.0,1.0,0.006165424490449321,-0.3500289631202936,0.23133348914978158,0.0,0.0,0.0,0.0,0.0,1.0,0.0,1.0,0.0,0.0,0.0,0.0,0.0,1.0,0.0,0.0,0.0,0.0,1.0,1.0,0.0,1.0,0.0,1615.1,3432088.0
2.2957085674240716,1.0,-1.0,0.0,1.2590104861779552,0.939658020638905,2.83085525251254,0.0,1.0,0.0,1.0,0.0,0.0,0.0,0.0,1.0,0.0,0.0,0.0,0.0,0.0,1.0,0.0,0.0,0.0,1.0,1.0,0.0,1.0,0.0,2080.4,14447546.0
-0.219429630245513,-1.0,-1.0,-1.0,-0.2609161972884137,0.2558022784321296,-0.0244332176695852,-1.0,-1.0,1.0,0.0,0.0,0.0,1.0,0.0,0.0,0.0,0.0,0.0,1.0,0.0,0.0,0.0,0.0,0.0,1.0,1.0,0.0,1.0,0.0,2382.1,3932371.0
1.0031713603591836,0.0,0.0,-1.0,0.7329831044706062,0.7307974512454143,0.6040704050628362,0.0,0.0,0.0,1.0,0.0,0.0,0.0,0.0,1.0,0.0,0.0,0.0,0.0,0.0,1.0,1.0,0.0,0.0,0.0,1.0,0.0,1.0,0.0,1552.1,6556226.0
-0.7487973773918826,-1.0,0.0,0.0,-1.4488260726879363,-0.8916006951148872,-0.7218676399201739,-1.0,-1.0,0.0,0.0,0.0,1.0,0.0,1.0,0.0,0.0,0.0,0.0,0.0,0.0,1.0,0.0,0.0,1.0,0.0,1.0,0.0,1.0,0.0,2902.7,1557589.0
-0.427242816928175,-1.0,-1.0,0.0,-0.58645515232255,-0.19463216837227265,-0.26035130616134183,-1.0,-1.0,0.0,1.0,0.0,0.0,0.0,0.0,1.0,0.0,0.0,0.0,0.0,1.0,0.0,1.0,0.0,0.0,0.0,1.0,0.0,1.0,0.0,1443.2,1751179.0
0.2769654713686737,0.0,0.0,-1.0,0.2577675404802229,-0.05622707086310112,0.05445784865428526,0.0,0.0,1.0,0.0,0.0,0.0,0.0,1.0,0.0,0.0,0.0,1.0,0.0,0.0,0.0,0.0,0.0,1.0,0.0,1.0,0.0,1.0,0.0,3404.2,9176362.0
-0.5123350476891828,-1.0,0.0,0.0,-0.7553108760733933,-0.3790693184012359,-0.5429064561946026,-1.0,-1.0,0.0,0.0,0.0,1.0,1.0,0.0,0.0,0.0,0.0,0.0,0.0,1.0,0.0,0.0,1.0,0.0,0.0,1.0,0.0,1.0,0.0,4375.9,4525993.0
-0.27501751968737737,-1.0,0.0,0.0,-0.33866225219765667,0.13531569801119894,-0.3632980349148702,-1.0,-1.0,0.0,0.0,0.0,1.0,0.0,1.0,0.0,0.0,0.0,1.0,0.0,0.0,0.0,0.0,0.0,0.0,1.0,1.0,0.0,1.0,0.0,1824.7,2798725.0
-0.2224228242923826,-1.0,0.0,0.0,-0.2649601623709325,0.24931453948638724,-0.32349292533395657,-1.0,-1.0,0.0,0.0,1.0,0.0,1.0,0.0,0.0,0.0,0.0,1.0,0.0,0.0,0.0,0.0,0.0,1.0,0.0,1.0,0.0,1.0,0.0,2667.9,4387362.0
-0.184841610148353,-1.0,-1.0,0.0,-0.21527368055784749,0.33077170624959756,0.014832527282860788,-1.0,-1.0,0.0,0.0,0.0,1.0,0.0,1.0,0.0,0.0,0.0,0.0,0.0,1.0,0.0,1.0,0.0,0.0,0.0,1.0,0.0,1.0,0.0,1331.2,2294456.0
-0.7639533916926985,-1.0,-2.0,-1.0,-1.5135614453089814,-0.9244513097766622,-0.3703816903687455,-1.0,-1.0,0.0,0.0,0.0,1.0,0.0,1.0,0.0,0.0,0.0,0.0,1.0,0.0,0.0,0.0,0.0,0.0,1.0,1.0,0.0,1.0,0.0,2070.0,1044729.0
0.6463636255656782,0.0,-1.0,-1.0,0.5258725634696851,0.34410761408251256,0.9584509447870407,0.0,0.0,0.0,0.0,0.0,1.0,0.0,1.0,0.0,0.0,0.0,0.0,1.0,0.0,0.0,0.0,0.0,0.0,1.0,1.0,0.0,1.0,0.0,1952.1,6779839.0
0.06986494993526632,-1.0,0.0,-1.0,0.07117704555846249,0.8828473965372978,-0.10228151237841827,-1.0,-1.0,0.0,1.0,0.0,0.0,0.0,0.0,0.0,1.0,0.0,1.0,0.0,0.0,0.0,0.0,0.0,0.0,1.0,1.0,0.0,1.0,0.0,2421.7,5472315.0
-0.47741445047570386,-1.0,0.0,-1.0,-0.6827274794549132,-0.30337903070090766,-0.5164775893996871,-1.0,-1.0,0.0,0.0,0.0,1.0,0.0,0.0,1.0,0.0,1.0,0.0,0.0,0.0,0.0,0.0,0.0,0.0,1.0,1.0,0.0,1.0,0.0,2293.4,2540629.0
1.7668634414604887,1.0,1.0,0.0,1.0741709764960814,0.5575679560618736,0.6578360691105877,0.0,1.0,0.0,1.0,0.0,0.0,0.0,1.0,0.0,0.0,0.0,0.0,0.0,0.0,1.0,0.0,0.0,0.0,1.0,1.0,0.0,1.0,0.0,1870.3,10906654.0
-0.6608544856338562,-1.0,-2.0,-1.0,-1.1357069952718295,-0.7009847460899788,-0.13629744161377885,-1.0,-1.0,1.0,0.0,0.0,0.0,1.0,0.0,0.0,0.0,0.0,0.0,0.0,1.0,0.0,0.0,1.0,0.0,0.0,1.0,0.0,1.0,0.0,5467.7,3946039.0
0.13314962406908123,-1.0,-1.0,0.0,0.13176206266639803,1.0200167342472808,0.37582927311626907,-1.0,-1.0,0.0,1.0,0.0,0.0,0.0,1.0,0.0,0.0,1.0,0.0,0.0,0.0,0.0,1.0,0.0,0.0,0.0,1.0,0.0,1.0,0.0,1452.4,3475448.0
-0.15030110106780994,0.0,0.0,1.0,-0.17157746068131538,-0.5192765656175582,-0.2689092249330288,0.0,0.0,0.0,1.0,0.0,0.0,0.0,0.0,1.0,0.0,0.0,0.0,0.0,0.0,1.0,0.0,0.0,0.0,1.0,1.0,0.0,1.0,0.0,1841.0,3306988.0
0.2243707759736791,0.0,0.0,1.0,0.21340703533791927,-0.11322649160069516,0.014652739073371607,0.0,0.0,1.0,0.0,0.0,0.0,0.0,0.0,1.0,0.0,0.0,0.0,0.0,0.0,1.0,0.0,0.0,0.0,1.0,1.0,0.0,1.0,0.0,1972.3,5098198.0
0.4479576201731778,0.0,-1.0,0.0,0.3903457649196453,0.12908540902362095,0.7332122759389439,0.0,0.0,0.0,0.0,0.0,1.0,0.0,0.0,0.0,1.0,0.0,0.0,0.0,0.0,1.0,0.0,0.0,1.0,0.0,1.0,0.0,1.0,0.0,2907.3,8883255.0
-0.6110629402192631,-1.0,0.0,-1.0,-0.9924020201317982,-0.59306172362747,-0.6176264360583231,-1.0,-1.0,0.0,0.0,0.0,1.0,1.0,0.0,0.0,0.0,0.0,0.0,0.0,0.0,1.0,0.0,0.0,0.0,1.0,1.0,0.0,1.0,0.0,2091.7,1728790.0
-0.17700229240655163,0.0,0.0,-1.0,-0.205196917636719,-0.5482139409152348,-0.28911741967961735,0.0,0.0,0.0,1.0,0.0,0.0,0.0,1.0,0.0,0.0,0.0,1.0,0.0,0.0,0.0,0.0,0.0,0.0,1.0,1.0,0.0,1.0,0.0,1932.4,3362569.0
0.09385801332684024,0.0,0.0,-1.0,0.09455664685364108,-0.25466949861620664,-0.08412290322000684,0.0,0.0,1.0,0.0,0.0,0.0,0.0,0.0,0.0,1.0,0.0,0.0,0.0,0.0,1.0,0.0,0.0,0.0,1.0,1.0,0.0,1.0,0.0,2648.8,6119258.0
0.9111425211720969,0.0,-1.0,1.0,0.6833195141531911,0.6310613374525326,1.2590388522320706,0.0,0.0,1.0,0.0,0.0,0.0,0.0,1.0,0.0,0.0,0.0,1.0,0.0,0.0,0.0,0.0,0.0,1.0,0.0,1.0,0.0,1.0,0.0,2755.9,11107379.0
2.0608616122863492,1.0,-1.0,-1.0,1.1808822050351615,0.7699813348780329,2.5642473166609734,0.0,3.0,0.0,0.0,0.0,1.0,0.0,1.0,0.0,0.0,0.0,0.0,1.0,0.0,0.0,0.0,1.0,0.0,0.0,1.0,0.0,0.0,1.0,4426.6,29002898.0
-0.38628832060434,-1.0,-2.0,1.0,-0.5138839690126688,-0.10586342279719398,0.4871001959691482,-1.0,-1.0,1.0,0.0,0.0,0.0,0.0,0.0,0.0,1.0,0.0,0.0,1.0,0.0,0.0,0.0,0.0,0.0,1.0,1.0,0.0,1.0,0.0,2438.8,3169464.0
0.6303049019491397,0.0,-1.0,0.0,0.5155261354356762,0.3267039969106005,0.9402204203448339,0.0,0.0,0.0,0.0,1.0,0.0,0.0,0.0,1.0,0.0,0.0,0.0,0.0,1.0,0.0,0.0,1.0,0.0,0.0,1.0,0.0,1.0,0.0,4009.7,13790561.0
-0.13333966813554876,-1.0,0.0,1.0,-0.15076303259874094,0.44240200810967356,-0.25607234677549845,-1.0,-1.0,0.0,1.0,0.0,0.0,0.0,0.0,1.0,0.0,0.0,1.0,0.0,0.0,0.0,1.0,0.0,0.0,0.0,1.0,0.0,1.0,0.0,1395.1,2555823.0
0.19738451853523548,0.0,-1.0,-1.0,0.18990284304344335,-0.14247280684816901,0.4487513708850973,0.0,0.0,0.0,0.0,1.0,0.0,0.0,1.0,0.0,0.0,0.0,0.0,1.0,0.0,0.0,1.0,0.0,0.0,0.0,1.0,0.0,1.0,0.0,1337.6,3381587.0
0.7191980140395056,1.0,-2.0,-1.0,0.5715692087983847,-0.1993692476024974,2.9970874310062747,0.0,1.0,1.0,0.0,0.0,0.0,0.0,0.0,1.0,0.0,0.0,0.0,0.0,0.0,1.0,0.0,0.0,1.0,0.0,1.0,0.0,1.0,0.0,3792.2,13752034.0
0.6458885153995083,0.0,1.0,-1.0,0.5255679037887545,0.3435927141661838,0.021547616907283244,0.0,0.0,0.0,0.0,0.0,1.0,1.0,0.0,0.0,0.0,0.0,0.0,0.0,0.0,1.0,0.0,0.0,0.0,1.0,1.0,0.0,1.0,0.0,1839.5,6386928.0
0.41517501870746293,1.0,-1.0,0.0,0.3661817950664165,-0.4190255519083479,0.695996116574675,0.0,1.0,0.0,0.0,0.0,1.0,0.0,0.0,1.0,0.0,0.0,1.0,0.0,0.0,0.0,0.0,0.0,1.0,0.0,1.0,0.0,1.0,0.0,2858.7,8537508.0
0.9201221033127058,0.0,2.0,-1.0,0.6882692799757834,0.6407929458711463,-0.04119667032236019,0.0,0.0,0.0,0.0,0.0,1.0,0.0,1.0,0.0,0.0,0.0,1.0,0.0,0.0,0.0,0.0,0.0,0.0,1.0,1.0,0.0,1.0,0.0,1772.3,7176574.0
-0.08682638286752718,-1.0,0.0,-1.0,-0.0956990823742554,0.5432194117268456,-0.22086981535750871,-1.0,-1.0,0.0,0.0,1.0,0.0,1.0,0.0,0.0,0.0,0.0,0.0,0.0,1.0,0.0,0.0,0.0,0.0,1.0,1.0,0.0,1.0,0.0,1827.5,3526892.0
0.037034837452934524,-1.0,-1.0,0.0,0.03832569090490892,0.8116882281006628,0.26671580877726037,-1.0,-1.0,1.0,0.0,0.0,0.0,0.0,1.0,0.0,0.0,0.0,1.0,0.0,0.0,0.0,0.0,0.0,0.0,1.0,1.0,0.0,1.0,0.0,2236.1,4898401.0
-0.34015512346925425,-1.0,-1.0,-1.0,-0.43768635913090825,-0.005869859046147952,-0.16148576976321885,-1.0,-1.0,0.0,0.0,1.0,0.0,0.0,1.0,0.0,0.0,1.0,0.0,0.0,0.0,0.0,0.0,0.0,0.0,1.0,1.0,0.0,1.0,0.0,1787.2,2496182.0
0.5086291883930587,0.0,0.0,0.0,0.4336612316962223,0.19483812833880396,0.22978731054817422,0.0,0.0,0.0,0.0,0.0,1.0,0.0,0.0,0.0,1.0,0.0,0.0,1.0,0.0,0.0,0.0,0.0,0.0,1.0,1.0,0.0,1.0,0.0,1875.6,5970410.0
0.12721074699195897,0.0,-1.0,0.0,0.12622173913977347,-0.21852352448992732,0.36908721526042326,0.0,0.0,0.0,0.0,0.0,1.0,1.0,0.0,0.0,0.0,0.0,1.0,0.0,0.0,0.0,0.0,0.0,0.0,1.0,1.0,0.0,1.0,0.0,1689.3,4021210.0
-0.4471024218740719,-1.0,-1.0,1.0,-0.6235226307070029,-0.23767780137735747,-0.2828967476312903,-1.0,-1.0,0.0,0.0,0.0,1.0,0.0,0.0,0.0,1.0,0.0,0.0,0.0,0.0,1.0,0.0,0.0,0.0,1.0,1.0,0.0,1.0,0.0,1962.2,2298914.0
-0.1312966944210187,-1.0,-2.0,1.0,-0.14828337410675146,0.4468301473901009,1.06605418816634,-1.0,-1.0,0.0,0.0,0.0,1.0,0.0,1.0,0.0,0.0,0.0,1.0,0.0,0.0,0.0,0.0,0.0,0.0,1.0,1.0,0.0,1.0,0.0,1729.3,3175514.0
-0.5372783314130962,-1.0,0.0,0.0,-0.8103839607368554,-0.4331338096157561,-0.5617842181909709,-1.0,-1.0,0.0,0.0,0.0,1.0,0.0,1.0,0.0,0.0,0.0,1.0,0.0,0.0,0.0,0.0,0.0,0.0,1.0,1.0,0.0,1.0,0.0,1909.4,1874649.0
-0.3196778753073367,0.0,-1.0,-1.0,-0.4055463102417373,-0.7028383857887625,-0.13823915427626252,0.0,0.0,0.0,0.0,0.0,1.0,1.0,0.0,0.0,0.0,0.0,0.0,0.0,0.0,1.0,0.0,0.0,0.0,1.0,1.0,0.0,1.0,0.0,1900.4,2736196.0
-0.3910394222660378,0.0,-1.0,0.0,-0.5220521622373924,-0.7801763532213427,-0.21925172147210584,0.0,0.0,0.0,0.0,0.0,1.0,0.0,0.0,0.0,1.0,0.0,0.0,0.0,0.0,1.0,1.0,0.0,0.0,0.0,1.0,0.0,1.0,0.0,1392.4,1795639.0
0.0628333194759537,1.0,1.0,0.0,0.06422617748025342,-0.6735920705412886,-0.30940651912047595,0.0,1.0,0.0,1.0,0.0,0.0,0.0,1.0,0.0,0.0,0.0,1.0,0.0,0.0,0.0,0.0,0.0,0.0,1.0,1.0,0.0,1.0,0.0,1920.1,4310432.0
0.3203905405565917,0.0,0.0,-1.0,0.29304247583944104,-0.009165218510652086,0.08732313334891502,0.0,0.0,0.0,0.0,0.0,1.0,1.0,0.0,0.0,0.0,0.0,0.0,1.0,0.0,0.0,0.0,0.0,1.0,0.0,1.0,0.0,1.0,0.0,2620.8,7304170.0
0.13927854521267144,0.0,-1.0,-1.0,0.13744942594940032,-0.20544506661517667,0.38278707682350205,0.0,0.0,0.0,0.0,0.0,1.0,1.0,0.0,0.0,0.0,0.0,0.0,1.0,0.0,0.0,0.0,1.0,0.0,0.0,1.0,0.0,1.0,0.0,3848.0,9257518.0
1.3973702652302504,1.0,0.0,0.0,0.9227252604838176,0.2906095127759542,0.9024109598892506,0.0,1.0,0.0,0.0,0.0,1.0,0.0,0.0,1.0,0.0,0.0,1.0,0.0,0.0,0.0,0.0,0.0,0.0,1.0,1.0,0.0,1.0,0.0,1859.4,9397036.0
-0.22370562174104106,-1.0,0.0,0.0,-0.2666980320696402,0.24653407993821186,-0.32446378166519835,-1.0,-1.0,0.0,1.0,0.0,0.0,1.0,0.0,0.0,0.0,0.0,1.0,0.0,0.0,0.0,1.0,0.0,0.0,0.0,1.0,0.0,1.0,0.0,1475.3,2422148.0
-0.39788100865888254,-1.0,0.0,1.0,-0.5339262375576604,-0.1309905387140375,-0.4562844968626957,-1.0,-1.0,0.0,0.0,0.0,1.0,0.0,1.0,0.0,0.0,0.0,0.0,0.0,1.0,0.0,1.0,0.0,0.0,0.0,1.0,0.0,1.0,0.0,1209.0,1541717.0
-0.18621942963024532,0.0,-1.0,-1.0,-0.2170547046819495,-0.5582029992920127,0.013268369860304633,0.0,1.5,0.0,0.0,0.0,1.0,1.0,0.0,0.0,0.0,0.0,0.0,0.0,0.0,1.0,0.0,0.0,0.0,1.0,0.0,1.0,1.0,0.0,2047.1,3522445.0
-0.5279661721561685,-1.0,1.0,0.0,-0.7894866356700799,-0.4129497328956685,-0.6447564768702467,-1.0,-1.0,0.0,0.0,0.0,1.0,1.0,0.0,0.0,0.0,0.0,1.0,0.0,0.0,0.0,0.0,0.0,0.0,1.0,1.0,0.0,1.0,0.0,1891.9,1894549.0
0.5417918779917095,0.0,-1.0,0.0,0.4566085931762261,0.23077814249855175,0.8397367900613077,0.0,0.0,0.0,0.0,0.0,1.0,1.0,0.0,0.0,0.0,0.0,1.0,0.0,0.0,0.0,0.0,0.0,0.0,1.0,1.0,0.0,1.0,0.0,1652.7,5376233.0
-0.3671888919243148,-1.0,-1.0,0.0,-0.4816695579806909,-0.06446546952436134,-0.19217561712302902,-1.0,-1.0,0.0,0.0,0.0,1.0,1.0,0.0,0.0,0.0,0.0,1.0,0.0,0.0,0.0,0.0,0.0,0.0,1.0,1.0,0.0,1.0,0.0,1765.5,2365417.0
0.6803340024468174,0.0,0.0,-1.0,0.54743149786379,0.3809229581000192,0.35973822836698366,0.0,0.0,0.0,0.0,0.0,1.0,0.0,1.0,0.0,0.0,0.0,0.0,0.0,0.0,1.0,0.0,0.0,0.0,1.0,1.0,0.0,1.0,0.0,1811.7,6421752.0
1.6303642907199107,1.0,-1.0,0.0,1.020714754748746,0.45894745875437115,2.075529026806422,0.0,2.5,0.0,1.0,0.0,0.0,0.0,0.0,1.0,0.0,0.0,0.0,0.0,0.0,1.0,0.0,0.0,1.0,0.0,0.0,1.0,1.0,0.0,3566.8,19775053.0
0.6396170612060673,0.0,-2.0,-1.0,0.5215381544057539,0.3367960352706442,2.816400280469607,0.0,0.0,0.0,0.0,0.0,1.0,1.0,0.0,0.0,0.0,0.0,1.0,0.0,0.0,0.0,0.0,0.0,0.0,1.0,1.0,0.0,1.0,0.0,1814.8,6277212.0
0.941312016723878,0.0,-1.0,0.0,0.6998587140204997,0.6637574821394091,1.2932885061397674,0.0,1.5,0.0,0.0,0.0,1.0,0.0,0.0,1.0,0.0,1.0,0.0,0.0,0.0,0.0,0.0,0.0,0.0,1.0,0.0,1.0,1.0,0.0,2171.2,8888676.0
0.11333753013980125,-1.0,-1.0,0.0,0.11316539509326434,0.9770740812254615,0.35333776810916734,-1.0,-1.0,1.0,0.0,0.0,0.0,0.0,0.0,0.0,1.0,1.0,0.0,0.0,0.0,0.0,0.0,0.0,0.0,1.0,1.0,0.0,1.0,0.0,2429.6,5712476.0
1.4946253162452046,1.0,0.0,-1.0,0.9647359581591995,0.36087618802428595,0.9760162528541377,0.0,1.0,0.0,0.0,0.0,1.0,0.0,1.0,0.0,0.0,0.0,1.0,0.0,0.0,0.0,0.0,0.0,0.0,1.0,1.0,0.0,1.0,0.0,1885.2,9913324.0
-0.6397120832393008,-1.0,0.0,1.0,-1.0724720910840515,-0.6551586535367189,-0.6393088941227233,-1.0,-1.0,1.0,0.0,0.0,0.0,0.0,0.0,1.0,0.0,0.0,1.0,0.0,0.0,0.0,1.0,0.0,0.0,0.0,1.0,0.0,1.0,0.0,1675.7,1283921.0
0.17909277713769892,0.0,-1.0,-1.0,0.1736691898104677,-0.16229645362682643,0.4279858326890922,0.0,0.0,1.0,0.0,0.0,0.0,1.0,0.0,0.0,0.0,0.0,0.0,0.0,0.0,1.0,0.0,0.0,0.0,1.0,1.0,0.0,1.0,0.0,2204.5,5488323.0
-0.18251357033412105,-1.0,0.0,-1.0,-0.21227115822535983,0.3358177254296195,-0.2932885061397673,-1.0,-1.0,1.0,0.0,0.0,0.0,1.0,0.0,0.0,0.0,0.0,0.0,0.0,1.0,0.0,0.0,0.0,0.0,1.0,1.0,0.0,1.0,0.0,2244.4,3879445.0
0.45446662944970373,0.0,0.0,0.0,0.3950785791432541,0.1361395378773249,0.18879559878463167,0.0,0.0,1.0,0.0,0.0,0.0,0.0,1.0,0.0,0.0,0.0,1.0,0.0,0.0,0.0,0.0,0.0,0.0,1.0,1.0,0.0,1.0,0.0,2086.3,6403272.0
-0.43232649570619164,-1.0,-1.0,0.0,-0.5958207853503557,-0.20565102658170822,-0.26612250768594586,-1.0,-1.0,0.0,1.0,0.0,0.0,1.0,0.0,0.0,0.0,0.0,1.0,0.0,0.0,0.0,0.0,0.0,1.0,0.0,1.0,0.0,1.0,0.0,3013.9,3624818.0
1.0054994001734154,0.0,0.0,-1.0,0.734209702215482,0.733320460835425,0.6058323295158304,0.0,0.0,0.0,1.0,0.0,0.0,1.0,0.0,0.0,0.0,0.0,1.0,0.0,0.0,0.0,0.0,0.0,0.0,1.0,1.0,0.0,1.0,0.0,1898.5,8028756.0
0.10264755140098118,0.0,1.0,-1.0,0.10299381297192688,-0.24514385016412454,-0.28680714118768086,0.0,1.5,0.0,1.0,0.0,0.0,0.0,0.0,1.0,0.0,1.0,0.0,0.0,0.0,0.0,0.0,0.0,1.0,0.0,0.0,1.0,1.0,0.0,3592.4,8365622.0
-0.0071979190174720035,-1.0,-1.0,-1.0,-0.00761264261599065,0.715813863680247,0.2165009618669208,-1.0,-1.0,0.0,0.0,0.0,1.0,0.0,1.0,0.0,0.0,0.0,0.0,0.0,0.0,1.0,0.0,0.0,1.0,0.0,1.0,0.0,1.0,0.0,3021.7,6338016.0
1.6752146904063383,1.0,1.0,0.0,1.0385787611540147,0.4913518268219949,0.6058143506948815,0.0,1.0,0.0,0.0,1.0,0.0,0.0,0.0,1.0,0.0,0.0,0.0,0.0,1.0,0.0,0.0,0.0,0.0,1.0,1.0,0.0,1.0,0.0,1866.4,10523883.0
-0.7773514983786863,-1.0,-1.0,-1.0,-1.5742841563890897,-0.9534916650576045,-0.6578091008791642,-1.0,-1.0,0.0,1.0,0.0,0.0,0.0,1.0,0.0,0.0,0.0,0.0,1.0,0.0,0.0,0.0,0.0,0.0,1.0,1.0,0.0,1.0,0.0,2374.5,1131449.0
0.44529700324262705,0.0,0.0,-1.0,0.38840507314281575,0.1262019694921799,0.18185577389834776,0.0,0.0,0.0,0.0,0.0,1.0,1.0,0.0,0.0,0.0,0.0,0.0,0.0,1.0,0.0,0.0,0.0,0.0,1.0,1.0,0.0,1.0,0.0,1755.3,5353489.0
0.9158936228337947,0.0,-1.0,0.0,0.6859413217085752,0.6362103366158203,1.2644324985167472,0.0,0.0,0.0,1.0,0.0,0.0,0.0,0.0,1.0,0.0,0.0,0.0,0.0,0.0,1.0,0.0,1.0,0.0,0.0,1.0,0.0,1.0,0.0,4707.5,19020183.0
-0.10364528274993746,-1.0,1.0,-1.0,-0.11528076768009214,0.506764497650769,-0.4039032020280109,-1.0,-1.0,0.0,1.0,0.0,0.0,0.0,0.0,1.0,0.0,0.0,0.0,1.0,0.0,0.0,1.0,0.0,0.0,0.0,1.0,0.0,1.0,0.0,1630.6,3089172.0
-0.5073463909444,-1.0,0.0,0.0,-0.744632017947266,-0.3682564201583319,-0.539130903795329,-1.0,-1.0,1.0,0.0,0.0,0.0,0.0,1.0,0.0,0.0,0.0,0.0,0.0,0.0,1.0,0.0,0.0,0.0,1.0,1.0,0.0,1.0,0.0,2236.5,2336695.0
-0.4460571795084984,-1.0,-1.0,-1.0,-0.6215390015219671,-0.23541224174551087,-0.2817101454486614,-1.0,-1.0,0.0,0.0,0.0,1.0,0.0,1.0,0.0,0.0,0.0,0.0,1.0,0.0,0.0,1.0,0.0,0.0,0.0,1.0,0.0,1.0,0.0,1518.4,1782298.0
-0.7123089166300434,-1.0,0.0,0.0,-1.307514358585607,-0.8125120679667891,-0.6942521709426295,-1.0,-1.0,0.0,0.0,1.0,0.0,0.0,0.0,1.0,0.0,0.0,1.0,0.0,0.0,0.0,0.0,0.0,0.0,1.0,1.0,0.0,1.0,0.0,2012.8,1234652.0
-0.10758869712914662,0.0,0.0,0.0,-0.11992486884454275,-0.4729870631396023,-0.23658330486686674,0.0,0.0,0.0,0.0,1.0,0.0,0.0,0.0,1.0,0.0,0.0,0.0,0.0,0.0,1.0,0.0,0.0,1.0,0.0,1.0,0.0,1.0,0.0,2793.2,5268534.0
1.1429012602297157,0.0,0.0,-1.0,0.8041959919788246,0.8822295166377033,0.7098218298843961,0.0,0.0,0.0,0.0,0.0,1.0,0.0,1.0,0.0,0.0,0.0,0.0,0.0,0.0,1.0,0.0,0.0,1.0,0.0,1.0,0.0,1.0,0.0,2803.3,12665870.0
0.9558028767920561,0.0,-1.0,-1.0,0.7077117745796228,0.6794619295874361,1.3097391273080308,0.0,1.5,1.0,0.0,0.0,0.0,1.0,0.0,0.0,0.0,0.0,0.0,0.0,0.0,1.0,0.0,0.0,0.0,1.0,0.0,1.0,1.0,0.0,2489.7,10268519.0
-0.47598911997719456,-1.0,-1.0,-1.0,-0.6798680725264944,-0.30028963120293506,-0.3156901170421243,-1.0,-1.0,0.0,1.0,0.0,0.0,0.0,1.0,0.0,0.0,0.0,1.0,0.0,0.0,0.0,1.0,0.0,0.0,0.0,1.0,0.0,1.0,0.0,1695.5,1883361.0
1.0808993835445595,0.0,-1.0,0.0,0.7731867583787647,0.8150350775567997,1.4517538339835672,0.0,0.0,0.0,0.0,0.0,1.0,0.0,1.0,0.0,0.0,0.0,1.0,0.0,0.0,0.0,1.0,0.0,0.0,0.0,1.0,0.0,1.0,0.0,1275.0,5594318.0
0.04340131367960963,-1.0,-1.0,0.0,0.04477649672680042,0.8254875458582737,0.27394329479872714,-1.0,-1.0,0.0,1.0,0.0,0.0,0.0,1.0,0.0,0.0,0.0,0.0,0.0,1.0,0.0,0.0,0.0,0.0,1.0,1.0,0.0,1.0,0.0,1973.2,4348933.0
-0.18973524485990173,-1.0,0.0,0.0,-0.22161301636675745,0.3201647679732251,-0.2987540677082396,-1.0,-1.0,0.0,0.0,0.0,1.0,0.0,1.0,0.0,0.0,1.0,0.0,0.0,0.0,0.0,0.0,0.0,1.0,0.0,1.0,0.0,1.0,0.0,2880.2,4934647.0
1.0593293820004515,0.0,2.0,1.0,0.7621822455537902,0.791658621355474,0.022016864134050174,0.0,0.0,0.0,1.0,0.0,0.0,1.0,0.0,0.0,0.0,0.0,0.0,0.0,1.0,0.0,0.0,0.0,0.0,1.0,1.0,0.0,1.0,0.0,1667.6,7241219.0
-0.4964188571224951,-1.0,-2.0,0.0,-0.7216100991914597,-0.34457102400720874,0.2370507542115388,-1.0,-1.0,0.0,0.0,0.0,1.0,0.0,0.0,1.0,0.0,0.0,1.0,0.0,0.0,0.0,0.0,0.0,1.0,0.0,1.0,0.0,1.0,0.0,3114.1,3325236.0
-0.43189889655663893,0.0,1.0,-1.0,-0.5950298213353467,-0.8244577460256164,-0.5902267129321658,0.0,0.0,0.0,0.0,1.0,0.0,1.0,0.0,0.0,0.0,0.0,0.0,0.0,0.0,1.0,0.0,0.0,0.0,1.0,1.0,0.0,1.0,0.0,1892.1,2277332.0
-0.3007684906937795,-1.0,-1.0,-1.0,-0.37670973371630584,0.07950054708116092,-0.11677244206324948,-1.0,-1.0,0.0,0.0,1.0,0.0,1.0,0.0,0.0,0.0,0.0,0.0,0.0,0.0,1.0,0.0,0.0,0.0,1.0,1.0,0.0,1.0,0.0,1793.7,2653959.0
0.09666116330724199,0.0,-1.0,0.0,0.09725473122945706,-0.25163158910986694,0.33440606964995234,0.0,0.0,0.0,0.0,1.0,0.0,1.0,0.0,0.0,0.0,0.0,0.0,1.0,0.0,0.0,0.0,0.0,0.0,1.0,1.0,0.0,1.0,0.0,1525.9,3534137.0
-0.4940433062916462,0.0,-2.0,-1.0,-0.7166709235105352,-0.8918066550814187,0.24244440049621543,0.0,0.0,0.0,0.0,0.0,1.0,1.0,0.0,0.0,0.0,0.0,0.0,1.0,0.0,0.0,0.0,0.0,1.0,0.0,1.0,0.0,1.0,0.0,2789.0,2992039.0
0.0775617346272169,1.0,-1.0,0.0,0.0787334541347738,-0.6629508056038276,0.3127236115855523,0.0,3.0,1.0,0.0,0.0,0.0,1.0,0.0,0.0,0.0,0.0,0.0,0.0,0.0,1.0,0.0,1.0,0.0,0.0,1.0,0.0,0.0,1.0,4919.2,11645607.0
-0.43565226686938013,-1.0,-1.0,-1.0,-0.6019929916674619,-0.21285962541031092,-0.2698980600852195,-1.0,-1.0,1.0,0.0,0.0,0.0,0.0,1.0,0.0,0.0,0.0,0.0,1.0,0.0,0.0,1.0,0.0,0.0,0.0,1.0,0.0,1.0,0.0,1746.9,2088768.0
0.037604969652338394,0.0,2.0,0.0,0.03890498068875881,-0.3156336487095321,-0.4419445892738353,0.0,0.0,0.0,1.0,0.0,0.0,0.0,0.0,1.0,0.0,0.0,1.0,0.0,0.0,0.0,1.0,0.0,0.0,0.0,1.0,0.0,1.0,0.0,1496.1,3279152.0
0.23102231830005604,0.0,0.0,-1.0,0.21912100735343093,-0.10601789277209248,0.019686808939069895,0.0,1.5,0.0,1.0,0.0,0.0,0.0,0.0,1.0,0.0,0.0,1.0,0.0,0.0,0.0,0.0,1.0,0.0,0.0,0.0,1.0,1.0,0.0,5500.9,14296289.0
0.6199475003266384,0.0,0.0,1.0,0.5087989314223579,0.3154791787346334,0.31403606551482366,0.0,0.0,0.0,0.0,1.0,0.0,1.0,0.0,0.0,0.0,0.0,0.0,0.0,0.0,1.0,0.0,0.0,1.0,0.0,1.0,0.0,1.0,0.0,2207.4,7543790.0
-0.27287952393961334,-1.0,0.0,-1.0,-0.3355639796800348,0.13994979725815782,-0.3616799410294672,-1.0,-1.0,0.0,0.0,1.0,0.0,1.0,0.0,0.0,0.0,0.0,0.0,1.0,0.0,0.0,0.0,0.0,0.0,1.0,1.0,0.0,1.0,0.0,1766.2,2716945.0
0.42344193559881715,0.0,1.0,-1.0,0.3723275389159013,0.10251657334105678,-0.10471764261699709,0.0,0.0,1.0,0.0,0.0,0.0,0.0,0.0,1.0,0.0,1.0,0.0,0.0,0.0,0.0,0.0,0.0,1.0,0.0,1.0,0.0,1.0,0.0,3801.4,11419025.0
-0.16103859082324695,-1.0,1.0,0.0,-0.1849689094988745,0.3823646778657398,-0.4364808255874579,-1.0,-1.0,0.0,0.0,0.0,1.0,0.0,1.0,0.0,0.0,0.0,0.0,0.0,1.0,0.0,0.0,0.0,0.0,1.0,1.0,0.0,1.0,0.0,1884.0,3341651.0
-0.5766649641885709,-1.0,2.0,0.0,-0.9036404591773697,-0.518504215743065,-0.720882400532173,-1.0,-1.0,0.0,0.0,0.0,1.0,0.0,0.0,1.0,0.0,0.0,0.0,1.0,0.0,0.0,0.0,0.0,0.0,1.0,1.0,0.0,1.0,0.0,1906.4,1713663.0
-0.25130952239550525,1.0,-1.0,-1.0,-0.30480299834625657,-0.9005599536590077,-0.060624584239765474,0.0,1.0,0.0,0.0,0.0,1.0,0.0,1.0,0.0,0.0,0.0,0.0,0.0,1.0,0.0,0.0,0.0,1.0,0.0,1.0,0.0,1.0,0.0,3091.2,4895533.0
-0.48848451734745973,-1.0,-1.0,-1.0,-0.7052025478876238,-0.327373366801828,-0.3298754067708239,-1.0,-1.0,0.0,0.0,0.0,1.0,1.0,0.0,0.0,0.0,0.0,0.0,0.0,0.0,1.0,0.0,1.0,0.0,0.0,1.0,0.0,1.0,0.0,4483.4,4862247.0
0.3983561188250527,0.0,0.0,-1.0,0.35356712234654003,0.07532985775889797,0.1463296237032775,0.0,0.0,0.0,0.0,1.0,0.0,0.0,1.0,0.0,0.0,0.0,1.0,0.0,0.0,0.0,0.0,0.0,0.0,1.0,1.0,0.0,1.0,0.0,1760.6,5195707.0
0.03617963915382905,-1.0,-2.0,-1.0,0.037456161231363874,0.8098345884018795,1.446306251236044,-1.0,-1.0,1.0,0.0,0.0,0.0,0.0,0.0,1.0,0.0,0.0,1.0,0.0,0.0,0.0,0.0,1.0,0.0,0.0,1.0,0.0,1.0,0.0,5543.9,12134488.0
-0.44059341259754586,0.0,-1.0,0.0,-0.6112301169920469,-0.8338804144944327,-0.27550745222128326,0.0,0.0,0.0,0.0,0.0,1.0,0.0,1.0,0.0,0.0,0.0,0.0,0.0,0.0,1.0,0.0,0.0,0.0,1.0,1.0,0.0,1.0,0.0,1792.0,2124058.0
-0.20427361594469698,-1.0,-1.0,1.0,-0.24067352886749002,0.28865289309390485,-0.0072274860214666375,-1.0,-1.0,0.0,0.0,1.0,0.0,1.0,0.0,0.0,0.0,0.0,1.0,0.0,0.0,0.0,1.0,0.0,0.0,0.0,1.0,0.0,1.0,0.0,1158.5,1949408.0
-0.7578719815657253,-1.0,0.0,-1.0,-1.4871085878321006,-0.911269871918646,-0.7287355495226622,-1.0,-1.0,0.0,0.0,0.0,1.0,1.0,0.0,0.0,0.0,0.0,1.0,0.0,0.0,0.0,0.0,0.0,0.0,1.0,1.0,0.0,1.0,0.0,1931.4,999500.0
-0.6834697295435378,-1.0,0.0,1.0,-1.2078102149500152,-0.7500032181244771,-0.6724258823106379,-1.0,-1.0,0.0,0.0,0.0,1.0,1.0,0.0,0.0,0.0,0.0,1.0,0.0,0.0,0.0,1.0,0.0,0.0,0.0,1.0,0.0,1.0,0.0,1228.4,828064.0
-0.46976517680037033,0.0,0.0,0.0,-0.6674717374885382,-0.8654952693570188,-0.510688409054134,0.0,0.0,0.0,1.0,0.0,0.0,0.0,0.0,0.0,1.0,0.0,1.0,0.0,0.0,0.0,0.0,0.0,0.0,1.0,1.0,0.0,1.0,0.0,2348.0,2638917.0
-0.21662648026511128,-1.0,-2.0,0.0,-0.25714295348069616,0.2618780974448091,0.8723144136207548,-1.0,-1.0,0.0,0.0,1.0,0.0,1.0,0.0,0.0,0.0,0.0,0.0,1.0,0.0,0.0,0.0,0.0,0.0,1.0,1.0,0.0,1.0,0.0,1701.2,2818378.0
1.9069259184473402,1.0,0.0,0.0,1.1263524482312874,0.6587629529510202,1.288056669243631,0.0,1.0,0.0,1.0,0.0,0.0,0.0,0.0,1.0,0.0,0.0,0.0,0.0,1.0,0.0,0.0,0.0,0.0,1.0,1.0,0.0,1.0,0.0,2132.8,13066173.0
0.6587164898860924,0.0,0.0,0.0,0.5337630856341671,0.3574950119070604,0.3433775013034644,0.0,0.0,1.0,0.0,0.0,0.0,0.0,1.0,0.0,0.0,0.0,1.0,0.0,0.0,0.0,0.0,1.0,0.0,0.0,1.0,0.0,1.0,0.0,4908.3,17174633.0
-0.6231307384399756,-1.0,-1.0,0.0,-1.025394324919854,-0.6192186393769712,-0.48273134247856014,-1.0,-1.0,1.0,0.0,0.0,0.0,0.0,0.0,1.0,0.0,0.0,1.0,0.0,0.0,0.0,0.0,0.0,0.0,1.0,1.0,0.0,1.0,0.0,2389.3,1914068.0
-0.4687199344347969,0.0,-1.0,-1.0,-0.665404077068065,-0.8643624895410956,-0.30743783822656906,0.0,0.0,0.0,0.0,0.0,1.0,0.0,1.0,0.0,0.0,0.0,1.0,0.0,0.0,0.0,0.0,0.0,1.0,0.0,1.0,0.0,1.0,0.0,2925.7,3294631.0
-0.09965435735411127,-1.0,-1.0,0.0,-0.11060137213820617,0.5154148162450923,0.11154060516711323,-1.0,-1.0,1.0,0.0,0.0,0.0,1.0,0.0,0.0,0.0,0.0,0.0,1.0,0.0,0.0,0.0,0.0,0.0,1.0,1.0,0.0,1.0,0.0,2196.1,4178959.0
-0.6038887767100996,-1.0,0.0,-1.0,-0.9732651421675608,-0.5775117461543413,-0.6121968321317487,-1.0,-1.0,1.0,0.0,0.0,0.0,0.0,1.0,0.0,0.0,1.0,0.0,0.0,0.0,0.0,0.0,0.0,1.0,0.0,1.0,0.0,1.0,0.0,3691.1,3106430.0
-0.4838284377189959,0.0,-1.0,-1.0,-0.6956912903281275,-0.8807363068803502,-0.32458963341184077,0.0,0.0,0.0,1.0,0.0,0.0,0.0,0.0,1.0,0.0,0.0,1.0,0.0,0.0,0.0,1.0,0.0,0.0,0.0,1.0,0.0,1.0,0.0,1552.1,1698463.0
-0.6012281597795487,-1.0,-1.0,0.0,-0.9662550753495665,-0.5717448670914591,-0.4578666331062008,-1.0,-1.0,1.0,0.0,0.0,0.0,0.0,0.0,0.0,1.0,0.0,1.0,0.0,0.0,0.0,0.0,0.0,0.0,1.0,1.0,0.0,1.0,0.0,2473.9,2095888.0
-0.5260182204748725,-1.0,1.0,-1.0,-0.7851669621653146,-0.40872755358177265,-0.643650779381888,-1.0,-1.0,0.0,0.0,1.0,0.0,0.0,0.0,1.0,0.0,0.0,1.0,0.0,0.0,0.0,0.0,0.0,1.0,0.0,1.0,0.0,1.0,0.0,2974.3,2990659.0
-0.48686914278248244,-1.0,-2.0,-1.0,-0.7018930309103227,-0.3238720473707923,0.25873321227593904,-1.0,-1.0,0.0,1.0,0.0,0.0,0.0,0.0,1.0,0.0,0.0,0.0,1.0,0.0,0.0,0.0,0.0,0.0,1.0,1.0,0.0,1.0,0.0,2315.5,2519032.0
-0.7145894454276583,-1.0,1.0,-1.0,-1.3158145255294418,-0.8174551071635452,-0.7506876899012962,-1.0,-1.0,0.0,0.0,0.0,1.0,0.0,1.0,0.0,0.0,0.0,0.0,0.0,1.0,0.0,0.0,0.0,0.0,1.0,1.0,0.0,1.0,0.0,1995.5,1214461.0
-0.008385694432896454,-1.0,-1.0,-1.0,-0.008874135029488067,0.7132393640986032,0.21515255029575164,-1.0,1.0,1.0,0.0,0.0,0.0,1.0,0.0,0.0,0.0,0.0,0.0,0.0,0.0,1.0,0.0,1.0,0.0,0.0,1.0,0.0,0.0,1.0,5084.5,11102028.0
-0.07656400327825998,0.0,1.0,1.0,-0.08392652311379123,-0.4393640986033341,-0.38853131011668246,0.0,0.0,0.0,1.0,0.0,0.0,0.0,0.0,0.0,1.0,0.0,1.0,0.0,0.0,0.0,0.0,0.0,0.0,1.0,1.0,0.0,1.0,0.0,1931.0,3768346.0
1.259683339074248,0.0,0.0,-1.0,0.8602444506037684,1.0087919160713135,0.7982057136692975,0.0,0.0,1.0,0.0,0.0,0.0,0.0,0.0,1.0,0.0,0.0,0.0,0.0,1.0,0.0,0.0,0.0,0.0,1.0,1.0,0.0,1.0,0.0,2245.2,10696133.0
-0.4062904586000877,-1.0,-1.0,0.0,-0.5487063773804851,-0.14921799575207578,-0.23656532604591785,-1.0,-1.0,0.0,0.0,0.0,1.0,0.0,0.0,1.0,0.0,0.0,1.0,0.0,0.0,0.0,0.0,0.0,0.0,1.0,1.0,0.0,1.0,0.0,2091.6,2630187.0
0.0790820871589601,-1.0,-1.0,-1.0,0.08021971760188569,0.9028255132908539,0.3144495783966487,-1.0,-1.0,1.0,0.0,0.0,0.0,0.0,0.0,1.0,0.0,0.0,0.0,0.0,0.0,1.0,0.0,1.0,0.0,0.0,1.0,0.0,1.0,0.0,5755.3,13116904.0
-0.6064068605907993,-1.0,-1.0,-1.0,-0.9799427154392539,-0.5829696852674263,-0.46374570755649835,-1.0,-1.0,0.0,1.0,0.0,0.0,0.0,1.0,0.0,0.0,0.0,1.0,0.0,0.0,0.0,0.0,0.0,1.0,0.0,1.0,0.0,1.0,0.0,3297.5,2757699.0
-0.39911629509092406,-1.0,-1.0,0.0,-0.5360844399190996,-0.13366801827894723,-0.22842092015605614,-1.0,-1.0,0.0,0.0,0.0,1.0,1.0,0.0,0.0,0.0,0.0,1.0,0.0,0.0,0.0,1.0,0.0,0.0,0.0,1.0,0.0,1.0,0.0,1379.2,1755170.0
1.086363150455512,0.0,1.0,0.0,0.775956175334171,0.8209564265945805,0.27157009043346936,0.0,0.0,1.0,0.0,0.0,0.0,0.0,1.0,0.0,0.0,0.0,1.0,0.0,0.0,0.0,0.0,1.0,0.0,0.0,1.0,0.0,1.0,0.0,4628.9,20363457.0
1.153733772018387,0.0,0.0,-1.0,0.8095216690500271,0.8939692347299992,0.7180201722371048,0.0,0.0,1.0,0.0,0.0,0.0,0.0,1.0,0.0,0.0,0.0,0.0,0.0,0.0,1.0,0.0,0.0,0.0,1.0,1.0,0.0,1.0,0.0,2137.9,9708204.0
-0.5851219251463932,-1.0,-2.0,-1.0,-0.924782724999901,-0.536834652764369,0.03565200194171273,-1.0,-1.0,0.0,0.0,0.0,1.0,0.0,1.0,0.0,0.0,0.0,1.0,0.0,0.0,0.0,0.0,0.0,1.0,0.0,1.0,0.0,1.0,0.0,3289.2,2898114.0
0.9931940468696182,0.0,0.0,1.0,0.7277100942094002,0.7199845530025102,0.5965193002642889,0.0,0.0,0.0,1.0,0.0,0.0,0.0,0.0,1.0,0.0,0.0,0.0,0.0,0.0,1.0,0.0,0.0,0.0,1.0,1.0,0.0,1.0,0.0,1888.0,7935453.0
-0.5540972312955064,-1.0,-1.0,0.0,-0.8492056502917121,-0.4695887236918325,-0.40436166196220846,-1.0,-1.0,0.0,0.0,0.0,1.0,1.0,0.0,0.0,0.0,0.0,0.0,0.0,0.0,1.0,0.0,0.0,0.0,1.0,1.0,0.0,1.0,0.0,1829.0,1730966.0
1.2103669038258247,0.0,1.0,-1.0,0.8369365562826465,0.9553453047563878,0.34195717444849966,0.0,0.0,0.0,0.0,0.0,1.0,1.0,0.0,0.0,0.0,0.0,0.0,0.0,1.0,0.0,0.0,0.0,1.0,0.0,1.0,0.0,1.0,0.0,2538.3,11828986.0
-0.15795037474314336,-1.0,0.0,0.0,-0.18109999543833305,0.38905837677801375,-0.2746984052785818,-1.0,-1.0,0.0,0.0,0.0,1.0,1.0,0.0,0.0,0.0,0.0,1.0,0.0,0.0,0.0,0.0,0.0,1.0,0.0,1.0,0.0,1.0,0.0,2657.5,4730882.0
0.01997838248743936,-1.0,-1.0,0.0,0.020846976285425003,0.7747184141082575,0.24735261861527114,-1.0,-1.0,0.0,1.0,0.0,0.0,0.0,1.0,0.0,0.0,0.0,0.0,0.0,0.0,1.0,0.0,0.0,0.0,1.0,1.0,0.0,1.0,0.0,2032.6,4379643.0
0.7703198679193739,0.0,-1.0,0.0,0.6025040981896191,0.47844500225268705,1.0991711763542547,0.0,0.0,0.0,0.0,0.0,1.0,0.0,1.0,0.0,0.0,0.0,1.0,0.0,0.0,0.0,0.0,0.0,0.0,1.0,1.0,0.0,1.0,0.0,1806.1,6743977.0
0.5802282904348448,0.0,0.0,1.0,0.4825971529417798,0.27243354572954875,0.28397547688822566,0.0,0.0,0.0,0.0,0.0,1.0,0.0,1.0,0.0,0.0,0.0,0.0,0.0,0.0,1.0,0.0,0.0,0.0,1.0,1.0,0.0,1.0,0.0,1596.0,5320904.0
0.09599600907460426,1.0,-1.0,-1.0,0.09661513001653195,-0.6496320611014569,0.3336509591700975,0.0,1.0,1.0,0.0,0.0,0.0,1.0,0.0,0.0,0.0,0.0,1.0,0.0,0.0,0.0,1.0,0.0,0.0,0.0,1.0,0.0,1.0,0.0,1670.0,3865549.0
-0.5042106638476794,0.0,0.0,0.0,-0.7379743325837883,-0.9028255132908541,-0.5367576994300712,0.0,0.0,0.0,1.0,0.0,0.0,1.0,0.0,0.0,0.0,0.0,0.0,0.0,1.0,0.0,1.0,0.0,0.0,0.0,1.0,0.0,1.0,0.0,1355.8,1425488.0
0.6630399923982374,0.0,0.0,0.0,0.5365109277125549,0.36218060114565215,0.3466496467161682,0.0,0.0,1.0,0.0,0.0,0.0,0.0,0.0,1.0,0.0,0.0,0.0,0.0,0.0,1.0,0.0,0.0,0.0,1.0,1.0,0.0,1.0,0.0,2246.9,7882575.0
-0.48800940718129,-1.0,0.0,-1.0,-0.7042280857005654,-0.32634356696917044,-0.5244961435429064,-1.0,1.0,1.0,0.0,0.0,0.0,0.0,0.0,1.0,0.0,0.0,0.0,0.0,0.0,1.0,0.0,1.0,0.0,0.0,1.0,0.0,0.0,1.0,5866.5,6818086.0
-0.2039410388283781,0.0,-1.0,1.0,-0.24023364518652748,-0.5774087661710755,-0.006849930781539248,0.0,0.0,0.0,1.0,0.0,0.0,0.0,1.0,0.0,0.0,0.0,1.0,0.0,0.0,0.0,0.0,0.0,0.0,1.0,1.0,0.0,1.0,0.0,1870.7,3149136.0
-0.6755829007851193,-1.0,0.0,0.0,-1.182103341803683,-0.7329085409023621,-0.6664569137555958,-1.0,-1.0,0.0,0.0,0.0,1.0,0.0,0.0,1.0,0.0,0.0,1.0,0.0,0.0,0.0,0.0,0.0,0.0,1.0,1.0,0.0,1.0,0.0,1935.3,1336712.0
-0.11880129705075351,-1.0,-2.0,0.0,-0.13324224321441022,0.47391388298899384,1.094424767623739,-1.0,-1.0,0.0,1.0,0.0,0.0,0.0,1.0,0.0,0.0,0.0,1.0,0.0,0.0,0.0,0.0,0.0,1.0,0.0,1.0,0.0,1.0,0.0,2858.0,5323311.0
-0.4246297110142412,0.0,0.0,0.0,-0.5816731023401035,-0.8165797773057862,-0.476528649251182,0.0,0.0,0.0,0.0,1.0,0.0,0.0,1.0,0.0,0.0,1.0,0.0,0.0,0.0,0.0,0.0,0.0,1.0,0.0,1.0,0.0,1.0,0.0,2555.3,3114655.0
-0.2649926951811949,-1.0,0.0,0.0,-0.3242126087085828,0.1570444744802729,-0.35571097247442496,-1.0,-1.0,0.0,1.0,0.0,0.0,1.0,0.0,0.0,0.0,0.0,0.0,0.0,0.0,1.0,0.0,0.0,1.0,0.0,1.0,0.0,1.0,0.0,2830.5,4401144.0
-0.2837595467449012,0.0,1.0,-1.0,-0.35142596999786613,-0.6639119521143079,-0.5061397673540567,0.0,0.0,1.0,0.0,0.0,0.0,0.0,0.0,1.0,0.0,0.0,0.0,0.0,1.0,0.0,0.0,0.0,1.0,0.0,1.0,0.0,1.0,0.0,3431.2,5199640.0
-0.6550581416065848,-1.0,1.0,1.0,-1.117991373699993,-0.6884211881315571,-0.7168964959277969,-1.0,-1.0,0.0,0.0,0.0,1.0,0.0,0.0,1.0,0.0,1.0,0.0,0.0,0.0,0.0,0.0,0.0,1.0,0.0,1.0,0.0,1.0,0.0,2890.1,2121044.0
-0.5735767481084674,0.0,0.0,0.0,-0.896024052396371,-0.9780009010748536,-0.589255856600924,0.0,0.0,0.0,0.0,1.0,0.0,0.0,1.0,0.0,0.0,0.0,0.0,1.0,0.0,0.0,0.0,0.0,0.0,1.0,1.0,0.0,1.0,0.0,1794.7,1624921.0
-0.1655996484184769,0.0,-2.0,-1.0,-0.19070899490886964,-0.5358563429233444,0.9881699358156091,0.0,0.0,0.0,0.0,0.0,1.0,0.0,0.0,0.0,1.0,0.0,1.0,0.0,0.0,0.0,0.0,0.0,1.0,0.0,1.0,0.0,1.0,0.0,3347.0,5904443.0
0.13020394103882846,-1.0,-1.0,1.0,0.1290176875570724,1.0136319752848038,0.3724852124197694,-1.0,-1.0,0.0,0.0,0.0,1.0,0.0,0.0,1.0,0.0,0.0,1.0,0.0,0.0,0.0,0.0,0.0,0.0,1.0,1.0,0.0,1.0,0.0,1810.4,4320882.0
-0.2748749866375264,0.0,-1.0,0.0,-0.3384554182557548,-0.65428332367896,-0.08737706981176173,0.0,0.0,0.0,0.0,0.0,1.0,0.0,0.0,1.0,0.0,0.0,1.0,0.0,0.0,0.0,0.0,0.0,1.0,0.0,1.0,0.0,1.0,0.0,3014.2,4624084.0
0.7478946680761603,0.0,-1.0,-1.0,0.5890453435803891,0.45414172620196946,1.073713165890581,0.0,0.0,0.0,0.0,0.0,1.0,0.0,1.0,0.0,0.0,0.0,0.0,1.0,0.0,0.0,0.0,0.0,0.0,1.0,1.0,0.0,1.0,0.0,1905.2,7024091.0
2.121485669489613,1.0,0.0,-1.0,1.2016092914112224,0.8137821544270664,1.450441380054296,0.0,1.0,0.0,0.0,0.0,1.0,0.0,1.0,0.0,0.0,0.0,1.0,0.0,0.0,0.0,0.0,0.0,0.0,1.0,1.0,0.0,1.0,0.0,2104.7,13844506.0
-0.3239063557862477,0.0,1.0,0.0,-0.4121036230776802,-0.7074209950440884,-0.5289279229068157,0.0,0.0,1.0,0.0,0.0,0.0,1.0,0.0,0.0,0.0,0.0,0.0,0.0,0.0,1.0,0.0,1.0,0.0,0.0,1.0,0.0,1.0,0.0,4789.2,6852866.0
-0.2230404675084033,0.0,-2.0,0.0,-0.2657965582064768,-0.5981077428074919,0.8577515686521278,0.0,0.0,0.0,0.0,0.0,1.0,0.0,0.0,1.0,0.0,0.0,0.0,1.0,0.0,0.0,0.0,0.0,1.0,0.0,1.0,0.0,1.0,0.0,2750.6,4519786.0
-0.7621954840778703,-1.0,0.0,-1.0,-1.5058467353809186,-0.9206410503958294,-0.732007694935366,-1.0,-1.0,0.0,1.0,0.0,0.0,1.0,0.0,0.0,0.0,0.0,0.0,1.0,0.0,0.0,0.0,0.0,0.0,1.0,1.0,0.0,1.0,0.0,2211.1,1124123.0
0.3252841752681405,0.0,2.0,-1.0,0.29694493389354837,-0.003861749372465727,-0.3113104762589668,0.0,2.0,0.0,0.0,0.0,1.0,1.0,0.0,0.0,0.0,0.0,0.0,0.0,1.0,0.0,0.0,1.0,0.0,0.0,1.0,0.0,0.0,1.0,4000.5,11640599.0
-0.024919528215604905,-1.0,0.0,-1.0,-0.026592076045971774,0.6774023299221211,-0.17401700796461772,-1.0,-1.0,0.0,0.0,0.0,1.0,0.0,0.0,1.0,0.0,0.0,0.0,0.0,0.0,1.0,0.0,0.0,0.0,1.0,1.0,0.0,1.0,0.0,2275.9,4688809.0
-0.45964533026095405,-1.0,2.0,-1.0,-0.6476208073075804,-0.264864516959516,-0.6677441973355387,-1.0,-1.0,0.0,1.0,0.0,0.0,1.0,0.0,0.0,0.0,0.0,0.0,0.0,1.0,0.0,0.0,1.0,0.0,0.0,1.0,0.0,1.0,0.0,5133.8,5879228.0
0.4811678207884455,0.0,-2.0,0.0,0.4142749681755929,0.16507691317500156,2.4566440732816743,0.0,0.0,0.0,1.0,0.0,0.0,1.0,0.0,0.0,0.0,0.0,1.0,0.0,0.0,0.0,0.0,0.0,0.0,1.0,1.0,0.0,1.0,0.0,1813.2,5666975.0
0.7530733688874108,0.0,-1.0,0.0,0.5921686377659837,0.45975413528995285,1.0795922403408782,0.0,0.0,0.0,0.0,0.0,1.0,0.0,0.0,0.0,1.0,0.0,0.0,1.0,0.0,0.0,0.0,0.0,1.0,0.0,1.0,0.0,1.0,0.0,2879.1,10646048.0
-0.07371334228124128,-1.0,0.0,-1.0,-0.08067947624923731,0.5716418871081933,-0.21094550619370375,-1.0,-1.0,0.0,1.0,0.0,0.0,1.0,0.0,0.0,0.0,0.0,0.0,0.0,0.0,1.0,0.0,0.0,1.0,0.0,1.0,0.0,1.0,0.0,3343.5,6544901.0
-0.11134206744188793,0.0,0.0,1.0,-0.12436416928613919,-0.47705477247859956,-0.23942395857679644,0.0,0.0,0.0,0.0,0.0,1.0,0.0,1.0,0.0,0.0,0.0,0.0,0.0,0.0,1.0,1.0,0.0,0.0,0.0,1.0,0.0,1.0,0.0,1261.1,2368724.0
1.0919219393996982,0.0,-1.0,-1.0,0.7787663381425827,0.8269807556156269,1.464267093364017,0.0,0.0,0.0,0.0,0.0,1.0,1.0,0.0,0.0,0.0,0.0,0.0,0.0,1.0,0.0,0.0,0.0,0.0,1.0,1.0,0.0,1.0,0.0,1758.8,7757891.0
1.273128956776853,0.0,2.0,0.0,0.866511048505435,1.0233635837034176,0.11910249725822988,0.0,1.5,0.0,0.0,0.0,1.0,0.0,1.0,0.0,0.0,0.0,0.0,0.0,0.0,1.0,0.0,0.0,0.0,1.0,0.0,1.0,1.0,0.0,2062.1,9882202.0
0.6314926773645642,0.0,1.0,0.0,0.5162948776498727,0.32799124670142243,0.01337624278599819,0.0,0.0,0.0,0.0,0.0,1.0,0.0,1.0,0.0,0.0,0.0,1.0,0.0,0.0,0.0,0.0,1.0,0.0,0.0,1.0,0.0,1.0,0.0,3773.0,12985911.0
0.3032865745744796,0.0,0.0,1.0,0.27928864651461033,-0.027701615498487576,0.07437838226569106,0.0,0.0,0.0,1.0,0.0,0.0,1.0,0.0,0.0,0.0,0.0,0.0,0.0,1.0,0.0,0.0,0.0,0.0,1.0,1.0,0.0,1.0,0.0,1605.8,4417556.0
-0.2588637740376048,-1.0,-1.0,-1.0,-0.31547467728638307,0.17032889232155485,-0.0692004818324014,-1.0,-1.0,0.0,0.0,0.0,1.0,0.0,1.0,0.0,0.0,0.0,1.0,0.0,0.0,0.0,0.0,0.0,0.0,1.0,1.0,0.0,1.0,0.0,2116.1,3317622.0
0.7999192312717514,0.0,-2.0,-1.0,0.6200104286836781,0.5105232670399691,3.180363531759587,0.0,0.0,0.0,0.0,0.0,1.0,1.0,0.0,0.0,0.0,0.0,1.0,0.0,0.0,0.0,0.0,0.0,0.0,1.0,1.0,0.0,1.0,0.0,1739.7,6604423.0
-0.07528120582960154,-1.0,0.0,-1.0,-0.0824641190000169,0.5682435476604235,-0.21213210837633265,-1.0,-1.0,0.0,0.0,1.0,0.0,0.0,1.0,0.0,0.0,0.0,1.0,0.0,0.0,0.0,0.0,0.0,1.0,0.0,1.0,0.0,1.0,0.0,2714.5,5304676.0
-0.6690263804919764,-1.0,0.0,-1.0,-1.1611978969259458,-0.7186973032116883,-0.6614947591736933,-1.0,-1.0,0.0,1.0,0.0,0.0,0.0,0.0,0.0,1.0,0.0,0.0,0.0,0.0,1.0,0.0,0.0,0.0,1.0,1.0,0.0,1.0,0.0,2508.5,1767238.0
1.6109322849235668,1.0,0.0,-1.0,1.0128803239837811,0.4449078543691403,1.0640405602200607,0.0,1.0,0.0,1.0,0.0,0.0,0.0,1.0,0.0,0.0,1.0,0.0,0.0,0.0,0.0,0.0,0.0,0.0,1.0,1.0,0.0,1.0,0.0,2270.5,12495243.0
0.049625256856433715,-1.0,-1.0,-1.0,0.05104509716830961,0.8389779236660873,0.2810089714316535,-1.0,-1.0,0.0,1.0,0.0,0.0,0.0,1.0,0.0,0.0,0.0,0.0,1.0,0.0,0.0,0.0,0.0,1.0,0.0,1.0,0.0,1.0,0.0,3132.5,6945066.0
-0.4964188571224951,-1.0,1.0,0.0,-0.7216100991914597,-0.34457102400720874,-0.6268495712051202,-1.0,-1.0,0.0,0.0,0.0,1.0,0.0,0.0,1.0,0.0,0.0,0.0,0.0,0.0,1.0,1.0,0.0,0.0,0.0,1.0,0.0,1.0,0.0,1427.6,1524391.0
-0.5368032212469265,-1.0,0.0,0.0,-0.8093077215915475,-0.43210400978309854,-0.5614246417719926,-1.0,-1.0,0.0,1.0,0.0,0.0,0.0,1.0,0.0,0.0,0.0,0.0,1.0,0.0,0.0,0.0,0.0,1.0,0.0,1.0,0.0,1.0,0.0,2982.6,2931299.0
-0.3088928745352827,-1.0,-1.0,-1.0,-0.38900316784753247,0.06189096994271729,-0.1259955772100465,-1.0,-1.0,0.0,0.0,1.0,0.0,0.0,0.0,1.0,0.0,1.0,0.0,0.0,0.0,0.0,0.0,0.0,1.0,0.0,1.0,0.0,1.0,0.0,3082.6,4508302.0
1.0151916475632787,0.0,-1.0,0.0,0.7393011283731377,0.7438244191285316,1.377159705866489,0.0,0.0,0.0,0.0,0.0,1.0,0.0,0.0,0.0,1.0,0.0,1.0,0.0,0.0,0.0,0.0,0.0,1.0,0.0,1.0,0.0,1.0,0.0,2830.7,12028777.0
-0.5530994999465499,0.0,0.0,1.0,-0.8468625017707685,-0.955808714681084,-0.573758112942953,0.0,0.0,0.0,0.0,0.0,1.0,1.0,0.0,0.0,0.0,0.0,0.0,0.0,0.0,1.0,0.0,0.0,0.0,1.0,1.0,0.0,1.0,0.0,1613.5,1530405.0
0.9818389138981601,0.0,1.0,1.0,0.7216767646362721,0.7076784450022525,0.2122399813020262,0.0,0.0,0.0,0.0,0.0,1.0,0.0,0.0,1.0,0.0,0.0,0.0,0.0,0.0,1.0,0.0,0.0,0.0,1.0,1.0,0.0,1.0,0.0,1651.0,6899859.0
0.22280291242531874,0.0,-1.0,-1.0,0.2120556653799895,-0.11492566132458018,0.4776073785081174,0.0,0.0,0.0,0.0,0.0,1.0,0.0,1.0,0.0,0.0,0.0,1.0,0.0,0.0,0.0,0.0,1.0,0.0,0.0,1.0,0.0,1.0,0.0,4504.9,11629850.0
0.24028696654036674,0.0,0.0,1.0,0.2270286885735479,-0.09597734440368158,0.026698549109149542,0.0,0.0,0.0,1.0,0.0,0.0,0.0,1.0,0.0,0.0,0.0,1.0,0.0,0.0,0.0,0.0,0.0,1.0,0.0,1.0,0.0,1.0,0.0,2703.3,7078321.0
0.3232412015536104,1.0,0.0,-1.0,0.2953175018543511,-0.4854476411147584,0.08948059186278567,0.0,1.0,0.0,0.0,0.0,1.0,0.0,0.0,1.0,0.0,0.0,1.0,0.0,0.0,0.0,0.0,0.0,0.0,1.0,1.0,0.0,1.0,0.0,2140.0,5977020.0
1.2310817070708273,0.0,0.0,-1.0,0.8467893696092221,0.9777949411083221,0.7765592132467953,0.0,0.0,0.0,0.0,0.0,1.0,0.0,1.0,0.0,0.0,0.0,1.0,0.0,0.0,0.0,0.0,0.0,0.0,1.0,1.0,0.0,1.0,0.0,1899.4,8934398.0
0.3822498841918971,0.0,0.0,1.0,0.3413443700266605,0.05787475059535284,0.13413998309990832,0.0,0.0,1.0,0.0,0.0,0.0,0.0,0.0,1.0,0.0,0.0,1.0,0.0,0.0,0.0,0.0,0.0,0.0,1.0,1.0,0.0,1.0,0.0,2013.9,5874949.0
-0.43441698043733873,0.0,0.0,0.0,-0.5996962535063965,-0.8271867155821588,-0.48393592348213793,0.0,2.0,0.0,1.0,0.0,0.0,0.0,0.0,1.0,0.0,0.0,0.0,1.0,0.0,0.0,0.0,1.0,0.0,0.0,1.0,0.0,0.0,1.0,4767.8,6163255.0
-0.14806808328681195,-1.0,-2.0,-1.0,-0.16881367196085248,0.41047821329729023,1.0279750453965228,-1.0,-1.0,0.0,0.0,0.0,1.0,0.0,1.0,0.0,0.0,0.0,1.0,0.0,0.0,0.0,0.0,0.0,0.0,1.0,1.0,0.0,1.0,0.0,2124.9,3826945.0
0.4360798660189333,0.0,-1.0,0.0,0.3816543078821345,0.11621291111540186,0.7197281602272523,0.0,0.0,0.0,0.0,0.0,1.0,0.0,1.0,0.0,0.0,0.0,0.0,1.0,0.0,0.0,0.0,0.0,0.0,1.0,1.0,0.0,1.0,0.0,1775.6,5380956.0
-0.27463743155444154,1.0,1.0,1.0,-0.3381107848269848,-0.9174143442535025,-0.5009618669207673,0.0,2.5,0.0,1.0,0.0,0.0,0.0,1.0,0.0,0.0,0.0,0.0,0.0,1.0,0.0,1.0,0.0,0.0,0.0,0.0,1.0,1.0,0.0,1497.5,2298064.0
0.7845731729044674,1.0,-1.0,0.0,0.6109702702256972,-0.15213576194460537,1.1153521152082846,0.0,1.0,0.0,0.0,0.0,1.0,1.0,0.0,0.0,0.0,0.0,1.0,0.0,0.0,0.0,0.0,0.0,0.0,1.0,1.0,0.0,1.0,0.0,1762.4,6633674.0
-0.1470228409212384,0.0,-1.0,-1.0,-0.167522459503614,-0.5157237561948896,0.057765951708887,0.0,0.0,1.0,0.0,0.0,0.0,0.0,0.0,1.0,0.0,0.0,0.0,1.0,0.0,0.0,0.0,0.0,1.0,0.0,1.0,0.0,1.0,0.0,3818.5,6885519.0
0.9281989761375922,0.0,-1.0,0.0,0.6927017590156322,0.6495462444487353,1.2784020423940599,0.0,0.0,0.0,1.0,0.0,0.0,0.0,0.0,1.0,0.0,0.0,0.0,1.0,0.0,0.0,0.0,0.0,0.0,1.0,1.0,0.0,1.0,0.0,2122.2,8629502.0
-0.2192870971956621,-1.0,-2.0,0.0,-0.26072401244081933,0.25611121838192685,0.8662735297819167,-1.0,-1.0,0.0,0.0,0.0,1.0,1.0,0.0,0.0,0.0,0.0,1.0,0.0,0.0,0.0,0.0,1.0,0.0,0.0,1.0,0.0,1.0,0.0,4266.3,7044088.0
-0.394792792578779,-1.0,0.0,0.0,-0.528549909536092,-0.12429683980176358,-0.45394725013933573,-1.0,-1.0,0.0,0.0,0.0,1.0,0.0,0.0,0.0,1.0,0.0,1.0,0.0,0.0,0.0,1.0,0.0,0.0,0.0,1.0,0.0,1.0,0.0,1528.8,1959463.0
-0.613581024099963,-1.0,0.0,0.0,-0.9992018362888543,-0.5985196627405549,-0.6195321910789089,-1.0,-1.0,0.0,0.0,1.0,0.0,0.0,1.0,0.0,0.0,0.0,0.0,1.0,0.0,0.0,0.0,0.0,0.0,1.0,1.0,0.0,1.0,0.0,1904.1,1563647.0
1.2637217754866912,0.0,1.0,-1.0,0.8621305463618469,1.0131685653601081,0.37224249833695905,0.0,0.0,0.0,0.0,0.0,1.0,1.0,0.0,0.0,0.0,0.0,0.0,0.0,0.0,1.0,1.0,0.0,0.0,0.0,1.0,0.0,1.0,0.0,1327.8,6336926.0
0.17073083821311083,1.0,-1.0,1.0,0.16616433156193022,-0.5956362232091138,0.41849301522806137,0.0,1.0,1.0,0.0,0.0,0.0,0.0,1.0,0.0,0.0,1.0,0.0,0.0,0.0,0.0,0.0,1.0,0.0,0.0,1.0,0.0,1.0,0.0,4461.1,11027839.0
0.5046382629972327,1.0,-1.0,0.0,0.4308658108169743,-0.3543884490785438,0.7975584761151364,0.0,3.0,0.0,1.0,0.0,0.0,0.0,1.0,0.0,0.0,0.0,0.0,0.0,0.0,1.0,0.0,0.0,0.0,1.0,1.0,0.0,0.0,1.0,1954.2,6654194.0
-0.17918779917093258,-1.0,-2.0,1.0,-0.20799656440279723,0.3430263242582222,0.9573182790672587,-1.0,-1.0,0.0,0.0,1.0,0.0,1.0,0.0,0.0,0.0,0.0,0.0,0.0,1.0,0.0,0.0,0.0,1.0,0.0,1.0,0.0,1.0,0.0,2401.6,4167977.0
-0.07741920157736555,-1.0,0.0,-1.0,-0.08490258310749059,0.5636094484134646,-0.21375020226173563,-1.0,-1.0,1.0,0.0,0.0,0.0,0.0,1.0,0.0,0.0,0.0,0.0,0.0,0.0,1.0,0.0,0.0,1.0,0.0,1.0,0.0,1.0,0.0,3554.1,6929429.0
-0.3813946858927912,-1.0,-1.0,1.0,-0.5055361268662096,-0.09525648452082126,-0.20830261951421214,-1.0,-1.0,0.0,1.0,0.0,0.0,1.0,0.0,0.0,0.0,0.0,1.0,0.0,0.0,0.0,0.0,0.0,0.0,1.0,1.0,0.0,1.0,0.0,1987.3,2603164.0
-0.04192847216448292,1.0,0.0,0.0,-0.04513408505703805,-0.7492823582416168,-0.1868898437640458,0.0,1.0,0.0,1.0,0.0,0.0,0.0,0.0,0.0,1.0,0.0,1.0,0.0,0.0,0.0,0.0,0.0,0.0,1.0,1.0,0.0,1.0,0.0,2153.5,4359545.0
1.0537705930562653,1.0,0.0,-1.0,0.7593276378755545,0.042359099783313064,0.6423652936840404,0.0,2.5,0.0,0.0,0.0,1.0,0.0,0.0,1.0,0.0,0.0,0.0,0.0,1.0,0.0,1.0,0.0,0.0,0.0,0.0,1.0,1.0,0.0,1814.8,7859173.0
0.6747277024860142,0.0,0.0,0.0,0.5439036427583027,0.3748471390873399,0.35549522662303823,0.0,0.0,0.0,1.0,0.0,0.0,1.0,0.0,0.0,0.0,0.0,1.0,0.0,0.0,0.0,0.0,0.0,0.0,1.0,1.0,0.0,1.0,0.0,1766.5,6240691.0
-0.12459764107802475,-1.0,-1.0,0.0,-0.14019292418850024,0.46135032503057216,0.08322396217256081,-1.0,-1.0,0.0,0.0,0.0,1.0,0.0,0.0,1.0,0.0,0.0,1.0,0.0,0.0,0.0,0.0,1.0,0.0,0.0,1.0,0.0,1.0,0.0,4585.5,8485009.0
0.3556912259030065,0.0,0.0,0.0,0.32087593104340084,0.029091845272575145,0.11403966127901347,0.0,0.0,0.0,0.0,1.0,0.0,0.0,0.0,1.0,0.0,0.0,0.0,0.0,0.0,1.0,1.0,0.0,0.0,0.0,1.0,0.0,1.0,0.0,1232.8,3527411.0
2.2089534510814697,1.0,0.0,1.0,1.2308163925679154,0.87697753749115,1.5166393987882274,0.0,1.0,0.0,1.0,0.0,0.0,0.0,0.0,1.0,0.0,0.0,0.0,1.0,0.0,0.0,0.0,0.0,0.0,1.0,1.0,0.0,1.0,0.0,1934.1,13078384.0
0.0755662719293037,0.0,0.0,1.0,0.07677956022050113,-0.2744931453948641,-0.09796659535067695,0.0,1.5,0.0,0.0,1.0,0.0,0.0,1.0,0.0,0.0,0.0,1.0,0.0,0.0,0.0,0.0,0.0,0.0,1.0,0.0,1.0,1.0,0.0,1710.5,3885743.0
-0.7386775308524661,-1.0,0.0,1.0,-1.407706330340048,-0.8696659586792819,-0.714208662195933,-1.0,-1.0,0.0,0.0,1.0,0.0,1.0,0.0,0.0,0.0,0.0,0.0,1.0,0.0,0.0,0.0,0.0,0.0,1.0,1.0,0.0,1.0,0.0,1633.3,911218.0
0.1393735672459053,0.0,-2.0,-1.0,0.13753736195513216,-0.205342086631911,1.6806062458423976,0.0,0.0,0.0,1.0,0.0,0.0,0.0,0.0,0.0,1.0,0.0,1.0,0.0,0.0,0.0,0.0,0.0,0.0,1.0,1.0,0.0,1.0,0.0,2289.9,5509499.0
0.7429535223479946,0.0,-1.0,-1.0,0.5860567017885295,0.4487867670721503,1.0681037737545171,0.0,1.5,0.0,1.0,0.0,0.0,0.0,0.0,1.0,0.0,0.0,1.0,0.0,0.0,0.0,1.0,0.0,0.0,0.0,0.0,1.0,1.0,0.0,1764.5,6487008.0
-0.32423893290256656,0.0,-1.0,1.0,-0.4126210944318215,-0.7077814249855185,-0.14341705470955207,0.0,0.0,0.0,0.0,0.0,1.0,0.0,1.0,0.0,0.0,0.0,1.0,0.0,0.0,0.0,0.0,0.0,1.0,0.0,1.0,0.0,1.0,0.0,2578.1,3687199.0
1.671176253993895,1.0,-1.0,0.0,1.0369825405965412,0.4884340606294651,2.1218604483917947,0.0,3.0,0.0,0.0,0.0,1.0,1.0,0.0,0.0,0.0,1.0,0.0,0.0,0.0,0.0,0.0,0.0,1.0,0.0,1.0,0.0,0.0,1.0,2536.9,14733001.0
0.709505766649642,0.0,0.0,-1.0,0.5656008684319932,0.4125378129626053,0.3818162204922601,0.0,0.0,0.0,1.0,0.0,0.0,1.0,0.0,0.0,0.0,0.0,1.0,0.0,0.0,0.0,0.0,0.0,1.0,0.0,1.0,0.0,1.0,0.0,3017.3,10880384.0
0.8970317492368544,1.0,1.0,0.0,0.6754942314440882,-0.07088455514792662,0.1641016882112871,0.0,1.0,0.0,1.0,0.0,0.0,0.0,1.0,0.0,0.0,0.0,1.0,0.0,0.0,0.0,0.0,0.0,1.0,0.0,1.0,0.0,1.0,0.0,2987.3,11951291.0
-0.6531101899252887,-1.0,0.0,-1.0,-1.1121037270223453,-0.6841990088176612,-0.6494489491379154,-1.0,-1.0,0.0,0.0,0.0,1.0,0.0,0.0,0.0,1.0,0.0,0.0,1.0,0.0,0.0,0.0,0.0,0.0,1.0,1.0,0.0,1.0,0.0,2471.7,1824115.0
0.5874499649606254,0.0,-1.0,0.0,0.48740961929877435,0.2802600244577459,0.8915697308570503,0.0,0.0,0.0,1.0,0.0,0.0,0.0,0.0,1.0,0.0,0.0,1.0,0.0,0.0,0.0,0.0,0.0,0.0,1.0,1.0,0.0,1.0,0.0,1951.9,6537108.0
-0.09552089890843427,0.0,-1.0,0.0,-0.10577656986749946,-0.4599086052648518,0.11623307743478181,0.0,0.0,0.0,0.0,0.0,1.0,0.0,0.0,1.0,0.0,0.0,0.0,0.0,0.0,1.0,0.0,0.0,1.0,0.0,1.0,0.0,1.0,0.0,2925.1,5591621.0
-0.23444311149647803,0.0,-2.0,0.0,-0.28135766485947716,-0.6104653407993822,0.8318620664856798,0.0,0.0,0.0,0.0,0.0,1.0,0.0,0.0,1.0,0.0,0.0,0.0,1.0,0.0,0.0,0.0,0.0,0.0,1.0,1.0,0.0,1.0,0.0,1949.5,3156630.0
0.034659286622085624,0.0,0.0,-1.0,0.0359085644135658,-0.31882602819077055,-0.12892612502472084,0.0,0.0,1.0,0.0,0.0,0.0,0.0,1.0,0.0,0.0,0.0,1.0,0.0,0.0,0.0,0.0,0.0,0.0,1.0,1.0,0.0,1.0,0.0,2156.9,4714121.0
-0.06155052202729495,-1.0,-1.0,0.0,-0.06693626782095209,0.5980047628242259,0.15479764837021986,-1.0,-1.0,0.0,0.0,1.0,0.0,0.0,1.0,0.0,0.0,0.0,1.0,0.0,0.0,0.0,0.0,0.0,0.0,1.0,1.0,0.0,1.0,0.0,1716.0,3403000.0
-0.47337601406326074,-1.0,0.0,-1.0,-0.6746458087935849,-0.29462573212331866,-0.5134211898383704,-1.0,-1.0,0.0,0.0,0.0,1.0,0.0,1.0,0.0,0.0,0.0,1.0,0.0,0.0,0.0,0.0,0.0,0.0,1.0,1.0,0.0,1.0,0.0,2165.3,2417124.0
-0.4117542255110402,-1.0,-2.0,-1.0,-0.5584211192350987,-0.16106069382763735,0.42928030779741466,-1.0,-1.0,0.0,0.0,1.0,0.0,1.0,0.0,0.0,0.0,0.0,1.0,0.0,0.0,0.0,0.0,0.0,0.0,1.0,1.0,0.0,1.0,0.0,2011.3,2506080.0
0.4385029278663991,0.0,-1.0,1.0,0.38343317018127154,0.1188389006886785,0.7224789198324373,0.0,0.0,0.0,0.0,0.0,1.0,0.0,1.0,0.0,0.0,0.0,0.0,0.0,0.0,1.0,0.0,0.0,0.0,1.0,1.0,0.0,1.0,0.0,1641.7,4983545.0
0.032378757824470805,-1.0,-1.0,-1.0,0.03358291741506816,0.8015961897406193,0.26143003541827736,-1.0,-1.0,0.0,1.0,0.0,0.0,0.0,0.0,1.0,0.0,0.0,0.0,1.0,0.0,0.0,0.0,0.0,0.0,1.0,1.0,0.0,1.0,0.0,2293.6,5001883.0
0.6669358957608297,0.0,-1.0,0.0,0.5389809086405699,0.3664027804595481,0.9818054331996907,0.0,1.5,0.0,1.0,0.0,0.0,0.0,0.0,0.0,1.0,0.0,0.0,0.0,1.0,0.0,0.0,0.0,0.0,1.0,0.0,1.0,1.0,0.0,2379.8,8368329.0
0.05608675511634269,-1.0,-2.0,0.0,0.057513909481150656,0.8529832013902295,1.491505007101634,-1.0,-1.0,1.0,0.0,0.0,0.0,0.0,0.0,1.0,0.0,0.0,1.0,0.0,0.0,0.0,0.0,0.0,1.0,0.0,1.0,0.0,1.0,0.0,3389.7,7561404.0
-0.5634569015690511,-1.0,-1.0,-1.0,-0.8714429758205117,-0.48987578039518576,-0.41498714514302143,-1.0,-1.0,1.0,0.0,0.0,0.0,1.0,0.0,0.0,0.0,0.0,1.0,0.0,0.0,0.0,1.0,0.0,0.0,0.0,1.0,0.0,1.0,0.0,1811.1,1678346.0
1.2256179401598748,0.0,-1.0,0.0,0.8441994709130085,0.9718735920705412,1.6160442998148181,0.0,0.0,1.0,0.0,0.0,0.0,0.0,0.0,0.0,1.0,0.0,0.0,0.0,1.0,0.0,1.0,0.0,0.0,0.0,1.0,0.0,1.0,0.0,1637.7,7684580.0
0.03594208407074416,-1.0,-1.0,-1.0,0.03721449836342943,0.8093196884855507,0.2654752701317849,-1.0,-1.0,1.0,0.0,0.0,0.0,0.0,0.0,1.0,0.0,0.0,0.0,0.0,0.0,1.0,0.0,0.0,0.0,1.0,1.0,0.0,1.0,0.0,2478.9,5424577.0
-0.1975745626017031,-1.0,-2.0,1.0,-0.2318480756003495,0.3031730707343759,0.9155714568238614,-1.0,-1.0,1.0,0.0,0.0,0.0,0.0,1.0,0.0,0.0,0.0,0.0,0.0,0.0,1.0,0.0,1.0,0.0,0.0,1.0,0.0,1.0,0.0,5257.3,8920587.0
0.3732227910346712,0.0,0.0,0.0,0.33443161764840185,0.04809165218510633,0.12730803113931785,0.0,0.0,1.0,0.0,0.0,0.0,0.0,1.0,0.0,0.0,0.0,1.0,0.0,0.0,0.0,0.0,1.0,0.0,0.0,1.0,0.0,1.0,0.0,4644.8,13461559.0
-0.7618629069615516,-1.0,0.0,-1.0,-1.5043935010137368,-0.9199201905129691,-0.731755991442081,-1.0,-1.0,0.0,0.0,0.0,1.0,0.0,1.0,0.0,0.0,0.0,0.0,1.0,0.0,0.0,0.0,0.0,0.0,1.0,1.0,0.0,1.0,0.0,2148.4,1093750.0
-0.35526362675345324,0.0,0.0,-1.0,-0.4620417938861357,-0.7414043895217868,-0.4240304920803292,0.0,0.0,0.0,0.0,0.0,1.0,0.0,1.0,0.0,0.0,0.0,0.0,0.0,0.0,1.0,0.0,0.0,0.0,1.0,1.0,0.0,1.0,0.0,1983.8,2707689.0
0.9783706096851207,0.0,1.0,-1.0,0.7198270698529107,0.7039196756130525,0.21027130040811917,0.0,1.5,0.0,0.0,0.0,1.0,0.0,1.0,0.0,0.0,0.0,0.0,0.0,1.0,0.0,0.0,0.0,1.0,0.0,0.0,1.0,1.0,0.0,3278.7,13678409.0
2.089605777339621,1.0,1.0,0.0,1.1907603282338157,0.7907489648366267,0.8410312651696302,0.0,1.0,0.0,0.0,0.0,1.0,0.0,0.0,0.0,1.0,0.0,0.0,0.0,0.0,1.0,0.0,0.0,0.0,1.0,1.0,0.0,1.0,0.0,2046.2,13322399.0
0.45660462519746775,0.0,-1.0,-1.0,0.3966285465057714,0.13845658750080433,0.7430287121770554,0.0,1.5,1.0,0.0,0.0,0.0,0.0,1.0,0.0,0.0,0.0,1.0,0.0,0.0,0.0,0.0,0.0,1.0,0.0,0.0,1.0,1.0,0.0,3694.6,11356092.0
0.6933520209998695,0.0,0.0,1.0,0.5555782199083305,0.39503121580742734,0.36959062224699313,0.0,0.0,0.0,0.0,0.0,1.0,0.0,1.0,0.0,0.0,0.0,0.0,0.0,0.0,1.0,1.0,0.0,0.0,0.0,1.0,0.0,1.0,0.0,1120.9,4003855.0
-0.67211459657208,-1.0,2.0,1.0,-1.1709932364817497,-0.7253910021239622,-0.7642257420758345,-1.0,-1.0,0.0,0.0,0.0,1.0,1.0,0.0,0.0,0.0,0.0,1.0,0.0,0.0,0.0,0.0,0.0,0.0,1.0,1.0,0.0,1.0,0.0,1766.8,1233226.0
-0.3389673480538298,0.0,-1.0,1.0,-0.4357951797785235,-0.7237433223917101,-0.16013735819204966,0.0,0.0,0.0,1.0,0.0,0.0,1.0,0.0,0.0,0.0,0.0,0.0,1.0,0.0,0.0,0.0,0.0,1.0,0.0,1.0,0.0,1.0,0.0,2518.2,3523465.0
0.84804789110475,0.0,1.0,-1.0,0.6478716336411792,0.5626826285640727,0.136297441613779,0.0,0.0,0.0,0.0,1.0,0.0,0.0,0.0,1.0,0.0,0.0,0.0,0.0,1.0,0.0,0.0,0.0,1.0,0.0,1.0,0.0,1.0,0.0,2797.6,10903926.0
1.0177572424605958,0.0,0.0,-1.0,0.7406447686387533,0.7466048786767072,0.6151094011254742,0.0,0.0,0.0,1.0,0.0,0.0,0.0,0.0,1.0,0.0,0.0,1.0,0.0,0.0,0.0,0.0,0.0,0.0,1.0,1.0,0.0,1.0,0.0,2272.7,9669884.0
0.016985188440569874,0.0,0.0,0.0,0.017749682527098916,-0.3379803050782005,-0.14230236781071892,0.0,0.0,0.0,1.0,0.0,0.0,1.0,0.0,0.0,0.0,0.0,1.0,0.0,0.0,0.0,0.0,0.0,1.0,0.0,1.0,0.0,1.0,0.0,2698.7,5797887.0
0.3311280303120287,0.0,-1.0,1.0,0.301586375512528,0.0024715195983779246,0.600582513798745,0.0,0.0,0.0,0.0,1.0,0.0,0.0,1.0,0.0,0.0,1.0,0.0,0.0,0.0,0.0,0.0,0.0,1.0,0.0,1.0,0.0,1.0,0.0,2190.5,6154429.0
-0.5447375610219618,0.0,0.0,-1.0,-0.8274259968062986,-0.9467464761536978,-0.5674295679689325,0.0,0.0,0.0,0.0,1.0,0.0,1.0,0.0,0.0,0.0,0.0,0.0,0.0,0.0,1.0,1.0,0.0,0.0,0.0,1.0,0.0,1.0,0.0,1362.0,1315828.0
0.22171015904312838,1.0,-2.0,1.0,0.21111277993193947,-0.5588037158610628,1.8675500260692903,0.0,1.0,0.0,0.0,0.0,1.0,0.0,1.0,0.0,0.0,1.0,0.0,0.0,0.0,0.0,0.0,0.0,1.0,0.0,1.0,0.0,1.0,0.0,2709.7,6989129.0
0.17191861362853528,0.0,-2.0,0.0,0.16723361109149024,-0.1700714423633907,1.7544991999424677,0.0,0.0,0.0,0.0,0.0,1.0,0.0,0.0,1.0,0.0,0.0,1.0,0.0,0.0,0.0,0.0,0.0,0.0,1.0,1.0,0.0,1.0,0.0,1927.1,4768609.0
0.759202290031001,0.0,-2.0,-1.0,0.5958531426818531,0.46639634421059395,3.0879164344402295,0.0,0.0,0.0,0.0,1.0,0.0,0.0,1.0,0.0,0.0,0.0,0.0,0.0,0.0,1.0,0.0,0.0,0.0,1.0,1.0,0.0,1.0,0.0,1653.3,6134735.0
-0.47689182929291707,-1.0,-1.0,-1.0,-0.6816781329530989,-0.30224625088498425,-0.3167149098362128,-1.0,-1.0,0.0,0.0,0.0,1.0,0.0,0.0,0.0,1.0,0.0,1.0,0.0,0.0,0.0,0.0,0.0,0.0,1.0,1.0,0.0,1.0,0.0,2298.2,2548474.0
1.134064211138958,0.0,0.0,-1.0,0.799831422275752,0.8726523781939887,0.7031337084913972,0.0,0.0,0.0,1.0,0.0,0.0,0.0,0.0,1.0,0.0,0.0,0.0,1.0,0.0,0.0,0.0,0.0,1.0,0.0,1.0,0.0,1.0,0.0,3048.4,13716581.0
-0.4546091624995544,0.0,0.0,-1.0,-0.6378789945979163,-0.8490699620261313,-0.4992179212887218,0.0,0.0,1.0,0.0,0.0,0.0,0.0,1.0,0.0,0.0,0.0,0.0,0.0,1.0,0.0,0.0,0.0,0.0,1.0,1.0,0.0,1.0,0.0,2376.2,2746412.0
0.47275837084724026,0.0,0.0,-1.0,0.408266610316103,0.1559631846559823,0.20263929091530167,0.0,0.0,0.0,0.0,1.0,0.0,1.0,0.0,0.0,0.0,0.0,0.0,1.0,0.0,0.0,0.0,0.0,0.0,1.0,1.0,0.0,1.0,0.0,1809.0,5621829.0
0.3876186290696157,0.0,0.0,-1.0,0.3454343264563264,0.06369311964986796,0.1382031966343647,0.0,0.0,0.0,0.0,1.0,0.0,1.0,0.0,0.0,0.0,0.0,1.0,0.0,0.0,0.0,0.0,0.0,1.0,0.0,1.0,0.0,1.0,0.0,2585.9,7572808.0
0.6645603449299808,0.0,2.0,0.0,0.5374755087162124,0.3638282808779043,-0.15724636378346304,0.0,3.5,1.0,0.0,0.0,0.0,1.0,0.0,0.0,0.0,0.0,0.0,0.0,0.0,1.0,0.0,1.0,0.0,0.0,0.0,1.0,0.0,1.0,5249.2,18882041.0
0.6218004299747005,0.0,0.0,-1.0,0.5100055671874136,0.3174872884083156,0.3154384135488395,0.0,0.0,0.0,0.0,0.0,1.0,1.0,0.0,0.0,0.0,0.0,0.0,0.0,0.0,1.0,0.0,0.0,1.0,0.0,1.0,0.0,1.0,0.0,2912.0,9963117.0
1.1982991056051124,0.0,-2.0,-1.0,0.8311540415504504,0.9422668468816374,4.0848780136998615,0.0,0.0,0.0,0.0,0.0,1.0,0.0,1.0,0.0,0.0,0.0,1.0,0.0,0.0,0.0,0.0,0.0,0.0,1.0,1.0,0.0,1.0,0.0,1776.7,8234649.0
2.1961729876115026,1.0,1.0,-1.0,1.226598720378669,0.8677436656583208,0.9015210082522789,0.0,3.0,0.0,0.0,0.0,1.0,0.0,0.0,0.0,1.0,0.0,0.0,1.0,0.0,0.0,0.0,0.0,0.0,1.0,1.0,0.0,0.0,1.0,2201.7,15278670.0
1.9605183451912915,1.0,0.0,0.0,1.1456573464859237,0.6974834266589434,1.3286168893043997,0.0,1.0,1.0,0.0,0.0,0.0,1.0,0.0,0.0,0.0,0.0,0.0,0.0,1.0,0.0,0.0,0.0,0.0,1.0,1.0,0.0,1.0,0.0,2091.9,13051573.0
-0.7733605729828602,-1.0,-1.0,1.0,-1.5558293951172046,-0.9448413464632813,-0.6532784380000358,-1.0,-1.0,0.0,0.0,0.0,1.0,1.0,0.0,0.0,0.0,0.0,1.0,0.0,0.0,0.0,0.0,0.0,0.0,1.0,1.0,0.0,1.0,0.0,1794.2,870008.0
-0.27991115439892605,-1.0,-1.0,0.0,-0.34578818267017725,0.12470875973482645,-0.09309433487351894,-1.0,-1.0,0.0,0.0,0.0,1.0,0.0,0.0,1.0,0.0,0.0,0.0,0.0,0.0,1.0,0.0,0.0,0.0,1.0,1.0,0.0,1.0,0.0,2076.6,3163700.0
0.5457352923709188,1.0,1.0,1.0,0.45930448237445765,-0.3246958872369183,-0.035301414933208576,0.0,1.0,0.0,1.0,0.0,0.0,0.0,0.0,1.0,0.0,0.0,1.0,0.0,0.0,0.0,0.0,1.0,0.0,0.0,1.0,0.0,1.0,0.0,4301.8,14029460.0
0.919694504163153,0.0,0.0,-1.0,0.6880341010732914,0.6403295359464504,0.5408928282483235,0.0,0.0,0.0,1.0,0.0,0.0,0.0,0.0,0.0,1.0,0.0,0.0,1.0,0.0,0.0,0.0,0.0,1.0,0.0,1.0,0.0,1.0,0.0,3187.1,12902656.0
-0.21087764725445696,-1.0,-1.0,-1.0,-0.24944644057203696,0.2743386754199651,-0.01472465435716723,-1.0,-1.0,1.0,0.0,0.0,0.0,0.0,0.0,0.0,1.0,0.0,0.0,0.0,0.0,1.0,0.0,0.0,1.0,0.0,1.0,0.0,1.0,0.0,3892.3,6495470.0
0.09898920312147395,0.0,1.0,-1.0,0.09949029616412335,-0.24910857951985593,-0.28888369500728134,0.0,0.0,0.0,1.0,0.0,0.0,0.0,1.0,0.0,0.0,0.0,0.0,0.0,1.0,0.0,1.0,0.0,0.0,0.0,1.0,0.0,1.0,0.0,1544.0,3583624.0
1.9704956586808569,1.0,-1.0,-1.0,1.149212781799615,0.7046920254875461,2.4616601643264233,0.0,1.0,0.0,1.0,0.0,0.0,0.0,0.0,1.0,0.0,0.0,0.0,0.0,0.0,1.0,0.0,0.0,1.0,0.0,1.0,0.0,1.0,0.0,3417.0,21390762.0
-0.4638738107398651,-1.0,1.0,-1.0,-0.6558700859143641,-0.2740297354701681,-0.6083763326801027,-1.0,-1.0,1.0,0.0,0.0,0.0,0.0,0.0,1.0,0.0,0.0,1.0,0.0,0.0,0.0,1.0,0.0,0.0,0.0,1.0,0.0,1.0,0.0,1893.3,2151357.0
-0.4464847786580511,-1.0,-1.0,1.0,-0.6223500368359289,-0.23633906159490248,-0.28219557361428227,-1.0,-1.0,1.0,0.0,0.0,0.0,0.0,0.0,0.0,1.0,0.0,0.0,0.0,0.0,1.0,0.0,0.0,1.0,0.0,1.0,0.0,1.0,0.0,3479.4,4080988.0
-0.24945659274744317,0.0,1.0,1.0,-0.302201770013955,-0.6267361781553712,-0.48666870426637415,0.0,0.0,0.0,1.0,0.0,0.0,0.0,1.0,0.0,0.0,1.0,0.0,0.0,0.0,0.0,0.0,0.0,0.0,1.0,1.0,0.0,1.0,0.0,1867.7,2965161.0
-0.1421292062096897,-1.0,1.0,1.0,-0.16149810390737873,0.4233507112055093,-0.4257474694809513,-1.0,-1.0,0.0,0.0,0.0,1.0,0.0,0.0,1.0,0.0,0.0,1.0,0.0,0.0,0.0,1.0,0.0,0.0,0.0,1.0,0.0,1.0,0.0,1350.8,2449676.0
0.02967062987730293,-1.0,-1.0,-1.0,0.030814557037821717,0.7957263306944711,0.25835565703601154,-1.0,-1.0,1.0,0.0,0.0,0.0,1.0,0.0,0.0,0.0,0.0,1.0,0.0,0.0,0.0,0.0,1.0,0.0,0.0,1.0,0.0,1.0,0.0,5434.6,11820798.0
0.1087764725445714,-1.0,-1.0,-1.0,0.10883747210644346,0.9671880028319494,0.34815986767587775,-1.0,-1.0,0.0,0.0,0.0,1.0,1.0,0.0,0.0,0.0,0.0,0.0,0.0,0.0,1.0,0.0,0.0,0.0,1.0,1.0,0.0,1.0,0.0,1889.0,4423282.0
1.7910940599351475,1.0,-1.0,0.0,1.0833843427954148,0.5750745532170516,2.2579960806170325,0.0,1.0,1.0,0.0,0.0,0.0,0.0,1.0,0.0,0.0,0.0,0.0,0.0,0.0,1.0,0.0,0.0,0.0,1.0,1.0,0.0,1.0,0.0,2267.5,13338569.0
-0.40358233065291993,-1.0,-2.0,1.0,-0.5439240999243201,-0.14334813670592783,0.4478344510167024,-1.0,-1.0,0.0,0.0,0.0,1.0,0.0,0.0,0.0,1.0,0.0,1.0,0.0,0.0,0.0,0.0,0.0,0.0,1.0,1.0,0.0,1.0,0.0,1921.8,2427618.0
-0.21586630399923967,0.0,1.0,1.0,-0.2561220155802341,-0.5903327540709276,-0.4676021646500422,0.0,0.0,0.0,0.0,0.0,1.0,0.0,0.0,0.0,1.0,0.0,1.0,0.0,0.0,0.0,0.0,0.0,0.0,1.0,1.0,0.0,1.0,0.0,1915.7,3176805.0
0.9657326792650048,0.0,2.0,-1.0,0.7130595999479571,0.6902233378387076,-0.020485068589201804,0.0,0.0,0.0,0.0,0.0,1.0,0.0,1.0,0.0,0.0,0.0,0.0,0.0,0.0,1.0,1.0,0.0,0.0,0.0,1.0,0.0,1.0,0.0,1347.7,5586621.0
0.5420769440914113,0.0,1.0,-1.0,0.4568037071847757,0.23108708244834897,-0.03737796875280916,0.0,0.0,1.0,0.0,0.0,0.0,1.0,0.0,0.0,0.0,0.0,0.0,0.0,0.0,1.0,0.0,0.0,0.0,1.0,1.0,0.0,1.0,0.0,2214.9,7206399.0
0.8679550070672638,0.0,0.0,0.0,0.6591846062579182,0.5842569350582479,0.501734956221571,0.0,0.0,0.0,0.0,0.0,1.0,1.0,0.0,0.0,0.0,1.0,0.0,0.0,0.0,0.0,0.0,0.0,0.0,1.0,1.0,0.0,1.0,0.0,1667.5,6569116.0
-0.3003408915442266,-1.0,1.0,-1.0,-0.37606664988818217,0.08042736693055277,-0.5155516801208175,-1.0,-1.0,0.0,1.0,0.0,0.0,0.0,0.0,1.0,0.0,0.0,0.0,0.0,1.0,0.0,0.0,0.0,1.0,0.0,1.0,0.0,1.0,0.0,3398.2,5031035.0
0.313453932130513,0.0,1.0,1.0,0.2874860630454358,-0.016682757289051987,-0.16714909836212932,0.0,0.0,0.0,1.0,0.0,0.0,0.0,1.0,0.0,0.0,0.0,1.0,0.0,0.0,0.0,0.0,0.0,0.0,1.0,1.0,0.0,1.0,0.0,1802.1,4996142.0
0.020310959603758335,-1.0,-1.0,1.0,0.021190561132142762,0.775439273991118,0.24773017385519866,-1.0,-1.0,0.0,0.0,1.0,0.0,1.0,0.0,0.0,0.0,0.0,1.0,0.0,0.0,0.0,0.0,1.0,0.0,0.0,1.0,0.0,1.0,0.0,3416.5,7363924.0
-0.728177596180114,-1.0,0.0,-1.0,-1.366666578594512,-0.8469073823775505,-0.7062620233365094,-1.0,-1.0,1.0,0.0,0.0,0.0,1.0,0.0,0.0,0.0,0.0,1.0,0.0,0.0,0.0,0.0,0.0,0.0,1.0,1.0,0.0,1.0,0.0,2399.4,1391652.0
-0.09233766079509671,0.0,0.0,-1.0,-0.10207585299596,-0.456458775825449,-0.2250409018176588,0.0,0.0,0.0,1.0,0.0,0.0,1.0,0.0,0.0,0.0,0.0,1.0,0.0,0.0,0.0,0.0,0.0,0.0,1.0,1.0,0.0,1.0,0.0,2011.9,3859428.0
1.2514164221828938,1.0,-2.0,0.0,0.8563729861236432,0.18515800991182335,4.205479944625231,0.0,1.0,0.0,0.0,1.0,0.0,1.0,0.0,0.0,0.0,0.0,1.0,0.0,0.0,0.0,0.0,0.0,0.0,1.0,1.0,0.0,1.0,0.0,1661.3,7885527.0
0.33644926417313037,0.0,-1.0,-1.0,0.3057950940901631,0.008238398661260218,0.606623397637583,0.0,1.5,0.0,0.0,1.0,0.0,0.0,1.0,0.0,0.0,0.0,0.0,1.0,0.0,0.0,0.0,0.0,0.0,1.0,0.0,1.0,1.0,0.0,2017.2,5690118.0
-0.24228242923827942,0.0,0.0,1.0,-0.29219022117992016,-0.6189611894188067,-0.33852321964725546,0.0,0.0,0.0,1.0,0.0,0.0,0.0,1.0,0.0,0.0,0.0,0.0,0.0,0.0,1.0,0.0,0.0,0.0,1.0,1.0,0.0,1.0,0.0,1788.8,2866910.0
-0.12127186991483628,-1.0,0.0,0.0,-0.1361992480797123,0.46855892385917486,-0.24693910573344593,-1.0,-1.0,0.0,0.0,0.0,1.0,1.0,0.0,0.0,0.0,0.0,0.0,0.0,1.0,0.0,0.0,0.0,0.0,1.0,1.0,0.0,1.0,0.0,1817.4,3375639.0
-0.5517216804646575,-1.0,0.0,0.0,-0.8436352307538707,-0.4644397245285449,-0.5727153413279156,-1.0,-1.0,0.0,0.0,0.0,1.0,0.0,1.0,0.0,0.0,0.0,0.0,1.0,0.0,0.0,0.0,0.0,0.0,1.0,1.0,0.0,1.0,0.0,1993.2,1896330.0
0.007673029183642216,-1.0,-1.0,-1.0,0.008055274266343497,0.7480465984424278,0.2333830747379588,-1.0,-1.0,0.0,0.0,1.0,0.0,0.0,1.0,0.0,0.0,0.0,1.0,0.0,0.0,0.0,0.0,0.0,0.0,1.0,1.0,0.0,1.0,0.0,1864.0,3968083.0
-0.5836490836312668,-1.0,1.0,1.0,-0.9210701379668087,-0.5336422732831306,-0.6763632440984519,-1.0,-1.0,1.0,0.0,0.0,0.0,0.0,0.0,1.0,0.0,0.0,0.0,0.0,0.0,1.0,0.0,0.0,0.0,1.0,1.0,0.0,1.0,0.0,2303.4,2036666.0
0.06706179995486479,-1.0,0.0,0.0,0.06841156128014239,0.8767715775246188,-0.10440301325039088,-1.0,-1.0,1.0,0.0,0.0,0.0,0.0,1.0,0.0,0.0,0.0,0.0,0.0,0.0,1.0,1.0,0.0,0.0,0.0,1.0,0.0,1.0,0.0,1699.4,3830108.0
0.5140929553040112,1.0,-1.0,0.0,0.43747636064025636,-0.34755744352191564,0.8082918322216428,0.0,1.0,0.0,0.0,0.0,1.0,0.0,0.0,1.0,0.0,0.0,1.0,0.0,0.0,0.0,0.0,0.0,1.0,0.0,1.0,0.0,1.0,0.0,2941.1,9395932.0
-0.3996864272903277,-1.0,-1.0,-1.0,-0.5370820197513718,-0.13490377807813606,-0.22906815771021724,-1.0,-1.0,1.0,0.0,0.0,0.0,0.0,1.0,0.0,0.0,0.0,0.0,0.0,0.0,1.0,0.0,0.0,0.0,1.0,1.0,0.0,1.0,0.0,2512.8,3194774.0
-0.13058402917176404,-1.0,-1.0,0.0,-0.14741974206265307,0.4483748471390872,0.07642796785386816,-1.0,-1.0,0.0,0.0,1.0,0.0,0.0,0.0,0.0,1.0,0.0,0.0,0.0,1.0,0.0,0.0,0.0,1.0,0.0,1.0,0.0,1.0,0.0,3016.8,5544275.0
0.11267237590716372,-1.0,-1.0,1.0,0.11253534097959957,0.9756323614597413,0.3525826576293128,-1.0,-1.0,0.0,0.0,1.0,0.0,0.0,0.0,1.0,0.0,0.0,0.0,1.0,0.0,0.0,0.0,0.0,1.0,0.0,1.0,0.0,1.0,0.0,2580.3,6063189.0
1.2344074782340158,0.0,-2.0,0.0,0.8483627320515292,0.9813992405226234,4.166861437226946,0.0,0.0,1.0,0.0,0.0,0.0,0.0,0.0,1.0,0.0,0.0,0.0,1.0,0.0,0.0,0.0,0.0,1.0,0.0,1.0,0.0,1.0,0.0,3059.6,14413164.0
0.11238730980746169,1.0,0.0,0.0,0.11226520291549869,-0.6377893630258953,-0.07009942287984755,0.0,1.0,1.0,0.0,0.0,0.0,1.0,0.0,0.0,0.0,0.0,1.0,0.0,0.0,0.0,0.0,0.0,0.0,1.0,1.0,0.0,1.0,0.0,2113.3,4964564.0
0.2998657813780573,0.0,1.0,0.0,0.2765162994936837,-0.03140889489605458,-0.1748620125492169,0.0,1.5,0.0,0.0,0.0,1.0,0.0,1.0,0.0,0.0,0.0,1.0,0.0,0.0,0.0,0.0,1.0,0.0,0.0,0.0,1.0,1.0,0.0,4255.8,11677064.0
0.05138316447126203,-1.0,0.0,-1.0,0.052808913736160625,0.8427881830469204,-0.1162690350766795,-1.0,-1.0,0.0,0.0,0.0,1.0,0.0,1.0,0.0,0.0,0.0,1.0,0.0,0.0,0.0,0.0,0.0,1.0,0.0,1.0,0.0,1.0,0.0,3116.0,6920013.0
0.5615089498877553,1.0,-2.0,0.0,0.47001988288737573,-0.3132994357555084,2.639057190629438,0.0,3.0,0.0,1.0,0.0,0.0,0.0,1.0,0.0,0.0,0.0,0.0,0.0,1.0,0.0,0.0,0.0,0.0,1.0,1.0,0.0,0.0,1.0,2079.1,7299595.0
-0.03247377985770435,-1.0,1.0,-1.0,-0.034787138150528626,0.6610285125828665,-0.3635047913557828,-1.0,-1.0,1.0,0.0,0.0,0.0,0.0,0.0,1.0,0.0,0.0,0.0,0.0,0.0,1.0,1.0,0.0,0.0,0.0,1.0,0.0,1.0,0.0,1888.3,3860252.0
2.288296848831823,1.0,0.0,-1.0,1.2566309199786507,0.9343030615090856,1.5766886607576271,0.0,1.0,1.0,0.0,0.0,0.0,0.0,1.0,0.0,0.0,0.0,0.0,0.0,0.0,1.0,0.0,0.0,1.0,0.0,1.0,0.0,1.0,0.0,3667.4,25411415.0
-0.1427468494257104,-1.0,-1.0,-1.0,-0.16225657107796748,0.4220119714230546,0.06262023336509598,-1.0,-1.0,0.0,0.0,0.0,1.0,0.0,0.0,0.0,1.0,0.0,1.0,0.0,0.0,0.0,0.0,0.0,0.0,1.0,1.0,0.0,1.0,0.0,2322.3,4208472.0
0.4906225130952242,1.0,1.0,0.0,0.42098964009476275,-0.36451481409967607,-0.06658456338433315,0.0,1.0,0.0,0.0,0.0,1.0,0.0,1.0,0.0,0.0,0.0,1.0,0.0,0.0,0.0,0.0,0.0,1.0,0.0,1.0,0.0,1.0,0.0,2671.5,8402669.0
-0.0999394234538132,-1.0,-1.0,0.0,-0.11093492935688673,0.5147969363454977,0.11121698639003255,-1.0,-1.0,0.0,0.0,0.0,1.0,1.0,0.0,0.0,0.0,0.0,0.0,0.0,0.0,1.0,0.0,0.0,0.0,1.0,1.0,0.0,1.0,0.0,1787.2,3399791.0
0.06972241688541551,-1.0,-1.0,0.0,0.07103660196793138,0.8825384565875009,0.3038240952158358,-1.0,-1.0,0.0,0.0,0.0,1.0,0.0,1.0,0.0,0.0,0.0,1.0,0.0,0.0,0.0,0.0,0.0,0.0,1.0,1.0,0.0,1.0,0.0,1851.7,4183731.0
0.48306826145312465,0.0,-2.0,-1.0,0.41562807647957706,0.1671365128403166,2.4609589903094156,0.0,0.0,0.0,0.0,0.0,1.0,0.0,1.0,0.0,0.0,0.0,0.0,0.0,0.0,1.0,1.0,0.0,0.0,0.0,1.0,0.0,1.0,0.0,1292.9,4046001.0
2.374576855008255,1.0,0.0,-1.0,1.284005549111027,0.996640278045955,1.641987738444113,0.0,1.0,0.0,0.0,1.0,0.0,0.0,0.0,1.0,0.0,0.0,0.0,0.0,0.0,1.0,1.0,0.0,0.0,0.0,1.0,0.0,1.0,0.0,1520.0,10808112.0
-0.02377926381679739,0.0,-1.0,0.0,-0.025360579560562996,-0.38215871789920847,0.19767713633339923,0.0,0.0,0.0,0.0,1.0,0.0,0.0,1.0,0.0,0.0,0.0,0.0,1.0,0.0,0.0,0.0,0.0,1.0,0.0,1.0,0.0,1.0,0.0,2567.3,5295313.0
-0.2964449881816344,1.0,-2.0,-1.0,-0.37022537223133606,-0.9331702816931626,0.6910878984556194,0.0,2.5,0.0,0.0,1.0,0.0,0.0,1.0,0.0,0.0,0.0,0.0,0.0,0.0,1.0,0.0,0.0,0.0,1.0,0.0,1.0,1.0,0.0,2226.9,3315186.0
-0.33578410994049224,-1.0,0.0,-1.0,-0.43074342192965265,0.003604299414301345,-0.40928785890221303,-1.0,-1.0,0.0,0.0,0.0,1.0,0.0,0.0,1.0,0.0,0.0,0.0,1.0,0.0,0.0,0.0,0.0,0.0,1.0,1.0,0.0,1.0,0.0,2235.9,3143452.0
-0.10910904966088994,0.0,2.0,-1.0,-0.12172082321766069,-0.47463474287185436,-0.5085669081821613,0.0,0.0,0.0,0.0,0.0,1.0,0.0,0.0,1.0,0.0,0.0,1.0,0.0,0.0,0.0,0.0,0.0,0.0,1.0,1.0,0.0,1.0,0.0,2107.7,3968799.0
0.523120048461237,0.0,0.0,-1.0,0.44374963850961,0.21054257578683125,0.24075439132701681,0.0,0.0,1.0,0.0,0.0,0.0,0.0,0.0,1.0,0.0,0.0,0.0,1.0,0.0,0.0,0.0,0.0,1.0,0.0,1.0,0.0,1.0,0.0,3697.0,11881049.0
0.22669881578791107,0.0,-1.0,0.0,0.21541043683481012,-0.11070348201068417,0.4820301684615524,0.0,0.0,0.0,1.0,0.0,0.0,1.0,0.0,0.0,0.0,0.0,0.0,0.0,0.0,1.0,0.0,0.0,0.0,1.0,1.0,0.0,1.0,0.0,1875.7,4857688.0
0.29896307206233463,0.0,1.0,0.0,0.27578349514393896,-0.032387204737079275,-0.17537440894626122,0.0,0.0,0.0,0.0,1.0,0.0,1.0,0.0,0.0,0.0,0.0,1.0,0.0,0.0,0.0,0.0,0.0,0.0,1.0,1.0,0.0,1.0,0.0,1640.0,4496716.0
0.005344989369410248,-1.0,0.0,-1.0,0.005617732250033627,0.7430005792624059,-0.15111199007569073,-1.0,-1.0,0.0,0.0,0.0,1.0,0.0,0.0,1.0,0.0,0.0,0.0,0.0,1.0,0.0,0.0,0.0,1.0,0.0,1.0,0.0,1.0,0.0,3032.3,6440302.0
1.805632431019943,1.0,-1.0,-1.0,1.0888741047718642,0.5855785115101586,2.2745006382481434,0.0,1.0,0.0,0.0,0.0,1.0,0.0,0.0,1.0,0.0,0.0,1.0,0.0,0.0,0.0,0.0,0.0,0.0,1.0,1.0,0.0,1.0,0.0,2087.3,12342414.0
1.9770521789739994,1.0,0.0,-1.0,1.1515427235309994,0.7094291047177701,1.3411301486848488,0.0,1.0,0.0,0.0,0.0,1.0,1.0,0.0,0.0,0.0,0.0,1.0,0.0,0.0,0.0,0.0,0.0,0.0,1.0,1.0,0.0,1.0,0.0,1932.8,12126194.0
-0.18199094915133432,-1.0,1.0,-1.0,-0.21159829184252446,0.3369505052455427,-0.4483738156451699,-1.0,-1.0,1.0,0.0,0.0,0.0,0.0,0.0,1.0,0.0,0.0,1.0,0.0,0.0,0.0,0.0,0.0,0.0,1.0,1.0,0.0,1.0,0.0,2617.1,4526536.0
-0.30955802876792043,-1.0,-1.0,0.0,-0.390016000987818,0.060449250176996656,-0.12675068768990128,-1.0,-1.0,0.0,0.0,1.0,0.0,0.0,1.0,0.0,0.0,0.0,1.0,0.0,0.0,0.0,0.0,0.0,1.0,0.0,1.0,0.0,1.0,0.0,2780.8,4063027.0
-0.3933199510636527,-1.0,-1.0,0.0,-0.5259954024229192,-0.12110446032052534,-0.2218406716887506,-1.0,-1.0,0.0,0.0,0.0,1.0,0.0,1.0,0.0,0.0,0.0,0.0,0.0,1.0,0.0,0.0,0.0,1.0,0.0,1.0,0.0,1.0,0.0,2915.0,3745192.0
-0.10806380729531641,0.0,1.0,0.0,-0.12048577724818134,-0.47350196305593106,-0.40641124755038555,0.0,0.0,0.0,0.0,0.0,1.0,0.0,0.0,0.0,1.0,0.0,1.0,0.0,0.0,0.0,0.0,1.0,0.0,0.0,1.0,0.0,1.0,0.0,4512.2,8506399.0
1.1076480858999183,0.0,-1.0,-1.0,0.7866762757182899,0.8440239428461092,1.4821200625662967,0.0,0.0,0.0,0.0,0.0,1.0,0.0,1.0,0.0,0.0,0.0,1.0,0.0,0.0,0.0,0.0,0.0,0.0,1.0,1.0,0.0,1.0,0.0,1862.7,8277839.0
-0.7166324191421884,-1.0,2.0,0.0,-1.3233057794625622,-0.8218832464439726,-0.7844411283508026,-1.0,-1.0,0.0,1.0,0.0,0.0,1.0,0.0,0.0,0.0,0.0,0.0,0.0,1.0,0.0,0.0,1.0,0.0,0.0,1.0,0.0,1.0,0.0,4670.0,2822081.0
0.010856267296979659,0.0,1.0,1.0,0.01137917886447776,-0.3446225139988416,-0.3389097642976573,0.0,0.0,0.0,0.0,0.0,1.0,0.0,1.0,0.0,0.0,0.0,0.0,0.0,1.0,0.0,1.0,0.0,0.0,0.0,1.0,0.0,1.0,0.0,1283.3,2740487.0
-0.10103217683600367,0.0,-1.0,1.0,-0.11221454020535329,-0.4658814442942654,0.10997644774455695,0.0,0.0,0.0,0.0,1.0,0.0,0.0,0.0,1.0,0.0,0.0,1.0,0.0,0.0,0.0,0.0,0.0,0.0,1.0,1.0,0.0,1.0,0.0,1658.2,3150580.0
-0.3978334976422656,-1.0,-1.0,1.0,-0.5338433176077368,-0.13088755873077185,-0.22696463565919342,-1.0,-1.0,0.0,0.0,0.0,1.0,0.0,0.0,1.0,0.0,0.0,0.0,0.0,0.0,1.0,0.0,0.0,1.0,0.0,1.0,0.0,1.0,0.0,2835.9,3616623.0
1.2994500599826586,1.0,-2.0,0.0,0.878672129990402,0.2198622642723818,4.314539472501393,0.0,1.0,0.0,0.0,0.0,1.0,1.0,0.0,0.0,0.0,0.0,1.0,0.0,0.0,0.0,0.0,0.0,0.0,1.0,1.0,0.0,1.0,0.0,1782.9,8642964.0
0.19082799824209262,0.0,1.0,1.0,0.1841126181183709,-0.14957842569350582,-0.23675410366588145,0.0,0.0,0.0,0.0,1.0,0.0,0.0,1.0,0.0,0.0,0.0,0.0,0.0,1.0,0.0,0.0,0.0,0.0,1.0,1.0,0.0,1.0,0.0,1618.0,4068137.0
-0.5153757527526693,-1.0,0.0,0.0,-0.7618731502803565,-0.38566003733024395,-0.5452077452760646,-1.0,-1.0,0.0,0.0,1.0,0.0,0.0,0.0,1.0,0.0,0.0,0.0,0.0,0.0,1.0,0.0,0.0,0.0,1.0,1.0,0.0,1.0,0.0,1913.2,1966578.0
-0.017792875723058196,-1.0,-1.0,-1.0,-0.018918630183673204,0.692849327411984,0.20447313065209177,-1.0,-1.0,0.0,1.0,0.0,0.0,0.0,1.0,0.0,0.0,0.0,1.0,0.0,0.0,0.0,0.0,1.0,0.0,0.0,1.0,0.0,1.0,0.0,5188.9,10768005.0
-0.05865235001365922,0.0,-1.0,0.0,-0.06368768224990921,-0.41995237175773964,0.1580877726038727,0.0,0.0,0.0,0.0,1.0,0.0,0.0,0.0,1.0,0.0,0.0,0.0,0.0,1.0,0.0,0.0,0.0,1.0,0.0,1.0,0.0,1.0,0.0,2586.2,5144469.0
-0.002114240239455437,-1.0,0.0,-1.0,-0.0022303819442502644,0.7268327218896824,-0.15675733985365245,-1.0,-1.0,0.0,1.0,0.0,0.0,1.0,0.0,0.0,0.0,0.0,0.0,0.0,1.0,0.0,1.0,0.0,0.0,0.0,1.0,0.0,1.0,0.0,1498.5,3159138.0
-0.13595277404948256,-1.0,0.0,0.0,-0.15394318100038765,0.43673810903005716,-0.2580500170798798,-1.0,-1.0,0.0,0.0,0.0,1.0,0.0,1.0,0.0,0.0,0.0,0.0,1.0,0.0,0.0,0.0,0.0,1.0,0.0,1.0,0.0,1.0,0.0,2773.3,5065432.0
0.2735446781722514,0.0,0.0,0.0,0.2549381610767897,-0.05993435026066813,0.0518688984376405,0.0,0.0,0.0,1.0,0.0,0.0,0.0,0.0,0.0,1.0,0.0,1.0,0.0,0.0,0.0,0.0,0.0,1.0,0.0,1.0,0.0,1.0,0.0,2999.6,8064125.0
0.5654048532503475,0.0,0.0,-1.0,0.47264983334233734,0.2563686683400912,0.2727566926160981,0.0,0.0,0.0,0.0,0.0,1.0,1.0,0.0,0.0,0.0,0.0,0.0,0.0,0.0,1.0,0.0,0.0,0.0,1.0,1.0,0.0,1.0,0.0,1811.6,5983171.0
-0.3804919765770686,0.0,0.0,-1.0,-0.5040034017176107,-0.7687455750788441,-0.44312399992808466,0.0,0.0,1.0,0.0,0.0,0.0,0.0,1.0,0.0,0.0,0.0,0.0,0.0,0.0,1.0,0.0,0.0,0.0,1.0,1.0,0.0,1.0,0.0,2376.6,3117624.0
2.401183024313763,1.0,-1.0,0.0,1.2923061810810275,1.015863208255562,2.9505942000323615,0.0,3.0,0.0,1.0,0.0,0.0,0.0,1.0,0.0,0.0,0.0,0.0,0.0,1.0,0.0,0.0,0.0,0.0,1.0,1.0,0.0,0.0,1.0,1941.5,14363954.0
-0.09761138363958123,-1.0,-1.0,0.0,-0.10821395043910818,0.5198429555255197,0.11385987306952416,-1.0,-1.0,0.0,1.0,0.0,0.0,0.0,0.0,1.0,0.0,0.0,1.0,0.0,0.0,0.0,0.0,0.0,1.0,0.0,1.0,0.0,1.0,0.0,3242.5,6184096.0
1.8256345690156905,1.0,0.0,-1.0,1.0963807692254068,0.6000300358284524,1.226533143956419,0.0,2.5,0.0,1.0,0.0,0.0,1.0,0.0,0.0,0.0,0.0,1.0,0.0,0.0,0.0,0.0,0.0,0.0,1.0,0.0,1.0,1.0,0.0,2138.6,12735791.0
-0.7546887434523878,-1.0,1.0,-1.0,-1.4735213910052032,-0.9043702130398404,-0.7734488772226317,-1.0,-1.0,0.0,0.0,0.0,1.0,1.0,0.0,0.0,0.0,0.0,0.0,0.0,1.0,0.0,0.0,0.0,0.0,1.0,1.0,0.0,1.0,0.0,2001.7,1049291.0
0.16702497891698645,0.0,-1.0,0.0,0.162821218453681,-0.17537491150157708,0.41428597112601345,0.0,0.0,0.0,0.0,0.0,1.0,0.0,1.0,0.0,0.0,0.0,1.0,0.0,0.0,0.0,0.0,0.0,1.0,0.0,1.0,0.0,1.0,0.0,2651.0,6532594.0
-0.09485574467579652,-1.0,-1.0,1.0,-0.1050022154690131,0.5258157945549333,0.1169881879146366,-1.0,-1.0,0.0,0.0,0.0,1.0,0.0,1.0,0.0,0.0,0.0,0.0,0.0,1.0,0.0,0.0,1.0,0.0,0.0,1.0,0.0,1.0,0.0,3899.1,7458978.0
0.9590336259220107,0.0,-1.0,0.0,0.7094547046021882,0.6829632490184718,1.3134068067816111,0.0,0.0,1.0,0.0,0.0,0.0,1.0,0.0,0.0,0.0,0.0,1.0,0.0,0.0,0.0,0.0,0.0,0.0,1.0,1.0,0.0,1.0,0.0,2029.7,8385097.0
0.9662077894311746,0.0,0.0,1.0,0.7133148005521576,0.6907382377550364,0.5760953596663132,0.0,0.0,0.0,1.0,0.0,0.0,0.0,1.0,0.0,0.0,0.0,0.0,0.0,0.0,1.0,1.0,0.0,0.0,0.0,1.0,0.0,1.0,0.0,1345.5,5578847.0
0.7155396657599982,0.0,-1.0,-1.0,0.5693204057761614,0.4190770418999805,1.0369824346919327,0.0,0.0,0.0,0.0,0.0,1.0,0.0,1.0,0.0,0.0,0.0,1.0,0.0,0.0,0.0,0.0,0.0,1.0,0.0,1.0,0.0,1.0,0.0,2684.1,9712953.0
1.084225154707748,0.0,-1.0,-1.0,0.7748733533859556,0.818639376971101,1.455529386382841,0.0,0.0,0.0,0.0,1.0,0.0,0.0,1.0,0.0,0.0,0.0,0.0,0.0,1.0,0.0,0.0,1.0,0.0,0.0,1.0,0.0,1.0,0.0,4143.7,18210318.0
1.9313465809884667,1.0,-1.0,1.0,1.135192880792337,0.6764068567505521,2.417216518940688,0.0,1.0,1.0,0.0,0.0,0.0,0.0,0.0,1.0,0.0,0.0,1.0,0.0,0.0,0.0,0.0,0.0,0.0,1.0,1.0,0.0,1.0,0.0,2080.9,12855176.0
1.4084878431186232,1.0,-1.0,0.0,0.9276129472798939,0.2986419514706827,1.8236457453120223,0.0,1.0,1.0,0.0,0.0,0.0,0.0,0.0,1.0,0.0,0.0,0.0,0.0,0.0,1.0,0.0,0.0,1.0,0.0,1.0,0.0,1.0,0.0,3459.2,17563050.0
1.062512620113789,1.0,1.0,-1.0,0.7638134748150298,0.048675205423612436,0.258032038258931,0.0,1.0,0.0,1.0,0.0,0.0,0.0,1.0,0.0,0.0,0.0,0.0,0.0,0.0,1.0,0.0,0.0,0.0,1.0,1.0,0.0,1.0,0.0,2154.0,9367746.0
-0.4171229703887587,-1.0,-1.0,0.0,-0.568054572169775,-0.17269743193666737,-0.24886283957498057,-1.0,-1.0,0.0,0.0,0.0,1.0,0.0,0.0,1.0,0.0,0.0,1.0,0.0,0.0,0.0,0.0,0.0,1.0,0.0,1.0,0.0,1.0,0.0,3086.3,3810655.0
-0.22508344122293333,0.0,-1.0,0.0,-0.2685678171815594,-0.6003218124477055,-0.03085165674835034,0.0,0.0,0.0,0.0,0.0,1.0,0.0,1.0,0.0,0.0,0.0,0.0,0.0,1.0,0.0,0.0,0.0,1.0,0.0,1.0,0.0,1.0,0.0,2651.4,4345379.0
-0.25943390623700857,-1.0,-1.0,-1.0,-0.31628447137796045,0.16909313252236577,-0.06984771938656262,-1.0,-1.0,0.0,0.0,0.0,1.0,0.0,0.0,1.0,0.0,0.0,0.0,1.0,0.0,0.0,0.0,0.0,0.0,1.0,1.0,0.0,1.0,0.0,2037.6,3192104.0
-0.23871910299200608,0.0,1.0,-1.0,-0.28725258184339353,-0.6150994400463411,-0.4805738839646895,0.0,1.5,1.0,0.0,0.0,0.0,0.0,0.0,0.0,1.0,0.0,1.0,0.0,0.0,0.0,0.0,0.0,0.0,1.0,0.0,1.0,1.0,0.0,3044.4,4902093.0
0.4382178617666973,0.0,-1.0,-1.0,0.38322404739423194,0.1185299607388813,0.7221553010553567,0.0,0.0,0.0,0.0,0.0,1.0,0.0,0.0,1.0,0.0,0.0,1.0,0.0,0.0,0.0,0.0,0.0,0.0,1.0,1.0,0.0,1.0,0.0,1882.5,5713388.0
-0.49898445201981184,-1.0,-1.0,0.0,-0.7269704292393135,-0.3501319431035593,-0.3417953650599592,-1.0,-1.0,0.0,0.0,0.0,1.0,0.0,1.0,0.0,0.0,0.0,1.0,0.0,0.0,0.0,1.0,0.0,0.0,0.0,1.0,0.0,1.0,0.0,1414.1,1502340.0
-0.14669026380491954,0.0,-1.0,-1.0,-0.16711194934232768,-0.5153633262534595,0.058143506948814386,0.0,0.0,0.0,1.0,0.0,0.0,0.0,1.0,0.0,0.0,0.0,1.0,0.0,0.0,0.0,0.0,0.0,1.0,0.0,1.0,0.0,1.0,0.0,3162.9,5705555.0
-0.08540105236901785,-1.0,1.0,-1.0,-0.09405615222585739,0.5463088112248182,-0.3935474011614317,-1.0,-1.0,0.0,0.0,0.0,1.0,0.0,1.0,0.0,0.0,0.0,1.0,0.0,0.0,0.0,1.0,0.0,0.0,0.0,1.0,0.0,1.0,0.0,1505.3,2909594.0
0.0010214868572652875,0.0,-1.0,1.0,0.0010759188177908083,-0.35528094226684687,0.2258319699394115,0.0,0.0,0.0,0.0,0.0,1.0,0.0,0.0,1.0,0.0,0.0,0.0,1.0,0.0,0.0,0.0,0.0,0.0,1.0,1.0,0.0,1.0,0.0,1807.1,3821655.0
-0.015322302858975208,0.0,-1.0,-1.0,-0.016271436926323404,-0.3729934993885564,0.20727782672012376,0.0,0.0,0.0,0.0,1.0,0.0,0.0,1.0,0.0,0.0,0.0,0.0,0.0,1.0,0.0,0.0,0.0,0.0,1.0,1.0,0.0,1.0,0.0,1844.7,3837714.0
0.5234051145609391,0.0,1.0,1.0,0.4439471375821025,0.2108515157366287,-0.04797648370219871,0.0,0.0,1.0,0.0,0.0,0.0,0.0,0.0,0.0,1.0,0.0,0.0,1.0,0.0,0.0,0.0,1.0,0.0,0.0,1.0,0.0,1.0,0.0,4634.0,14895066.0
-0.001164019907115876,-1.0,-2.0,1.0,-0.0012273813380614116,0.7288923215549975,1.3615181316409266,-1.0,-1.0,0.0,0.0,0.0,1.0,0.0,0.0,0.0,1.0,0.0,0.0,0.0,1.0,0.0,0.0,0.0,1.0,0.0,1.0,0.0,1.0,0.0,2852.4,6019134.0
0.03204618070815183,-1.0,-1.0,0.0,0.033243333143773264,0.8008753298577587,0.26105248017834987,-1.0,-1.0,0.0,0.0,0.0,1.0,0.0,0.0,1.0,0.0,0.0,1.0,0.0,0.0,0.0,0.0,0.0,1.0,0.0,1.0,0.0,1.0,0.0,3030.4,6606575.0
-0.2445154470192774,1.0,-1.0,0.0,-0.29529625865723197,-0.8956512411233402,-0.05291167005267789,0.0,1.0,0.0,0.0,0.0,1.0,0.0,1.0,0.0,0.0,0.0,0.0,0.0,1.0,0.0,0.0,1.0,0.0,0.0,1.0,0.0,1.0,0.0,4433.1,7084094.0
0.10906153864427322,-1.0,-1.0,-1.0,0.10910848645604972,0.9678058827315438,0.34848348645295835,-1.0,-1.0,0.0,0.0,0.0,1.0,0.0,1.0,0.0,0.0,0.0,0.0,0.0,1.0,0.0,0.0,0.0,0.0,1.0,1.0,0.0,1.0,0.0,2005.5,4697282.0
0.5960019479516814,0.0,-1.0,1.0,0.4930804332275096,0.28952822295166364,0.9012782941694683,0.0,0.0,1.0,0.0,0.0,0.0,0.0,1.0,0.0,0.0,0.0,1.0,0.0,0.0,0.0,1.0,0.0,0.0,0.0,1.0,0.0,1.0,0.0,1399.7,4712930.0
1.0341485431934532,0.0,-1.0,1.0,0.7491891036026992,0.7643689257900496,1.3986803545423492,0.0,0.0,0.0,0.0,0.0,1.0,1.0,0.0,0.0,0.0,0.0,0.0,0.0,0.0,1.0,0.0,0.0,0.0,1.0,1.0,0.0,1.0,0.0,1453.4,6234069.0
-0.5758097658894654,-1.0,2.0,-1.0,-0.901525806443688,-0.5166505760442814,-0.7204940579996763,-1.0,-1.0,0.0,1.0,0.0,0.0,1.0,0.0,0.0,0.0,0.0,0.0,0.0,0.0,1.0,0.0,0.0,1.0,0.0,1.0,0.0,1.0,0.0,3260.4,2936642.0
2.342982028957965,1.0,-1.0,1.0,1.2740632324206203,0.9738130484220462,2.8845220330450725,0.0,1.0,0.0,0.0,1.0,0.0,1.0,0.0,0.0,0.0,0.0,0.0,0.0,1.0,0.0,0.0,0.0,0.0,1.0,1.0,0.0,1.0,0.0,1477.8,10409771.0
-0.5453552042379826,-1.0,0.0,0.0,-0.8288495012047866,-0.45064040677093403,-0.5678970173136045,-1.0,-1.0,0.0,0.0,0.0,1.0,0.0,0.0,0.0,1.0,0.0,1.0,0.0,0.0,0.0,0.0,0.0,0.0,1.0,1.0,0.0,1.0,0.0,1993.6,1923425.0
0.7112636742644701,0.0,-1.0,0.0,0.5666858633822845,0.4144429426530216,1.0321281530357238,0.0,0.0,0.0,1.0,0.0,0.0,0.0,0.0,0.0,1.0,0.0,0.0,0.0,0.0,1.0,0.0,1.0,0.0,0.0,1.0,0.0,1.0,0.0,4798.3,17320424.0
0.11970400636647635,-1.0,0.0,-1.0,0.11917701095779916,0.9908733989830725,-0.06456194602757953,-1.0,-1.0,0.0,0.0,1.0,0.0,0.0,0.0,0.0,1.0,0.0,0.0,1.0,0.0,0.0,0.0,0.0,1.0,0.0,1.0,0.0,1.0,0.0,3249.6,7684004.0
-0.35326816405554023,0.0,-1.0,0.0,-0.4587927294819844,-0.7392418098732061,-0.17637223350892647,0.0,0.0,1.0,0.0,0.0,0.0,0.0,1.0,0.0,0.0,0.0,0.0,0.0,0.0,1.0,0.0,0.0,1.0,0.0,1.0,0.0,1.0,0.0,3056.9,4185202.0
1.215925692770011,0.0,0.0,-1.0,0.8395895634394129,0.9613696337774342,0.7650887254813828,0.0,0.0,0.0,1.0,0.0,0.0,0.0,1.0,0.0,0.0,1.0,0.0,0.0,0.0,0.0,0.0,0.0,0.0,1.0,1.0,0.0,1.0,0.0,1933.5,9033119.0
-0.46368376667339717,-1.0,0.0,0.0,-0.6554979484651242,-0.273617815537105,-0.5060858308912101,-1.0,-1.0,0.0,0.0,0.0,1.0,0.0,0.0,1.0,0.0,0.0,1.0,0.0,0.0,0.0,0.0,0.0,0.0,1.0,1.0,0.0,1.0,0.0,2148.7,2442427.0
1.6676129277476217,1.0,0.0,0.0,1.0355721084877052,0.4858595610478213,1.106938027004189,0.0,3.0,1.0,0.0,0.0,0.0,0.0,1.0,0.0,0.0,0.0,0.0,0.0,0.0,1.0,0.0,0.0,1.0,0.0,1.0,0.0,0.0,1.0,3388.9,19504429.0
1.17962727607464,0.0,0.0,0.0,0.8221443474282722,0.9220312801699169,0.7376170870714297,0.0,0.0,0.0,0.0,1.0,0.0,1.0,0.0,0.0,0.0,0.0,1.0,0.0,0.0,0.0,1.0,0.0,0.0,0.0,1.0,0.0,1.0,0.0,1221.2,5612025.0
0.36989701987148277,0.0,0.0,0.0,0.3318733883325017,0.04448735277080499,0.1247909962064687,0.0,0.0,0.0,0.0,0.0,1.0,1.0,0.0,0.0,0.0,0.0,1.0,0.0,0.0,0.0,1.0,0.0,0.0,0.0,1.0,0.0,1.0,0.0,1183.7,3422313.0
0.12017911653264614,-1.0,1.0,-1.0,0.11962427264417044,0.99190319881573,-0.2768558637924524,-1.0,-1.0,1.0,0.0,0.0,0.0,0.0,1.0,0.0,0.0,0.0,1.0,0.0,0.0,0.0,1.0,0.0,0.0,0.0,1.0,0.0,1.0,0.0,1873.6,4432188.0
-0.5304842560368684,-1.0,2.0,-1.0,-0.7950968604221441,-0.4184076720087534,-0.6999119037773501,-1.0,-1.0,0.0,0.0,0.0,1.0,0.0,0.0,1.0,0.0,0.0,1.0,0.0,0.0,0.0,0.0,0.0,0.0,1.0,1.0,0.0,1.0,0.0,1987.5,1979749.0
-0.24356522668693786,-1.0,-1.0,0.0,-0.29397342615952465,0.2034884469331273,-0.05183294079574256,-1.0,-1.0,0.0,0.0,1.0,0.0,1.0,0.0,0.0,0.0,0.0,0.0,1.0,0.0,0.0,0.0,0.0,0.0,1.0,1.0,0.0,1.0,0.0,1668.0,2668800.0
-0.5831264624484801,-1.0,0.0,0.0,-0.9197558928682805,-0.5325094934672074,-0.5964833426223908,-1.0,-1.0,0.0,0.0,0.0,1.0,0.0,1.0,0.0,0.0,0.0,0.0,1.0,0.0,0.0,1.0,0.0,0.0,0.0,1.0,0.0,1.0,0.0,1427.2,1263500.0
-0.31312135501419375,-1.0,0.0,-1.0,-0.3954584609228369,0.052725751432065204,-0.3921360637169414,-1.0,-1.0,1.0,0.0,0.0,0.0,0.0,0.0,1.0,0.0,0.0,1.0,0.0,0.0,0.0,0.0,0.0,1.0,0.0,1.0,0.0,1.0,0.0,3810.9,5539524.0
0.10274257343421526,0.0,-2.0,0.0,0.10308465904120438,-0.24504087018085866,1.5974362201326837,0.0,0.0,1.0,0.0,0.0,0.0,0.0,0.0,0.0,1.0,0.0,1.0,0.0,0.0,0.0,0.0,0.0,0.0,1.0,1.0,0.0,1.0,0.0,2301.4,5359730.0
0.05029041108907145,-1.0,1.0,-1.0,0.0517128329956373,0.8404196434318079,-0.3165261322162492,-1.0,-1.0,1.0,0.0,0.0,0.0,0.0,1.0,0.0,0.0,0.0,0.0,0.0,0.0,1.0,0.0,0.0,1.0,0.0,1.0,0.0,1.0,0.0,3598.4,7983050.0
-0.3984036298416694,0.0,0.0,-1.0,-0.5348387860768791,-0.7881573019244386,-0.45668003092357196,0.0,0.0,0.0,0.0,0.0,1.0,1.0,0.0,0.0,0.0,0.0,1.0,0.0,0.0,0.0,0.0,0.0,0.0,1.0,1.0,0.0,1.0,0.0,1831.7,2333769.0
0.5346652254991627,0.0,-2.0,-1.0,0.4517190148164162,0.2230546437536203,2.578108987612592,0.0,1.5,0.0,0.0,0.0,1.0,1.0,0.0,0.0,0.0,0.0,1.0,0.0,0.0,0.0,0.0,0.0,0.0,1.0,0.0,1.0,1.0,0.0,2020.2,6541408.0
-0.003967169887517409,-1.0,-2.0,0.0,-0.004188971591197011,0.7228165025423184,1.3551536290250086,-1.0,-1.0,0.0,0.0,1.0,0.0,0.0,0.0,0.0,1.0,0.0,1.0,0.0,0.0,0.0,0.0,0.0,0.0,1.0,1.0,0.0,1.0,0.0,2055.1,4324547.0
-0.09851409295530386,-1.0,0.0,-1.0,-0.10926819361697877,0.5178863358434703,-0.22971539526437845,-1.0,-1.0,0.0,0.0,0.0,1.0,1.0,0.0,0.0,0.0,0.0,1.0,0.0,0.0,0.0,0.0,0.0,1.0,0.0,1.0,0.0,1.0,0.0,3117.2,5939201.0
0.48382843771899625,0.0,2.0,0.0,0.4161688357454938,0.16796035270644258,-0.23931608565110288,0.0,0.0,0.0,0.0,1.0,0.0,1.0,0.0,0.0,0.0,0.0,0.0,0.0,0.0,1.0,1.0,0.0,0.0,0.0,1.0,0.0,1.0,0.0,1137.6,3561826.0
-0.28727536197455766,-1.0,-2.0,-1.0,-0.35660292708387,0.10874686232863477,0.7119073731144712,-1.0,-1.0,1.0,0.0,0.0,0.0,0.0,1.0,0.0,0.0,0.0,0.0,0.0,1.0,0.0,0.0,0.0,0.0,1.0,1.0,0.0,1.0,0.0,2456.2,3703950.0
1.7233433502393367,1.0,1.0,-1.0,1.0574189110677183,0.5261247345047305,0.6331331691267685,0.0,3.0,0.0,0.0,0.0,1.0,1.0,0.0,0.0,0.0,0.0,0.0,0.0,1.0,0.0,1.0,0.0,0.0,0.0,1.0,0.0,0.0,1.0,1355.9,8232730.0
-0.5156133078357542,0.0,-1.0,-1.0,-0.7623875457896192,-0.9151831112827444,-0.36067312705632754,0.0,0.0,0.0,0.0,0.0,1.0,0.0,1.0,0.0,0.0,0.0,0.0,0.0,0.0,1.0,0.0,0.0,0.0,1.0,1.0,0.0,1.0,0.0,2047.9,2104012.0
-0.25506289270824656,0.0,0.0,1.0,-0.3100918281408255,-0.6328119971680506,-0.3481958253177756,0.0,0.0,0.0,0.0,1.0,0.0,0.0,1.0,0.0,0.0,0.0,0.0,0.0,0.0,1.0,0.0,0.0,0.0,1.0,1.0,0.0,1.0,0.0,1618.0,2549644.0
-0.20902471760639477,0.0,-1.0,-1.0,-0.246977627216408,-0.5829181952757934,-0.012621132306143288,0.0,0.0,1.0,0.0,0.0,0.0,0.0,0.0,0.0,1.0,0.0,0.0,0.0,0.0,1.0,1.0,0.0,0.0,0.0,1.0,0.0,1.0,0.0,1920.3,3212086.0
1.0260716703685668,1.0,-1.0,0.0,0.7449874726860871,0.022346656368668387,1.3895111558583988,0.0,1.0,0.0,1.0,0.0,0.0,1.0,0.0,0.0,0.0,0.0,1.0,0.0,0.0,0.0,0.0,0.0,0.0,1.0,1.0,0.0,1.0,0.0,1968.0,8407886.0
0.9716715563421271,0.0,0.0,-1.0,0.7162451927146811,0.6966595867928171,0.5802304884845653,0.0,0.0,1.0,0.0,0.0,0.0,0.0,1.0,0.0,0.0,0.0,0.0,1.0,0.0,0.0,0.0,0.0,0.0,1.0,1.0,0.0,1.0,0.0,2283.3,9493505.0
-0.17519687377510637,-1.0,-2.0,1.0,-0.20288973928775647,0.3516766428525455,0.9663796048255155,-1.0,-1.0,0.0,0.0,0.0,1.0,1.0,0.0,0.0,0.0,0.0,1.0,0.0,0.0,0.0,0.0,0.0,1.0,0.0,1.0,0.0,1.0,0.0,2468.6,4304992.0
1.3157938496988992,1.0,1.0,1.0,0.8861536847325866,0.23167063568685506,0.40179967997698723,0.0,1.0,0.0,1.0,0.0,0.0,0.0,1.0,0.0,0.0,0.0,1.0,0.0,0.0,0.0,0.0,0.0,0.0,1.0,1.0,0.0,1.0,0.0,1843.9,9002104.0
-0.40762076706536304,-1.0,0.0,-1.0,-0.5510635054005892,-0.1521014352835168,-0.4636558134517537,-1.0,-1.0,0.0,0.0,0.0,1.0,0.0,0.0,0.0,1.0,0.0,0.0,0.0,1.0,0.0,1.0,0.0,0.0,0.0,1.0,0.0,1.0,0.0,1732.4,2173642.0
0.8271905548098966,0.0,-2.0,0.0,0.6358874803771833,0.54007852223724,3.2422825911076742,0.0,1.5,0.0,0.0,1.0,0.0,0.0,1.0,0.0,0.0,0.0,1.0,0.0,0.0,0.0,0.0,0.0,0.0,1.0,0.0,1.0,1.0,0.0,1910.8,7363650.0
0.268033400244682,0.0,-1.0,0.0,0.2503637449587487,-0.06590718929008174,0.5289548911382392,0.0,0.0,1.0,0.0,0.0,0.0,1.0,0.0,0.0,0.0,0.0,0.0,1.0,0.0,0.0,0.0,0.0,0.0,1.0,1.0,0.0,1.0,0.0,2024.3,5418646.0
-0.43626991008540084,0.0,0.0,-1.0,-0.603143232672371,-0.829194825255841,-0.48533827151615383,0.0,0.0,0.0,1.0,0.0,0.0,0.0,1.0,0.0,0.0,0.0,1.0,0.0,0.0,0.0,0.0,0.0,0.0,1.0,1.0,0.0,1.0,0.0,2073.0,2475991.0
0.09913173617132498,-1.0,-2.0,1.0,0.09962701418774496,0.9462830662290018,1.5892378777799752,-1.0,-1.0,0.0,0.0,0.0,1.0,1.0,0.0,0.0,0.0,0.0,1.0,0.0,0.0,0.0,0.0,0.0,0.0,1.0,1.0,0.0,1.0,0.0,1560.8,3623085.0
0.49095509021154293,0.0,1.0,-1.0,0.42122506065482446,0.17568385145137405,-0.06639578576436951,0.0,0.0,0.0,0.0,0.0,1.0,0.0,1.0,0.0,0.0,0.0,0.0,1.0,0.0,0.0,1.0,0.0,0.0,0.0,1.0,0.0,1.0,0.0,1342.6,4223820.0
-0.3506550581416064,-1.0,-2.0,-1.0,-0.45455303103204264,-0.028628435347879445,0.568004890239298,-1.0,-1.0,0.0,1.0,0.0,0.0,0.0,0.0,1.0,0.0,0.0,1.0,0.0,0.0,0.0,0.0,0.0,0.0,1.0,1.0,0.0,1.0,0.0,2403.6,3303989.0
0.1742941644593842,0.0,-1.0,1.0,0.16936893437522313,-0.1674969427817469,0.42253824994156886,0.0,0.0,0.0,1.0,0.0,0.0,0.0,1.0,0.0,0.0,0.0,0.0,0.0,0.0,1.0,0.0,0.0,0.0,1.0,1.0,0.0,1.0,0.0,1579.4,3916122.0
-0.08041239562423515,0.0,-1.0,-1.0,-0.08832589995898023,-0.44353478792559703,0.13338487262005366,0.0,1.5,0.0,0.0,0.0,1.0,0.0,1.0,0.0,0.0,0.0,1.0,0.0,0.0,0.0,0.0,0.0,1.0,0.0,0.0,1.0,1.0,0.0,3268.5,6352003.0
0.995284531600765,0.0,-1.0,-1.0,0.7288170932846505,0.7222501126343566,1.354560327933694,0.0,0.0,0.0,0.0,0.0,1.0,0.0,0.0,0.0,1.0,0.0,0.0,0.0,0.0,1.0,0.0,0.0,0.0,1.0,1.0,0.0,1.0,0.0,2084.0,8768430.0
0.006817830884536524,-1.0,-1.0,1.0,0.0071605029468136145,0.7461929587436441,0.23241221840671691,-1.0,-1.0,0.0,0.0,0.0,1.0,1.0,0.0,0.0,0.0,0.0,0.0,1.0,0.0,0.0,0.0,0.0,1.0,0.0,1.0,0.0,1.0,0.0,2429.3,5167121.0
0.6700241118409334,0.0,0.0,-1.0,0.5409347325214828,0.3697496299156851,0.35193542007515144,0.0,0.0,1.0,0.0,0.0,0.0,0.0,1.0,0.0,0.0,1.0,0.0,0.0,0.0,0.0,0.0,0.0,0.0,1.0,1.0,0.0,1.0,0.0,2330.7,8210823.0
-0.17728735850625346,-1.0,-1.0,0.0,-0.20556166920065996,0.3471455235888523,0.02340842487549671,-1.0,-1.0,1.0,0.0,0.0,0.0,1.0,0.0,0.0,0.0,0.0,0.0,1.0,0.0,0.0,0.0,0.0,1.0,0.0,1.0,0.0,1.0,0.0,3089.4,5374011.0
0.6090674775213504,0.0,1.0,-1.0,0.5016859217986585,0.30368797065070463,0.0006472375541612226,0.0,0.0,0.0,0.0,0.0,1.0,0.0,0.0,0.0,1.0,0.0,0.0,0.0,0.0,1.0,0.0,0.0,0.0,1.0,1.0,0.0,1.0,0.0,2177.1,7390384.0
0.3692793766554622,1.0,1.0,-1.0,0.3313976069551595,-0.4521851065199202,-0.135461426439654,0.0,1.0,0.0,0.0,0.0,1.0,1.0,0.0,0.0,0.0,0.0,1.0,0.0,0.0,0.0,0.0,0.0,0.0,1.0,1.0,0.0,1.0,0.0,1874.2,5416251.0
0.018220474872611258,0.0,-1.0,0.0,0.019029029517410787,-0.33664156529574574,0.24535696948994087,0.0,0.0,0.0,1.0,0.0,0.0,1.0,0.0,0.0,0.0,0.0,0.0,1.0,0.0,0.0,0.0,0.0,0.0,1.0,1.0,0.0,1.0,0.0,1755.9,3776941.0
-0.10540319036476567,0.0,0.0,-1.0,-0.11734851247405645,-0.47061852352449,-0.23492925333956594,0.0,0.0,0.0,0.0,0.0,1.0,1.0,0.0,0.0,0.0,0.0,0.0,0.0,0.0,1.0,0.0,0.0,0.0,1.0,1.0,0.0,1.0,0.0,1917.5,3625609.0
-0.1542445154470191,-1.0,-1.0,0.0,-0.17647589211404752,0.3970908154727424,0.04956760935617847,-1.0,-1.0,0.0,0.0,0.0,1.0,0.0,0.0,1.0,0.0,0.0,0.0,0.0,1.0,0.0,0.0,0.0,0.0,1.0,1.0,0.0,1.0,0.0,2005.9,3586549.0
-0.24603579955102073,-1.0,-1.0,1.0,-0.2974162360490451,0.19813348780330808,-0.054637636863774444,-1.0,-1.0,0.0,0.0,1.0,0.0,0.0,1.0,0.0,0.0,0.0,0.0,0.0,1.0,0.0,1.0,0.0,0.0,0.0,1.0,0.0,1.0,0.0,1213.2,1934811.0
1.0880260360371061,0.0,0.0,0.0,0.776797604861182,0.8227585763017312,0.6682907534923859,0.0,1.5,0.0,0.0,0.0,1.0,0.0,0.0,1.0,0.0,0.0,0.0,1.0,0.0,0.0,0.0,0.0,1.0,0.0,0.0,1.0,1.0,0.0,3148.6,13862341.0
0.06653917877207786,-1.0,-1.0,-1.0,0.06789516226960352,0.8756387977086951,0.3002103522051023,-1.0,-1.0,0.0,0.0,0.0,1.0,1.0,0.0,0.0,0.0,0.0,0.0,0.0,1.0,0.0,0.0,0.0,0.0,1.0,1.0,0.0,1.0,0.0,1876.0,4226065.0
0.8574550723949117,0.0,-1.0,0.0,0.6532326951345788,0.5728776469073823,1.1980906492152243,0.0,0.0,0.0,1.0,0.0,0.0,1.0,0.0,0.0,0.0,0.0,1.0,0.0,0.0,0.0,1.0,0.0,0.0,0.0,1.0,0.0,1.0,0.0,1242.4,4866978.0
-0.4451544701927757,0.0,0.0,-1.0,-0.6198288543203749,-0.8388234536911888,-0.49206235055105074,0.0,0.0,0.0,1.0,0.0,0.0,1.0,0.0,0.0,0.0,0.0,1.0,0.0,0.0,0.0,0.0,0.0,0.0,1.0,1.0,0.0,1.0,0.0,1933.5,2273216.0
1.1267950255965604,0.0,-1.0,1.0,0.7962276689932806,0.8647744094741585,1.5038564570935438,0.0,2.0,0.0,0.0,1.0,0.0,0.0,1.0,0.0,0.0,0.0,1.0,0.0,0.0,0.0,0.0,1.0,0.0,0.0,1.0,0.0,0.0,1.0,3506.4,16173750.0
-0.3372094404390016,-1.0,-1.0,-1.0,-0.43300242206245665,0.0005148999163287636,-0.1581417090667193,-1.0,-1.0,0.0,0.0,0.0,1.0,0.0,0.0,1.0,0.0,0.0,1.0,0.0,0.0,0.0,0.0,0.0,0.0,1.0,1.0,0.0,1.0,0.0,2227.4,3124819.0
1.7800715040800088,1.0,-1.0,0.0,1.0792031067560404,0.5671107678445003,2.2454828212365836,0.0,1.0,0.0,1.0,0.0,0.0,0.0,0.0,1.0,0.0,0.0,1.0,0.0,0.0,0.0,0.0,0.0,0.0,1.0,1.0,0.0,1.0,0.0,2031.3,11901996.0
0.9757575037711869,0.0,1.0,0.0,0.71843132555696,0.7010877260732442,0.20878804767983308,0.0,0.0,0.0,0.0,0.0,1.0,0.0,1.0,0.0,0.0,0.0,1.0,0.0,0.0,0.0,0.0,0.0,0.0,1.0,1.0,0.0,1.0,0.0,1763.7,7348280.0
0.3247140430687367,1.0,-1.0,-1.0,0.2964910185159468,-0.4843835146210123,0.5933010913144315,0.0,1.0,0.0,0.0,0.0,1.0,1.0,0.0,0.0,0.0,0.0,0.0,0.0,1.0,0.0,0.0,1.0,0.0,0.0,1.0,0.0,1.0,0.0,4534.2,12678077.0
-0.26028910453611415,0.0,-2.0,-1.0,-0.3175003255671503,-0.638475896247667,0.7731791949083978,0.0,0.0,0.0,0.0,0.0,1.0,0.0,0.0,1.0,0.0,0.0,0.0,0.0,0.0,1.0,1.0,0.0,0.0,0.0,1.0,0.0,1.0,0.0,1502.8,2351581.0
0.0027318834554764544,0.0,-1.0,-1.0,0.002875011193542953,-0.3534273025680634,0.22777368260189504,0.0,3.5,1.0,0.0,0.0,0.0,1.0,0.0,0.0,0.0,0.0,1.0,0.0,0.0,0.0,0.0,1.0,0.0,0.0,0.0,1.0,0.0,1.0,5720.0,12567248.0
-0.3051395042225414,0.0,-1.0,0.0,-0.3833059921423967,-0.6870824483491021,-0.1217345966451519,0.0,0.0,0.0,0.0,0.0,1.0,0.0,0.0,0.0,1.0,0.0,1.0,0.0,0.0,0.0,0.0,0.0,0.0,1.0,1.0,0.0,1.0,0.0,2095.9,3081811.0
0.13970614436222406,0.0,0.0,0.0,0.137845080445372,-0.20498165669048096,-0.04942377878858709,0.0,0.0,0.0,0.0,1.0,0.0,0.0,1.0,0.0,0.0,0.0,0.0,0.0,1.0,0.0,0.0,0.0,0.0,1.0,1.0,0.0,1.0,0.0,1682.7,4049754.0
0.9511467971635926,0.0,0.0,-1.0,0.7051948445176595,0.6744159104074147,0.5646967871846966,0.0,1.5,0.0,0.0,0.0,1.0,0.0,0.0,1.0,0.0,0.0,0.0,1.0,0.0,0.0,0.0,0.0,0.0,1.0,0.0,1.0,1.0,0.0,2257.0,9286652.0
0.2693161976933403,0.0,2.0,1.0,0.2514302466719161,-0.06451695951599418,-0.3367253375523633,0.0,0.0,0.0,1.0,0.0,0.0,1.0,0.0,0.0,0.0,0.0,1.0,0.0,0.0,0.0,0.0,0.0,1.0,0.0,1.0,0.0,1.0,0.0,2475.5,6633102.0
0.3607749046810231,0.0,0.0,1.0,0.3248246199850408,0.03460127437729282,0.11788712896208274,0.0,0.0,0.0,1.0,0.0,0.0,0.0,0.0,1.0,0.0,0.0,0.0,0.0,0.0,1.0,0.0,0.0,0.0,1.0,1.0,0.0,1.0,0.0,1958.0,5623376.0
0.4810252877385945,0.0,2.0,0.0,0.4141734152740802,0.16492244320010285,-0.24058898617428665,0.0,0.0,0.0,0.0,1.0,0.0,1.0,0.0,0.0,0.0,0.0,0.0,0.0,0.0,1.0,0.0,1.0,0.0,0.0,1.0,0.0,1.0,0.0,3575.4,11173483.0
0.42168402798398885,0.0,0.0,0.0,0.37102366978994644,0.10061144365064022,0.1639848258751191,0.0,0.0,0.0,0.0,1.0,0.0,1.0,0.0,0.0,0.0,0.0,1.0,0.0,0.0,0.0,0.0,0.0,0.0,1.0,1.0,0.0,1.0,0.0,1562.2,4686912.0
-0.6684562482925727,-1.0,-1.0,-1.0,-1.1593993990671503,-0.7174615434124992,-0.5341867280343754,-1.0,-1.0,0.0,1.0,0.0,0.0,0.0,1.0,0.0,0.0,0.0,0.0,0.0,0.0,1.0,0.0,0.0,0.0,1.0,1.0,0.0,1.0,0.0,2334.5,1647457.0
-0.5385136178451376,-1.0,-1.0,1.0,-0.8131873156486782,-0.43581128918066553,-0.386670502148469,-1.0,-1.0,0.0,1.0,0.0,0.0,0.0,0.0,0.0,1.0,0.0,1.0,0.0,0.0,0.0,0.0,1.0,0.0,0.0,1.0,0.0,1.0,0.0,5034.8,4930076.0
-0.007007874951004048,0.0,-1.0,0.0,-0.007410943304306679,-0.363982750852803,0.21671670771830792,0.0,1.5,0.0,0.0,0.0,1.0,1.0,0.0,0.0,0.0,0.0,0.0,0.0,1.0,0.0,0.0,1.0,0.0,0.0,0.0,1.0,1.0,0.0,4382.5,9194047.0
-0.7879464550842724,-1.0,-1.0,1.0,-1.6248981309476924,-0.9764562013258673,-0.6698369320939931,-1.0,-1.0,0.0,0.0,0.0,1.0,0.0,0.0,0.0,1.0,0.0,1.0,0.0,0.0,0.0,0.0,0.0,0.0,1.0,1.0,0.0,1.0,0.0,2023.8,919210.0
-0.17329643311042725,-1.0,0.0,1.0,-0.20046655233315216,0.35579584218317567,-0.2863127236115855,-1.0,-1.0,0.0,0.0,1.0,0.0,0.0,0.0,1.0,0.0,0.0,0.0,0.0,0.0,1.0,0.0,0.0,1.0,0.0,1.0,0.0,1.0,0.0,2557.9,4470953.0
-0.5014550248838947,-1.0,0.0,0.0,-0.7321580173740546,-0.3554869022333784,-0.5346721561999963,-1.0,-1.0,0.0,0.0,0.0,1.0,1.0,0.0,0.0,0.0,0.0,0.0,1.0,0.0,0.0,0.0,0.0,0.0,1.0,1.0,0.0,1.0,0.0,1880.8,1988382.0
0.20669667779216314,0.0,0.0,1.0,0.19807256767885356,-0.1323807684881253,0.0012764962873734167,0.0,0.0,0.0,0.0,0.0,1.0,0.0,0.0,1.0,0.0,0.0,0.0,0.0,1.0,0.0,1.0,0.0,0.0,0.0,1.0,0.0,1.0,0.0,1303.6,3321182.0
0.6024634462115904,0.0,1.0,-1.0,0.4973449848223666,0.2965308618137348,-0.003101346613689074,0.0,0.0,0.0,1.0,0.0,0.0,1.0,0.0,0.0,0.0,0.0,0.0,0.0,0.0,1.0,0.0,1.0,0.0,0.0,1.0,0.0,1.0,0.0,4438.2,15004223.0
-0.290933710254065,-1.0,1.0,-1.0,-0.36201678277699817,0.10081740361717177,-0.5102119702989877,-1.0,-1.0,0.0,0.0,0.0,1.0,0.0,1.0,0.0,0.0,0.0,1.0,0.0,0.0,0.0,0.0,0.0,0.0,1.0,1.0,0.0,1.0,0.0,2079.5,3119874.0
2.2738059887636446,1.0,-1.0,0.0,1.2519630489677547,0.9238334298770675,2.8059905431401804,0.0,1.0,0.0,0.0,0.0,1.0,0.0,0.0,1.0,0.0,0.0,1.0,0.0,0.0,0.0,0.0,0.0,1.0,0.0,1.0,0.0,1.0,0.0,3051.0,21047324.0
-0.12255466736349471,1.0,-2.0,-1.0,-0.13773788103323442,-0.8075347021089443,1.0859028064939502,0.0,2.5,0.0,0.0,1.0,0.0,1.0,0.0,0.0,0.0,0.0,0.0,0.0,1.0,0.0,0.0,0.0,0.0,1.0,0.0,1.0,1.0,0.0,2262.9,4197001.0
1.1429962822629496,0.0,-1.0,0.0,0.8042428251547842,0.882332496620969,1.5222487909242908,0.0,0.0,1.0,0.0,0.0,0.0,0.0,1.0,0.0,0.0,0.0,0.0,0.0,0.0,1.0,0.0,0.0,0.0,1.0,1.0,0.0,1.0,0.0,2010.3,9083340.0
1.077193524248435,0.0,-1.0,-1.0,0.7713042378789484,0.8110188582094353,1.4475467898815193,0.0,0.0,0.0,1.0,0.0,0.0,0.0,0.0,1.0,0.0,0.0,1.0,0.0,0.0,0.0,0.0,1.0,0.0,0.0,1.0,0.0,1.0,0.0,4627.2,20266673.0
-0.3171597914266369,-1.0,0.0,-1.0,-0.40166060906650625,0.04397245285447622,-0.39519246327825813,-1.0,-1.0,0.0,0.0,0.0,1.0,0.0,0.0,1.0,0.0,0.0,1.0,0.0,0.0,0.0,0.0,0.0,0.0,1.0,1.0,0.0,1.0,0.0,2228.1,3219827.0
-0.42021118646886224,0.0,-2.0,0.0,-0.5736359296586209,-0.8117912080839288,0.4100789270239658,0.0,0.0,0.0,0.0,1.0,0.0,0.0,1.0,0.0,0.0,0.0,1.0,0.0,0.0,0.0,0.0,0.0,0.0,1.0,1.0,0.0,1.0,0.0,1830.3,2247974.0
1.9087788480954022,1.0,-1.0,-1.0,1.1270258156081596,0.6601016927334747,2.3915966990884736,0.0,1.0,1.0,0.0,0.0,0.0,1.0,0.0,0.0,0.0,0.0,0.0,0.0,1.0,0.0,0.0,0.0,0.0,1.0,1.0,0.0,1.0,0.0,2145.4,13151731.0
0.7366345571379365,1.0,-2.0,0.0,0.5822223487705434,-0.18677136298298697,3.036676794735801,0.0,1.0,0.0,1.0,0.0,0.0,0.0,0.0,0.0,1.0,0.0,1.0,0.0,0.0,0.0,0.0,0.0,0.0,1.0,1.0,0.0,1.0,0.0,2193.1,8033545.0
0.4357947999192315,0.0,0.0,-1.0,0.3814448332455903,0.11590397116560464,0.17466424551877893,0.0,0.0,0.0,0.0,0.0,1.0,0.0,0.0,1.0,0.0,0.0,0.0,0.0,0.0,1.0,0.0,0.0,0.0,1.0,1.0,0.0,1.0,0.0,2065.1,6257046.0
-0.30955802876792043,0.0,0.0,0.0,-0.390016000987818,-0.6918710175709598,-0.38943924057460305,0.0,0.0,0.0,1.0,0.0,0.0,0.0,0.0,0.0,1.0,1.0,0.0,0.0,0.0,0.0,1.0,0.0,0.0,0.0,1.0,0.0,1.0,0.0,1644.2,2402341.0
-0.12906367664002072,0.0,-1.0,0.0,-0.14557967924676268,-0.49626053935766246,0.07815393466496472,0.0,0.0,0.0,0.0,0.0,1.0,0.0,0.0,1.0,0.0,0.0,0.0,1.0,0.0,0.0,0.0,0.0,0.0,1.0,1.0,0.0,1.0,0.0,1948.2,3586636.0
-0.1753394068249574,-1.0,0.0,1.0,-0.20307170218152062,0.3513677029027481,-0.2878589022131929,-1.0,-1.0,0.0,1.0,0.0,0.0,0.0,1.0,0.0,0.0,0.0,0.0,1.0,0.0,0.0,0.0,0.0,0.0,1.0,1.0,0.0,1.0,0.0,1925.1,3356604.0
0.46971766578375385,0.0,-2.0,1.0,0.40608567201196605,0.1526678251914784,2.4306466981895323,0.0,0.0,0.0,1.0,0.0,0.0,0.0,0.0,1.0,0.0,0.0,0.0,0.0,1.0,0.0,0.0,0.0,0.0,1.0,1.0,0.0,1.0,0.0,1807.0,5604049.0
1.1866589065339528,0.0,0.0,1.0,0.8255463214549646,0.9296517989315827,0.7429388180723108,0.0,1.5,0.0,0.0,1.0,0.0,0.0,1.0,0.0,0.0,1.0,0.0,0.0,0.0,0.0,0.0,0.0,0.0,1.0,0.0,1.0,1.0,0.0,1740.8,8025610.0
-0.42097136273473396,-1.0,0.0,1.0,-0.5750143288901233,-0.18103881058119348,-0.47375991082504804,-1.0,-1.0,0.0,0.0,0.0,1.0,0.0,1.0,0.0,0.0,0.0,1.0,0.0,0.0,0.0,0.0,0.0,0.0,1.0,1.0,0.0,1.0,0.0,1697.1,2081663.0
0.9153234906343909,0.0,-1.0,-1.0,0.6856270475446034,0.6355924567162256,1.263785260962586,0.0,0.0,0.0,1.0,0.0,0.0,0.0,1.0,0.0,0.0,0.0,1.0,0.0,0.0,0.0,0.0,0.0,0.0,1.0,1.0,0.0,1.0,0.0,1978.6,7991961.0
-0.4156976398902493,-1.0,-1.0,-1.0,-0.5654884558290767,-0.16960803243869477,-0.24724474568957758,-1.0,-1.0,0.0,0.0,1.0,0.0,0.0,1.0,0.0,0.0,0.0,0.0,0.0,1.0,0.0,0.0,0.0,0.0,1.0,1.0,0.0,1.0,0.0,1959.5,2425273.0
0.7865211245857634,0.0,0.0,-1.0,0.6121220708271853,0.49600308939949783,0.44010355800866574,0.0,0.0,0.0,0.0,1.0,0.0,0.0,0.0,1.0,0.0,0.0,1.0,0.0,0.0,0.0,0.0,0.0,0.0,1.0,1.0,0.0,1.0,0.0,1917.3,7224578.0
-0.6751553016355666,-1.0,0.0,0.0,-1.1807272825556445,-0.7319817210529704,-0.6661332949785153,-1.0,-1.0,0.0,1.0,0.0,0.0,0.0,1.0,0.0,0.0,0.0,1.0,0.0,0.0,0.0,0.0,0.0,1.0,0.0,1.0,0.0,1.0,0.0,3172.1,2193824.0
0.0988941810882401,-1.0,2.0,0.0,0.09939914100145299,0.945768166312673,-0.41411337444490376,-1.0,-1.0,0.0,1.0,0.0,0.0,0.0,0.0,1.0,0.0,0.0,0.0,0.0,1.0,0.0,0.0,0.0,1.0,0.0,1.0,0.0,1.0,0.0,3129.3,7262479.0
-0.028292810395410303,0.0,-2.0,0.0,-0.030243666483418603,-0.3870502671043317,1.2999226910699195,0.0,0.0,0.0,1.0,0.0,0.0,0.0,0.0,1.0,0.0,0.0,1.0,0.0,0.0,0.0,0.0,0.0,0.0,1.0,1.0,0.0,1.0,0.0,1954.6,4012989.0
0.1338622893183359,-1.0,-1.0,0.0,0.13242495655170974,1.0215614339962669,0.3766383200589706,-1.0,-1.0,0.0,1.0,0.0,0.0,0.0,1.0,0.0,0.0,0.0,1.0,0.0,0.0,0.0,0.0,0.0,0.0,1.0,1.0,0.0,1.0,0.0,1994.9,4776589.0
-0.022543977384756005,1.0,0.0,-1.0,-0.024028073579405743,-0.7352770805174745,-0.17221912586972543,0.0,3.0,0.0,1.0,0.0,0.0,0.0,0.0,1.0,0.0,0.0,0.0,1.0,0.0,0.0,0.0,0.0,0.0,1.0,1.0,0.0,0.0,1.0,2338.1,5278644.0
-0.5990901640317846,-1.0,0.0,0.0,-0.960655442822404,-0.5671107678445003,-0.6085651103000663,-1.0,-1.0,0.0,0.0,1.0,0.0,0.0,0.0,0.0,1.0,0.0,0.0,0.0,0.0,1.0,0.0,0.0,0.0,1.0,1.0,0.0,1.0,0.0,2083.2,1774261.0
0.7188179259065697,0.0,1.0,-1.0,0.5713357892528292,0.422629851322649,0.06294385214217653,0.0,0.0,0.0,1.0,0.0,0.0,0.0,0.0,1.0,0.0,0.0,1.0,0.0,0.0,0.0,0.0,1.0,0.0,0.0,1.0,0.0,1.0,0.0,4610.8,16716916.0
0.08045990664085252,-1.0,2.0,0.0,0.08156484324377991,0.9058119328055608,-0.422484313478722,-1.0,-1.0,0.0,0.0,0.0,1.0,0.0,0.0,1.0,0.0,0.0,0.0,0.0,0.0,1.0,0.0,0.0,1.0,0.0,1.0,0.0,1.0,0.0,2947.8,6726880.0
-0.16578969248494474,-1.0,1.0,0.0,-0.19094884212172086,0.3720666795391645,-0.4391776487297962,-1.0,-1.0,0.0,1.0,0.0,0.0,1.0,0.0,0.0,0.0,0.0,0.0,1.0,0.0,0.0,0.0,0.0,0.0,1.0,1.0,0.0,1.0,0.0,2083.1,3673963.0
0.061170433894359465,1.0,0.0,0.0,0.06257569455260534,-0.6747935036793891,-0.10886176084572369,0.0,1.0,0.0,1.0,0.0,0.0,1.0,0.0,0.0,0.0,0.0,0.0,0.0,1.0,0.0,0.0,0.0,0.0,1.0,1.0,0.0,1.0,0.0,2022.4,4533007.0
-0.6853701702082169,-1.0,0.0,1.0,-1.214099140665582,-0.7541224174551072,-0.6738641879865517,-1.0,-1.0,0.0,0.0,0.0,1.0,0.0,0.0,0.0,1.0,0.0,0.0,0.0,1.0,0.0,1.0,0.0,0.0,0.0,1.0,0.0,1.0,0.0,1468.5,984042.0
0.8126046727084845,0.0,0.0,-1.0,0.6274253878298766,0.524271094805947,0.45984430341058224,0.0,0.0,0.0,0.0,0.0,1.0,0.0,1.0,0.0,0.0,0.0,0.0,0.0,0.0,1.0,0.0,0.0,1.0,0.0,1.0,0.0,1.0,0.0,2653.9,10145860.0
-0.13343469016878273,0.0,0.0,-1.0,-0.15087850707759096,-0.500997618587887,-0.256144262059294,0.0,2.0,0.0,0.0,0.0,1.0,1.0,0.0,0.0,0.0,0.0,1.0,0.0,0.0,0.0,0.0,1.0,0.0,0.0,1.0,0.0,0.0,1.0,4328.8,8379496.0
0.9852597070945825,0.0,0.0,-1.0,0.7234979597400428,0.7113857243998195,0.5905143740673484,0.0,0.0,0.0,0.0,1.0,0.0,1.0,0.0,0.0,0.0,0.0,1.0,0.0,0.0,0.0,0.0,0.0,0.0,1.0,1.0,0.0,1.0,0.0,1675.0,7012220.0
0.051050587354943056,-1.0,1.0,0.0,0.05247544410668893,0.8420673231640597,-0.3160946405134751,-1.0,-1.0,0.0,0.0,0.0,1.0,0.0,0.0,1.0,0.0,0.0,0.0,0.0,1.0,0.0,0.0,0.0,0.0,1.0,1.0,0.0,1.0,0.0,1927.3,4278799.0
2.317991234217434,1.0,-1.0,0.0,1.2661323831614761,0.9557572246894509,2.8561514535876733,0.0,1.0,1.0,0.0,0.0,0.0,1.0,0.0,0.0,0.0,0.0,1.0,0.0,0.0,0.0,0.0,0.0,0.0,1.0,1.0,0.0,1.0,0.0,2054.7,14365435.0
0.06972241688541551,-1.0,1.0,-1.0,0.07103660196793138,0.8825384565875009,-0.3054961255640854,-1.0,-1.0,0.0,1.0,0.0,0.0,0.0,1.0,0.0,0.0,0.0,0.0,0.0,0.0,1.0,0.0,1.0,0.0,0.0,1.0,0.0,1.0,0.0,5034.4,11374723.0
0.22831419035288816,0.0,0.0,-1.0,0.21679832668668242,-0.10895282229516656,0.01763722335089267,0.0,0.0,0.0,0.0,0.0,1.0,0.0,1.0,0.0,0.0,0.0,0.0,0.0,0.0,1.0,0.0,0.0,0.0,1.0,1.0,0.0,1.0,0.0,1880.0,4875216.0
0.09775391668943258,-1.0,-1.0,-1.0,0.09830466617111866,0.9432966467142949,0.33564660829542803,-1.0,-1.0,0.0,0.0,0.0,1.0,0.0,1.0,0.0,0.0,0.0,0.0,0.0,0.0,1.0,0.0,0.0,0.0,1.0,1.0,0.0,1.0,0.0,1980.7,4592055.0
1.0004157213953988,0.0,0.0,-1.0,0.7315293734878575,0.7278110317307074,0.6019848618327611,0.0,0.0,0.0,0.0,0.0,1.0,0.0,0.0,1.0,0.0,0.0,1.0,0.0,0.0,0.0,1.0,0.0,0.0,0.0,1.0,0.0,1.0,0.0,1388.1,5855422.0
0.07789431174353566,-1.0,0.0,0.0,0.0790587526782325,0.9002510137092101,-0.09620467089768246,-1.0,-1.0,0.0,0.0,0.0,1.0,1.0,0.0,0.0,0.0,0.0,0.0,0.0,0.0,1.0,0.0,0.0,0.0,1.0,1.0,0.0,1.0,0.0,1877.3,4273861.0
1.1622382439928258,0.0,-1.0,1.0,0.8136840930102958,0.903185943232284,1.5440930583772312,0.0,0.0,0.0,0.0,0.0,1.0,0.0,0.0,1.0,0.0,0.0,1.0,0.0,0.0,0.0,1.0,0.0,0.0,0.0,1.0,0.0,1.0,0.0,1228.2,5599241.0
0.03570452898765927,-1.0,0.0,0.0,0.03697278029737988,0.808804788569222,-0.12813505690296814,-1.0,-1.0,1.0,0.0,0.0,0.0,1.0,0.0,0.0,0.0,0.0,0.0,0.0,0.0,1.0,0.0,0.0,0.0,1.0,1.0,0.0,1.0,0.0,2094.2,4581691.0
-0.4080483662149159,0.0,0.0,-1.0,-0.5518222700412071,-0.7986097702259125,-0.4639794322288343,0.0,0.0,0.0,1.0,0.0,0.0,1.0,0.0,0.0,0.0,0.0,0.0,0.0,0.0,1.0,0.0,0.0,0.0,1.0,1.0,0.0,1.0,0.0,1957.1,2453812.0
-0.08825171336603653,-1.0,0.0,0.0,-0.09734456709528205,0.540130012228873,-0.22194854461444405,-1.0,-1.0,0.0,0.0,0.0,1.0,0.0,1.0,0.0,0.0,0.0,1.0,0.0,0.0,0.0,0.0,0.0,0.0,1.0,1.0,0.0,1.0,0.0,1924.2,3707741.0
1.7155515435141524,1.0,-1.0,1.0,1.0543914419961302,0.5204951620862026,2.1722371046906743,0.0,1.0,0.0,1.0,0.0,0.0,0.0,0.0,1.0,0.0,0.0,1.0,0.0,0.0,0.0,0.0,1.0,0.0,0.0,1.0,0.0,1.0,0.0,4162.6,23824641.0
-0.23021463101756706,-1.0,-1.0,-1.0,-0.2755603610024196,0.2324258222308037,-0.036676794735801224,-1.0,-1.0,0.0,1.0,0.0,0.0,1.0,0.0,0.0,0.0,0.0,0.0,1.0,0.0,0.0,0.0,0.0,0.0,1.0,1.0,0.0,1.0,0.0,2196.0,3575308.0
0.5568528702592914,0.0,0.0,-1.0,0.46686817405094294,0.24710046984617345,0.26628431707448613,0.0,0.0,0.0,0.0,0.0,1.0,0.0,1.0,0.0,0.0,0.0,0.0,0.0,1.0,0.0,1.0,0.0,0.0,0.0,1.0,0.0,1.0,0.0,1417.5,4656062.0
-0.4155075958237815,-1.0,-1.0,1.0,-0.565146776639613,-0.1691961125056319,-0.24702899983819057,-1.0,-1.0,0.0,0.0,1.0,0.0,0.0,0.0,1.0,0.0,0.0,0.0,1.0,0.0,0.0,0.0,0.0,0.0,1.0,1.0,0.0,1.0,0.0,1774.7,2197256.0
-0.682899597344134,-1.0,0.0,-1.0,-1.2059308019468824,-0.7487674583252881,-0.6719943906078638,-1.0,-1.0,0.0,0.0,0.0,1.0,1.0,0.0,0.0,0.0,0.0,0.0,0.0,0.0,1.0,0.0,0.0,1.0,0.0,1.0,0.0,1.0,0.0,2999.2,2025360.0
0.2390041690917082,0.0,0.0,-1.0,0.22593729685977218,-0.09736757417776938,0.025727692777907648,0.0,0.0,1.0,0.0,0.0,0.0,0.0,0.0,0.0,1.0,0.0,1.0,0.0,0.0,0.0,1.0,0.0,0.0,0.0,1.0,0.0,1.0,0.0,1851.3,4842445.0
1.019325106008956,1.0,0.0,1.0,0.7414650431021218,0.01747227049408941,0.6162960033081032,0.0,1.0,0.0,0.0,0.0,1.0,0.0,0.0,0.0,1.0,0.0,0.0,0.0,0.0,1.0,0.0,0.0,1.0,0.0,1.0,0.0,1.0,0.0,2725.6,11605877.0
-0.1616087230226507,-1.0,0.0,0.0,-0.1856847198144495,0.38112891806655075,-0.2774671437047157,-1.0,-1.0,0.0,1.0,0.0,0.0,0.0,1.0,0.0,0.0,0.0,0.0,0.0,0.0,1.0,0.0,0.0,0.0,1.0,1.0,0.0,1.0,0.0,2026.3,3591617.0
1.272273758477747,0.0,0.0,0.0,0.8661135694613115,1.0224367638540257,0.8077344887722262,0.0,0.0,0.0,0.0,0.0,1.0,1.0,0.0,0.0,0.0,0.0,0.0,0.0,0.0,1.0,0.0,0.0,0.0,1.0,1.0,0.0,1.0,0.0,1547.2,7411862.0
1.5915953011604569,1.0,0.0,1.0,1.0050262009118802,0.4309369033060866,1.0494057999676383,0.0,1.0,0.0,0.0,1.0,0.0,0.0,1.0,0.0,0.0,0.0,0.0,0.0,1.0,0.0,0.0,0.0,0.0,1.0,1.0,0.0,1.0,0.0,1542.5,8426060.0
-0.4313762753738521,-1.0,-1.0,-1.0,-0.5940638896859864,-0.20359142691639318,-0.2650437784290105,-1.0,-1.0,1.0,0.0,0.0,0.0,0.0,1.0,0.0,0.0,0.0,0.0,1.0,0.0,0.0,0.0,0.0,0.0,1.0,1.0,0.0,1.0,0.0,2542.5,3062950.0
-0.22337304462472218,0.0,-1.0,1.0,-0.26624719914905287,-0.5984681727489221,-0.028909944085866796,0.0,0.0,0.0,1.0,0.0,0.0,1.0,0.0,0.0,0.0,0.0,0.0,0.0,0.0,1.0,0.0,0.0,1.0,0.0,1.0,0.0,1.0,0.0,2379.6,3908493.0
0.6675535389768503,0.0,0.0,-1.0,0.5393719621031798,0.3670721503507754,0.3500656226964635,0.0,0.0,0.0,0.0,0.0,1.0,1.0,0.0,0.0,0.0,0.0,1.0,0.0,0.0,0.0,0.0,0.0,0.0,1.0,1.0,0.0,1.0,0.0,1789.3,6294221.0
0.8303262819066173,0.0,-1.0,0.0,0.6376978889779779,0.54347686168501,1.167292928929721,0.0,0.0,1.0,0.0,0.0,0.0,0.0,1.0,0.0,0.0,0.0,0.0,1.0,0.0,0.0,0.0,0.0,1.0,0.0,1.0,0.0,1.0,0.0,3055.2,11793989.0
0.056371821216044726,0.0,-1.0,-1.0,0.0577983895528561,-0.2952951020145459,0.2886679491558945,0.0,0.0,0.0,0.0,0.0,1.0,0.0,1.0,0.0,0.0,0.0,0.0,0.0,1.0,0.0,0.0,0.0,0.0,1.0,1.0,0.0,1.0,0.0,1950.9,4353043.0
0.07623142616194142,-1.0,-2.0,-1.0,0.07743125910822062,0.8966467142949087,1.5372431275956921,-1.0,-1.0,0.0,1.0,0.0,0.0,1.0,0.0,0.0,0.0,0.0,0.0,0.0,1.0,0.0,0.0,0.0,0.0,1.0,1.0,0.0,1.0,0.0,2127.1,4835111.0
-0.33768455060517133,-1.0,1.0,0.0,-0.4337564949605236,-0.0005148999163287636,-0.5367487100195968,-1.0,-1.0,1.0,0.0,0.0,0.0,0.0,0.0,0.0,1.0,0.0,0.0,0.0,1.0,0.0,0.0,0.0,1.0,0.0,1.0,0.0,1.0,0.0,3922.6,5499093.0
-0.04734472805881847,0.0,-2.0,-1.0,-0.051107379525619556,-0.4076977537491151,1.2566656478668128,0.0,0.0,0.0,0.0,0.0,1.0,1.0,0.0,0.0,0.0,0.0,1.0,0.0,0.0,0.0,0.0,0.0,0.0,1.0,1.0,0.0,1.0,0.0,1880.9,3786252.0
1.1070304426838973,1.0,0.0,0.0,0.7863667263740007,0.08083928686361565,0.6826738102515235,0.0,3.0,0.0,1.0,0.0,0.0,0.0,1.0,0.0,0.0,0.0,0.0,0.0,1.0,0.0,0.0,0.0,0.0,1.0,1.0,0.0,0.0,1.0,1908.7,8929781.0
-0.706655105652623,-1.0,-2.0,0.0,-1.2872133189599224,-0.8002574499581645,-0.24028694198234476,-1.0,-1.0,0.0,1.0,0.0,0.0,0.0,1.0,0.0,0.0,0.0,0.0,0.0,0.0,1.0,0.0,0.0,0.0,1.0,1.0,0.0,1.0,0.0,2052.0,1283116.0
-0.29996080341129083,1.0,0.0,0.0,-0.37549534770257065,-0.9357104546137179,-0.3821757969112385,0.0,1.0,0.0,0.0,0.0,1.0,1.0,0.0,0.0,0.0,0.0,0.0,0.0,1.0,0.0,0.0,0.0,1.0,0.0,1.0,0.0,1.0,0.0,2789.8,4132531.0
0.26233207825064464,0.0,-2.0,-1.0,0.24561069021208634,-0.0720859882860269,1.9597813775372612,0.0,0.0,0.0,0.0,0.0,1.0,0.0,1.0,0.0,0.0,0.0,0.0,0.0,0.0,1.0,0.0,0.0,1.0,0.0,1.0,0.0,1.0,0.0,2864.7,7633853.0
0.20617405660937643,0.0,0.0,-1.0,0.19761572939834143,-0.1329471583960869,0.0008809622264972435,0.0,1.5,0.0,1.0,0.0,0.0,0.0,0.0,1.0,0.0,0.0,1.0,0.0,0.0,0.0,0.0,0.0,0.0,1.0,0.0,1.0,1.0,0.0,2470.7,6291885.0
0.32295613545390855,0.0,0.0,-1.0,0.2950902192117399,-0.0063847589624767154,0.08926484601139868,0.0,0.0,1.0,0.0,0.0,0.0,1.0,0.0,0.0,0.0,0.0,0.0,0.0,1.0,0.0,0.0,0.0,0.0,1.0,1.0,0.0,1.0,0.0,2230.1,6227331.0
-0.32756470406575505,-1.0,0.0,1.0,-0.4178097726293728,0.02141983651927652,-0.403067186853886,-1.0,-1.0,0.0,1.0,0.0,0.0,1.0,0.0,0.0,0.0,0.0,0.0,0.0,0.0,1.0,0.0,0.0,0.0,1.0,1.0,0.0,1.0,0.0,1830.1,2604598.0
-0.37279519188511817,-1.0,-1.0,-1.0,-0.49102428003232446,-0.07661710754972012,-0.19854011973894745,-1.0,-1.0,0.0,0.0,1.0,0.0,0.0,1.0,0.0,0.0,0.0,1.0,0.0,0.0,0.0,1.0,0.0,0.0,0.0,1.0,0.0,1.0,0.0,1543.2,2049370.0
-0.7419082799824208,-1.0,-1.0,-1.0,-1.4206609616878958,-0.876668597541353,-0.6175724995954764,-1.0,-1.0,0.0,0.0,0.0,1.0,0.0,0.0,1.0,0.0,0.0,0.0,0.0,0.0,1.0,0.0,0.0,0.0,1.0,1.0,0.0,1.0,0.0,2156.9,1188668.0
-0.5201743654309842,-1.0,1.0,1.0,-0.7723127379819107,-0.3960610156400851,-0.6403336869168118,-1.0,-1.0,0.0,0.0,1.0,0.0,0.0,1.0,0.0,0.0,0.0,1.0,0.0,0.0,0.0,0.0,0.0,0.0,1.0,1.0,0.0,1.0,0.0,1587.3,1615554.0
-0.6137710681664309,-1.0,0.0,-1.0,-0.9997168075206079,-0.5989315826736179,-0.6196760216465004,-1.0,-1.0,1.0,0.0,0.0,0.0,0.0,0.0,1.0,0.0,0.0,0.0,0.0,0.0,1.0,0.0,0.0,0.0,1.0,1.0,0.0,1.0,0.0,2702.0,2217802.0
-0.06216816524331564,-1.0,-2.0,1.0,-0.06762988029806549,0.5966660230417711,1.2230092950504305,-1.0,-1.0,0.0,0.0,0.0,1.0,0.0,0.0,1.0,0.0,0.0,1.0,0.0,0.0,0.0,0.0,0.0,0.0,1.0,1.0,0.0,1.0,0.0,1792.9,3553169.0
-0.33184069556128304,-1.0,0.0,0.0,-0.4245185312687967,0.012151638025358773,-0.40630337462469196,-1.0,-1.0,0.0,0.0,1.0,0.0,1.0,0.0,0.0,0.0,0.0,0.0,0.0,1.0,0.0,0.0,0.0,0.0,1.0,1.0,0.0,1.0,0.0,1836.6,2597320.0
0.36519342922640213,1.0,-1.0,-1.0,0.3282447305153794,-0.45513719937353847,0.6392549576598767,0.0,1.0,0.0,0.0,1.0,0.0,0.0,0.0,1.0,0.0,0.0,0.0,1.0,0.0,0.0,0.0,0.0,1.0,0.0,1.0,0.0,1.0,0.0,2892.6,8334448.0
1.296789443052108,1.0,-2.0,0.0,0.8774491808008597,0.21793997125142145,4.308498588662555,0.0,1.0,1.0,0.0,0.0,0.0,1.0,0.0,0.0,0.0,0.0,0.0,0.0,0.0,1.0,0.0,0.0,0.0,1.0,1.0,0.0,1.0,0.0,2146.3,10392599.0
-0.47176063949828345,0.0,-1.0,0.0,-0.6714303425796279,-0.8676578490055996,-0.31088977184876204,0.0,0.0,0.0,1.0,0.0,0.0,1.0,0.0,0.0,0.0,0.0,0.0,1.0,0.0,0.0,0.0,0.0,1.0,0.0,1.0,0.0,1.0,0.0,2888.3,3234030.0
-0.1316767825539545,0.0,-1.0,0.0,-0.14874426620848746,-0.49909248889747065,0.07518742920839255,0.0,0.0,0.0,0.0,0.0,1.0,0.0,0.0,1.0,0.0,0.0,1.0,0.0,0.0,0.0,0.0,0.0,1.0,0.0,1.0,0.0,1.0,0.0,2770.5,5085253.0
1.2752669525246167,0.0,0.0,0.0,0.8675040934577577,1.025680633326897,0.8099998202117905,0.0,0.0,1.0,0.0,0.0,0.0,0.0,1.0,0.0,0.0,0.0,0.0,1.0,0.0,0.0,0.0,0.0,1.0,0.0,1.0,0.0,1.0,0.0,2991.4,14349148.0
0.8763644570084689,0.0,-1.0,0.0,0.6639274973873144,0.593370663577267,1.2195573614282373,0.0,0.0,0.0,1.0,0.0,0.0,0.0,0.0,1.0,0.0,0.0,0.0,1.0,0.0,0.0,1.0,0.0,0.0,0.0,1.0,0.0,1.0,0.0,1380.2,5461727.0
-0.35241296575643455,0.0,0.0,-1.0,-0.45740332115062515,-0.7383149900238142,-0.4218730335664586,0.0,0.0,0.0,0.0,1.0,0.0,0.0,1.0,0.0,0.0,0.0,1.0,0.0,0.0,0.0,1.0,0.0,0.0,0.0,1.0,0.0,1.0,0.0,1332.2,1826313.0
0.43104369825753364,0.0,-2.0,-1.0,0.3779474710606343,0.110754972002317,2.342838136674997,0.0,0.0,0.0,1.0,0.0,0.0,1.0,0.0,0.0,0.0,0.0,1.0,0.0,0.0,0.0,0.0,0.0,0.0,1.0,1.0,0.0,1.0,0.0,2042.5,6168146.0
-0.07157534653347727,-1.0,-1.0,0.0,-0.0782507125302713,0.5762759863551521,0.14341705470955218,-1.0,-1.0,0.0,0.0,0.0,1.0,0.0,0.0,1.0,0.0,0.0,1.0,0.0,0.0,0.0,0.0,0.0,0.0,1.0,1.0,0.0,1.0,0.0,2039.5,4001499.0
0.0850684752526993,0.0,0.0,-1.0,0.08605167333435129,-0.2641951470682888,-0.090775066971108,0.0,1.5,0.0,1.0,0.0,0.0,0.0,0.0,1.0,0.0,0.0,0.0,1.0,0.0,0.0,0.0,0.0,1.0,0.0,0.0,1.0,1.0,0.0,3507.8,8038825.0
0.41930847715313996,0.0,-1.0,0.0,0.3692591283127174,0.0980369440689964,0.7006885888423436,0.0,2.0,0.0,0.0,0.0,1.0,1.0,0.0,0.0,0.0,1.0,0.0,0.0,0.0,0.0,0.0,1.0,0.0,0.0,1.0,0.0,0.0,1.0,3701.9,11537931.0
-0.7320734995427063,-1.0,0.0,1.0,-1.3817089189667586,-0.8553517410053423,-0.7092105499721327,-1.0,-1.0,1.0,0.0,0.0,0.0,0.0,0.0,0.0,1.0,0.0,0.0,1.0,0.0,0.0,0.0,0.0,0.0,1.0,1.0,0.0,1.0,0.0,2292.1,1310623.0
-0.39422266037937526,-1.0,-1.0,1.0,-0.5275603364627814,-0.1230610800025745,-0.2228654644828391,-1.0,-1.0,0.0,1.0,0.0,0.0,0.0,1.0,0.0,0.0,0.0,1.0,0.0,0.0,0.0,1.0,0.0,0.0,0.0,1.0,0.0,1.0,0.0,1377.1,1766682.0
-0.26665558076278917,-1.0,0.0,-1.0,-0.3265958613397462,0.15344017506597155,-0.3569694899408496,-1.0,-1.0,1.0,0.0,0.0,0.0,0.0,0.0,0.0,1.0,0.0,1.0,0.0,0.0,0.0,0.0,0.0,1.0,0.0,1.0,0.0,1.0,0.0,3733.0,5791376.0
-0.18878502452756216,-1.0,-1.0,0.0,-0.22037910278864992,0.3222243676385401,0.010355800866579194,-1.0,-1.0,0.0,0.0,0.0,1.0,1.0,0.0,0.0,0.0,0.0,0.0,0.0,0.0,1.0,0.0,0.0,1.0,0.0,1.0,0.0,1.0,0.0,2802.6,4807300.0
0.0982765378722193,-1.0,0.0,1.0,0.09880644098015164,0.9444294265302181,-0.0807788425235073,-1.0,-1.0,0.0,0.0,0.0,1.0,0.0,1.0,0.0,0.0,0.0,1.0,0.0,0.0,0.0,0.0,0.0,0.0,1.0,1.0,0.0,1.0,0.0,1859.0,4311950.0
1.1718354693494557,0.0,-2.0,0.0,0.8183617746698325,0.9135869215421254,4.0247927940885635,0.0,0.0,0.0,1.0,0.0,0.0,1.0,0.0,0.0,0.0,0.0,0.0,0.0,0.0,1.0,0.0,0.0,0.0,1.0,1.0,0.0,1.0,0.0,1745.5,7992819.0
0.20446366001116525,1.0,-1.0,0.0,0.19611924195542146,-0.571264293836219,0.45678790384926554,0.0,1.0,1.0,0.0,0.0,0.0,0.0,1.0,0.0,0.0,0.0,1.0,0.0,0.0,0.0,0.0,0.0,1.0,0.0,1.0,0.0,1.0,0.0,3359.0,8541937.0
1.1812901616562341,0.0,1.0,1.0,0.8229498561957658,0.9238334298770675,0.32545261681738913,0.0,0.0,0.0,0.0,1.0,0.0,1.0,0.0,0.0,0.0,0.0,0.0,0.0,0.0,1.0,0.0,0.0,0.0,1.0,1.0,0.0,1.0,0.0,1450.5,6670850.0
1.2363079188986947,1.0,-2.0,-1.0,0.8492607471763745,0.17424213168565364,4.171176354254688,0.0,1.0,0.0,0.0,0.0,1.0,1.0,0.0,0.0,0.0,0.0,1.0,0.0,0.0,0.0,0.0,0.0,0.0,1.0,1.0,0.0,1.0,0.0,2076.5,9790282.0
1.2828687151833333,1.0,-1.0,-1.0,0.8710273922646478,0.20788225955246606,1.6810377375451717,0.0,1.0,1.0,0.0,0.0,0.0,0.0,0.0,1.0,0.0,0.0,1.0,0.0,0.0,0.0,1.0,0.0,0.0,0.0,1.0,0.0,1.0,0.0,1884.5,9069722.0
-0.7007162285755008,-1.0,-1.0,-1.0,-1.2662999464822882,-0.7873849520499454,-0.5708095863073299,-1.0,-1.0,0.0,0.0,1.0,0.0,0.0,0.0,1.0,0.0,1.0,0.0,0.0,0.0,0.0,1.0,0.0,0.0,0.0,1.0,0.0,1.0,0.0,1493.8,952746.0
0.3526980318561368,0.0,-2.0,-1.0,0.31854409199408973,0.02584797579970384,2.1649556822063607,0.0,1.5,0.0,1.0,0.0,0.0,0.0,1.0,0.0,0.0,0.0,0.0,0.0,0.0,1.0,0.0,0.0,0.0,1.0,0.0,1.0,1.0,0.0,2257.3,6444592.0
0.7188179259065697,0.0,0.0,1.0,0.5713357892528292,0.422629851322649,0.3888639183042376,0.0,0.0,0.0,1.0,0.0,0.0,0.0,1.0,0.0,0.0,0.0,1.0,0.0,0.0,0.0,1.0,0.0,0.0,0.0,1.0,0.0,1.0,0.0,1219.4,4421057.0
0.7880414771175068,0.0,-1.0,0.0,0.6130201669251062,0.49765076913175,1.1192894769960986,0.0,0.0,0.0,0.0,0.0,1.0,0.0,0.0,1.0,0.0,0.0,1.0,0.0,0.0,0.0,0.0,0.0,0.0,1.0,1.0,0.0,1.0,0.0,1715.4,6469288.0
0.46121319380931475,0.0,0.0,0.0,0.3999618865498063,0.1434511166891935,0.19390158393412557,0.0,2.0,0.0,1.0,0.0,0.0,0.0,1.0,0.0,0.0,0.0,1.0,0.0,0.0,0.0,0.0,1.0,0.0,0.0,1.0,0.0,0.0,1.0,4272.8,13624752.0
1.8817925906569586,1.0,-1.0,0.0,1.1171762490509527,0.6406041492351587,2.36096078819151,0.0,3.0,0.0,0.0,1.0,0.0,0.0,1.0,0.0,0.0,0.0,1.0,0.0,0.0,0.0,0.0,0.0,0.0,1.0,1.0,0.0,0.0,1.0,1797.8,11368759.0
-0.5094368756755471,-1.0,0.0,-1.0,-0.7490938583874127,-0.37278753942202486,-0.5407130400388341,-1.0,-1.0,1.0,0.0,0.0,0.0,1.0,0.0,0.0,0.0,0.0,0.0,0.0,0.0,1.0,0.0,1.0,0.0,0.0,1.0,0.0,1.0,0.0,5429.3,5648644.0
-0.17039826109679163,-1.0,0.0,-1.0,-0.19678184199897816,0.36207762116238645,-0.284119307455817,-1.0,-1.0,0.0,0.0,1.0,0.0,0.0,0.0,1.0,0.0,0.0,1.0,0.0,0.0,0.0,1.0,0.0,0.0,0.0,1.0,0.0,1.0,0.0,1448.1,2539967.0
0.852656459716597,0.0,0.0,1.0,0.650501405798631,0.5676771577524619,0.4901565955304652,0.0,1.5,0.0,0.0,0.0,1.0,0.0,0.0,0.0,1.0,0.0,1.0,0.0,0.0,0.0,0.0,0.0,0.0,1.0,0.0,1.0,1.0,0.0,2043.6,7984958.0
-0.5387036619116056,0.0,0.0,-1.0,-0.8136192609038062,-0.9402072472163224,-0.5628629474479063,0.0,0.0,0.0,1.0,0.0,0.0,0.0,0.0,1.0,0.0,0.0,1.0,0.0,0.0,0.0,0.0,0.0,0.0,1.0,1.0,0.0,1.0,0.0,2198.2,2151598.0
0.5329073178843347,1.0,0.0,0.0,0.45050943722203407,-0.333964085730836,0.24816166555797287,0.0,1.0,0.0,0.0,0.0,1.0,1.0,0.0,0.0,0.0,0.0,1.0,0.0,0.0,0.0,0.0,0.0,1.0,0.0,1.0,0.0,1.0,0.0,2620.4,8475160.0
1.227375847774703,0.0,-1.0,1.0,0.8450334344468702,0.9737787217609576,1.6180399489401485,0.0,0.0,0.0,0.0,1.0,0.0,1.0,0.0,0.0,0.0,0.0,1.0,0.0,0.0,0.0,0.0,0.0,0.0,1.0,1.0,0.0,1.0,0.0,1428.3,6707297.0
-0.19424879143851465,-1.0,-1.0,-1.0,-0.2274938338597191,0.3103816695629786,0.004153107639201045,-1.0,-1.0,0.0,1.0,0.0,0.0,1.0,0.0,0.0,0.0,0.0,0.0,0.0,0.0,1.0,0.0,0.0,1.0,0.0,1.0,0.0,1.0,0.0,3090.7,5265935.0
1.0041690917081398,1.0,1.0,-1.0,0.7335089633143544,0.006522065606830927,0.2249150500710163,0.0,1.0,0.0,0.0,0.0,1.0,0.0,0.0,1.0,0.0,0.0,1.0,0.0,0.0,0.0,0.0,0.0,1.0,0.0,1.0,0.0,1.0,0.0,3179.8,13438471.0
1.0740102861350975,0.0,-1.0,-1.0,0.7696845230501949,0.8075690287700327,1.443933046870786,0.0,0.0,0.0,0.0,0.0,1.0,0.0,0.0,0.0,1.0,0.0,0.0,0.0,0.0,1.0,0.0,1.0,0.0,0.0,1.0,0.0,1.0,0.0,4585.4,20052871.0
-0.11224477675761045,1.0,1.0,0.0,-0.12543463288778325,-0.8000858166527215,-0.4087844519156433,0.0,1.0,0.0,1.0,0.0,0.0,1.0,0.0,0.0,0.0,0.0,1.0,0.0,0.0,0.0,0.0,0.0,0.0,1.0,1.0,0.0,1.0,0.0,1896.8,3559156.0
0.9988003468304213,0.0,0.0,0.0,0.730676256995038,0.7260603720151892,0.6007623020082341,0.0,0.0,0.0,1.0,0.0,0.0,1.0,0.0,0.0,0.0,0.0,0.0,1.0,0.0,0.0,0.0,0.0,0.0,1.0,1.0,0.0,1.0,0.0,1806.8,7615481.0
-0.2037985057785272,0.0,2.0,-1.0,-0.24004517956725163,-0.577254296196177,-0.5515650563636035,0.0,0.0,0.0,1.0,0.0,0.0,0.0,1.0,0.0,0.0,0.0,0.0,0.0,0.0,1.0,0.0,0.0,1.0,0.0,1.0,0.0,1.0,0.0,3017.4,5080396.0
0.10421541494934154,-1.0,2.0,-1.0,0.1044917767793005,0.9573019244384372,-0.4116970209093687,-1.0,-1.0,0.0,0.0,0.0,1.0,1.0,0.0,0.0,0.0,0.0,0.0,1.0,0.0,0.0,0.0,0.0,0.0,1.0,1.0,0.0,1.0,0.0,2041.6,4761011.0
-0.6420876340701498,-1.0,-1.0,-1.0,-1.0793915995884047,-0.6603076527000065,-0.50425199115442,-1.0,-1.0,0.0,0.0,0.0,1.0,1.0,0.0,0.0,0.0,0.0,0.0,0.0,0.0,1.0,0.0,0.0,1.0,0.0,1.0,0.0,1.0,0.0,2949.6,2245236.0
0.3308429642123269,1.0,0.0,0.0,0.3013604353927417,-0.4799553753405849,0.09523381456644081,0.0,1.0,0.0,1.0,0.0,0.0,1.0,0.0,0.0,0.0,0.0,1.0,0.0,0.0,0.0,0.0,0.0,0.0,1.0,1.0,0.0,1.0,0.0,1870.7,5254796.0
0.5317195424689102,0.0,0.0,1.0,0.44969137170583345,0.21986226427238206,0.2472627245105266,0.0,0.0,1.0,0.0,0.0,0.0,0.0,1.0,0.0,0.0,1.0,0.0,0.0,0.0,0.0,0.0,0.0,1.0,0.0,1.0,0.0,1.0,0.0,2832.6,9154397.0
1.086315639438895,0.0,2.0,-1.0,0.7759321246572523,0.8209049366029479,0.03427122849283554,0.0,0.0,1.0,0.0,0.0,0.0,1.0,0.0,0.0,0.0,0.0,1.0,0.0,0.0,0.0,0.0,0.0,1.0,0.0,1.0,0.0,1.0,0.0,3563.3,15675313.0
1.0325331686284758,0.0,-1.0,1.0,0.7483501108979175,0.7626182660745315,1.3968465148055587,0.0,0.0,0.0,1.0,0.0,0.0,0.0,1.0,0.0,0.0,0.0,0.0,1.0,0.0,0.0,0.0,0.0,0.0,1.0,1.0,0.0,1.0,0.0,1810.1,7757908.0
0.025014550248839206,0.0,-2.0,0.0,0.026037925203370157,-0.32927849649224433,1.4209561136980637,0.0,0.0,0.0,0.0,0.0,1.0,0.0,1.0,0.0,0.0,0.0,0.0,1.0,0.0,0.0,0.0,0.0,1.0,0.0,1.0,0.0,1.0,0.0,2690.6,5825956.0
-0.009763513914788862,-1.0,-1.0,1.0,-0.010339352610989932,0.7102529445838963,0.21358839287319537,-1.0,-1.0,1.0,0.0,0.0,0.0,0.0,1.0,0.0,0.0,0.0,1.0,0.0,0.0,0.0,0.0,1.0,0.0,0.0,1.0,0.0,1.0,0.0,4428.7,9265283.0
0.7254219572163296,1.0,-1.0,-1.0,0.5753841478547717,-0.19487245499989275,1.0482012189640604,0.0,1.0,0.0,0.0,0.0,1.0,0.0,1.0,0.0,0.0,0.0,1.0,0.0,0.0,0.0,0.0,1.0,0.0,0.0,1.0,0.0,1.0,0.0,4509.0,16410506.0
-0.3937950612298225,-1.0,-2.0,-1.0,-0.5268187634388334,-0.12213426015318286,0.4700562737095701,-1.0,-1.0,0.0,0.0,0.0,1.0,0.0,0.0,1.0,0.0,0.0,1.0,0.0,0.0,0.0,0.0,0.0,0.0,1.0,1.0,0.0,1.0,0.0,2251.7,2890732.0
0.5744319464075733,0.0,1.0,-1.0,0.4787186207535409,0.2661517667503377,-0.019012603153485193,0.0,0.0,0.0,0.0,0.0,1.0,0.0,0.0,1.0,0.0,0.0,0.0,1.0,0.0,0.0,0.0,0.0,0.0,1.0,1.0,0.0,1.0,0.0,1980.3,6577963.0
-0.7135917140787018,-1.0,0.0,-1.0,-1.3121751895808669,-0.8152925275149643,-0.6952230272738712,-1.0,-1.0,0.0,0.0,0.0,1.0,1.0,0.0,0.0,0.0,0.0,1.0,0.0,0.0,0.0,0.0,0.0,0.0,1.0,1.0,0.0,1.0,0.0,2109.6,1288333.0
-0.6618997279994296,-1.0,1.0,-1.0,-1.138933418076991,-0.7032503057218255,-0.7207799212527641,-1.0,-1.0,1.0,0.0,0.0,0.0,0.0,0.0,1.0,0.0,0.0,0.0,0.0,0.0,1.0,1.0,0.0,0.0,0.0,1.0,0.0,1.0,0.0,2001.7,1440223.0
0.08188523713936185,0.0,1.0,-1.0,0.0829545556698491,-0.2676449765076914,-0.2985922583196993,0.0,1.5,0.0,0.0,0.0,1.0,0.0,0.0,1.0,0.0,0.0,1.0,0.0,0.0,0.0,1.0,0.0,0.0,0.0,0.0,1.0,1.0,0.0,1689.5,3860508.0
0.5169911273176471,1.0,0.0,0.0,0.4394944688714703,-0.3454635171955118,0.23611585552219494,0.0,1.0,0.0,1.0,0.0,0.0,0.0,0.0,1.0,0.0,0.0,0.0,0.0,0.0,1.0,0.0,0.0,1.0,0.0,1.0,0.0,1.0,0.0,3110.4,9955768.0
-0.2350132436958818,0.0,-1.0,-1.0,-0.2821417591361749,-0.6110832206989767,-0.04212437748332459,0.0,1.5,0.0,0.0,0.0,1.0,0.0,1.0,0.0,0.0,0.0,1.0,0.0,0.0,0.0,0.0,0.0,1.0,0.0,0.0,1.0,1.0,0.0,3510.8,5680474.0
-0.6828045753109,-1.0,2.0,0.0,-1.2056178906907968,-0.7485614983587566,-0.7690800237320435,-1.0,-1.0,0.0,1.0,0.0,0.0,1.0,0.0,0.0,0.0,0.0,1.0,0.0,0.0,0.0,0.0,0.0,0.0,1.0,1.0,0.0,1.0,0.0,1912.8,1292096.0
1.177204214227174,0.0,-1.0,0.0,0.8209695073794685,0.91940529059664,1.5610830441739627,0.0,0.0,0.0,0.0,0.0,1.0,0.0,1.0,0.0,0.0,0.0,1.0,0.0,0.0,0.0,0.0,0.0,0.0,1.0,1.0,0.0,1.0,0.0,1708.1,7840862.0
0.4241546008480718,1.0,0.0,0.0,0.3728556771966404,-0.41253781296260544,0.16585462325380712,0.0,1.0,0.0,0.0,1.0,0.0,0.0,0.0,1.0,0.0,0.0,0.0,0.0,0.0,1.0,0.0,0.0,0.0,1.0,1.0,0.0,1.0,0.0,1811.8,5445184.0
1.421553372688292,1.0,-2.0,0.0,0.933328317991896,0.3080817832700434,4.591772891533773,0.0,1.0,0.0,0.0,1.0,0.0,0.0,1.0,0.0,0.0,0.0,0.0,1.0,0.0,0.0,0.0,0.0,1.0,0.0,1.0,0.0,1.0,0.0,2563.6,13086409.0
-0.23909919112494188,-1.0,0.0,-1.0,-0.2877781670840806,0.21316856536010814,-0.33611405764009983,-1.0,-1.0,1.0,0.0,0.0,0.0,1.0,0.0,0.0,0.0,0.0,1.0,0.0,0.0,0.0,1.0,0.0,0.0,0.0,1.0,0.0,1.0,0.0,1672.5,2691722.0
1.8520031832381134,1.0,2.0,-1.0,1.106196054495077,0.6190813327326166,0.38196724258823095,0.0,1.0,0.0,1.0,0.0,0.0,0.0,0.0,1.0,0.0,0.0,1.0,0.0,0.0,0.0,0.0,0.0,0.0,1.0,1.0,0.0,1.0,0.0,2334.7,14033181.0
0.6840398617429418,1.0,1.0,0.0,0.549757030201475,-0.22477097680804958,0.043203106740260046,0.0,1.0,1.0,0.0,0.0,0.0,0.0,1.0,0.0,0.0,0.0,0.0,0.0,0.0,1.0,0.0,1.0,0.0,0.0,1.0,0.0,1.0,0.0,4967.4,17646192.0
0.5836015726146502,1.0,-1.0,0.0,0.48484780532257743,-0.2973375383493167,0.8872008773664622,0.0,3.0,0.0,0.0,1.0,0.0,0.0,1.0,0.0,0.0,0.0,0.0,1.0,0.0,0.0,0.0,0.0,0.0,1.0,1.0,0.0,0.0,1.0,1751.5,6301762.0
0.466962026819969,0.0,0.0,0.0,0.40410530685053264,0.1496814056767715,0.19825245860376473,0.0,0.0,0.0,1.0,0.0,0.0,0.0,0.0,0.0,1.0,0.0,1.0,0.0,0.0,0.0,0.0,0.0,0.0,1.0,1.0,0.0,1.0,0.0,2081.0,6441736.0
0.10340772766685301,0.0,0.0,-1.0,0.10372036325860441,-0.24432001029799832,-0.07689541719853996,0.0,2.0,0.0,0.0,1.0,0.0,0.0,1.0,0.0,0.0,0.0,0.0,0.0,0.0,1.0,0.0,1.0,0.0,0.0,1.0,0.0,0.0,1.0,4125.9,10064585.0
1.1280778230452186,0.0,-1.0,0.0,0.7968645178469329,0.866164639248246,1.5053127415904064,0.0,1.5,0.0,0.0,0.0,1.0,1.0,0.0,0.0,0.0,0.0,1.0,0.0,0.0,0.0,0.0,0.0,0.0,1.0,0.0,1.0,1.0,0.0,1963.3,8809327.0
-0.07333325414830548,-1.0,0.0,-1.0,-0.08024728843971947,0.5724657269743192,-0.210657845058521,-1.0,-1.0,0.0,0.0,0.0,1.0,0.0,1.0,0.0,0.0,0.0,1.0,0.0,0.0,0.0,0.0,0.0,0.0,1.0,1.0,0.0,1.0,0.0,2054.1,4022544.0
-0.04150087301493018,-1.0,-1.0,1.0,-0.04466394201091,0.6414623157623736,0.17755883569155537,-1.0,-1.0,0.0,0.0,0.0,1.0,0.0,0.0,1.0,0.0,0.0,1.0,0.0,0.0,0.0,0.0,0.0,1.0,0.0,1.0,0.0,1.0,0.0,2792.1,5654840.0
-0.13956361131237283,-1.0,-2.0,-1.0,-0.15835335382415391,0.4289116303018601,1.0472842990956654,-1.0,-1.0,0.0,0.0,0.0,1.0,0.0,0.0,0.0,1.0,0.0,1.0,0.0,0.0,0.0,0.0,1.0,0.0,0.0,1.0,0.0,1.0,0.0,5133.0,9336414.0
-0.07670653632811088,0.0,-1.0,1.0,-0.08408913727556404,-0.4395185685782327,0.13759191672210141,0.0,0.0,0.0,0.0,1.0,0.0,0.0,1.0,0.0,0.0,0.0,0.0,0.0,0.0,1.0,1.0,0.0,0.0,0.0,1.0,0.0,1.0,0.0,1156.9,2257343.0
-0.036607238303381466,-1.0,-1.0,0.0,-0.03929823686763222,0.652069254038746,0.18311429136477228,-1.0,-1.0,0.0,0.0,0.0,1.0,1.0,0.0,0.0,0.0,0.0,0.0,0.0,1.0,0.0,0.0,0.0,0.0,1.0,1.0,0.0,1.0,0.0,1789.0,3641688.0
0.7902744948985048,0.0,-1.0,-1.0,0.6143378653041257,0.5000707987384951,1.1218244907498967,0.0,0.0,1.0,0.0,0.0,0.0,0.0,0.0,1.0,0.0,0.0,0.0,1.0,0.0,0.0,0.0,0.0,0.0,1.0,1.0,0.0,1.0,0.0,2412.8,9110733.0
0.7113111852810873,1.0,-2.0,0.0,0.566715172136988,-0.20506747334320236,2.979180525341148,0.0,1.0,0.0,1.0,0.0,0.0,1.0,0.0,0.0,0.0,0.0,0.0,0.0,0.0,1.0,0.0,0.0,0.0,1.0,1.0,0.0,1.0,0.0,1987.8,7175560.0
-0.06031523559525345,-1.0,0.0,0.0,-0.06555040520878949,0.6006822423891356,-0.20080545117851167,-1.0,-1.0,0.0,0.0,0.0,1.0,1.0,0.0,0.0,0.0,0.0,0.0,0.0,1.0,0.0,0.0,1.0,0.0,0.0,1.0,0.0,1.0,0.0,3911.1,7766271.0
-0.14122649689396707,0.0,-1.0,-1.0,-0.16039055188543644,-0.5094419772156787,0.06434620017619254,0.0,0.0,1.0,0.0,0.0,0.0,0.0,0.0,1.0,0.0,0.0,0.0,0.0,0.0,1.0,0.0,0.0,1.0,0.0,1.0,0.0,1.0,0.0,3648.6,6623668.0
0.010618712213894769,-1.0,2.0,0.0,0.011131486444301812,0.7544313574049043,-0.4541989536326207,-1.0,-1.0,0.0,0.0,1.0,0.0,1.0,0.0,0.0,0.0,0.0,0.0,0.0,0.0,1.0,0.0,0.0,0.0,1.0,1.0,0.0,1.0,0.0,1678.2,3582957.0
0.037034837452934524,-1.0,0.0,0.0,0.03832569090490892,0.8116882281006628,-0.12712824292982866,-1.0,-1.0,1.0,0.0,0.0,0.0,1.0,0.0,0.0,0.0,1.0,0.0,0.0,0.0,0.0,0.0,1.0,0.0,0.0,1.0,0.0,1.0,0.0,4907.4,10750150.0
-0.47342352507987767,0.0,1.0,-1.0,-0.6747405293897876,-0.8694599987127503,-0.6137969471962028,0.0,0.0,0.0,0.0,1.0,0.0,0.0,1.0,0.0,0.0,1.0,0.0,0.0,0.0,0.0,1.0,0.0,0.0,0.0,1.0,0.0,1.0,0.0,1425.5,1591143.0
-0.7719352424843509,-1.0,1.0,-1.0,-1.5493156331057827,-0.9417519469653087,-0.7832383452293197,-1.0,-1.0,0.0,1.0,0.0,0.0,0.0,0.0,0.0,1.0,0.0,1.0,0.0,0.0,0.0,1.0,0.0,0.0,0.0,1.0,0.0,1.0,0.0,1809.4,882806.0
-0.3135489541637465,-1.0,-1.0,1.0,-0.39611344101755724,0.05179893158267357,-0.1312813505690296,-1.0,-1.0,0.0,0.0,0.0,1.0,0.0,0.0,1.0,0.0,0.0,0.0,1.0,0.0,0.0,0.0,0.0,1.0,0.0,1.0,0.0,1.0,0.0,2667.0,3874351.0
-0.08692140490076117,-1.0,0.0,-1.0,-0.09580870179224908,0.543013451760314,-0.22094173064130446,-1.0,-1.0,1.0,0.0,0.0,0.0,0.0,0.0,1.0,0.0,0.0,0.0,0.0,0.0,1.0,0.0,0.0,0.0,1.0,1.0,0.0,1.0,0.0,2558.6,4937330.0
-0.18973524485990173,-1.0,0.0,0.0,-0.22161301636675745,0.3201647679732251,-0.2987540677082396,-1.0,-1.0,1.0,0.0,0.0,0.0,1.0,0.0,0.0,0.0,0.0,0.0,0.0,1.0,0.0,0.0,0.0,0.0,1.0,1.0,0.0,1.0,0.0,2180.5,3735851.0
1.2651946170018176,0.0,1.0,-1.0,0.862817580902297,1.0147647551007275,0.37307851351108406,0.0,1.5,0.0,0.0,0.0,1.0,1.0,0.0,0.0,0.0,0.0,1.0,0.0,0.0,0.0,0.0,0.0,0.0,1.0,0.0,1.0,1.0,0.0,2163.6,10332488.0
0.0986566260051552,0.0,-1.0,0.0,0.09917121873734877,-0.24946900946128597,0.33667140108951665,0.0,0.0,0.0,0.0,0.0,1.0,0.0,0.0,0.0,1.0,0.0,1.0,0.0,0.0,0.0,0.0,0.0,1.0,0.0,1.0,0.0,1.0,0.0,2817.7,6537909.0
-0.176194605124063,-1.0,0.0,0.0,-0.20416413707159567,0.3495140632039646,-0.28850613976735395,-1.0,-1.0,0.0,1.0,0.0,0.0,0.0,0.0,1.0,0.0,0.0,0.0,0.0,1.0,0.0,0.0,0.0,0.0,1.0,1.0,0.0,1.0,0.0,2235.1,3893097.0
0.908957014407716,0.0,-1.0,0.0,0.6821112980536927,0.6286927978374204,1.2565577749411194,0.0,0.0,0.0,1.0,0.0,0.0,0.0,0.0,1.0,0.0,0.0,1.0,0.0,0.0,0.0,0.0,0.0,0.0,1.0,1.0,0.0,1.0,0.0,2151.1,8659898.0
-0.6982931667280348,-1.0,0.0,0.0,-1.257884597096708,-0.782132972903392,-0.6836446665827655,-1.0,1.0,0.0,0.0,0.0,1.0,0.0,1.0,0.0,0.0,0.0,0.0,0.0,0.0,1.0,0.0,1.0,0.0,0.0,1.0,0.0,0.0,1.0,4582.2,3395896.0
1.2318893943533158,0.0,-1.0,0.0,0.8471716870323616,0.9786702709660808,1.6231639129105913,0.0,0.0,0.0,1.0,0.0,0.0,0.0,1.0,0.0,0.0,0.0,0.0,0.0,0.0,1.0,0.0,0.0,0.0,1.0,1.0,0.0,1.0,0.0,1870.3,8800697.0
-0.22033233956123555,-1.0,-1.0,-1.0,-0.2621341791502765,0.25384565875008047,-0.025458010463673693,-1.0,-1.0,1.0,0.0,0.0,0.0,1.0,0.0,0.0,0.0,0.0,0.0,0.0,1.0,0.0,0.0,0.0,1.0,0.0,1.0,0.0,1.0,0.0,3596.6,5930434.0
0.26831846634438383,0.0,0.0,-1.0,0.2506008382408816,-0.06559824934028453,0.047913557828877656,0.0,0.0,1.0,0.0,0.0,0.0,0.0,0.0,0.0,1.0,0.0,0.0,0.0,0.0,1.0,1.0,0.0,0.0,0.0,1.0,0.0,1.0,0.0,1849.2,4951048.0
-0.4246772220308582,0.0,-1.0,0.0,-0.581759856109909,-0.8166312672974192,-0.2574387371676165,0.0,0.0,0.0,0.0,1.0,0.0,0.0,0.0,1.0,0.0,0.0,0.0,1.0,0.0,0.0,0.0,0.0,0.0,1.0,1.0,0.0,1.0,0.0,1897.5,2312673.0
-0.5147105985200316,0.0,0.0,0.0,-0.7604341716160254,-0.9142048014417199,-0.5447043382894949,0.0,0.0,0.0,1.0,0.0,0.0,0.0,0.0,1.0,0.0,0.0,0.0,1.0,0.0,0.0,0.0,0.0,0.0,1.0,1.0,0.0,1.0,0.0,2093.8,2155148.0
-0.5998978513142733,-1.0,0.0,0.0,-0.9627673786793187,-0.5688614275600181,-0.6091763902123298,-1.0,-1.0,0.0,1.0,0.0,0.0,0.0,0.0,1.0,0.0,0.0,1.0,0.0,0.0,0.0,0.0,0.0,0.0,1.0,1.0,0.0,1.0,0.0,2283.8,1941230.0
0.7436661875972493,1.0,-1.0,0.0,0.5864882771219322,-0.18169101714187644,1.0689128206972187,0.0,1.0,0.0,0.0,0.0,1.0,0.0,0.0,1.0,0.0,0.0,1.0,0.0,0.0,0.0,1.0,0.0,0.0,0.0,1.0,0.0,1.0,0.0,1467.7,5398054.0
-0.33193571759451707,0.0,1.0,-1.0,-0.4246680989123738,-0.7161228036300445,-0.5334855540173674,0.0,0.0,0.0,0.0,1.0,0.0,1.0,0.0,0.0,0.0,0.0,1.0,0.0,0.0,0.0,0.0,0.0,0.0,1.0,1.0,0.0,1.0,0.0,1764.2,2494579.0
-0.3353565107909395,-1.0,0.0,-1.0,-0.43006666113326747,0.004531119263692979,-0.4089642401251325,-1.0,-1.0,0.0,1.0,0.0,0.0,0.0,1.0,0.0,0.0,0.0,1.0,0.0,0.0,0.0,1.0,0.0,0.0,0.0,1.0,0.0,1.0,0.0,1576.5,2217820.0
0.8057155752990226,0.0,1.0,0.0,0.6234049847562915,0.51680504601918,0.11226874741554453,0.0,1.5,0.0,0.0,0.0,1.0,1.0,0.0,0.0,0.0,0.0,0.0,0.0,0.0,1.0,1.0,0.0,0.0,0.0,0.0,1.0,1.0,0.0,1357.1,5168515.0
0.017032699457186808,-1.0,-2.0,-1.0,0.01779891678984335,0.7683336551457809,1.4028334621815501,-1.0,-1.0,0.0,0.0,0.0,1.0,1.0,0.0,0.0,0.0,0.0,0.0,0.0,0.0,1.0,0.0,0.0,0.0,1.0,1.0,0.0,1.0,0.0,1938.0,4163793.0
-0.7798695822593862,-1.0,-1.0,0.0,-1.5860960281139933,-0.9589496041706894,-0.6606677334100428,-1.0,-1.0,0.0,0.0,0.0,1.0,0.0,1.0,0.0,0.0,0.0,0.0,0.0,1.0,0.0,0.0,0.0,0.0,1.0,1.0,0.0,1.0,0.0,2067.2,974065.0
0.015227280825741554,0.0,0.0,0.0,0.01592640267240588,-0.33988543476861705,-0.14363280056093916,0.0,0.0,0.0,1.0,0.0,0.0,0.0,0.0,1.0,0.0,0.0,0.0,1.0,0.0,0.0,0.0,1.0,0.0,0.0,1.0,0.0,1.0,0.0,4549.9,9758171.0
0.7284626622798163,1.0,-1.0,0.0,0.5772429461223708,-0.1926755486902235,1.0516531525862534,0.0,1.0,1.0,0.0,0.0,0.0,0.0,0.0,0.0,1.0,0.0,1.0,0.0,0.0,0.0,0.0,0.0,1.0,0.0,1.0,0.0,1.0,0.0,3576.2,13038468.0
-0.26565784941383264,0.0,-1.0,0.0,-0.3251652657974273,-0.644294265302182,-0.07691339601948899,0.0,0.0,0.0,0.0,0.0,1.0,0.0,1.0,0.0,0.0,0.0,0.0,1.0,0.0,0.0,0.0,0.0,0.0,1.0,1.0,0.0,1.0,0.0,1759.5,2733383.0
-0.223658110724424,0.0,2.0,0.0,-0.2666336156067436,-0.5987771126987192,-0.560583232951583,0.0,0.0,0.0,0.0,0.0,1.0,0.0,0.0,1.0,0.0,0.0,0.0,0.0,0.0,1.0,0.0,0.0,0.0,1.0,1.0,0.0,1.0,0.0,1855.8,3047038.0
0.1758145169911274,0.0,0.0,-1.0,0.17073328360460266,-0.16584926304949493,-0.02209597094622536,0.0,0.0,0.0,1.0,0.0,0.0,0.0,0.0,1.0,0.0,0.0,1.0,0.0,0.0,0.0,0.0,1.0,0.0,0.0,1.0,0.0,1.0,0.0,5073.7,12596475.0
-0.2533524961100353,-1.0,-1.0,0.0,-0.30767844999028066,0.1822745703803823,-0.06294385214217642,-1.0,-1.0,1.0,0.0,0.0,0.0,1.0,0.0,0.0,0.0,0.0,0.0,1.0,0.0,0.0,0.0,0.0,0.0,1.0,1.0,0.0,1.0,0.0,2180.8,3444356.0
-0.23259018184841596,-1.0,-1.0,1.0,-0.2788133632575973,0.22727682306751607,-0.03937361787813955,-1.0,-1.0,0.0,1.0,0.0,0.0,0.0,1.0,0.0,0.0,1.0,0.0,0.0,0.0,0.0,0.0,0.0,1.0,0.0,1.0,0.0,1.0,0.0,2826.4,4587530.0
0.11466783860507672,-1.0,0.0,0.0,0.11442437910011329,0.9799575207569028,-0.06837345606875099,-1.0,-1.0,1.0,0.0,0.0,0.0,0.0,1.0,0.0,0.0,0.0,0.0,0.0,0.0,1.0,0.0,0.0,0.0,1.0,1.0,0.0,1.0,0.0,2124.2,5000367.0
1.265954793267689,0.0,-1.0,0.0,0.8631720049388897,1.015588594966853,1.6618363567717227,0.0,0.0,0.0,1.0,0.0,0.0,0.0,0.0,1.0,0.0,0.0,1.0,0.0,0.0,0.0,0.0,0.0,0.0,1.0,1.0,0.0,1.0,0.0,1931.5,9227162.0
-0.37464812153318033,0.0,-1.0,0.0,-0.4941343661827887,-0.7624123061080004,-0.2006436417899714,0.0,0.0,0.0,0.0,0.0,1.0,0.0,0.0,1.0,0.0,0.0,0.0,0.0,1.0,0.0,0.0,0.0,0.0,1.0,1.0,0.0,1.0,0.0,1860.8,2463885.0
-0.12407501989523803,-1.0,2.0,0.0,-0.1395643475635202,0.46248310484649535,-0.5153629025008539,-1.0,-1.0,0.0,0.0,0.0,1.0,0.0,0.0,1.0,0.0,0.0,0.0,1.0,0.0,0.0,0.0,0.0,0.0,1.0,1.0,0.0,1.0,0.0,2056.4,3807425.0
-0.49470846052428386,-1.0,-1.0,0.0,-0.718051570621395,-0.34086374460964153,-0.33694108340375023,-1.0,-1.0,0.0,1.0,0.0,0.0,0.0,0.0,0.0,1.0,0.0,0.0,0.0,0.0,1.0,0.0,0.0,0.0,1.0,1.0,0.0,1.0,0.0,2308.6,2473434.0
-0.7791094059935145,-1.0,-2.0,0.0,-1.5825162670333481,-0.9573019244384374,-0.40479315366498253,-1.0,-1.0,0.0,0.0,0.0,1.0,0.0,1.0,0.0,0.0,0.0,1.0,0.0,0.0,0.0,0.0,1.0,0.0,0.0,1.0,0.0,1.0,0.0,4112.5,1944390.0
1.7934220997493793,1.0,0.0,-1.0,1.084265339578483,0.5767565596103921,1.2021538627496806,0.0,3.0,0.0,1.0,0.0,0.0,0.0,1.0,0.0,0.0,0.0,1.0,0.0,0.0,0.0,0.0,0.0,1.0,0.0,1.0,0.0,0.0,1.0,3148.2,18984713.0
1.1210461925859059,0.0,-1.0,-1.0,0.793368925967709,0.8585441204865802,1.4973301450890848,0.0,0.0,0.0,1.0,0.0,0.0,0.0,1.0,0.0,0.0,0.0,1.0,0.0,0.0,0.0,0.0,0.0,0.0,1.0,1.0,0.0,1.0,0.0,2020.0,9033844.0
-0.14574004347258,-1.0,-1.0,-1.0,-0.1659399398528367,0.41552423247731224,0.05922223620574972,-1.0,-1.0,1.0,0.0,0.0,0.0,1.0,0.0,0.0,0.0,0.0,0.0,0.0,0.0,1.0,0.0,0.0,0.0,1.0,1.0,0.0,1.0,0.0,2222.8,4014155.0
-0.4367925312681876,0.0,1.0,0.0,-0.6041174909714259,-0.8297612151638026,-0.5930044407687742,0.0,0.0,1.0,0.0,0.0,0.0,0.0,0.0,1.0,0.0,0.0,1.0,0.0,0.0,0.0,0.0,0.0,0.0,1.0,1.0,0.0,1.0,0.0,2256.1,2692204.0
0.09851409295530418,0.0,0.0,-1.0,0.09903444181274149,-0.24962347943618468,-0.08059905431401798,0.0,0.0,0.0,0.0,1.0,0.0,0.0,1.0,0.0,0.0,1.0,0.0,0.0,0.0,0.0,0.0,0.0,0.0,1.0,1.0,0.0,1.0,0.0,1895.0,4396400.0
0.12773336817474568,-1.0,0.0,1.0,0.1267104532047605,1.0082770161549848,-0.05848510454684372,-1.0,-1.0,0.0,0.0,1.0,0.0,0.0,1.0,0.0,0.0,0.0,0.0,0.0,1.0,0.0,0.0,0.0,0.0,1.0,1.0,0.0,1.0,0.0,1762.6,4197632.0
0.007720540200259151,0.0,1.0,1.0,0.008104961608670903,-0.3480208534466114,-0.3406896675716005,0.0,0.0,0.0,0.0,0.0,1.0,0.0,1.0,0.0,0.0,0.0,0.0,0.0,1.0,0.0,0.0,0.0,1.0,0.0,1.0,0.0,1.0,0.0,2324.3,4948202.0
-0.4995545842192156,-1.0,-1.0,1.0,-0.7281653099011108,-0.3513677029027483,-0.34244260261412046,-1.0,-1.0,0.0,1.0,0.0,0.0,0.0,0.0,0.0,1.0,0.0,0.0,0.0,0.0,1.0,0.0,0.0,0.0,1.0,1.0,0.0,1.0,0.0,2188.3,2322224.0
0.7279400410970296,0.0,0.0,-1.0,0.5769236974338923,0.43251592971616143,0.3957677855486238,0.0,0.0,1.0,0.0,0.0,0.0,0.0,1.0,0.0,0.0,0.0,0.0,0.0,0.0,1.0,0.0,0.0,1.0,0.0,1.0,0.0,1.0,0.0,3252.1,11853254.0
1.0482593151286956,0.0,1.0,1.0,0.7564898064139679,0.7796614533050138,0.24994156883191604,0.0,0.0,0.0,1.0,0.0,0.0,0.0,0.0,1.0,0.0,0.0,0.0,0.0,0.0,1.0,1.0,0.0,0.0,0.0,1.0,0.0,1.0,0.0,1332.8,5756363.0
-0.4867741207492486,-1.0,2.0,1.0,-0.701698675379865,-0.323666087404261,-0.68006328544974,-1.0,-1.0,0.0,1.0,0.0,0.0,0.0,1.0,0.0,0.0,0.0,1.0,0.0,0.0,0.0,0.0,0.0,1.0,0.0,1.0,0.0,1.0,0.0,2741.0,2982482.0
-0.6627074152819183,-1.0,-1.0,-1.0,-1.1414333177493743,-0.7050009654373433,-0.5276604160299166,-1.0,-1.0,0.0,0.0,0.0,1.0,1.0,0.0,0.0,0.0,0.0,1.0,0.0,0.0,0.0,0.0,0.0,0.0,1.0,1.0,0.0,1.0,0.0,2010.0,1442778.0
-0.2927391288855101,-1.0,1.0,-1.0,-0.3646987971973283,0.09690416425307322,-0.5112367630930763,-1.0,-1.0,1.0,0.0,0.0,0.0,0.0,1.0,0.0,0.0,0.0,0.0,1.0,0.0,0.0,0.0,0.0,0.0,1.0,1.0,0.0,1.0,0.0,2599.2,3889703.0
0.05793968476440487,-1.0,-2.0,-1.0,0.059361664457967894,0.8569994207375939,1.495712051203682,-1.0,-1.0,0.0,1.0,0.0,0.0,1.0,0.0,0.0,0.0,0.0,0.0,0.0,0.0,1.0,0.0,0.0,1.0,0.0,1.0,0.0,1.0,0.0,3138.4,7013069.0
-0.7380598876364455,-1.0,0.0,0.0,-1.4052476649172883,-0.868327218896827,-0.7137412128512611,-1.0,-1.0,0.0,0.0,1.0,0.0,0.0,0.0,0.0,1.0,0.0,0.0,0.0,0.0,1.0,0.0,0.0,0.0,1.0,1.0,0.0,1.0,0.0,2160.8,1208319.0
0.7322160325925576,0.0,1.0,-1.0,0.5795329069695997,0.4371500289631203,0.07054889340357068,0.0,0.0,0.0,0.0,0.0,1.0,0.0,0.0,1.0,0.0,1.0,0.0,0.0,0.0,0.0,1.0,0.0,0.0,0.0,1.0,0.0,1.0,0.0,1517.5,5544642.0
0.6599517763181338,0.0,-2.0,-1.0,0.5345489116932858,0.35883375168951515,2.8625698926664382,0.0,0.0,0.0,1.0,0.0,0.0,1.0,0.0,0.0,0.0,0.0,0.0,1.0,0.0,0.0,0.0,0.0,1.0,0.0,1.0,0.0,1.0,0.0,2788.9,9765891.0
1.0193726170255728,1.0,2.0,1.0,0.741489889981438,0.017506597155177727,0.0038726380323978694,0.0,1.0,0.0,0.0,0.0,1.0,0.0,0.0,0.0,1.0,0.0,1.0,0.0,0.0,0.0,0.0,0.0,0.0,1.0,1.0,0.0,1.0,0.0,1853.1,7890870.0
-0.5839341497309687,-1.0,0.0,-1.0,-0.9217876874532472,-0.5342601531827251,-0.5970946225346541,-1.0,-1.0,0.0,0.0,0.0,1.0,0.0,0.0,1.0,0.0,0.0,0.0,1.0,0.0,0.0,0.0,0.0,0.0,1.0,1.0,0.0,1.0,0.0,2327.1,2056226.0
0.08283545747170142,0.0,-1.0,-1.0,0.08388001778424792,-0.26661517667503387,0.3187105589615433,0.0,0.0,0.0,0.0,0.0,1.0,0.0,1.0,0.0,0.0,0.0,0.0,0.0,0.0,1.0,0.0,0.0,0.0,1.0,1.0,0.0,1.0,0.0,1975.8,4518655.0
0.6466962026819971,0.0,1.0,-1.0,0.5260857730725763,0.3444680440239428,0.022006076841480832,0.0,1.5,0.0,0.0,0.0,1.0,1.0,0.0,0.0,0.0,0.0,0.0,0.0,1.0,0.0,0.0,0.0,1.0,0.0,0.0,1.0,1.0,0.0,3040.8,10563131.0
-0.20721929897494965,-1.0,-1.0,-1.0,-0.24457764393104167,0.2822681341314281,-0.010571546717966186,-1.0,-1.0,0.0,0.0,1.0,0.0,0.0,0.0,1.0,0.0,0.0,1.0,0.0,0.0,0.0,0.0,0.0,0.0,1.0,1.0,0.0,1.0,0.0,1989.6,3335564.0
0.41104156026178595,0.0,-1.0,-1.0,0.3630954871332427,0.0890776855248761,0.6913036443070064,0.0,0.0,0.0,0.0,0.0,1.0,0.0,1.0,0.0,0.0,0.0,0.0,0.0,1.0,0.0,0.0,0.0,0.0,1.0,1.0,0.0,1.0,0.0,1851.3,5512801.0
-0.7849057500207859,-1.0,1.0,-1.0,-1.6101228003898438,-0.9698654823968592,-0.7906006724079033,-1.0,-1.0,0.0,1.0,0.0,0.0,0.0,1.0,0.0,0.0,0.0,1.0,0.0,0.0,0.0,0.0,0.0,0.0,1.0,1.0,0.0,1.0,0.0,2301.0,1059841.0
-0.31673219227708405,-1.0,-1.0,-1.0,-0.40100218778479574,0.04489927270386809,-0.13489509357976298,-1.0,-1.0,0.0,1.0,0.0,0.0,0.0,0.0,1.0,0.0,0.0,0.0,0.0,1.0,0.0,0.0,0.0,1.0,0.0,1.0,0.0,1.0,0.0,3435.7,4968022.0
-0.2136807972348586,-1.0,-2.0,-1.0,-0.25319229358528544,0.2682628564072858,0.8790025350137538,-1.0,-1.0,0.0,1.0,0.0,0.0,1.0,0.0,0.0,0.0,1.0,0.0,0.0,0.0,0.0,0.0,0.0,0.0,1.0,1.0,0.0,1.0,0.0,2096.5,3486270.0
-0.2761102730695678,-1.0,-1.0,-1.0,-0.3402493235209972,0.13294715839608667,-0.08877941784577761,-1.0,-1.0,0.0,0.0,0.0,1.0,0.0,1.0,0.0,0.0,0.0,0.0,1.0,0.0,0.0,0.0,1.0,0.0,0.0,1.0,0.0,1.0,0.0,5039.7,7718301.0
-0.5971422123504886,-1.0,-2.0,0.0,-0.9555792236391902,-0.5628885885306045,0.008360151741248809,-1.0,-1.0,0.0,1.0,0.0,0.0,0.0,1.0,0.0,0.0,0.0,0.0,0.0,0.0,1.0,0.0,0.0,0.0,1.0,1.0,0.0,1.0,0.0,1930.9,1652464.0
-0.07912959817557683,0.0,-1.0,-1.0,-0.08685740797311702,-0.44214455815150944,0.13484115711691627,0.0,0.0,1.0,0.0,0.0,0.0,0.0,1.0,0.0,0.0,0.0,1.0,0.0,0.0,0.0,0.0,0.0,0.0,1.0,1.0,0.0,1.0,0.0,2280.4,4437886.0
1.9348623962181233,1.0,-1.0,0.0,1.1364595682117393,0.6789470296711079,2.4212078171913483,0.0,2.5,0.0,1.0,0.0,0.0,0.0,0.0,1.0,0.0,0.0,1.0,0.0,0.0,0.0,1.0,0.0,0.0,0.0,0.0,1.0,1.0,0.0,1691.4,10461478.0
-0.41108907127840244,0.0,-1.0,0.0,-0.5572336764524066,-0.8019051296904165,-0.2420129087934412,0.0,1.5,0.0,0.0,0.0,1.0,1.0,0.0,0.0,0.0,0.0,0.0,0.0,0.0,1.0,0.0,1.0,0.0,0.0,0.0,1.0,1.0,0.0,4260.4,5314423.0
1.1682246320865652,0.0,0.0,-1.0,0.8166042801027487,0.9096736821780266,0.7289872530159471,0.0,0.0,1.0,0.0,0.0,0.0,0.0,0.0,1.0,0.0,0.0,0.0,0.0,1.0,0.0,0.0,0.0,0.0,1.0,1.0,0.0,1.0,0.0,2331.6,10658909.0
-0.7718877314677339,-1.0,1.0,0.0,-1.5490991966881407,-0.9416489669820429,-0.7832113769978963,-1.0,-1.0,0.0,0.0,0.0,1.0,0.0,1.0,0.0,0.0,0.0,0.0,0.0,1.0,0.0,0.0,0.0,0.0,1.0,1.0,0.0,1.0,0.0,2051.9,1001327.0
0.9674430758632158,0.0,1.0,-1.0,0.7139780342519654,0.6920769775374909,0.20406860718074102,0.0,0.0,0.0,1.0,0.0,0.0,1.0,0.0,0.0,0.0,0.0,0.0,0.0,0.0,1.0,0.0,0.0,0.0,1.0,1.0,0.0,1.0,0.0,1988.6,8250503.0
0.6584789348030076,0.0,-1.0,1.0,0.5336118983172581,0.35723756194889605,0.9722047428129662,0.0,0.0,0.0,0.0,0.0,1.0,1.0,0.0,0.0,0.0,0.0,1.0,0.0,0.0,0.0,0.0,0.0,1.0,0.0,1.0,0.0,1.0,0.0,2256.1,7893191.0
-0.3245239990022685,1.0,-2.0,0.0,-0.4130648427898662,-0.9534573383965159,0.6273349993707411,0.0,1.0,0.0,0.0,0.0,1.0,1.0,0.0,0.0,0.0,0.0,1.0,0.0,0.0,0.0,0.0,0.0,1.0,0.0,1.0,0.0,1.0,0.0,2948.6,4215319.0
-0.45180601251915264,-1.0,0.0,-1.0,-0.6324952635849314,-0.24787281972066685,-0.49709642041674895,-1.0,-1.0,0.0,0.0,1.0,0.0,0.0,0.0,1.0,0.0,0.0,0.0,1.0,0.0,0.0,0.0,0.0,0.0,1.0,1.0,0.0,1.0,0.0,2173.7,2525187.0
0.497511610504686,0.0,-1.0,-1.0,0.4258555474087273,0.18278947029671108,0.7894680066881214,0.0,0.0,0.0,0.0,0.0,1.0,0.0,1.0,0.0,0.0,0.0,0.0,0.0,0.0,1.0,1.0,0.0,0.0,0.0,1.0,0.0,1.0,0.0,1361.2,4301120.0
0.023304153650627824,0.0,0.0,-1.0,0.024277815258550807,-0.33113213619102805,-0.13752000143830567,0.0,0.0,0.0,1.0,0.0,0.0,1.0,0.0,0.0,0.0,0.0,1.0,0.0,0.0,0.0,0.0,0.0,0.0,1.0,1.0,0.0,1.0,0.0,1924.8,4160840.0
-0.5278236391063176,0.0,1.0,1.0,-0.7891699634238275,-0.9284160391323937,-0.6446755721759766,0.0,1.5,0.0,0.0,0.0,1.0,0.0,0.0,1.0,0.0,0.0,0.0,0.0,0.0,1.0,0.0,0.0,0.0,1.0,0.0,1.0,1.0,0.0,2004.7,2008108.0
1.636160634747182,1.0,2.0,-1.0,1.023040489025933,0.46313531140717834,0.283953902303087,0.0,1.0,0.0,1.0,0.0,0.0,1.0,0.0,0.0,0.0,0.0,0.0,0.0,0.0,1.0,0.0,0.0,0.0,1.0,1.0,0.0,1.0,0.0,2246.8,12484120.0
1.1908873870128636,0.0,0.0,0.0,0.8275868498794663,0.9342344081869085,0.7461390482012189,0.0,1.5,0.0,0.0,0.0,1.0,1.0,0.0,0.0,0.0,0.0,1.0,0.0,0.0,0.0,0.0,0.0,0.0,1.0,0.0,1.0,1.0,0.0,1925.5,8894270.0
0.02349419771709578,-1.0,-2.0,-1.0,0.02447352765642125,0.7823389328699232,1.4175041800758705,-1.0,-1.0,0.0,0.0,0.0,1.0,0.0,1.0,0.0,0.0,0.0,0.0,1.0,0.0,0.0,0.0,0.0,0.0,1.0,1.0,0.0,1.0,0.0,1916.3,4143232.0
0.9788932308679076,0.0,0.0,-1.0,0.7201059979467304,0.7044860655210142,0.5856960500530375,0.0,0.0,0.0,0.0,1.0,0.0,0.0,1.0,0.0,0.0,0.0,1.0,0.0,0.0,0.0,0.0,0.0,0.0,1.0,1.0,0.0,1.0,0.0,1733.8,7235147.0
1.491537100165101,1.0,0.0,-1.0,0.9634272820176518,0.3586449550535281,0.973679006130778,0.0,1.0,0.0,0.0,0.0,1.0,1.0,0.0,0.0,0.0,0.0,1.0,0.0,0.0,0.0,0.0,1.0,0.0,0.0,1.0,0.0,1.0,0.0,4232.1,22226989.0
0.19899989310021277,0.0,0.0,0.0,0.19132456916420834,-0.1407221471326512,-0.004548641700077218,0.0,1.5,1.0,0.0,0.0,0.0,0.0,1.0,0.0,0.0,0.0,0.0,0.0,0.0,1.0,0.0,0.0,0.0,1.0,0.0,1.0,1.0,0.0,2314.5,5859157.0
0.7674692069223552,0.0,1.0,-1.0,0.600802705764671,0.47535560275471445,0.09055932111972101,0.0,0.0,1.0,0.0,0.0,0.0,0.0,1.0,0.0,0.0,0.0,1.0,0.0,0.0,0.0,0.0,0.0,1.0,0.0,1.0,0.0,1.0,0.0,3312.7,12349746.0
-0.10416790393272418,0.0,1.0,0.0,-0.11589508071162162,-0.46927978374203516,-0.4041998525736681,0.0,0.0,0.0,1.0,0.0,0.0,0.0,0.0,1.0,0.0,0.0,1.0,0.0,0.0,0.0,0.0,0.0,0.0,1.0,1.0,0.0,1.0,0.0,1913.7,3623400.0
0.6165267071302161,0.0,-1.0,0.0,0.5065676751579551,0.31177189933706634,0.9245788461192715,0.0,0.0,0.0,0.0,0.0,1.0,0.0,0.0,1.0,0.0,0.0,0.0,0.0,1.0,0.0,0.0,0.0,1.0,0.0,1.0,0.0,1.0,0.0,2836.8,9674339.0
-0.22475086410661457,0.0,0.0,-1.0,-0.26811618717789953,-0.5999613825062755,-0.3252548497869509,0.0,0.0,0.0,1.0,0.0,0.0,0.0,0.0,1.0,0.0,0.0,1.0,0.0,0.0,0.0,1.0,0.0,0.0,0.0,1.0,0.0,1.0,0.0,1549.1,2539904.0
0.47318596999679313,0.0,2.0,0.0,0.4085729446135748,0.15642659458067823,-0.24414879272217319,0.0,0.0,0.0,1.0,0.0,0.0,0.0,1.0,0.0,0.0,0.0,1.0,0.0,0.0,0.0,0.0,0.0,1.0,0.0,1.0,0.0,1.0,0.0,2743.3,8527822.0
0.991246095188322,0.0,0.0,-1.0,0.7266775290634017,0.7178734633455621,0.5950450369464771,0.0,0.0,0.0,0.0,0.0,1.0,0.0,0.0,1.0,0.0,0.0,0.0,1.0,0.0,0.0,0.0,1.0,0.0,0.0,1.0,0.0,1.0,0.0,4407.3,18506253.0
0.09091233029658768,0.0,0.0,-1.0,0.09171393974407163,-0.25786187809744493,-0.08635227701767312,0.0,2.0,1.0,0.0,0.0,0.0,0.0,0.0,1.0,0.0,0.0,0.0,0.0,1.0,0.0,0.0,1.0,0.0,0.0,1.0,0.0,0.0,1.0,5525.1,13179830.0
-0.4595503082277201,-1.0,-1.0,-1.0,-0.6474361670104406,-0.26465855699298446,-0.29702810089714304,-1.0,-1.0,0.0,0.0,0.0,1.0,1.0,0.0,0.0,0.0,0.0,0.0,0.0,0.0,1.0,0.0,1.0,0.0,0.0,1.0,0.0,1.0,0.0,4371.5,5007116.0
-0.22384815479089196,-1.0,0.0,0.0,-0.26689130498778746,0.24622513998841467,-0.3245716545908919,-1.0,-1.0,0.0,0.0,1.0,0.0,0.0,0.0,0.0,1.0,0.0,1.0,0.0,0.0,0.0,0.0,0.0,1.0,0.0,1.0,0.0,1.0,0.0,3077.7,5052045.0
-0.526968440807212,-1.0,-2.0,-1.0,-0.7872719173304614,-0.4107871532470877,0.16768846299059711,-1.0,-1.0,0.0,0.0,0.0,1.0,0.0,1.0,0.0,0.0,0.0,0.0,0.0,0.0,1.0,0.0,0.0,0.0,1.0,1.0,0.0,1.0,0.0,2173.9,2181509.0
-0.021403712985948488,0.0,-1.0,0.0,-0.022799555464806616,-0.37958421831756467,0.20037395947573755,0.0,0.0,1.0,0.0,0.0,0.0,1.0,0.0,0.0,0.0,0.0,0.0,0.0,0.0,1.0,0.0,0.0,0.0,1.0,1.0,0.0,1.0,0.0,2147.8,4440791.0
-0.40686059079949144,-1.0,0.0,-1.0,-0.5497159322964198,-0.15045375555126486,-0.4630804911813882,-1.0,-1.0,1.0,0.0,0.0,0.0,0.0,0.0,0.0,1.0,0.0,1.0,0.0,0.0,0.0,1.0,0.0,0.0,0.0,1.0,0.0,1.0,0.0,1961.8,2464609.0
-0.5494886626836596,0.0,-2.0,-1.0,-0.8384256370505263,-0.9518954753169854,0.11655669621186249,0.0,0.0,0.0,0.0,0.0,1.0,0.0,1.0,0.0,0.0,0.0,1.0,0.0,0.0,0.0,0.0,0.0,0.0,1.0,1.0,0.0,1.0,0.0,2035.9,1946524.0
0.31668468126046734,0.0,-2.0,0.0,0.29007761139129634,-0.013181437858016535,2.0831880045306623,0.0,0.0,0.0,0.0,1.0,0.0,0.0,1.0,0.0,0.0,0.0,0.0,1.0,0.0,0.0,0.0,0.0,0.0,1.0,1.0,0.0,1.0,0.0,1669.6,4640152.0
2.292335285244266,1.0,1.0,-1.0,1.2579281418756834,0.9372208277016154,0.9561047086532065,0.0,1.0,0.0,1.0,0.0,0.0,1.0,0.0,0.0,0.0,0.0,0.0,1.0,0.0,0.0,0.0,0.0,0.0,1.0,1.0,0.0,1.0,0.0,2085.4,14467462.0
-0.0024468173557741974,-1.0,0.0,-1.0,-0.002581656861414048,0.7261118620068223,-0.15700904334693724,-1.0,-1.0,0.0,1.0,0.0,0.0,0.0,1.0,0.0,0.0,0.0,0.0,0.0,0.0,1.0,1.0,0.0,0.0,0.0,1.0,0.0,1.0,0.0,1571.2,3311304.0
0.8270480217600458,0.0,0.0,0.0,0.6358051154426846,0.5399240522623414,0.470775426547527,0.0,0.0,0.0,0.0,0.0,1.0,1.0,0.0,0.0,0.0,0.0,1.0,0.0,0.0,0.0,0.0,0.0,0.0,1.0,1.0,0.0,1.0,0.0,1516.2,5842525.0
0.02962311886068599,-1.0,-1.0,0.0,0.03076592461390897,0.7956233507112054,0.2583017205731648,-1.0,-1.0,0.0,0.0,0.0,1.0,1.0,0.0,0.0,0.0,1.0,0.0,0.0,0.0,0.0,0.0,0.0,0.0,1.0,1.0,0.0,1.0,0.0,1825.4,3970245.0
-0.2505018351130166,-1.0,0.0,-1.0,-0.30366834340949866,0.18845336937632748,-0.3447438916955825,-1.0,-1.0,0.0,0.0,1.0,0.0,1.0,0.0,0.0,0.0,0.0,0.0,1.0,0.0,0.0,0.0,0.0,0.0,1.0,1.0,0.0,1.0,0.0,1856.0,2942502.0
0.17828508985521038,0.0,-1.0,-1.0,0.17294660640549717,-0.16317178348458522,0.42706891282069726,0.0,0.0,0.0,0.0,0.0,1.0,0.0,1.0,0.0,0.0,0.0,0.0,0.0,0.0,1.0,0.0,0.0,0.0,1.0,1.0,0.0,1.0,0.0,1936.0,4816574.0
2.3588982195246526,1.0,-1.0,0.0,1.2790834428195543,0.9853124798867222,2.9025907480987394,0.0,4.5,0.0,0.0,1.0,0.0,0.0,0.0,0.0,1.0,0.0,1.0,0.0,0.0,0.0,1.0,0.0,0.0,0.0,0.0,1.0,0.0,1.0,1680.4,12343199.0
-0.431661341473554,-1.0,-2.0,0.0,-0.5945906521958031,-0.20420930681598784,0.3840815519318242,-1.0,-1.0,0.0,1.0,0.0,0.0,0.0,1.0,0.0,0.0,0.0,1.0,0.0,0.0,0.0,0.0,0.0,0.0,1.0,1.0,0.0,1.0,0.0,2141.6,2578701.0
0.2136332862182421,0.0,-1.0,1.0,0.2041174517052239,-0.12486322970972517,0.4671976411786916,0.0,0.0,1.0,0.0,0.0,0.0,0.0,1.0,0.0,0.0,0.0,0.0,0.0,0.0,1.0,1.0,0.0,0.0,0.0,1.0,0.0,1.0,0.0,1465.5,3755051.0
-0.5851694361630101,-1.0,1.0,-1.0,-0.9249027029899816,-0.5369376327476347,-0.6772262275040002,-1.0,-1.0,0.0,0.0,0.0,1.0,0.0,0.0,1.0,0.0,0.0,0.0,0.0,0.0,1.0,1.0,0.0,0.0,0.0,1.0,0.0,1.0,0.0,1576.1,1388544.0
0.9016878288653183,0.0,-1.0,0.0,0.6780827130999117,0.6208148291175902,1.248305496125564,0.0,0.0,0.0,0.0,0.0,1.0,1.0,0.0,0.0,0.0,0.0,0.0,0.0,0.0,1.0,1.0,0.0,0.0,0.0,1.0,0.0,1.0,0.0,1212.2,4861528.0
0.08711144896722944,-1.0,-2.0,0.0,0.0880346110126308,0.9202291304627662,1.5619460275795112,-1.0,-1.0,1.0,0.0,0.0,0.0,1.0,0.0,0.0,0.0,0.0,0.0,1.0,0.0,0.0,0.0,0.0,0.0,1.0,1.0,0.0,1.0,0.0,2170.6,4983698.0
-0.18218099321780218,-1.0,0.0,0.0,-0.21184292103001437,0.3365385853124798,-0.2930368026464824,-1.0,-1.0,0.0,0.0,1.0,0.0,0.0,0.0,0.0,1.0,0.0,0.0,1.0,0.0,0.0,0.0,0.0,1.0,0.0,1.0,0.0,1.0,0.0,3074.7,5316771.0
0.9270112007221677,0.0,0.0,-1.0,0.6920510870528489,0.6482589946579134,0.5464303051005917,0.0,0.0,0.0,1.0,0.0,0.0,0.0,0.0,1.0,0.0,0.0,1.0,0.0,0.0,0.0,0.0,1.0,0.0,0.0,1.0,0.0,1.0,0.0,4716.6,19167319.0
-0.44078345666401375,-1.0,1.0,-1.0,-0.6115870062494118,-0.22398146360301216,-0.5952697722083384,-1.0,-1.0,0.0,1.0,0.0,0.0,0.0,1.0,0.0,0.0,1.0,0.0,0.0,0.0,0.0,1.0,0.0,0.0,0.0,1.0,0.0,1.0,0.0,1560.6,1849155.0
-0.21220795571973233,-1.0,0.0,-1.0,-0.25122248055316987,0.27145523588852405,-0.31576203232591993,-1.0,-1.0,0.0,0.0,1.0,0.0,1.0,0.0,0.0,0.0,0.0,0.0,1.0,0.0,0.0,1.0,0.0,0.0,0.0,1.0,0.0,1.0,0.0,1405.9,2342229.0
-0.4671995819030536,0.0,-2.0,0.0,-0.662403764299817,-0.8627148098088435,0.3033926035130616,0.0,1.5,0.0,0.0,1.0,0.0,0.0,0.0,1.0,0.0,0.0,0.0,0.0,1.0,0.0,0.0,0.0,0.0,1.0,0.0,1.0,1.0,0.0,2059.4,2325680.0
-0.43180387452340496,0.0,1.0,0.0,-0.5948541318088587,-0.8243547660423506,-0.590172776469319,0.0,0.0,1.0,0.0,0.0,0.0,0.0,0.0,0.0,1.0,0.0,0.0,1.0,0.0,0.0,0.0,0.0,1.0,0.0,1.0,0.0,1.0,0.0,3480.4,4189706.0
-0.00952595883170397,-1.0,-1.0,-1.0,-0.01008658411422637,0.7107678445002251,0.2138580751874292,-1.0,-1.0,0.0,1.0,0.0,0.0,1.0,0.0,0.0,0.0,0.0,0.0,0.0,0.0,1.0,1.0,0.0,0.0,0.0,1.0,0.0,1.0,0.0,1486.7,3111068.0
0.7340214512240026,0.0,-1.0,0.0,0.5806326446104535,0.43910664864516946,1.057963718739325,0.0,0.0,0.0,0.0,0.0,1.0,0.0,1.0,0.0,0.0,0.0,0.0,0.0,0.0,1.0,0.0,0.0,0.0,1.0,1.0,0.0,1.0,0.0,1600.8,5855086.0
-0.5889703174923684,-1.0,0.0,0.0,-0.9345452832363291,-0.545176031408895,-0.6009061325758256,-1.0,-1.0,0.0,0.0,0.0,1.0,1.0,0.0,0.0,0.0,0.0,1.0,0.0,0.0,0.0,0.0,0.0,0.0,1.0,1.0,0.0,1.0,0.0,1841.6,1607717.0
-0.17638464919053082,-1.0,0.0,1.0,-0.20440705360207095,0.3491021432709017,-0.2886499703349453,-1.0,-1.0,0.0,0.0,0.0,1.0,0.0,1.0,0.0,0.0,0.0,0.0,1.0,0.0,0.0,0.0,0.0,0.0,1.0,1.0,0.0,1.0,0.0,1907.1,3321024.0
-0.09699374042356054,-1.0,-1.0,-1.0,-0.10749323080600191,0.5211816953079744,0.1145610470865321,-1.0,-1.0,0.0,0.0,0.0,1.0,0.0,1.0,0.0,0.0,0.0,0.0,0.0,0.0,1.0,0.0,0.0,0.0,1.0,1.0,0.0,1.0,0.0,1992.2,3802114.0
-0.5392737941110093,-1.0,-2.0,-1.0,-0.8149161555028449,-0.43745896891291763,0.13974937523597208,-1.0,-1.0,0.0,0.0,0.0,1.0,0.0,1.0,0.0,0.0,0.0,0.0,0.0,0.0,1.0,0.0,0.0,0.0,1.0,1.0,0.0,1.0,0.0,2020.2,1974948.0
-0.17153852549559914,0.0,-1.0,-1.0,-0.1982300336178899,-0.5422925918774539,0.02993473687995541,0.0,0.0,1.0,0.0,0.0,0.0,1.0,0.0,0.0,0.0,0.0,1.0,0.0,0.0,0.0,0.0,0.0,0.0,1.0,1.0,0.0,1.0,0.0,2215.9,3881370.0
-0.6816167998954755,-1.0,-1.0,1.0,-1.201714286632148,-0.7459869987771128,-0.5491271282429298,-1.0,-1.0,0.0,0.0,0.0,1.0,0.0,0.0,0.0,1.0,0.0,1.0,0.0,0.0,0.0,0.0,0.0,1.0,0.0,1.0,0.0,1.0,0.0,3033.0,2056374.0
0.9203596583957907,0.0,-1.0,-1.0,0.688399912341969,0.6410503958293107,1.2695025260243433,0.0,0.0,0.0,0.0,0.0,1.0,0.0,0.0,1.0,0.0,0.0,0.0,1.0,0.0,0.0,0.0,0.0,0.0,1.0,1.0,0.0,1.0,0.0,1947.7,7887795.0
-0.008480716466130325,-1.0,-2.0,-1.0,-0.008975119414350783,0.713033404132072,1.344905701084123,-1.0,-1.0,0.0,1.0,0.0,0.0,1.0,0.0,0.0,0.0,0.0,1.0,0.0,0.0,0.0,0.0,0.0,1.0,0.0,1.0,0.0,1.0,0.0,2915.3,6106970.0
1.5981993324702166,1.0,0.0,1.0,1.0077151267736602,0.43570830919739967,1.0544039121914384,0.0,3.0,0.0,1.0,0.0,0.0,0.0,0.0,1.0,0.0,0.0,1.0,0.0,0.0,0.0,0.0,0.0,1.0,0.0,1.0,0.0,0.0,1.0,2905.4,16361423.0
0.9857823282773694,0.0,1.0,1.0,0.7237759220970664,0.7119521143077814,0.21447834451016706,0.0,0.0,1.0,0.0,0.0,0.0,0.0,0.0,1.0,0.0,0.0,0.0,1.0,0.0,0.0,1.0,0.0,0.0,0.0,1.0,0.0,1.0,0.0,1524.3,6383006.0
0.2728795239396137,1.0,0.0,-1.0,0.25438712442785366,-0.5218339018686577,0.05136549145107064,0.0,1.0,0.0,0.0,0.0,1.0,0.0,0.0,1.0,0.0,0.0,0.0,1.0,0.0,0.0,1.0,0.0,0.0,0.0,1.0,0.0,1.0,0.0,1573.8,4228801.0
-0.7501276858571579,-1.0,1.0,0.0,-1.454352277727959,-0.8944841346463283,-0.7708599270059868,-1.0,-1.0,0.0,0.0,1.0,0.0,0.0,1.0,0.0,0.0,0.0,1.0,0.0,0.0,0.0,0.0,0.0,1.0,0.0,1.0,0.0,1.0,0.0,2948.1,1573696.0
-0.38595574348802114,-1.0,0.0,-1.0,-0.5133145496497934,-0.10514256291433367,-0.4472591287463367,-1.0,-1.0,0.0,0.0,0.0,1.0,0.0,1.0,0.0,0.0,0.0,1.0,0.0,0.0,0.0,0.0,0.0,0.0,1.0,1.0,0.0,1.0,0.0,2024.8,2632847.0
-0.09818151583898499,0.0,-2.0,0.0,-0.10887966603688791,-0.4627920447962928,1.1412416173747324,0.0,0.0,1.0,0.0,0.0,0.0,1.0,0.0,0.0,0.0,0.0,0.0,1.0,0.0,0.0,0.0,0.0,0.0,1.0,1.0,0.0,1.0,0.0,1990.0,3792940.0
-0.10811131831193345,-1.0,0.0,-1.0,-0.12054188444329489,0.4970843792237882,-0.23697883892774305,-1.0,-1.0,0.0,1.0,0.0,0.0,1.0,0.0,0.0,0.0,0.0,1.0,0.0,0.0,0.0,0.0,0.0,1.0,0.0,1.0,0.0,1.0,0.0,3094.4,5833253.0
0.048247437374541305,-1.0,0.0,-1.0,0.04966058836772672,0.8359915041513803,-0.1186422394419374,-1.0,-1.0,0.0,0.0,0.0,1.0,0.0,0.0,1.0,0.0,0.0,1.0,0.0,0.0,0.0,1.0,0.0,0.0,0.0,1.0,0.0,1.0,0.0,1594.3,3530099.0
0.779014383960281,1.0,-2.0,0.0,0.6076765148390911,-0.1561519812919698,3.1328994444544325,0.0,1.0,0.0,0.0,1.0,0.0,0.0,1.0,0.0,0.0,0.0,1.0,0.0,0.0,0.0,0.0,0.0,1.0,0.0,1.0,0.0,1.0,0.0,2448.6,9187882.0
-0.04910263567364667,0.0,-1.0,-1.0,-0.05305335014743369,-0.40960288343953155,0.16892900163607272,0.0,0.0,0.0,0.0,0.0,1.0,1.0,0.0,0.0,0.0,0.0,0.0,0.0,1.0,0.0,0.0,0.0,0.0,1.0,1.0,0.0,1.0,0.0,1742.7,3501607.0
-0.1315342495041036,1.0,0.0,-1.0,-0.1485714081468991,-0.8140224410546868,-0.25470595638338034,0.0,1.0,0.0,1.0,0.0,0.0,0.0,0.0,0.0,1.0,0.0,1.0,0.0,0.0,0.0,0.0,0.0,1.0,0.0,1.0,0.0,1.0,0.0,3741.9,6869380.0
-0.6019408250288033,-1.0,2.0,0.0,-0.9681282232697909,-0.5732895668404454,-0.7323600798259648,-1.0,-1.0,1.0,0.0,0.0,0.0,0.0,0.0,1.0,0.0,0.0,0.0,1.0,0.0,0.0,0.0,1.0,0.0,0.0,1.0,0.0,1.0,0.0,5522.8,4670632.0
-0.4133696000760175,-1.0,-1.0,-1.0,-0.5613104681152014,-0.16456201325867303,-0.2446018590100861,-1.0,-1.0,1.0,0.0,0.0,0.0,1.0,0.0,0.0,0.0,0.0,1.0,0.0,0.0,0.0,0.0,0.0,0.0,1.0,1.0,0.0,1.0,0.0,2428.8,3018027.0
-0.5349027805822474,-1.0,2.0,1.0,-0.8050136769076814,-0.42798481045246844,-0.7019183401952499,-1.0,-1.0,0.0,0.0,0.0,1.0,0.0,1.0,0.0,0.0,0.0,1.0,0.0,0.0,0.0,1.0,0.0,0.0,0.0,1.0,0.0,1.0,0.0,1305.0,1287774.0
0.2890332695893862,1.0,1.0,-1.0,0.26768897765422334,-0.510162837098539,-0.18101076931374835,0.0,3.0,0.0,0.0,1.0,0.0,0.0,1.0,0.0,0.0,0.0,1.0,0.0,0.0,0.0,0.0,1.0,0.0,0.0,1.0,0.0,0.0,1.0,4317.3,12197373.0
1.8527633595039852,1.0,-1.0,0.0,1.106477672022992,0.6196305593100342,2.3280056093921364,0.0,1.0,0.0,0.0,0.0,1.0,0.0,0.0,0.0,1.0,0.0,0.0,0.0,0.0,1.0,0.0,0.0,0.0,1.0,1.0,0.0,1.0,0.0,2153.8,12949292.0
1.3089997743226713,1.0,-2.0,0.0,0.8830500407965013,0.22676192315118754,4.336221930565793,0.0,1.0,0.0,1.0,0.0,0.0,1.0,0.0,0.0,0.0,0.0,0.0,0.0,0.0,1.0,0.0,0.0,0.0,1.0,1.0,0.0,1.0,0.0,1985.0,9662583.0
-0.3724626147687993,-1.0,-1.0,-1.0,-0.4904670256453107,-0.0758962476668598,-0.19816256449902006,-1.0,-1.0,0.0,0.0,0.0,1.0,0.0,1.0,0.0,0.0,0.0,0.0,0.0,1.0,0.0,0.0,0.0,1.0,0.0,1.0,0.0,1.0,0.0,3044.3,4044961.0
-0.7885640983002932,-1.0,-1.0,-1.0,-1.6279247431052521,-0.9777949411083222,-0.6705381061110011,-1.0,-1.0,0.0,0.0,0.0,1.0,0.0,0.0,0.0,1.0,0.0,0.0,0.0,0.0,1.0,0.0,0.0,0.0,1.0,1.0,0.0,1.0,0.0,2371.5,1074052.0
0.04306873656329087,0.0,0.0,0.0,0.04444048597294709,-0.3097122996717513,-0.1225616224088023,0.0,0.0,0.0,1.0,0.0,0.0,0.0,1.0,0.0,0.0,0.0,0.0,0.0,0.0,1.0,0.0,0.0,1.0,0.0,1.0,0.0,1.0,0.0,2976.9,6559004.0
-0.3106982931667278,-1.0,2.0,0.0,-0.3917545447869239,0.057977730578618734,-0.6001078729256935,-1.0,-1.0,0.0,0.0,0.0,1.0,0.0,0.0,1.0,0.0,0.0,0.0,1.0,0.0,0.0,0.0,0.0,0.0,1.0,1.0,0.0,1.0,0.0,2070.5,3020238.0
0.19391621432219622,0.0,1.0,0.0,0.18684384517781433,-0.14623157623736885,-0.23500116862336157,0.0,0.0,0.0,0.0,0.0,1.0,0.0,1.0,0.0,0.0,0.0,0.0,0.0,0.0,1.0,0.0,0.0,0.0,1.0,1.0,0.0,1.0,0.0,1807.5,4556346.0
0.04316375859652474,0.0,-1.0,1.0,0.04453649993239994,-0.30960931968848565,0.2736736124844933,0.0,0.0,0.0,0.0,0.0,1.0,1.0,0.0,0.0,0.0,0.0,1.0,0.0,0.0,0.0,1.0,0.0,0.0,0.0,1.0,0.0,1.0,0.0,1142.9,2518380.0
-0.025679704481476513,-1.0,0.0,0.0,-0.02741387058182992,0.6757546501898691,-0.1745923302349832,-1.0,-1.0,1.0,0.0,0.0,0.0,0.0,1.0,0.0,0.0,0.0,1.0,0.0,0.0,0.0,0.0,0.0,0.0,1.0,1.0,0.0,1.0,0.0,2305.9,4746926.0
-0.09879915905500568,0.0,0.0,0.0,-0.10960133082656202,-0.46346141468752017,-0.22993114111576557,0.0,0.0,0.0,0.0,0.0,1.0,0.0,0.0,0.0,1.0,0.0,1.0,0.0,0.0,0.0,0.0,0.0,1.0,0.0,1.0,0.0,1.0,0.0,3043.6,5797145.0
-0.10758869712914662,-1.0,0.0,0.0,-0.11992486884454275,0.4982171590397116,-0.23658330486686674,-1.0,-1.0,0.0,0.0,0.0,1.0,1.0,0.0,0.0,0.0,0.0,1.0,0.0,0.0,0.0,0.0,0.0,0.0,1.0,1.0,0.0,1.0,0.0,1894.7,3573783.0
-0.21163782352032856,1.0,-2.0,-1.0,-0.25046095555482273,-0.8718971916500398,0.8836410708185757,0.0,1.0,0.0,0.0,0.0,1.0,0.0,1.0,0.0,0.0,0.0,1.0,0.0,0.0,0.0,0.0,0.0,0.0,1.0,1.0,0.0,1.0,0.0,2140.5,3568642.0
0.5026428002993195,0.0,-1.0,0.0,0.429465326441565,0.1883503893930616,0.7952931446755721,0.0,0.0,0.0,0.0,0.0,1.0,1.0,0.0,0.0,0.0,0.0,1.0,0.0,0.0,0.0,0.0,0.0,1.0,0.0,1.0,0.0,1.0,0.0,2540.2,8053958.0
-0.041358339965079274,0.0,0.0,0.0,-0.04450727406514695,-0.40121001480337276,-0.18645835206127181,0.0,0.0,0.0,0.0,1.0,0.0,0.0,0.0,1.0,0.0,0.0,0.0,1.0,0.0,0.0,0.0,0.0,0.0,1.0,1.0,0.0,1.0,0.0,1814.7,3675856.0
-0.025584682448242427,-1.0,-2.0,-1.0,-0.027311111358524827,0.675960610156401,1.306071447834451,-1.0,-1.0,0.0,1.0,0.0,0.0,0.0,1.0,0.0,0.0,0.0,1.0,0.0,0.0,0.0,0.0,0.0,1.0,0.0,1.0,0.0,1.0,0.0,3198.0,6584042.0
1.298404817617085,1.0,-1.0,-1.0,0.8781918541976849,0.21910707772843319,1.6986749608960643,0.0,2.5,0.0,0.0,0.0,1.0,1.0,0.0,0.0,0.0,0.0,1.0,0.0,0.0,0.0,0.0,0.0,1.0,0.0,0.0,1.0,1.0,0.0,3320.7,16090452.0
0.13481250965067545,0.0,1.0,-1.0,0.1333081696395059,-0.2102851258286671,-0.26854964851405033,0.0,0.0,0.0,0.0,0.0,1.0,0.0,1.0,0.0,0.0,0.0,0.0,0.0,0.0,1.0,0.0,0.0,0.0,1.0,1.0,0.0,1.0,0.0,2015.6,4830184.0
-0.25026428002993173,0.0,-1.0,0.0,-0.30333485276281263,-0.62761150801313,-0.05943798205713659,0.0,0.0,1.0,0.0,0.0,0.0,0.0,0.0,1.0,0.0,0.0,0.0,0.0,0.0,1.0,0.0,0.0,0.0,1.0,1.0,0.0,1.0,0.0,2308.6,3661209.0
2.1932748155978667,1.0,0.0,0.0,1.225639953966745,0.8656497393319172,1.5047733769619387,0.0,3.0,0.0,0.0,0.0,1.0,0.0,1.0,0.0,0.0,0.0,0.0,0.0,0.0,1.0,0.0,0.0,0.0,1.0,1.0,0.0,0.0,1.0,1858.9,12958538.0
0.291456331436852,0.0,-1.0,-1.0,0.26966991302476717,-0.04052262341507384,0.555545567321695,0.0,0.0,1.0,0.0,0.0,0.0,0.0,1.0,0.0,0.0,0.0,0.0,0.0,0.0,1.0,0.0,0.0,1.0,0.0,1.0,0.0,1.0,0.0,3234.8,8818388.0
-0.4309486762242994,-1.0,0.0,0.0,-0.5932742372227561,-0.20266460706700154,-0.48131101562359535,-1.0,-1.0,0.0,0.0,0.0,1.0,1.0,0.0,0.0,0.0,0.0,0.0,0.0,1.0,0.0,0.0,0.0,0.0,1.0,1.0,0.0,1.0,0.0,1869.6,2253990.0
-0.11039184710954837,-1.0,0.0,-1.0,-0.12323853405756272,0.4921413400270321,-0.2387048057388396,-1.0,-1.0,0.0,0.0,0.0,1.0,0.0,1.0,0.0,0.0,0.0,0.0,0.0,0.0,1.0,0.0,0.0,0.0,1.0,1.0,0.0,1.0,0.0,1988.8,3739541.0
1.5280255609269402,1.0,-1.0,-1.0,0.9787873464426229,0.38500783076956074,1.9593498858344869,0.0,1.0,0.0,0.0,0.0,1.0,0.0,0.0,1.0,0.0,0.0,0.0,1.0,0.0,0.0,0.0,0.0,0.0,1.0,1.0,0.0,1.0,0.0,1912.5,10191330.0
-0.10378781579978838,0.0,1.0,0.0,-0.1154482722353321,-0.4688678638089722,-0.403984106722281,0.0,1.5,1.0,0.0,0.0,0.0,0.0,0.0,1.0,0.0,0.0,0.0,1.0,0.0,0.0,0.0,0.0,0.0,1.0,0.0,1.0,1.0,0.0,2580.0,4887036.0
-0.03489684170517019,0.0,-1.0,-1.0,-0.03742924251540445,-0.39420737594130145,0.18505600402725594,0.0,0.0,0.0,0.0,0.0,1.0,0.0,1.0,0.0,0.0,0.0,0.0,1.0,0.0,0.0,1.0,0.0,0.0,0.0,1.0,0.0,1.0,0.0,1448.5,2953781.0
1.092159494482783,0.0,0.0,0.0,0.7788862644666553,0.8272382055737914,0.6714190683374982,0.0,0.0,0.0,0.0,0.0,1.0,1.0,0.0,0.0,0.0,0.0,0.0,0.0,1.0,0.0,0.0,0.0,1.0,0.0,1.0,0.0,1.0,0.0,2480.4,10942037.0
0.21453599553396452,0.0,2.0,-1.0,0.2049015816561636,-0.1238849198687007,-0.36160083421729206,0.0,0.0,0.0,0.0,1.0,0.0,0.0,1.0,0.0,0.0,0.0,1.0,0.0,0.0,0.0,0.0,0.0,0.0,1.0,1.0,0.0,1.0,0.0,1871.6,4799157.0
-0.4367450202515706,-1.0,2.0,-1.0,-0.6040288849630541,-0.2152281650254232,-0.6573452472986819,-1.0,-1.0,0.0,0.0,0.0,1.0,0.0,0.0,1.0,0.0,0.0,1.0,0.0,0.0,0.0,1.0,0.0,0.0,0.0,1.0,0.0,1.0,0.0,1732.1,2067088.0
0.35065505814160663,0.0,0.0,0.0,0.3169495638792612,0.023633906159490063,0.11022815123784176,0.0,0.0,0.0,0.0,0.0,1.0,0.0,1.0,0.0,0.0,0.0,1.0,0.0,0.0,0.0,0.0,0.0,0.0,1.0,1.0,0.0,1.0,0.0,1794.8,5116436.0
-0.1297763418892754,1.0,0.0,0.0,-0.1464418103415895,-0.8127523545944092,-0.2533755236331601,0.0,1.0,0.0,1.0,0.0,0.0,0.0,1.0,0.0,0.0,1.0,0.0,0.0,0.0,0.0,0.0,0.0,1.0,0.0,1.0,0.0,1.0,0.0,3076.3,5658854.0
-0.3053295482890093,-1.0,1.0,-1.0,-0.38359372076308446,0.06961446868764874,-0.5183833444202728,-1.0,-1.0,0.0,0.0,1.0,0.0,1.0,0.0,0.0,0.0,0.0,0.0,0.0,0.0,1.0,0.0,0.0,1.0,0.0,1.0,0.0,1.0,0.0,2926.6,4302102.0
-0.3618676580632132,0.0,0.0,0.0,-0.4728663449802032,-0.7485614983587566,-0.42902860430412965,0.0,0.0,0.0,1.0,0.0,0.0,1.0,0.0,0.0,0.0,0.0,0.0,0.0,0.0,1.0,0.0,0.0,1.0,0.0,1.0,0.0,1.0,0.0,2889.0,3903039.0
-0.18659951776318112,-1.0,0.0,0.0,-0.2175465496267802,0.3269614468687649,-0.2963808633429818,-1.0,-1.0,1.0,0.0,0.0,0.0,1.0,0.0,0.0,0.0,0.0,1.0,0.0,0.0,0.0,0.0,0.0,0.0,1.0,1.0,0.0,1.0,0.0,2160.0,3714984.0
-0.32186338207171766,-1.0,-1.0,-1.0,-0.4089304097245223,0.03377743451116685,-0.14072023156721372,-1.0,-1.0,1.0,0.0,0.0,0.0,1.0,0.0,0.0,0.0,0.0,1.0,0.0,0.0,0.0,1.0,0.0,0.0,0.0,1.0,0.0,1.0,0.0,1683.6,2416303.0
-0.6036037106103975,-1.0,1.0,1.0,-0.9725118386404114,-0.5768938662547468,-0.6876899012962729,-1.0,-1.0,0.0,0.0,0.0,1.0,1.0,0.0,0.0,0.0,0.0,1.0,0.0,0.0,0.0,0.0,0.0,0.0,1.0,1.0,0.0,1.0,0.0,1649.5,1389209.0
-0.7053247971873476,-1.0,0.0,0.0,-1.2824926732335118,-0.7973740104267234,-0.6889663975836463,-1.0,-1.0,1.0,0.0,0.0,0.0,1.0,0.0,0.0,0.0,0.0,0.0,1.0,0.0,0.0,0.0,0.0,0.0,1.0,1.0,0.0,1.0,0.0,2084.7,1309400.0
-0.6419926120369158,-1.0,-1.0,0.0,-1.0791139488297954,-0.6601016927334751,-0.5041441182287265,-1.0,-1.0,0.0,0.0,1.0,0.0,0.0,1.0,0.0,0.0,0.0,1.0,0.0,0.0,0.0,0.0,0.0,0.0,1.0,1.0,0.0,1.0,0.0,1801.0,1371281.0
1.1863738404342508,1.0,0.0,0.0,0.8254086160728098,0.13816481088155141,0.7427230722209237,0.0,1.0,1.0,0.0,0.0,0.0,0.0,1.0,0.0,0.0,0.0,0.0,1.0,0.0,0.0,0.0,0.0,0.0,1.0,1.0,0.0,1.0,0.0,2168.5,9996134.0
0.467152070886437,0.0,0.0,1.0,0.40424200279936007,0.14988736564330304,0.1983962891713562,0.0,0.0,0.0,0.0,0.0,1.0,0.0,0.0,1.0,0.0,0.0,1.0,0.0,0.0,0.0,1.0,0.0,0.0,0.0,1.0,0.0,1.0,0.0,1351.2,4183180.0
1.9694029052986664,1.0,1.0,1.0,1.148823958964571,0.7039025122825084,0.7728016396684706,0.0,1.0,0.0,0.0,1.0,0.0,0.0,1.0,0.0,0.0,0.0,0.0,0.0,1.0,0.0,1.0,0.0,0.0,0.0,1.0,0.0,1.0,0.0,1185.6,7419248.0
-0.728415151263199,-1.0,-1.0,-1.0,-1.3675776986338917,-0.8474222822938792,-0.6022545441469948,-1.0,-1.0,0.0,0.0,0.0,1.0,0.0,1.0,0.0,0.0,0.0,0.0,0.0,1.0,0.0,0.0,0.0,0.0,1.0,1.0,0.0,1.0,0.0,2101.7,1217935.0
-0.115428014870948,-1.0,-1.0,-1.0,-0.1292180905419207,0.4812254618008624,0.09363369950198672,-1.0,-1.0,1.0,0.0,0.0,0.0,0.0,0.0,1.0,0.0,0.0,1.0,0.0,0.0,0.0,0.0,0.0,0.0,1.0,1.0,0.0,1.0,0.0,2544.8,4758013.0
1.106032711334941,1.0,-1.0,0.0,0.7858664937767551,0.08011842698075557,1.4802862228295068,0.0,1.0,1.0,0.0,0.0,0.0,0.0,0.0,1.0,0.0,0.0,0.0,0.0,0.0,1.0,0.0,0.0,0.0,1.0,1.0,0.0,1.0,0.0,2404.4,10676979.0
-0.13861339098003328,-1.0,1.0,0.0,-0.15719099898120736,0.43097122996717513,-0.423751820355621,-1.0,-1.0,0.0,1.0,0.0,0.0,1.0,0.0,0.0,0.0,0.0,0.0,0.0,0.0,1.0,0.0,0.0,0.0,1.0,1.0,0.0,1.0,0.0,1934.5,3522531.0
0.13305460203584715,0.0,-1.0,0.0,0.13167364543346485,-0.21219025551908366,0.3757214001905754,0.0,0.0,0.0,0.0,1.0,0.0,0.0,0.0,1.0,0.0,0.0,1.0,0.0,0.0,0.0,0.0,0.0,0.0,1.0,1.0,0.0,1.0,0.0,1828.2,4374334.0
1.2468553645876639,0.0,-2.0,-1.0,0.8542309274814498,0.9948896183304369,4.195124143758652,0.0,0.0,0.0,1.0,0.0,0.0,0.0,0.0,0.0,1.0,0.0,0.0,0.0,0.0,1.0,0.0,0.0,0.0,1.0,1.0,0.0,1.0,0.0,2370.6,11229532.0
-0.7687995153876303,-1.0,-2.0,-1.0,-1.5351249396137296,-0.934955268069769,-0.38138472878948587,-1.0,-1.0,1.0,0.0,0.0,0.0,0.0,0.0,1.0,0.0,0.0,0.0,1.0,0.0,0.0,0.0,0.0,1.0,0.0,1.0,0.0,1.0,0.0,4001.3,1978643.0
-0.4519485455690036,-1.0,1.0,-1.0,-0.632768352707871,-0.24818175967046405,-0.6016073065928335,-1.0,-1.0,0.0,1.0,0.0,0.0,0.0,1.0,0.0,0.0,0.0,1.0,0.0,0.0,0.0,0.0,0.0,1.0,0.0,1.0,0.0,1.0,0.0,3233.0,3754806.0
0.16189378912235294,0.0,-1.0,-1.0,0.15817478799080195,-0.1809358305979276,0.40846083313856285,0.0,0.0,0.0,1.0,0.0,0.0,0.0,1.0,0.0,0.0,0.0,1.0,0.0,0.0,0.0,0.0,0.0,0.0,1.0,1.0,0.0,1.0,0.0,1951.3,4787319.0
0.35901699706619494,1.0,-1.0,-1.0,0.3234608513817781,-0.4595996653150545,0.6322432174897971,0.0,1.0,0.0,0.0,0.0,1.0,0.0,0.0,1.0,0.0,0.0,0.0,0.0,0.0,1.0,0.0,0.0,1.0,0.0,1.0,0.0,1.0,0.0,3268.4,9374752.0
-0.3509876352579252,-1.0,2.0,-1.0,-0.45509168663520816,-0.029349295230739526,-0.6184031211233166,-1.0,-1.0,0.0,1.0,0.0,0.0,1.0,0.0,0.0,0.0,0.0,0.0,0.0,1.0,0.0,1.0,0.0,0.0,0.0,1.0,0.0,1.0,0.0,1567.4,2153451.0
0.14930336971885377,1.0,-1.0,0.0,0.14668662843337288,-0.6111175473600653,0.39416767048416973,0.0,1.0,0.0,1.0,0.0,0.0,0.0,0.0,1.0,0.0,0.0,0.0,1.0,0.0,0.0,0.0,0.0,0.0,1.0,1.0,0.0,1.0,0.0,1946.1,4722990.0
0.04292620351343985,-1.0,-1.0,0.0,0.04429644869844082,0.8244577460256162,0.27340393017025943,-1.0,-1.0,1.0,0.0,0.0,0.0,0.0,1.0,0.0,0.0,0.0,1.0,0.0,0.0,0.0,0.0,0.0,1.0,0.0,1.0,0.0,1.0,0.0,3333.0,7342599.0
0.12559537242698168,0.0,0.0,-1.0,0.12470973992250302,-0.22027418420544517,-0.060103198432246714,0.0,0.0,0.0,0.0,1.0,0.0,0.0,1.0,0.0,0.0,0.0,0.0,0.0,0.0,1.0,0.0,0.0,0.0,1.0,1.0,0.0,1.0,0.0,1825.7,4339689.0
0.061503011010678225,-1.0,0.0,0.0,0.06290599713125787,0.8647229194825254,-0.10861005735243875,-1.0,-1.0,0.0,0.0,1.0,0.0,1.0,0.0,0.0,0.0,0.0,0.0,0.0,0.0,1.0,0.0,0.0,0.0,1.0,1.0,0.0,1.0,0.0,1700.5,3812691.0
-0.15647753322801708,-1.0,0.0,-1.0,-0.17925979070194648,0.392250756259252,-0.27358371837974865,-1.0,-1.0,0.0,0.0,0.0,1.0,0.0,1.0,0.0,0.0,1.0,0.0,0.0,0.0,0.0,0.0,0.0,1.0,0.0,1.0,0.0,1.0,0.0,3064.4,5464745.0
0.2673207349954273,0.0,-2.0,-1.0,0.2497707792569181,-0.06667953916457489,1.971108034735082,0.0,0.0,1.0,0.0,0.0,0.0,0.0,0.0,1.0,0.0,0.0,1.0,0.0,0.0,0.0,0.0,0.0,0.0,1.0,1.0,0.0,1.0,0.0,2301.2,6156400.0
-0.014942214726039514,0.0,-2.0,-1.0,-0.01586476351931213,-0.37258157945549353,1.3302349831898022,0.0,0.0,1.0,0.0,0.0,0.0,0.0,0.0,0.0,1.0,0.0,0.0,1.0,0.0,0.0,0.0,0.0,1.0,0.0,1.0,0.0,1.0,0.0,3658.5,7614070.0
-0.5338575382166738,0.0,-2.0,0.0,-0.802659358116044,-0.934955268069769,0.15204688876503483,0.0,0.0,0.0,0.0,1.0,0.0,0.0,0.0,1.0,0.0,0.0,1.0,0.0,0.0,0.0,0.0,0.0,1.0,0.0,1.0,0.0,1.0,0.0,2741.2,2711047.0
-0.3551210937036023,0.0,-1.0,0.0,-0.46180938675653804,-0.7412499195468881,-0.1784757555599503,0.0,0.0,0.0,1.0,0.0,0.0,0.0,0.0,1.0,0.0,1.0,0.0,0.0,0.0,0.0,0.0,0.0,0.0,1.0,1.0,0.0,1.0,0.0,2050.0,2798660.0
-0.11989405043294399,-1.0,-1.0,-1.0,-0.13454913026543847,0.47154534337388154,0.08856367199439062,-1.0,-1.0,0.0,0.0,1.0,0.0,1.0,0.0,0.0,0.0,0.0,1.0,0.0,0.0,0.0,0.0,0.0,1.0,0.0,1.0,0.0,1.0,0.0,2755.1,5125313.0
1.9788575976054448,1.0,0.0,-1.0,1.1521834019646329,0.7107335178391365,1.3424965390769672,0.0,1.0,0.0,0.0,0.0,1.0,0.0,1.0,0.0,0.0,0.0,0.0,0.0,0.0,1.0,0.0,0.0,0.0,1.0,1.0,0.0,1.0,0.0,1947.3,12224565.0
0.8936109560404321,0.0,0.0,0.0,0.6735884471330666,0.6120615305400012,0.521152082846407,0.0,0.0,0.0,0.0,0.0,1.0,0.0,1.0,0.0,0.0,1.0,0.0,0.0,0.0,0.0,0.0,0.0,0.0,1.0,1.0,0.0,1.0,0.0,1657.5,6619226.0
1.7121782613343468,1.0,2.0,0.0,1.0530780782063713,0.518057969148913,0.3184732385250175,0.0,3.0,1.0,0.0,0.0,0.0,0.0,1.0,0.0,0.0,1.0,0.0,0.0,0.0,0.0,0.0,0.0,0.0,1.0,1.0,0.0,0.0,1.0,2145.2,12712821.0
-0.7583946027485121,-1.0,-1.0,-1.0,-1.4893560883320456,-0.9124026517345692,-0.6362884522033043,-1.0,-1.0,1.0,0.0,0.0,0.0,0.0,1.0,0.0,0.0,0.0,1.0,0.0,0.0,0.0,1.0,0.0,0.0,0.0,1.0,0.0,1.0,0.0,1688.2,871786.0
-0.13946858927913897,-1.0,-1.0,1.0,-0.15823706087234843,0.4291175902683914,0.0663418493015228,-1.0,-1.0,0.0,0.0,1.0,0.0,0.0,1.0,0.0,0.0,0.0,1.0,0.0,0.0,0.0,1.0,0.0,0.0,0.0,1.0,0.0,1.0,0.0,1159.9,2109974.0
-0.7395327291515719,-1.0,2.0,0.0,-1.4111200941402096,-0.8715195983780654,-0.7948400783876591,-1.0,-1.0,0.0,1.0,0.0,0.0,0.0,0.0,0.0,1.0,0.0,1.0,0.0,0.0,0.0,0.0,0.0,1.0,0.0,1.0,0.0,1.0,0.0,3541.9,1969651.0
-0.29939067121188706,0.0,0.0,-1.0,-0.3746389722883517,-0.6808521593615242,-0.3817443052084643,0.0,0.0,0.0,1.0,0.0,0.0,0.0,1.0,0.0,0.0,0.0,1.0,0.0,0.0,0.0,0.0,0.0,0.0,1.0,1.0,0.0,1.0,0.0,2125.3,3150757.0
-0.07005499400173396,0.0,0.0,0.0,-0.07652697665431712,-0.43230996974963,-0.2081767677675697,0.0,0.0,0.0,0.0,0.0,1.0,1.0,0.0,0.0,0.0,0.0,0.0,0.0,1.0,0.0,0.0,0.0,0.0,1.0,1.0,0.0,1.0,0.0,1740.1,3419645.0
0.7877089000011879,0.0,0.0,0.0,0.6128237735200013,0.49729033919031973,0.4410024990561118,0.0,1.5,1.0,0.0,0.0,0.0,0.0,1.0,0.0,0.0,0.0,1.0,0.0,0.0,0.0,0.0,0.0,0.0,1.0,0.0,1.0,1.0,0.0,2400.1,9049817.0
2.3759071634735305,1.0,0.0,0.0,1.2844221306444588,0.997601424556435,1.6429945524172522,0.0,1.0,0.0,0.0,1.0,0.0,0.0,1.0,0.0,0.0,0.0,1.0,0.0,0.0,0.0,1.0,0.0,0.0,0.0,1.0,0.0,1.0,0.0,1214.5,8639224.0
0.5874499649606254,1.0,-1.0,0.0,0.48740961929877435,-0.29455707880114157,0.8915697308570503,0.0,3.0,0.0,0.0,0.0,1.0,1.0,0.0,0.0,0.0,0.0,0.0,0.0,0.0,1.0,0.0,0.0,1.0,0.0,1.0,0.0,0.0,1.0,2649.2,9322436.0
-0.18792982622845658,-1.0,-2.0,0.0,-0.21926980933239276,0.3240780073373236,0.9374696607396485,-1.0,-1.0,0.0,0.0,0.0,1.0,0.0,1.0,0.0,0.0,0.0,1.0,0.0,0.0,0.0,0.0,0.0,1.0,0.0,1.0,0.0,1.0,0.0,2674.9,4593071.0
2.162772742929767,1.0,0.0,-1.0,1.2154962987302973,0.843612022913046,1.4816885708635226,0.0,4.5,0.0,1.0,0.0,0.0,1.0,0.0,0.0,0.0,0.0,1.0,0.0,0.0,0.0,0.0,0.0,1.0,0.0,0.0,1.0,0.0,1.0,3413.4,23199628.0
0.07404591939756047,0.0,-2.0,-1.0,0.07528845401053784,-0.276140825127116,1.5322809730137896,0.0,0.0,0.0,0.0,0.0,1.0,0.0,0.0,1.0,0.0,0.0,1.0,0.0,0.0,0.0,0.0,0.0,0.0,1.0,1.0,0.0,1.0,0.0,2083.9,4727327.0
0.6874131439227472,0.0,0.0,0.0,0.5518694270874082,0.3885949668533178,0.3650959170097625,0.0,0.0,0.0,0.0,0.0,1.0,1.0,0.0,0.0,0.0,0.0,0.0,0.0,0.0,1.0,0.0,0.0,0.0,1.0,1.0,0.0,1.0,0.0,1762.0,6271839.0
0.046489529759713204,0.0,2.0,-1.0,0.047891512263534664,-0.3060050202741843,-0.4379101418528972,0.0,0.0,0.0,1.0,0.0,0.0,1.0,0.0,0.0,0.0,0.0,0.0,0.0,1.0,0.0,0.0,0.0,0.0,1.0,1.0,0.0,1.0,0.0,1897.5,4194424.0
-0.5739093252247863,-1.0,-1.0,-1.0,-0.8968416520201299,-0.5125313767136513,-0.42685316696931,-1.0,-1.0,0.0,0.0,1.0,0.0,0.0,1.0,0.0,0.0,0.0,0.0,1.0,0.0,0.0,1.0,0.0,0.0,0.0,1.0,0.0,1.0,0.0,1521.6,1376592.0
0.1945338575382168,1.0,-1.0,0.0,0.18738924574033644,-0.5784385660037332,0.44551518311429134,0.0,1.0,0.0,0.0,1.0,0.0,0.0,0.0,0.0,1.0,0.0,1.0,0.0,0.0,0.0,1.0,0.0,0.0,0.0,1.0,0.0,1.0,0.0,1421.8,3585922.0
-0.4242021118646885,0.0,-1.0,-1.0,-0.5808926382785615,-0.8161163673810904,-0.25689937253914885,0.0,0.0,0.0,0.0,0.0,1.0,0.0,0.0,0.0,1.0,0.0,0.0,0.0,1.0,0.0,0.0,0.0,0.0,1.0,1.0,0.0,1.0,0.0,2066.1,2520229.0
0.6092100105712014,0.0,-1.0,-1.0,0.5017794150647461,0.30384244062560334,0.9162726308408694,0.0,0.0,0.0,0.0,0.0,1.0,0.0,0.0,0.0,1.0,0.0,1.0,0.0,0.0,0.0,0.0,0.0,0.0,1.0,1.0,0.0,1.0,0.0,2051.8,6965656.0
-0.2722143697069756,-1.0,-2.0,1.0,-0.33460191974071274,0.14139151702387845,0.7461030905593211,-1.0,-1.0,0.0,0.0,0.0,1.0,1.0,0.0,0.0,0.0,0.0,1.0,0.0,0.0,0.0,0.0,0.0,0.0,1.0,1.0,0.0,1.0,0.0,1718.6,2646128.0
-0.49960209523583266,-1.0,1.0,0.0,-0.7282649442146407,-0.35147068288601424,-0.6286564427104869,-1.0,-1.0,0.0,0.0,0.0,1.0,0.0,1.0,0.0,0.0,0.0,1.0,0.0,0.0,0.0,0.0,0.0,0.0,1.0,1.0,0.0,1.0,0.0,1894.4,2010148.0
-0.6663657635614256,-1.0,1.0,-1.0,-1.1528309342140588,-0.7129304241488061,-0.7233149350065622,-1.0,-1.0,0.0,0.0,0.0,1.0,0.0,0.0,1.0,0.0,0.0,0.0,1.0,0.0,0.0,0.0,0.0,0.0,1.0,1.0,0.0,1.0,0.0,2337.8,1660072.0
1.0238386525875691,0.0,-1.0,-1.0,0.7438228957077364,0.7531955976057155,1.386976142104601,0.0,0.0,0.0,0.0,0.0,1.0,0.0,0.0,0.0,1.0,0.0,0.0,0.0,0.0,1.0,1.0,0.0,0.0,0.0,1.0,0.0,1.0,0.0,1477.2,6304099.0
-0.23895665807509095,-1.0,0.0,0.0,-0.28758104202802526,0.21347750530990534,-0.3360061847144063,-1.0,-1.0,0.0,0.0,0.0,1.0,1.0,0.0,0.0,0.0,0.0,0.0,1.0,0.0,0.0,0.0,0.0,0.0,1.0,1.0,0.0,1.0,0.0,1822.9,2934322.0
0.4309011652076826,0.0,0.0,1.0,0.3778423714137341,0.11060050202741828,0.1709606084033009,0.0,0.0,0.0,0.0,0.0,1.0,0.0,1.0,0.0,0.0,0.0,1.0,0.0,0.0,0.0,0.0,0.0,1.0,0.0,1.0,0.0,1.0,0.0,2339.5,7064354.0
-0.5707260871114487,-1.0,-1.0,0.0,-0.8890418463311183,-0.505631717834846,-0.4232394239585767,-1.0,-1.0,1.0,0.0,0.0,0.0,0.0,0.0,1.0,0.0,0.0,0.0,1.0,0.0,0.0,0.0,1.0,0.0,0.0,1.0,0.0,1.0,0.0,5377.9,4901418.0
-0.4456295803589455,-1.0,0.0,-1.0,-0.6207285872944585,-0.23448542189611898,-0.49242192697002923,-1.0,-1.0,0.0,0.0,0.0,1.0,0.0,0.0,0.0,1.0,0.0,0.0,0.0,0.0,1.0,1.0,0.0,0.0,0.0,1.0,0.0,1.0,0.0,1713.0,2012261.0
0.7678968060719081,0.0,2.0,-1.0,0.601058089072922,0.4758190126794104,-0.11032164110677618,0.0,1.5,0.0,0.0,0.0,1.0,0.0,0.0,0.0,1.0,0.0,1.0,0.0,0.0,0.0,0.0,0.0,1.0,0.0,0.0,1.0,1.0,0.0,3410.9,12718905.0
1.1673694337874596,1.0,0.0,-1.0,0.8161876035402154,0.12443414644611779,0.728340015461786,0.0,1.0,0.0,1.0,0.0,0.0,0.0,0.0,1.0,0.0,0.0,0.0,0.0,0.0,1.0,0.0,0.0,1.0,0.0,1.0,0.0,1.0,0.0,3187.2,14564548.0
0.17101590431281266,0.0,-1.0,-1.0,0.16642105719947395,-0.1710497522044154,0.4188166340051419,0.0,0.0,0.0,0.0,0.0,1.0,1.0,0.0,0.0,0.0,0.0,0.0,0.0,0.0,1.0,0.0,1.0,0.0,0.0,1.0,0.0,1.0,0.0,3969.5,9814986.0
-0.7465168485942676,-1.0,-2.0,-1.0,-1.439419203101632,-0.8866576559181311,-0.3307923266392189,-1.0,-1.0,0.0,0.0,1.0,0.0,0.0,1.0,0.0,0.0,0.0,0.0,0.0,1.0,0.0,1.0,0.0,0.0,0.0,1.0,0.0,1.0,0.0,1371.5,742530.0
-0.21520114976660193,-1.0,-1.0,-1.0,-0.2552295021511147,0.2649674969427817,-0.019632872476222935,-1.0,-1.0,0.0,0.0,0.0,1.0,0.0,1.0,0.0,0.0,0.0,0.0,0.0,1.0,0.0,0.0,0.0,1.0,0.0,1.0,0.0,1.0,0.0,2900.9,4814624.0
0.7749759475478378,0.0,0.0,-1.0,0.6052771700273625,0.483491021432709,0.4313658510274897,0.0,0.0,0.0,1.0,0.0,0.0,0.0,0.0,1.0,0.0,0.0,0.0,1.0,0.0,0.0,0.0,1.0,0.0,0.0,1.0,0.0,1.0,0.0,4681.6,17526974.0
-0.17054079414664255,1.0,-1.0,-1.0,-0.19696275760936355,-0.8422046298084144,0.03106740259973758,0.0,1.0,0.0,0.0,0.0,1.0,1.0,0.0,0.0,0.0,0.0,1.0,0.0,0.0,0.0,0.0,0.0,1.0,0.0,1.0,0.0,1.0,0.0,3130.7,5490309.0
-0.49076504614507466,-1.0,0.0,-1.0,-0.7098924975170361,-0.3323164059985841,-0.5265816867729813,-1.0,-1.0,1.0,0.0,0.0,0.0,0.0,0.0,1.0,0.0,0.0,0.0,0.0,1.0,0.0,1.0,0.0,0.0,0.0,1.0,0.0,1.0,0.0,1955.6,2111461.0
0.18189592711810068,0.0,0.0,-1.0,0.17617315864572028,-0.15925854412048668,-0.01749339278330118,0.0,0.0,0.0,1.0,0.0,0.0,1.0,0.0,0.0,0.0,0.0,0.0,0.0,1.0,0.0,0.0,0.0,1.0,0.0,1.0,0.0,1.0,0.0,2931.1,7314560.0
-0.3745055884833293,0.0,-1.0,-1.0,-0.4938948040175617,-0.7622578361331017,-0.200481832401431,0.0,0.0,0.0,1.0,0.0,0.0,0.0,1.0,0.0,0.0,0.0,0.0,1.0,0.0,0.0,0.0,0.0,0.0,1.0,1.0,0.0,1.0,0.0,1962.6,2599267.0
-0.6249361570714208,-1.0,0.0,-1.0,-1.03041984082431,-0.6231318787410699,-0.6281260674924938,-1.0,-1.0,0.0,1.0,0.0,0.0,1.0,0.0,0.0,0.0,0.0,0.0,0.0,1.0,0.0,1.0,0.0,0.0,0.0,1.0,0.0,1.0,0.0,1611.1,1284530.0
0.464681498022354,0.0,0.0,-1.0,0.40246357673562505,0.14720988607839333,0.1965264917926683,0.0,0.0,1.0,0.0,0.0,0.0,0.0,1.0,0.0,0.0,0.0,1.0,0.0,0.0,0.0,1.0,0.0,0.0,0.0,1.0,0.0,1.0,0.0,1584.1,4895978.0
-0.5244028459098952,-1.0,0.0,0.0,-0.7815981193411847,-0.40522623415073705,-0.5520396972366551,-1.0,-1.0,0.0,0.0,0.0,1.0,0.0,1.0,0.0,0.0,0.0,1.0,0.0,0.0,0.0,0.0,0.0,0.0,1.0,1.0,0.0,1.0,0.0,1970.9,1988441.0
-0.36105997078072455,0.0,-1.0,1.0,-0.47153652112732575,-0.7476861685009977,-0.1852178134157961,0.0,0.0,1.0,0.0,0.0,0.0,0.0,1.0,0.0,0.0,0.0,1.0,0.0,0.0,0.0,0.0,0.0,0.0,1.0,1.0,0.0,1.0,0.0,2104.4,2846622.0
0.7028067133066481,0.0,0.0,1.0,0.5614559309448439,0.4052777241423698,0.37674619298466405,0.0,0.0,1.0,0.0,0.0,0.0,0.0,0.0,1.0,0.0,0.0,1.0,0.0,0.0,0.0,0.0,0.0,0.0,1.0,1.0,0.0,1.0,0.0,1934.1,6947094.0
0.02943307479421804,1.0,0.0,0.0,0.030571372566229896,-0.6977237132865634,-0.1328814656334837,0.0,1.0,0.0,0.0,0.0,1.0,0.0,0.0,0.0,1.0,0.0,0.0,0.0,0.0,1.0,1.0,0.0,0.0,0.0,1.0,0.0,1.0,0.0,1503.2,3268859.0
-0.41679039327243983,-1.0,0.0,-1.0,-0.5674552548913011,-0.17197657205380704,-0.4705956383380377,-1.0,-1.0,0.0,0.0,0.0,1.0,0.0,1.0,0.0,0.0,0.0,0.0,0.0,0.0,1.0,0.0,0.0,0.0,1.0,1.0,0.0,1.0,0.0,2148.8,2654628.0
-0.08083999477378799,-1.0,-1.0,-1.0,-0.08881585046765923,0.5561948896183303,0.13289944445443272,-1.0,-1.0,0.0,1.0,0.0,0.0,1.0,0.0,0.0,0.0,0.0,0.0,0.0,1.0,0.0,0.0,0.0,1.0,0.0,1.0,0.0,1.0,0.0,3289.0,6388882.0
-0.09575845399151915,0.0,-1.0,1.0,-0.10605326238361855,-0.4601660552230162,0.11596339512054799,0.0,0.0,0.0,1.0,0.0,0.0,0.0,1.0,0.0,0.0,0.0,1.0,0.0,0.0,0.0,0.0,0.0,0.0,1.0,1.0,0.0,1.0,0.0,1658.6,3169750.0
-0.3322682947108359,0.0,0.0,-1.0,-0.4251917521957831,-0.7164832335714747,-0.40662699340177266,0.0,0.0,1.0,0.0,0.0,0.0,0.0,1.0,0.0,0.0,0.0,0.0,1.0,0.0,0.0,0.0,0.0,1.0,0.0,1.0,0.0,1.0,0.0,3273.4,4626296.0
0.020358470620375272,1.0,1.0,-1.0,0.02123963557674241,-0.704280105554483,-0.33351611801298064,0.0,3.0,0.0,1.0,0.0,0.0,1.0,0.0,0.0,0.0,0.0,0.0,0.0,0.0,1.0,0.0,0.0,0.0,1.0,1.0,0.0,0.0,1.0,2011.5,4785788.0
1.3886757491893433,1.0,0.0,0.0,0.9188870460864691,0.28432773379674314,0.8958307114219449,0.0,1.0,0.0,0.0,1.0,0.0,1.0,0.0,0.0,0.0,0.0,0.0,0.0,0.0,1.0,0.0,0.0,0.0,1.0,1.0,0.0,1.0,0.0,1713.2,8626819.0
0.030003206993621905,-1.0,1.0,1.0,0.031154921442538633,0.7964471905773316,-0.32804156703403375,-1.0,-1.0,0.0,1.0,0.0,0.0,0.0,1.0,0.0,0.0,0.0,0.0,1.0,0.0,0.0,0.0,1.0,0.0,0.0,1.0,0.0,1.0,0.0,3968.0,8633574.0
1.147462317824946,0.0,-2.0,-1.0,0.8064416498196343,0.8871725558344596,3.9694539832077806,0.0,0.0,0.0,1.0,0.0,0.0,1.0,0.0,0.0,0.0,0.0,0.0,0.0,0.0,1.0,0.0,0.0,0.0,1.0,1.0,0.0,1.0,0.0,1918.7,8687490.0
0.0027318834554764544,-1.0,-1.0,-1.0,0.002875011193542953,0.7373366801827894,0.22777368260189504,-1.0,-1.0,0.0,1.0,0.0,0.0,0.0,0.0,1.0,0.0,0.0,0.0,0.0,0.0,1.0,0.0,0.0,1.0,0.0,1.0,0.0,1.0,0.0,3232.3,6847304.0
0.38467294603936314,0.0,1.0,0.0,0.34319223693043577,0.060500740168629726,-0.1267237194584778,0.0,0.0,0.0,0.0,0.0,1.0,0.0,1.0,0.0,0.0,0.0,0.0,0.0,1.0,0.0,1.0,0.0,0.0,0.0,1.0,0.0,1.0,0.0,1358.3,3969360.0
0.7125939827297456,0.0,0.0,1.0,0.5675062018439605,0.4158846624187423,0.3841534672156201,0.0,0.0,0.0,0.0,0.0,1.0,1.0,0.0,0.0,0.0,0.0,1.0,0.0,0.0,0.0,0.0,0.0,0.0,1.0,1.0,0.0,1.0,0.0,1529.9,5526764.0
-0.4040099298024728,0.0,1.0,0.0,-0.5446777611030255,-0.794233120937118,-0.5743963610866398,0.0,0.0,0.0,0.0,0.0,1.0,0.0,0.0,1.0,0.0,0.0,1.0,0.0,0.0,0.0,0.0,0.0,1.0,0.0,1.0,0.0,1.0,0.0,2724.4,3439010.0
0.5155657968191377,0.0,0.0,0.0,0.4385024375576568,0.2023556671172041,0.2350371262652596,0.0,0.0,0.0,1.0,0.0,0.0,1.0,0.0,0.0,0.0,1.0,0.0,0.0,0.0,0.0,0.0,0.0,0.0,1.0,1.0,0.0,1.0,0.0,1738.1,5558096.0
-0.30119608984333224,1.0,-1.0,0.0,-0.3773532085693134,-0.936602947802021,-0.1172578702288703,0.0,1.0,0.0,0.0,0.0,1.0,0.0,0.0,1.0,0.0,0.0,0.0,0.0,0.0,1.0,0.0,0.0,1.0,0.0,1.0,0.0,1.0,0.0,3076.6,4549368.0
0.6914040693185735,0.0,0.0,0.0,0.5543631677501755,0.39292012615047944,0.3681163589291814,0.0,0.0,0.0,0.0,0.0,1.0,0.0,0.0,0.0,1.0,0.0,0.0,0.0,1.0,0.0,0.0,0.0,0.0,1.0,1.0,0.0,1.0,0.0,2080.0,7421232.0
-0.7538810561698992,-1.0,1.0,0.0,-1.4701014622373583,-0.9026195533243228,-0.7729904172884341,-1.0,-1.0,0.0,0.0,0.0,1.0,0.0,1.0,0.0,0.0,0.0,0.0,0.0,0.0,1.0,0.0,0.0,0.0,1.0,1.0,0.0,1.0,0.0,1927.2,1013514.0
0.1519639866494045,0.0,1.0,1.0,0.14912472916129804,-0.1916972388491988,-0.258814116970209,0.0,0.0,0.0,0.0,1.0,0.0,0.0,0.0,1.0,0.0,0.0,0.0,0.0,0.0,1.0,0.0,0.0,1.0,0.0,1.0,0.0,1.0,0.0,2411.4,5865730.0
1.9484030359539621,1.0,0.0,-1.0,1.141323911373551,0.6887301280813544,1.3194476906204493,0.0,1.0,0.0,0.0,0.0,1.0,0.0,0.0,1.0,0.0,0.0,1.0,0.0,0.0,0.0,0.0,0.0,0.0,1.0,1.0,0.0,1.0,0.0,2303.7,14314270.0
0.8784549417396159,0.0,0.0,-1.0,0.6651032297033888,0.5956362232091136,0.5096815950809945,0.0,0.0,0.0,0.0,0.0,1.0,0.0,1.0,0.0,0.0,0.0,0.0,0.0,0.0,1.0,0.0,0.0,0.0,1.0,1.0,0.0,1.0,0.0,1933.1,7658169.0
-0.3464740886793123,-1.0,0.0,-1.0,-0.44780464615594534,-0.019566196820493018,-0.417378328329228,-1.0,-1.0,0.0,1.0,0.0,0.0,1.0,0.0,0.0,0.0,0.0,1.0,0.0,0.0,0.0,0.0,0.0,0.0,1.0,1.0,0.0,1.0,0.0,2056.8,2845377.0
-0.4715705954318156,0.0,0.0,1.0,-0.6710526939502758,-0.8674518890390682,-0.5120547994462523,0.0,0.0,0.0,0.0,0.0,1.0,0.0,0.0,1.0,0.0,0.0,0.0,1.0,0.0,0.0,0.0,1.0,0.0,0.0,1.0,0.0,1.0,0.0,3946.0,4419915.0
1.0959603758121415,1.0,-2.0,-1.0,0.7808032396495966,0.07284117482997554,3.8525197317559905,0.0,2.5,1.0,0.0,0.0,0.0,0.0,0.0,0.0,1.0,0.0,0.0,0.0,1.0,0.0,0.0,0.0,1.0,0.0,0.0,1.0,1.0,0.0,4380.4,19358740.0
-0.7497951087408391,-1.0,-1.0,-1.0,-1.4529680187204244,-0.893763274763468,-0.6265259524280397,-1.0,-1.0,0.0,0.0,0.0,1.0,0.0,0.0,1.0,0.0,0.0,1.0,0.0,0.0,0.0,0.0,0.0,0.0,1.0,1.0,0.0,1.0,0.0,2367.2,1265268.0
-0.19591167702010887,-1.0,-1.0,0.0,-0.22966871528713137,0.30677737014867723,0.0022653314395642177,-1.0,-1.0,0.0,0.0,1.0,0.0,0.0,1.0,0.0,0.0,0.0,1.0,0.0,0.0,0.0,0.0,0.0,0.0,1.0,1.0,0.0,1.0,0.0,1862.0,3165959.0
1.1389103348338898,1.0,0.0,0.0,0.802227124693947,0.1038724764540558,0.7068013879649773,0.0,1.0,0.0,0.0,0.0,1.0,1.0,0.0,0.0,0.0,0.0,1.0,0.0,0.0,0.0,0.0,0.0,1.0,0.0,1.0,0.0,1.0,0.0,2525.4,11389049.0
2.3279210366903826,1.0,0.0,0.0,1.2692907339848627,0.962931496856965,1.6066773341004297,0.0,3.0,1.0,0.0,0.0,0.0,0.0,0.0,0.0,1.0,0.0,1.0,0.0,0.0,0.0,0.0,0.0,1.0,0.0,1.0,0.0,0.0,1.0,3638.4,25963916.0
-0.21339573113515678,-1.0,-1.0,0.0,-0.25281075319164276,0.26888073630688025,-0.01758328688804583,-1.0,-1.0,0.0,1.0,0.0,0.0,0.0,0.0,1.0,0.0,0.0,1.0,0.0,0.0,0.0,0.0,0.0,0.0,1.0,1.0,0.0,1.0,0.0,2178.7,3624267.0
1.738641897590004,1.0,-2.0,-1.0,1.0633380094766656,0.5371779193752548,5.311716797612412,0.0,3.0,0.0,0.0,0.0,1.0,0.0,1.0,0.0,0.0,0.0,0.0,0.0,0.0,1.0,0.0,0.0,1.0,0.0,1.0,0.0,0.0,1.0,2982.6,17665865.0
-0.2619995011343253,0.0,-1.0,0.0,-0.31993623271511734,-0.6403295359464505,-0.07276028838028795,0.0,1.5,0.0,0.0,0.0,1.0,0.0,1.0,0.0,0.0,0.0,1.0,0.0,0.0,0.0,0.0,0.0,0.0,1.0,0.0,1.0,1.0,0.0,2013.2,3143008.0
0.4602154624603582,0.0,0.0,0.0,0.3992411255616989,0.14236982686490313,0.19314647345427105,0.0,0.0,0.0,0.0,0.0,1.0,1.0,0.0,0.0,0.0,0.0,0.0,0.0,1.0,0.0,0.0,0.0,0.0,1.0,1.0,0.0,1.0,0.0,1574.4,4851199.0
0.26665558076278956,0.0,-1.0,0.0,0.24921704467838457,-0.06740039904743521,0.527390733715683,0.0,0.0,0.0,1.0,0.0,0.0,0.0,0.0,0.0,1.0,0.0,0.0,1.0,0.0,0.0,1.0,0.0,0.0,0.0,1.0,0.0,1.0,0.0,1616.7,4322894.0
1.80520483187039,1.0,2.0,0.0,1.088713047002776,0.5852695715603612,0.3607162762266051,0.0,3.0,0.0,0.0,1.0,0.0,0.0,0.0,1.0,0.0,0.0,0.0,0.0,0.0,1.0,0.0,0.0,0.0,1.0,1.0,0.0,0.0,1.0,1943.7,11941543.0
-0.13581024099963163,1.0,-1.0,-1.0,-0.15376947172409075,-0.8171118405526594,0.07049495694072384,0.0,1.0,1.0,0.0,0.0,0.0,1.0,0.0,0.0,0.0,0.0,0.0,0.0,1.0,0.0,0.0,0.0,0.0,1.0,1.0,0.0,1.0,0.0,2258.0,4124914.0
0.5063011485788269,0.0,0.0,0.0,0.43203146702562006,0.1923151187487932,0.22802538609517997,0.0,0.0,1.0,0.0,0.0,0.0,1.0,0.0,0.0,0.0,0.0,0.0,0.0,0.0,1.0,0.0,0.0,1.0,0.0,1.0,0.0,1.0,0.0,2975.5,9457032.0
0.8716608663633882,0.0,-1.0,-1.0,0.6612773139956702,0.5882731544056125,1.2142176516064076,0.0,3.5,0.0,0.0,0.0,1.0,1.0,0.0,0.0,0.0,0.0,1.0,0.0,0.0,0.0,0.0,1.0,0.0,0.0,0.0,1.0,0.0,1.0,4831.3,19520590.0
-0.44767255407347556,0.0,0.0,0.0,-0.6246061794641596,-0.8415524232477313,-0.49396810557163645,0.0,0.0,1.0,0.0,0.0,0.0,1.0,0.0,0.0,0.0,0.0,1.0,0.0,0.0,0.0,0.0,0.0,0.0,1.0,1.0,0.0,1.0,0.0,2106.2,2465096.0
1.10337209440439,0.0,-1.0,1.0,0.7845313830251724,0.8393898435991504,1.4772657809100878,0.0,0.0,1.0,0.0,0.0,0.0,0.0,1.0,0.0,0.0,0.0,1.0,0.0,0.0,0.0,0.0,0.0,0.0,1.0,1.0,0.0,1.0,0.0,1903.8,8443353.0
1.019040039909254,0.0,-1.0,-1.0,0.7413159495740682,0.7479951084507948,1.3815285593570772,0.0,0.0,0.0,0.0,0.0,1.0,0.0,0.0,0.0,1.0,0.0,1.0,0.0,0.0,0.0,0.0,0.0,0.0,1.0,1.0,0.0,1.0,0.0,1952.4,8312343.0
0.7679443170885251,0.0,-1.0,-1.0,0.6010864611921316,0.47587050267104325,1.0964743532119163,0.0,0.0,0.0,0.0,0.0,1.0,0.0,0.0,1.0,0.0,0.0,0.0,0.0,1.0,0.0,0.0,0.0,1.0,0.0,1.0,0.0,1.0,0.0,2743.4,10230139.0
-0.3842453468898098,0.0,-1.0,0.0,-0.5103909370948043,-0.7728132844178414,-0.21153880728501812,0.0,0.0,0.0,1.0,0.0,0.0,0.0,1.0,0.0,0.0,0.0,0.0,0.0,0.0,1.0,0.0,0.0,1.0,0.0,1.0,0.0,1.0,0.0,2862.5,3732414.0
-0.051810763620814444,-1.0,-2.0,1.0,-0.0560582167477768,0.6191156593937052,1.2465255928516206,-1.0,-1.0,0.0,0.0,0.0,1.0,1.0,0.0,0.0,0.0,0.0,1.0,0.0,0.0,0.0,0.0,0.0,0.0,1.0,1.0,0.0,1.0,0.0,1712.0,3430163.0
0.8826359112019101,0.0,0.0,0.0,0.6674507828645088,0.6001673424728068,0.5128458675680049,0.0,1.5,0.0,1.0,0.0,0.0,0.0,0.0,1.0,0.0,0.0,0.0,0.0,0.0,1.0,0.0,1.0,0.0,0.0,0.0,1.0,1.0,0.0,4900.7,19457739.0
-0.6104928080198594,-1.0,-2.0,-1.0,-0.9908684864345763,-0.5918259638282809,-0.02195214037863387,-1.0,-1.0,0.0,0.0,0.0,1.0,0.0,0.0,1.0,0.0,0.0,0.0,1.0,0.0,0.0,0.0,0.0,1.0,0.0,1.0,0.0,1.0,0.0,3329.0,2755413.0
1.2147379173545865,0.0,-2.0,-1.0,0.8390232400388882,0.9600823839866123,4.122202045989823,0.0,1.5,0.0,0.0,1.0,0.0,1.0,0.0,0.0,0.0,0.0,0.0,1.0,0.0,0.0,0.0,0.0,1.0,0.0,0.0,1.0,1.0,0.0,2980.2,13915746.0
0.7255644902661808,0.0,-2.0,-1.0,0.5754713519964204,0.4299414301345176,3.0115424030492077,0.0,0.0,0.0,0.0,0.0,1.0,0.0,0.0,1.0,0.0,0.0,1.0,0.0,0.0,0.0,0.0,0.0,0.0,1.0,1.0,0.0,1.0,0.0,1901.5,6921080.0
-0.4484802413559642,0.0,-1.0,-1.0,-0.6261431084965328,-0.8424277531054902,-0.28446090505384647,0.0,0.0,0.0,0.0,1.0,0.0,0.0,1.0,0.0,0.0,0.0,1.0,0.0,0.0,0.0,0.0,0.0,1.0,0.0,1.0,0.0,1.0,0.0,2892.3,3380231.0
-0.35208038864011576,-1.0,1.0,1.0,-0.4568634879436129,-0.03171783484585203,-0.544920084140882,-1.0,-1.0,0.0,1.0,0.0,0.0,0.0,1.0,0.0,0.0,0.0,1.0,0.0,0.0,0.0,1.0,0.0,0.0,0.0,1.0,0.0,1.0,0.0,1450.2,1989094.0
0.9906284519723011,0.0,-1.0,-1.0,0.7263499198787733,0.7172040934543347,1.349274554574711,0.0,1.5,0.0,0.0,1.0,0.0,0.0,0.0,0.0,1.0,0.0,0.0,0.0,0.0,1.0,0.0,0.0,1.0,0.0,0.0,1.0,1.0,0.0,3404.1,14289391.0
-0.09423810145977583,0.0,1.0,-1.0,-0.10428367909352163,-0.4585183754907641,-0.39856349220618104,0.0,0.0,0.0,0.0,0.0,1.0,0.0,0.0,0.0,1.0,0.0,1.0,0.0,0.0,0.0,1.0,0.0,0.0,0.0,1.0,0.0,1.0,0.0,1606.1,3074557.0
0.048342459407775394,0.0,-1.0,0.0,0.04975612990712046,-0.3039969106005021,0.2795526869347909,0.0,1.5,0.0,0.0,0.0,1.0,0.0,0.0,1.0,0.0,0.0,1.0,0.0,0.0,0.0,0.0,1.0,0.0,0.0,0.0,1.0,1.0,0.0,4916.1,10886212.0
-0.07893955410910887,-1.0,0.0,1.0,-0.08664002680656002,0.5603140889489604,-0.21490084680246657,-1.0,-1.0,0.0,0.0,1.0,0.0,0.0,1.0,0.0,0.0,0.0,1.0,0.0,0.0,0.0,0.0,0.0,1.0,0.0,1.0,0.0,1.0,0.0,2493.4,4853403.0
2.002898172013636,1.0,0.0,0.0,1.160677776970047,0.7281028083499603,1.3606911058772766,0.0,1.0,0.0,0.0,1.0,0.0,0.0,1.0,0.0,0.0,0.0,0.0,1.0,0.0,0.0,1.0,0.0,0.0,0.0,1.0,0.0,1.0,0.0,1221.2,7728120.0
0.47936240215700027,0.0,1.0,0.0,0.4129879108015832,0.16312029349295218,-0.07297603423167505,0.0,0.0,0.0,0.0,0.0,1.0,1.0,0.0,0.0,0.0,0.0,1.0,0.0,0.0,0.0,0.0,0.0,1.0,0.0,1.0,0.0,1.0,0.0,2420.3,7555208.0
0.10497559121521315,0.0,0.0,-1.0,0.10521729972167475,-0.24262084057411354,-0.07570881501591119,0.0,0.0,0.0,0.0,0.0,1.0,1.0,0.0,0.0,0.0,0.0,0.0,0.0,1.0,0.0,0.0,0.0,0.0,1.0,1.0,0.0,1.0,0.0,1840.9,4295924.0
-0.7593448230808516,-1.0,-1.0,1.0,-1.4934547218843115,-0.9144622513998842,-0.6373671814602396,-1.0,-1.0,0.0,0.0,0.0,1.0,0.0,0.0,1.0,0.0,0.0,1.0,0.0,0.0,0.0,0.0,0.0,0.0,1.0,1.0,0.0,1.0,0.0,1914.2,984664.0
-0.21287310995237008,0.0,1.0,0.0,-0.2521116195387518,-0.5870888845980564,-0.465903166070369,0.0,0.0,0.0,0.0,1.0,0.0,0.0,1.0,0.0,0.0,0.0,0.0,1.0,0.0,0.0,0.0,0.0,0.0,1.0,1.0,0.0,1.0,0.0,1858.7,3093992.0
0.8292810395410437,0.0,2.0,-1.0,0.6370947635036922,0.5423440818690866,-0.08244727710756722,0.0,0.0,0.0,0.0,1.0,0.0,1.0,0.0,0.0,0.0,0.0,1.0,0.0,0.0,0.0,0.0,0.0,1.0,0.0,1.0,0.0,1.0,0.0,2547.3,9827738.0
-0.33340855910964334,-1.0,0.0,0.0,-0.4269891045950567,0.008753298577588981,-0.40748997680732085,-1.0,-1.0,1.0,0.0,0.0,0.0,1.0,0.0,0.0,0.0,0.0,0.0,0.0,1.0,0.0,0.0,0.0,0.0,1.0,1.0,0.0,1.0,0.0,2222.7,3136007.0
-0.5298191018042306,-1.0,-1.0,-1.0,-0.7936120213285605,-0.41696595224303284,-0.37680012944751073,-1.0,-1.0,0.0,1.0,0.0,0.0,1.0,0.0,0.0,0.0,0.0,0.0,0.0,0.0,1.0,0.0,0.0,1.0,0.0,1.0,0.0,1.0,0.0,3310.6,3302324.0
0.010618712213894769,-1.0,-1.0,-1.0,0.011131486444301812,0.7544313574049043,0.23672713543445822,-1.0,-1.0,0.0,0.0,0.0,1.0,0.0,0.0,1.0,0.0,0.0,0.0,0.0,1.0,0.0,0.0,0.0,0.0,1.0,1.0,0.0,1.0,0.0,2125.1,4537088.0
-0.4664394056371819,-1.0,0.0,0.0,-0.6609067917430737,-0.27959065456651866,-0.508171374121285,-1.0,-1.0,0.0,0.0,0.0,1.0,0.0,1.0,0.0,0.0,0.0,0.0,0.0,1.0,0.0,0.0,0.0,1.0,0.0,1.0,0.0,1.0,0.0,2904.8,3285038.0
0.02781770022924074,0.0,-1.0,-1.0,0.02891623449239385,-0.3262405869859048,0.2562521349849876,0.0,1.5,1.0,0.0,0.0,0.0,0.0,0.0,1.0,0.0,0.0,0.0,0.0,1.0,0.0,0.0,0.0,0.0,1.0,0.0,1.0,1.0,0.0,2795.5,6069590.0
0.7150170445772115,0.0,-2.0,-1.0,0.5689987577495886,0.4185106519920189,2.9875946135452436,0.0,0.0,1.0,0.0,0.0,0.0,0.0,1.0,0.0,0.0,0.0,0.0,0.0,0.0,1.0,0.0,0.0,1.0,0.0,1.0,0.0,1.0,0.0,3349.7,12117875.0
0.039980520483187294,-1.0,-1.0,-1.0,0.041315280688405356,0.8180729870631397,0.27005986947376004,-1.0,-1.0,0.0,0.0,1.0,0.0,1.0,0.0,0.0,0.0,0.0,0.0,0.0,0.0,1.0,0.0,0.0,0.0,1.0,1.0,0.0,1.0,0.0,1971.2,4330332.0
-0.16417431791996756,1.0,-2.0,-1.0,-0.18891187142643343,-0.8376048572225442,0.991406123586415,0.0,2.5,0.0,0.0,0.0,1.0,0.0,1.0,0.0,0.0,0.0,0.0,0.0,1.0,0.0,0.0,0.0,0.0,1.0,0.0,1.0,1.0,0.0,2422.4,4280623.0
-0.06744188808780016,-1.0,-1.0,-1.0,-0.07357084977615831,0.5852352448992727,0.14810952697722088,-1.0,-1.0,0.0,1.0,0.0,0.0,1.0,0.0,0.0,0.0,0.0,0.0,0.0,1.0,0.0,1.0,0.0,0.0,0.0,1.0,0.0,1.0,0.0,1545.5,3045717.0
-0.027247568029836657,-1.0,1.0,0.0,-0.02911083993849112,0.6723563107420996,-0.3605382858992106,-1.0,-1.0,0.0,0.0,1.0,0.0,0.0,1.0,0.0,0.0,0.0,1.0,0.0,0.0,0.0,0.0,0.0,0.0,1.0,1.0,0.0,1.0,0.0,1832.1,3765515.0
-0.5264458196244253,-1.0,2.0,0.0,-0.7861136738971889,-0.4096543734311644,-0.69807806404056,-1.0,-1.0,0.0,0.0,0.0,1.0,0.0,0.0,1.0,0.0,0.0,1.0,0.0,0.0,0.0,0.0,0.0,0.0,1.0,1.0,0.0,1.0,0.0,2059.5,2068974.0
1.9511586749177465,1.0,-1.0,0.0,1.142311115625301,0.6907210744244918,2.439708023947789,0.0,3.0,0.0,1.0,0.0,0.0,0.0,0.0,1.0,0.0,0.0,1.0,0.0,0.0,0.0,0.0,0.0,1.0,0.0,1.0,0.0,0.0,1.0,3216.2,20452834.0
0.4984143198204084,1.0,-2.0,-1.0,0.42649149433533945,-0.35888524168114844,2.495801945308426,0.0,1.0,0.0,1.0,0.0,0.0,0.0,1.0,0.0,0.0,0.0,0.0,0.0,1.0,0.0,0.0,1.0,0.0,0.0,1.0,0.0,1.0,0.0,4654.6,14716449.0
-0.1512513214001495,-1.0,0.0,-1.0,-0.17275573376453643,0.4035785544184848,-0.2696283777709857,-1.0,-1.0,1.0,0.0,0.0,0.0,0.0,1.0,0.0,0.0,0.0,1.0,0.0,0.0,0.0,0.0,0.0,0.0,1.0,1.0,0.0,1.0,0.0,2403.6,4312779.0
0.039695454383485256,0.0,-2.0,-1.0,0.04102633437661101,-0.3133680890776857,1.454288847737365,0.0,0.0,0.0,0.0,0.0,1.0,0.0,1.0,0.0,0.0,0.0,0.0,0.0,1.0,0.0,0.0,0.0,1.0,0.0,1.0,0.0,1.0,0.0,2902.2,6373812.0
1.1483650271406682,0.0,-1.0,1.0,0.8068855385914616,0.8881508656754842,1.5283436112259756,0.0,0.0,0.0,0.0,0.0,1.0,0.0,1.0,0.0,0.0,0.0,0.0,0.0,0.0,1.0,0.0,0.0,0.0,1.0,1.0,0.0,1.0,0.0,1581.4,7163268.0
-0.7528833248209427,-1.0,1.0,-1.0,-1.4658920461242622,-0.9004569736757418,-0.772424084428543,-1.0,-1.0,0.0,0.0,0.0,1.0,0.0,0.0,1.0,0.0,0.0,0.0,1.0,0.0,0.0,0.0,0.0,0.0,1.0,1.0,0.0,1.0,0.0,2470.1,1304213.0
-0.1355251748999297,-1.0,1.0,-1.0,-0.15342213868874066,0.4376649288794491,-0.42199888531310104,-1.0,1.0,0.0,0.0,0.0,1.0,1.0,0.0,0.0,0.0,0.0,0.0,0.0,0.0,1.0,0.0,1.0,0.0,0.0,1.0,0.0,0.0,1.0,4343.7,8387677.0
-0.05793968476440455,0.0,2.0,-1.0,-0.06289037500178969,-0.4191800218832465,-0.4853310799877743,0.0,0.0,0.0,1.0,0.0,0.0,0.0,1.0,0.0,0.0,0.0,1.0,0.0,0.0,0.0,0.0,0.0,0.0,1.0,1.0,0.0,1.0,0.0,2005.0,3991354.0
0.5891128505422196,0.0,-1.0,-1.0,0.488514660051745,0.28206217416489654,0.8934575070566871,0.0,0.0,0.0,1.0,0.0,0.0,0.0,0.0,0.0,1.0,0.0,1.0,0.0,0.0,0.0,0.0,0.0,1.0,0.0,1.0,0.0,1.0,0.0,3489.3,11698227.0
-0.1582354408428453,1.0,0.0,-1.0,-0.1814565339987397,-0.8333140245864712,-0.27491415112996886,0.0,1.0,0.0,0.0,0.0,1.0,1.0,0.0,0.0,0.0,0.0,0.0,0.0,0.0,1.0,0.0,0.0,0.0,1.0,1.0,0.0,1.0,0.0,1957.7,3483923.0
0.4856813673670584,0.0,2.0,0.0,0.4174857799813848,0.1699684623801248,-0.23847467683069334,0.0,0.0,0.0,0.0,0.0,1.0,1.0,0.0,0.0,0.0,0.0,0.0,1.0,0.0,0.0,0.0,0.0,0.0,1.0,1.0,0.0,1.0,0.0,1692.6,5306132.0
-0.4309486762242994,0.0,1.0,-1.0,-0.5932742372227561,-0.8234279461929589,-0.5896873483036982,0.0,0.0,0.0,1.0,0.0,0.0,0.0,1.0,0.0,0.0,0.0,0.0,0.0,1.0,0.0,0.0,1.0,0.0,0.0,1.0,0.0,1.0,0.0,4844.7,5840770.0
-0.5701559549120451,0.0,0.0,-1.0,-0.8876509161939192,-0.9742936216772866,-0.5866669063842792,0.0,1.5,0.0,1.0,0.0,0.0,0.0,1.0,0.0,0.0,0.0,1.0,0.0,0.0,0.0,0.0,0.0,0.0,1.0,0.0,1.0,1.0,0.0,2374.9,2167334.0
-0.5684930693304509,-1.0,2.0,-1.0,-0.8836044476036764,-0.5007916586213556,-0.7171715718883154,-1.0,-1.0,0.0,0.0,0.0,1.0,1.0,0.0,0.0,0.0,0.0,1.0,0.0,0.0,0.0,0.0,0.0,1.0,0.0,1.0,0.0,1.0,0.0,3042.1,2786868.0
-0.27183428157403977,0.0,0.0,-1.0,-0.33405256362669766,-0.6509879642144559,-0.3608888729077146,0.0,0.0,0.0,0.0,0.0,1.0,0.0,0.0,1.0,0.0,0.0,0.0,0.0,0.0,1.0,0.0,0.0,1.0,0.0,1.0,0.0,1.0,0.0,3143.8,4843024.0
0.41089902721193494,1.0,1.0,0.0,0.362988902016368,-0.4221149514063205,-0.1118372557127703,0.0,3.0,0.0,0.0,0.0,1.0,1.0,0.0,0.0,0.0,0.0,1.0,0.0,0.0,0.0,0.0,0.0,0.0,1.0,1.0,0.0,0.0,1.0,1885.0,6062588.0
0.09689871839032688,0.0,-1.0,0.0,0.09748306658330431,-0.25137413915170254,0.33467575196418614,0.0,0.0,0.0,0.0,1.0,0.0,0.0,0.0,1.0,0.0,0.0,1.0,0.0,0.0,0.0,0.0,0.0,0.0,1.0,1.0,0.0,1.0,0.0,1810.6,4194436.0
-0.03622715017044555,-1.0,0.0,0.0,-0.03888261944044538,0.6528930939048723,-0.1825749267363045,-1.0,-1.0,0.0,0.0,0.0,1.0,0.0,0.0,0.0,1.0,0.0,0.0,0.0,0.0,1.0,1.0,0.0,0.0,0.0,1.0,0.0,1.0,0.0,1535.9,3127707.0
1.5865116223824398,1.0,1.0,1.0,1.002951644353968,0.42726395056960786,0.5554646626274248,0.0,1.0,0.0,0.0,0.0,1.0,0.0,1.0,0.0,0.0,0.0,0.0,0.0,1.0,0.0,0.0,0.0,0.0,1.0,1.0,0.0,1.0,0.0,1620.0,8832078.0
0.06710931097148172,-1.0,0.0,0.0,0.06845849415197665,0.8768745575078845,-0.10436705560849306,-1.0,-1.0,0.0,0.0,0.0,1.0,1.0,0.0,0.0,0.0,0.0,0.0,0.0,0.0,1.0,0.0,0.0,0.0,1.0,1.0,0.0,1.0,0.0,1695.6,3821713.0
-0.3487071064603103,-1.0,-1.0,1.0,-0.45140354224315465,-0.024406256033983442,-0.1711943330756368,-1.0,-1.0,0.0,1.0,0.0,0.0,0.0,0.0,1.0,0.0,0.0,0.0,1.0,0.0,0.0,0.0,0.0,0.0,1.0,1.0,0.0,1.0,0.0,1934.3,2666819.0
1.0956753097124399,1.0,-1.0,-1.0,0.7806595869002937,0.07263521486344422,1.4685280739289117,0.0,2.5,0.0,0.0,0.0,1.0,0.0,1.0,0.0,0.0,0.0,0.0,0.0,0.0,1.0,0.0,0.0,1.0,0.0,0.0,1.0,1.0,0.0,3548.0,15677902.0
-0.5394638381774772,-1.0,0.0,0.0,-0.8153488071279922,-0.43787088884598063,-0.5634382697182717,-1.0,-1.0,1.0,0.0,0.0,0.0,0.0,1.0,0.0,0.0,0.0,0.0,1.0,0.0,0.0,0.0,0.0,0.0,1.0,1.0,0.0,1.0,0.0,2320.2,2267299.0
-0.6496418857122493,-1.0,0.0,0.0,-1.1017012453890636,-0.6766814700392613,-0.6468240412793729,-1.0,-1.0,1.0,0.0,0.0,0.0,1.0,0.0,0.0,0.0,0.0,0.0,0.0,1.0,0.0,0.0,0.0,0.0,1.0,1.0,0.0,1.0,0.0,2263.6,1687061.0
0.26950624175980825,0.0,2.0,-1.0,0.2515881555557652,-0.06431099954946262,-0.3366390392118084,0.0,0.0,0.0,0.0,0.0,1.0,0.0,0.0,1.0,0.0,0.0,0.0,0.0,0.0,1.0,0.0,0.0,0.0,1.0,1.0,0.0,1.0,0.0,1907.1,5110837.0
0.9546626123932488,1.0,-1.0,-1.0,0.7070959368082832,-0.029246315247473866,1.3084446521997086,0.0,1.0,0.0,0.0,0.0,1.0,0.0,1.0,0.0,0.0,0.0,0.0,1.0,0.0,0.0,0.0,0.0,0.0,1.0,1.0,0.0,1.0,0.0,1977.1,8149606.0
-0.07699160242781282,-1.0,0.0,0.0,-0.08441444058066214,0.5645362682628562,-0.21342658348465507,-1.0,-1.0,0.0,0.0,1.0,0.0,1.0,0.0,0.0,0.0,0.0,1.0,0.0,0.0,0.0,1.0,0.0,0.0,0.0,1.0,0.0,1.0,0.0,1330.4,2595078.0
-0.08791913624971777,-1.0,1.0,0.0,-0.09696039174955655,0.5408508721117331,-0.39497671742687107,-1.0,-1.0,1.0,0.0,0.0,0.0,0.0,0.0,1.0,0.0,0.0,0.0,0.0,1.0,0.0,0.0,0.0,0.0,1.0,1.0,0.0,1.0,0.0,2256.3,4349244.0
-0.442588875295459,-1.0,-1.0,-1.0,-0.6149834705410818,-0.22789470296711095,-0.2777727836608475,-1.0,-1.0,0.0,1.0,0.0,0.0,0.0,0.0,1.0,0.0,0.0,0.0,0.0,0.0,1.0,0.0,0.0,0.0,1.0,1.0,0.0,1.0,0.0,2403.3,2838538.0
1.2040479386157665,0.0,0.0,1.0,0.8339126451592103,0.9484971358692151,0.7560993150069216,0.0,0.0,1.0,0.0,0.0,0.0,0.0,1.0,0.0,0.0,0.0,1.0,0.0,0.0,0.0,0.0,0.0,0.0,1.0,1.0,0.0,1.0,0.0,1903.9,8847233.0
1.2811108075685051,1.0,0.0,-1.0,0.8702136714495342,0.20661217309218866,0.8144226101652255,0.0,1.0,0.0,1.0,0.0,0.0,0.0,1.0,0.0,0.0,0.0,0.0,0.0,1.0,0.0,0.0,1.0,0.0,0.0,1.0,0.0,1.0,0.0,4792.3,23046650.0
0.1439821358577521,0.0,-1.0,-1.0,0.14179351083760577,-0.2003475574435221,0.38812678664533173,0.0,0.0,1.0,0.0,0.0,0.0,1.0,0.0,0.0,0.0,0.0,1.0,0.0,0.0,0.0,1.0,0.0,0.0,0.0,1.0,0.0,1.0,0.0,1567.9,3787576.0
-0.07110023636730749,0.0,0.0,1.0,-0.07771174340205914,-0.4334427495655533,-0.20896783588932227,0.0,0.0,0.0,0.0,1.0,0.0,0.0,1.0,0.0,0.0,0.0,1.0,0.0,0.0,0.0,0.0,0.0,1.0,0.0,1.0,0.0,1.0,0.0,2191.5,4301914.0
-0.09542587687520028,0.0,1.0,0.0,-0.10566591311407973,-0.45980562528158603,-0.3992376979917656,0.0,0.0,1.0,0.0,0.0,0.0,0.0,1.0,0.0,0.0,0.0,0.0,0.0,1.0,0.0,0.0,0.0,0.0,1.0,1.0,0.0,1.0,0.0,2091.3,3998147.0
-0.5364231331139907,-1.0,0.0,-1.0,-0.8084475176341087,-0.43128016991697243,-0.5611369806368097,-1.0,-1.0,0.0,0.0,0.0,1.0,0.0,0.0,1.0,0.0,0.0,0.0,0.0,1.0,0.0,0.0,1.0,0.0,0.0,1.0,0.0,1.0,0.0,5288.3,5201572.0
-0.22992956491786512,0.0,-1.0,-1.0,-0.27517067183867994,-0.605573791594259,-0.03635317595872055,0.0,0.0,0.0,1.0,0.0,0.0,1.0,0.0,0.0,0.0,0.0,0.0,0.0,0.0,1.0,0.0,0.0,0.0,1.0,1.0,0.0,1.0,0.0,2029.7,3305772.0
-0.2803387535484789,-1.0,0.0,0.0,-0.3464131223388313,0.12378193988543458,-0.3673252908074288,-1.0,-1.0,1.0,0.0,0.0,0.0,0.0,0.0,1.0,0.0,0.0,0.0,0.0,1.0,0.0,0.0,0.0,0.0,1.0,1.0,0.0,1.0,0.0,2526.8,3847306.0
0.2501217469800811,0.0,-1.0,0.0,0.2353588402683238,-0.08531891613567627,0.5086208446450081,0.0,0.0,0.0,0.0,0.0,1.0,1.0,0.0,0.0,0.0,1.0,0.0,0.0,0.0,0.0,0.0,1.0,0.0,0.0,1.0,0.0,1.0,0.0,3728.2,9839093.0
-0.022638999417989872,-1.0,-1.0,0.0,-0.024130514493320772,0.6823453691188774,0.19897161144172168,-1.0,-1.0,0.0,0.0,0.0,1.0,0.0,1.0,0.0,0.0,1.0,0.0,0.0,0.0,0.0,0.0,0.0,0.0,1.0,1.0,0.0,1.0,0.0,2043.0,4218795.0
0.1624639213217566,0.0,0.0,-1.0,0.15869206662938845,-0.18031795069833315,-0.032200068319519624,0.0,0.0,0.0,0.0,0.0,1.0,1.0,0.0,0.0,0.0,0.0,0.0,0.0,1.0,0.0,1.0,0.0,0.0,0.0,1.0,0.0,1.0,0.0,1371.0,3365257.0
-0.14892328158591753,-1.0,-1.0,-1.0,-0.16987129158620032,0.40862457359850674,0.05560849319501634,-1.0,-1.0,0.0,0.0,1.0,0.0,0.0,1.0,0.0,0.0,0.0,1.0,0.0,0.0,0.0,0.0,0.0,1.0,0.0,1.0,0.0,1.0,0.0,2823.9,5080761.0
0.09951182430426067,-1.0,0.0,0.0,0.09999150925670205,0.9471069060951276,-0.07984394383416334,-1.0,-1.0,0.0,0.0,1.0,0.0,1.0,0.0,0.0,0.0,0.0,1.0,0.0,0.0,0.0,0.0,0.0,0.0,1.0,1.0,0.0,1.0,0.0,1668.0,3873263.0
0.09452316755947798,-1.0,1.0,1.0,0.0951974930190444,0.9362940078522235,-0.2914187087610794,-1.0,-1.0,0.0,0.0,0.0,1.0,0.0,0.0,0.0,1.0,0.0,0.0,1.0,0.0,0.0,0.0,1.0,0.0,0.0,1.0,0.0,1.0,0.0,4342.8,10038816.0
1.9464550842726658,1.0,-2.0,0.0,1.1406255040874917,0.6873227349767222,5.783552974595925,0.0,2.5,0.0,0.0,0.0,1.0,0.0,1.0,0.0,0.0,0.0,0.0,0.0,0.0,1.0,0.0,0.0,1.0,0.0,0.0,1.0,1.0,0.0,3262.5,20258494.0
-0.7279875521136461,-1.0,0.0,-1.0,-1.365938246934399,-0.8464954624444875,-0.7061181927689181,-1.0,-1.0,0.0,1.0,0.0,0.0,1.0,0.0,0.0,0.0,0.0,0.0,0.0,0.0,1.0,0.0,0.0,0.0,1.0,1.0,0.0,1.0,0.0,2145.8,1245422.0
-0.4243446449145394,-1.0,0.0,-1.0,-0.5811527290168643,-0.1883503893930618,-0.47631290339979493,-1.0,-1.0,0.0,1.0,0.0,0.0,0.0,0.0,0.0,1.0,0.0,1.0,0.0,0.0,0.0,0.0,0.0,1.0,0.0,1.0,0.0,1.0,0.0,3691.3,4501540.0
-0.3555962038697721,0.0,-1.0,0.0,-0.462584275756797,-0.7417648194632169,-0.17901512018841795,0.0,0.0,1.0,0.0,0.0,0.0,0.0,0.0,1.0,0.0,0.0,1.0,0.0,0.0,0.0,0.0,0.0,1.0,0.0,1.0,0.0,1.0,0.0,3332.7,4546469.0
0.38248743927498197,1.0,0.0,-1.0,0.34152567617597906,-0.44264229473729394,0.1343197713093975,0.0,4.5,0.0,0.0,1.0,0.0,1.0,0.0,0.0,0.0,0.0,0.0,0.0,0.0,1.0,0.0,1.0,0.0,0.0,0.0,1.0,0.0,1.0,4973.6,14961473.0
-0.5328122958511002,-1.0,-1.0,-1.0,-0.8003102653415588,-0.42345369118877524,-0.38019812660685703,-1.0,-1.0,1.0,0.0,0.0,0.0,0.0,0.0,1.0,0.0,0.0,0.0,0.0,1.0,0.0,0.0,0.0,0.0,1.0,1.0,0.0,1.0,0.0,2621.0,2597935.0
-0.6760104999346722,-1.0,1.0,-1.0,-1.1834811926664395,-0.733835360751754,-0.7287894859855089,-1.0,-1.0,0.0,1.0,0.0,0.0,0.0,0.0,1.0,0.0,0.0,1.0,0.0,0.0,0.0,0.0,0.0,0.0,1.0,1.0,0.0,1.0,0.0,2344.9,1617512.0
0.8951788195887924,0.0,-1.0,0.0,0.6744623576563661,0.6137607002638862,1.2409162007155572,0.0,0.0,0.0,0.0,1.0,0.0,0.0,0.0,0.0,1.0,0.0,0.0,0.0,0.0,1.0,0.0,0.0,1.0,0.0,1.0,0.0,1.0,0.0,2945.3,11771775.0
1.777600931215926,1.0,0.0,0.0,1.078263662463005,0.5653257814678939,1.1901799679976988,0.0,1.0,0.0,0.0,1.0,0.0,1.0,0.0,0.0,0.0,0.0,1.0,0.0,0.0,0.0,0.0,0.0,1.0,0.0,1.0,0.0,1.0,0.0,2563.6,15007571.0
0.07922462020881113,-1.0,2.0,1.0,0.08035894784355617,0.9031344532406513,-0.42304525269232834,-1.0,-1.0,0.0,0.0,1.0,0.0,0.0,1.0,0.0,0.0,0.0,0.0,1.0,0.0,0.0,0.0,0.0,0.0,1.0,1.0,0.0,1.0,0.0,1564.9,3567033.0
-0.4896247817462673,0.0,-2.0,0.0,-0.707544924630055,-0.8870180858595612,0.2524765825857139,0.0,0.0,0.0,1.0,0.0,0.0,0.0,1.0,0.0,0.0,0.0,1.0,0.0,0.0,0.0,0.0,0.0,0.0,1.0,1.0,0.0,1.0,0.0,1833.5,1984030.0
0.11856374196766883,-1.0,-1.0,0.0,0.1181028110411323,0.9884018793846944,0.35927077902231164,-1.0,-1.0,0.0,1.0,0.0,0.0,0.0,1.0,0.0,0.0,0.0,0.0,0.0,0.0,1.0,1.0,0.0,0.0,0.0,1.0,0.0,1.0,0.0,1489.9,3519442.0
0.47907733605729846,0.0,1.0,0.0,0.4127845480503506,0.16281135354315496,-0.07313784362021533,0.0,0.0,0.0,1.0,0.0,0.0,1.0,0.0,0.0,0.0,0.0,0.0,0.0,0.0,1.0,1.0,0.0,0.0,0.0,1.0,0.0,1.0,0.0,1290.1,4026402.0
-0.2773455595016092,0.0,0.0,0.0,-0.342046274865086,-0.6569608032438695,-0.3650599593678645,0.0,2.0,0.0,0.0,0.0,1.0,0.0,0.0,0.0,1.0,0.0,1.0,0.0,0.0,0.0,0.0,1.0,0.0,0.0,1.0,0.0,0.0,1.0,4659.8,7574368.0
1.5465073463909444,1.0,2.0,-1.0,0.9864831399438192,0.39836090193302004,0.2432426601463476,0.0,1.0,0.0,0.0,1.0,0.0,1.0,0.0,0.0,0.0,0.0,1.0,0.0,0.0,0.0,0.0,0.0,0.0,1.0,1.0,0.0,1.0,0.0,2010.0,10789077.0
1.8538086018695585,1.0,2.0,-1.0,1.106864773798527,0.6203857458539828,0.38278707682350205,0.0,3.0,1.0,0.0,0.0,0.0,1.0,0.0,0.0,0.0,0.0,0.0,0.0,0.0,1.0,0.0,0.0,0.0,1.0,1.0,0.0,0.0,1.0,2275.7,14137198.0
0.6135335130833464,0.0,0.0,-1.0,0.5046114593755564,0.30852802986419503,0.30918178385861467,0.0,0.0,0.0,1.0,0.0,0.0,1.0,0.0,0.0,0.0,0.0,0.0,0.0,0.0,1.0,1.0,0.0,0.0,0.0,1.0,0.0,1.0,0.0,1394.8,4747899.0
-0.256203157107054,1.0,1.0,1.0,-0.3117038099610679,-0.9040955997511317,-0.4904981931284945,0.0,1.0,0.0,0.0,0.0,1.0,0.0,0.0,1.0,0.0,0.0,1.0,0.0,0.0,0.0,0.0,0.0,0.0,1.0,1.0,0.0,1.0,0.0,1783.5,2806159.0
-0.09552089890843427,0.0,-1.0,1.0,-0.10577656986749946,-0.4599086052648518,0.11623307743478181,0.0,0.0,1.0,0.0,0.0,0.0,1.0,0.0,0.0,0.0,0.0,1.0,0.0,0.0,0.0,0.0,1.0,0.0,0.0,1.0,0.0,1.0,0.0,4452.7,8511781.0
-0.3518428335570309,-1.0,0.0,0.0,-0.4564780613230536,-0.031202934929523262,-0.42144154186368454,-1.0,-1.0,0.0,1.0,0.0,0.0,1.0,0.0,0.0,0.0,0.0,0.0,0.0,1.0,0.0,0.0,1.0,0.0,0.0,1.0,0.0,1.0,0.0,4658.6,6392065.0
0.019455761304652645,-1.0,-2.0,0.0,0.02030683176106261,0.7735856342923343,1.4083349813919201,-1.0,-1.0,0.0,1.0,0.0,0.0,0.0,1.0,0.0,0.0,0.0,1.0,0.0,0.0,0.0,1.0,0.0,0.0,0.0,1.0,0.0,1.0,0.0,1512.1,3256459.0
0.053901248351961736,0.0,1.0,-1.0,0.05533035126603311,-0.2979725815794556,-0.31447654662807206,0.0,0.0,1.0,0.0,0.0,0.0,0.0,1.0,0.0,0.0,0.0,0.0,1.0,0.0,0.0,0.0,0.0,1.0,0.0,1.0,0.0,1.0,0.0,3239.0,7210338.0
1.9557197325129765,1.0,0.0,1.0,1.1439430879752517,0.6940164338889963,1.324985167472717,0.0,3.0,0.0,1.0,0.0,0.0,1.0,0.0,0.0,0.0,0.0,0.0,0.0,1.0,0.0,0.0,0.0,0.0,1.0,1.0,0.0,0.0,1.0,1782.1,11550701.0
-0.7860460144195933,-1.0,-2.0,1.0,-1.615639402944915,-0.9723370019952372,-0.4205426008162384,-1.0,-1.0,0.0,0.0,1.0,0.0,0.0,0.0,1.0,0.0,0.0,0.0,1.0,0.0,0.0,0.0,0.0,0.0,1.0,1.0,0.0,1.0,0.0,1720.6,788379.0
0.7120713615469589,1.0,0.0,0.0,0.5671840018535371,-0.20451824676578503,0.38375793315474366,0.0,1.0,0.0,0.0,1.0,0.0,0.0,1.0,0.0,0.0,0.0,0.0,0.0,0.0,1.0,0.0,0.0,1.0,0.0,1.0,0.0,1.0,0.0,2611.9,9432616.0
-0.4297609008088749,-1.0,-1.0,0.0,-0.5910838447109049,-0.20009010748535772,-0.26320993869222054,-1.0,-1.0,0.0,1.0,0.0,0.0,0.0,0.0,1.0,0.0,0.0,1.0,0.0,0.0,0.0,0.0,0.0,0.0,1.0,1.0,0.0,1.0,0.0,2182.1,2636195.0
1.380931453480776,1.0,0.0,0.0,0.915456547288807,0.2787324880393039,0.8899696157925963,0.0,1.0,0.0,0.0,0.0,1.0,0.0,0.0,1.0,0.0,0.0,0.0,0.0,1.0,0.0,0.0,0.0,0.0,1.0,1.0,0.0,1.0,0.0,1806.4,9066683.0
-0.6314451663479468,-1.0,0.0,-1.0,-1.0487388809655434,-0.6372401364484779,-0.6330522644324984,-1.0,-1.0,1.0,0.0,0.0,0.0,0.0,1.0,0.0,0.0,0.0,1.0,0.0,0.0,0.0,0.0,0.0,0.0,1.0,1.0,0.0,1.0,0.0,2655.0,2080458.0
1.497666021308691,1.0,1.0,-1.0,0.9660229215698217,0.3630730943339552,0.5050340698656981,0.0,1.0,0.0,0.0,0.0,1.0,1.0,0.0,0.0,0.0,0.0,1.0,0.0,0.0,0.0,0.0,0.0,1.0,0.0,1.0,0.0,1.0,0.0,2770.2,14584826.0
-0.36300792246202074,0.0,2.0,0.0,-0.4747465927837475,-0.7497972581579457,-0.6238614911634094,0.0,1.5,0.0,0.0,1.0,0.0,0.0,0.0,1.0,0.0,0.0,0.0,0.0,0.0,1.0,1.0,0.0,0.0,0.0,0.0,1.0,1.0,0.0,1491.0,2010763.0
0.9174139753655379,0.0,0.0,0.0,0.6867789301503199,0.6378580163480722,0.5391668614372268,0.0,0.0,0.0,1.0,0.0,0.0,1.0,0.0,0.0,0.0,0.0,0.0,0.0,1.0,0.0,0.0,0.0,0.0,1.0,1.0,0.0,1.0,0.0,1778.6,7191947.0
-0.14146405197705195,-1.0,0.0,-1.0,-0.16068190058104423,0.42479243097123,-0.26222110354002975,-1.0,-1.0,0.0,0.0,0.0,1.0,0.0,0.0,1.0,0.0,0.0,0.0,1.0,0.0,0.0,0.0,0.0,0.0,1.0,1.0,0.0,1.0,0.0,2097.5,3806753.0
0.8724685536458767,0.0,0.0,-1.0,0.661732868226432,0.5891484842633712,0.5051509322018661,0.0,0.0,0.0,1.0,0.0,0.0,0.0,0.0,1.0,0.0,0.0,0.0,0.0,1.0,0.0,0.0,0.0,0.0,1.0,1.0,0.0,1.0,0.0,2154.4,8507726.0
-0.3044268389732867,1.0,-1.0,0.0,-0.38222770601130107,-0.9389371607560447,-0.1209255497024504,0.0,1.0,0.0,0.0,1.0,0.0,0.0,0.0,0.0,1.0,0.0,0.0,0.0,1.0,0.0,0.0,0.0,1.0,0.0,1.0,0.0,1.0,0.0,2966.9,4366980.0
0.9506716869974229,0.0,-1.0,-1.0,0.7049376780173131,0.6739010104910859,1.3039139893205804,0.0,0.0,0.0,1.0,0.0,0.0,0.0,1.0,0.0,0.0,0.0,1.0,0.0,0.0,0.0,1.0,0.0,0.0,0.0,1.0,0.0,1.0,0.0,1419.2,5838021.0
-0.10977420389352768,-1.0,-2.0,0.0,-0.12250751268441946,0.4934800798094868,1.1149206235055102,-1.0,-1.0,0.0,0.0,0.0,1.0,0.0,0.0,1.0,0.0,0.0,1.0,0.0,0.0,0.0,0.0,0.0,1.0,0.0,1.0,0.0,1.0,0.0,2802.1,5272431.0
0.12051169364896511,-1.0,-1.0,0.0,0.11993724339034498,0.9926240586985906,0.36148217399902927,-1.0,-1.0,1.0,0.0,0.0,0.0,0.0,0.0,1.0,0.0,0.0,0.0,0.0,1.0,0.0,0.0,0.0,0.0,1.0,1.0,0.0,1.0,0.0,2271.2,5374341.0
0.8751291705764275,0.0,0.0,0.0,0.6632321319911806,0.5920319237948123,0.5071645601481455,0.0,0.0,0.0,0.0,0.0,1.0,1.0,0.0,0.0,0.0,0.0,1.0,0.0,0.0,0.0,0.0,0.0,0.0,1.0,1.0,0.0,1.0,0.0,1620.2,6407243.0
1.5634212683065887,1.0,0.0,-1.0,0.993477366578129,0.41058119328055614,1.0280829183222164,0.0,1.0,0.0,0.0,0.0,1.0,0.0,1.0,0.0,0.0,0.0,0.0,1.0,0.0,0.0,0.0,0.0,1.0,0.0,1.0,0.0,1.0,0.0,3005.7,16240699.0
1.121093703602523,0.0,-2.0,0.0,0.7933925836184189,0.8585956104782133,3.90958450944787,0.0,0.0,0.0,0.0,0.0,1.0,0.0,1.0,0.0,0.0,0.0,0.0,0.0,1.0,0.0,0.0,0.0,1.0,0.0,1.0,0.0,1.0,0.0,2591.3,11589071.0
0.3969307883265433,0.0,1.0,0.0,0.35249113852812597,0.07378515800991169,-0.119765915751245,0.0,2.0,0.0,1.0,0.0,0.0,0.0,0.0,0.0,1.0,0.0,0.0,0.0,0.0,1.0,0.0,1.0,0.0,0.0,1.0,0.0,0.0,1.0,4648.0,14152769.0
0.6748227245192481,1.0,1.0,0.0,0.5439635349941135,-0.23143034905923496,0.03797126984412367,0.0,1.0,0.0,0.0,0.0,1.0,0.0,0.0,1.0,0.0,0.0,0.0,0.0,1.0,0.0,0.0,0.0,0.0,1.0,1.0,0.0,1.0,0.0,1948.0,6882284.0
-0.5842667268472874,-1.0,-1.0,-1.0,-0.9226254439032853,-0.5349810130655855,-0.43861131586990515,-1.0,-1.0,0.0,1.0,0.0,0.0,0.0,0.0,0.0,1.0,1.0,0.0,0.0,0.0,0.0,0.0,0.0,0.0,1.0,1.0,0.0,1.0,0.0,2418.1,2134940.0
-0.35868441994987565,-1.0,-2.0,-1.0,-0.4676349319109086,-0.04603205251979151,0.549774365797091,-1.0,-1.0,0.0,0.0,1.0,0.0,0.0,1.0,0.0,0.0,0.0,1.0,0.0,0.0,0.0,0.0,0.0,1.0,0.0,1.0,0.0,1.0,0.0,3013.8,4091836.0
-0.5873074319107741,-1.0,-2.0,0.0,-0.9303158393979861,-0.5415717319945936,0.030689847359810188,-1.0,-1.0,1.0,0.0,0.0,0.0,0.0,1.0,0.0,0.0,0.0,0.0,1.0,0.0,0.0,0.0,0.0,0.0,1.0,1.0,0.0,1.0,0.0,2400.4,2103951.0
-0.7088406124170039,-1.0,1.0,-1.0,-1.2950146731318453,-0.8049945291883891,-0.7474245338990668,-1.0,-1.0,1.0,0.0,0.0,0.0,1.0,0.0,0.0,0.0,0.0,1.0,0.0,0.0,0.0,0.0,0.0,0.0,1.0,1.0,0.0,1.0,0.0,2513.6,1560192.0
0.4044850399686429,1.0,0.0,1.0,0.3581814270658349,-0.42674905065327934,0.1509681595080995,0.0,3.0,0.0,0.0,0.0,1.0,0.0,0.0,1.0,0.0,0.0,0.0,0.0,1.0,0.0,0.0,0.0,1.0,0.0,1.0,0.0,0.0,1.0,2738.9,8568100.0
-0.49798672067085537,-1.0,-1.0,-1.0,-0.7248826289409531,-0.34796936345497853,-0.3406626993401772,-1.0,-1.0,0.0,0.0,0.0,1.0,0.0,0.0,0.0,1.0,0.0,0.0,1.0,0.0,0.0,0.0,1.0,0.0,0.0,1.0,0.0,1.0,0.0,5222.3,5559138.0
-0.6769607202670117,-1.0,2.0,-1.0,-1.186549521462405,-0.735894960417069,-0.7664263497599827,-1.0,-1.0,0.0,0.0,0.0,1.0,1.0,0.0,0.0,0.0,0.0,0.0,0.0,1.0,0.0,0.0,1.0,0.0,0.0,1.0,0.0,1.0,0.0,4512.3,3103560.0
0.1949139456711527,0.0,0.0,0.0,0.1877247371987814,-0.1451502864130785,-0.007640998903291839,0.0,0.0,0.0,1.0,0.0,0.0,1.0,0.0,0.0,0.0,0.0,1.0,0.0,0.0,0.0,0.0,0.0,1.0,0.0,1.0,0.0,1.0,0.0,2642.8,6667520.0
-0.1547196256131889,0.0,0.0,1.0,-0.17706759795019003,-0.5240651348394156,-0.2722532856295284,0.0,0.0,0.0,0.0,0.0,1.0,1.0,0.0,0.0,0.0,0.0,0.0,0.0,0.0,1.0,0.0,0.0,1.0,0.0,1.0,0.0,1.0,0.0,2532.2,4525041.0
-0.0577496406979367,-1.0,-1.0,0.0,-0.06267786114789603,0.6062431614854861,0.15911256539796118,-1.0,-1.0,0.0,1.0,0.0,0.0,0.0,0.0,1.0,0.0,0.0,0.0,1.0,0.0,0.0,0.0,1.0,0.0,0.0,1.0,0.0,1.0,0.0,4833.6,9624181.0
-0.4480051311897944,0.0,-2.0,0.0,-0.6252387622952236,-0.8419128531891614,0.34697326549324903,0.0,0.0,1.0,0.0,0.0,0.0,0.0,0.0,1.0,0.0,0.0,0.0,0.0,0.0,1.0,0.0,0.0,0.0,1.0,1.0,0.0,1.0,0.0,2263.0,2647031.0
0.8456248292572842,0.0,0.0,-1.0,0.6464863442689757,0.560056638990796,0.48483486452958413,0.0,0.0,1.0,0.0,0.0,0.0,1.0,0.0,0.0,0.0,0.0,1.0,0.0,0.0,0.0,0.0,0.0,0.0,1.0,1.0,0.0,1.0,0.0,2094.4,8152452.0
-0.6781960066990531,-1.0,0.0,0.0,-1.1905516953043314,-0.7385724399819785,-0.6684345840599772,-1.0,-1.0,0.0,0.0,0.0,1.0,0.0,0.0,0.0,1.0,0.0,1.0,0.0,0.0,0.0,0.0,0.0,0.0,1.0,1.0,0.0,1.0,0.0,2134.2,1462354.0
0.5296290577377631,0.0,-2.0,0.0,0.448250038670043,0.21759670464053546,2.566674457489078,0.0,0.0,1.0,0.0,0.0,0.0,0.0,0.0,1.0,0.0,0.0,0.0,0.0,0.0,1.0,0.0,0.0,0.0,1.0,1.0,0.0,1.0,0.0,2146.7,6928260.0
-0.45503676164910717,-1.0,1.0,-1.0,-0.6387026546683221,-0.25487545858273797,-0.6033602416353534,-1.0,-1.0,0.0,0.0,0.0,1.0,1.0,0.0,0.0,0.0,0.0,1.0,0.0,0.0,0.0,0.0,0.0,1.0,0.0,1.0,0.0,1.0,0.0,3062.6,3536997.0
-0.32666199475003255,-1.0,1.0,0.0,-0.4163988997861465,0.02337645620132568,-0.5304920803293719,-1.0,-1.0,0.0,0.0,1.0,0.0,0.0,1.0,0.0,0.0,0.0,0.0,0.0,0.0,1.0,1.0,0.0,0.0,0.0,1.0,0.0,1.0,0.0,1281.6,1826408.0
-0.7389625969521681,-1.0,-1.0,-1.0,-1.4088430284733624,-0.8702838385788764,-0.6142284388989769,-1.0,-1.0,0.0,0.0,0.0,1.0,0.0,0.0,1.0,0.0,0.0,0.0,0.0,0.0,1.0,0.0,0.0,0.0,1.0,1.0,0.0,1.0,0.0,2152.2,1199421.0
-0.30646981268781687,-1.0,1.0,1.0,-0.38532173724778873,0.06714294908927058,-0.5190305819744341,-1.0,-1.0,1.0,0.0,0.0,0.0,0.0,1.0,0.0,0.0,0.0,1.0,0.0,0.0,0.0,0.0,0.0,0.0,1.0,1.0,0.0,1.0,0.0,2051.8,3011222.0
1.0555285006710933,0.0,-1.0,0.0,0.7602312098381362,0.787539422024844,1.422951762823394,0.0,1.5,0.0,0.0,1.0,0.0,1.0,0.0,0.0,0.0,0.0,0.0,0.0,1.0,0.0,1.0,0.0,0.0,0.0,0.0,1.0,1.0,0.0,1298.6,5628522.0
0.22194771412621325,0.0,0.0,-1.0,0.2113178265041202,-0.1158524811739718,0.01281889933658162,0.0,0.0,0.0,0.0,0.0,1.0,0.0,1.0,0.0,0.0,0.0,0.0,0.0,0.0,1.0,1.0,0.0,0.0,0.0,1.0,0.0,1.0,0.0,1356.1,3498467.0
-0.19187324060766575,0.0,1.0,1.0,-0.22439459348971577,-0.564330308296325,-0.45398320778123363,0.0,0.0,0.0,0.0,0.0,1.0,1.0,0.0,0.0,0.0,0.0,0.0,0.0,0.0,1.0,0.0,1.0,0.0,0.0,1.0,0.0,1.0,0.0,3572.8,6105201.0
0.320057963440273,0.0,2.0,1.0,0.2927767372760802,-0.009525648452082126,-0.3136836806242246,0.0,0.0,0.0,0.0,1.0,0.0,0.0,0.0,1.0,0.0,0.0,1.0,0.0,0.0,0.0,0.0,0.0,0.0,1.0,1.0,0.0,1.0,0.0,1615.1,4500153.0
-0.7721252865508188,-1.0,1.0,1.0,-1.550181821703656,-0.9421638668983717,-0.7833462181550133,-1.0,-1.0,0.0,0.0,0.0,1.0,0.0,0.0,0.0,1.0,0.0,0.0,0.0,1.0,0.0,1.0,0.0,0.0,0.0,1.0,0.0,1.0,0.0,1435.2,699660.0
0.7361119359551498,0.0,1.0,0.0,0.5819045989226773,0.44137220827701606,0.07276028838028806,0.0,0.0,0.0,1.0,0.0,0.0,0.0,1.0,0.0,0.0,0.0,0.0,0.0,0.0,1.0,1.0,0.0,0.0,0.0,1.0,0.0,1.0,0.0,1433.1,5248012.0
-0.405767837417301,0.0,0.0,0.0,-0.5477817973237317,-0.7961382506275344,-0.4622534654177378,0.0,0.0,1.0,0.0,0.0,0.0,1.0,0.0,0.0,0.0,0.0,1.0,0.0,0.0,0.0,0.0,0.0,0.0,1.0,1.0,0.0,1.0,0.0,2012.8,2533310.0
-0.165219560285541,-1.0,-1.0,0.0,-0.19022946349976036,0.3733024393383536,0.03710828643857545,-1.0,-1.0,0.0,0.0,1.0,0.0,0.0,0.0,1.0,0.0,0.0,1.0,0.0,0.0,0.0,0.0,0.0,1.0,0.0,1.0,0.0,1.0,0.0,2788.9,4922130.0
-0.1771923364730195,-1.0,-1.0,1.0,-0.20544007137674516,0.34735148355538387,0.02351629780119027,-1.0,-1.0,1.0,0.0,0.0,0.0,0.0,1.0,0.0,0.0,0.0,1.0,0.0,0.0,0.0,0.0,0.0,0.0,1.0,1.0,0.0,1.0,0.0,2068.7,3598917.0
-0.7241866707842879,-1.0,-2.0,-1.0,-1.3514758987195312,-0.8382570637832273,-0.28009205156325845,-1.0,-1.0,0.0,0.0,1.0,0.0,0.0,1.0,0.0,0.0,0.0,0.0,0.0,1.0,0.0,1.0,0.0,0.0,0.0,1.0,0.0,1.0,0.0,1529.6,900017.0
-0.2840446128446032,-1.0,0.0,-1.0,-0.3518447811082875,0.11574950119070591,-0.3701299868754606,-1.0,-1.0,0.0,0.0,0.0,1.0,1.0,0.0,0.0,0.0,0.0,0.0,0.0,0.0,1.0,0.0,0.0,0.0,1.0,1.0,0.0,1.0,0.0,1927.1,2919171.0
1.0611823116485135,0.0,-1.0,1.0,0.7631320728669518,0.793666731029156,1.429370201902159,0.0,1.5,0.0,0.0,0.0,1.0,0.0,0.0,1.0,0.0,0.0,1.0,0.0,0.0,0.0,1.0,0.0,0.0,0.0,0.0,1.0,1.0,0.0,1367.1,5941690.0
0.5124775807390342,0.0,1.0,-1.0,0.4363498408327965,0.19900881766106712,-0.054179176929576855,0.0,0.0,0.0,1.0,0.0,0.0,0.0,1.0,0.0,0.0,0.0,1.0,0.0,0.0,0.0,0.0,0.0,0.0,1.0,1.0,0.0,1.0,0.0,1916.3,6115488.0
-0.22009478447815065,0.0,-1.0,1.0,-0.2618135216741482,-0.5949153633262535,-0.02518832814943986,0.0,0.0,0.0,0.0,0.0,1.0,1.0,0.0,0.0,0.0,0.0,0.0,0.0,1.0,0.0,0.0,0.0,1.0,0.0,1.0,0.0,1.0,0.0,2242.5,3698780.0
0.1071610979795941,-1.0,0.0,-1.0,0.10730041176307241,0.9636866834009137,-0.07405476348861038,-1.0,-1.0,0.0,0.0,0.0,1.0,1.0,0.0,0.0,0.0,0.0,1.0,0.0,0.0,0.0,0.0,0.0,1.0,0.0,1.0,0.0,1.0,0.0,2894.9,6768855.0
2.335427777315865,1.0,2.0,-1.0,1.271672145924209,0.9683551093089611,0.6014886463745706,0.0,1.0,0.0,0.0,1.0,0.0,0.0,0.0,0.0,1.0,0.0,0.0,0.0,0.0,1.0,0.0,1.0,0.0,0.0,1.0,0.0,1.0,0.0,4816.1,33848514.0
0.8277606870093005,0.0,0.0,0.0,0.6362168760254329,0.5406964021368346,0.47131479117599473,0.0,0.0,0.0,0.0,0.0,1.0,0.0,1.0,0.0,0.0,0.0,0.0,0.0,0.0,1.0,0.0,1.0,0.0,0.0,1.0,0.0,1.0,0.0,3880.0,14957012.0
-0.13443242151773924,0.0,0.0,-1.0,-0.15209175045151666,-0.5020789084121775,-0.25689937253914885,0.0,0.0,0.0,1.0,0.0,0.0,1.0,0.0,0.0,0.0,0.0,0.0,0.0,0.0,1.0,1.0,0.0,0.0,0.0,1.0,0.0,1.0,0.0,1448.6,2650503.0
-0.15533726882920956,0.0,0.0,1.0,-0.17783731047383144,-0.5247345047306431,-0.2727207349742003,0.0,0.0,1.0,0.0,0.0,0.0,1.0,0.0,0.0,0.0,0.0,1.0,0.0,0.0,0.0,0.0,0.0,1.0,0.0,1.0,0.0,1.0,0.0,2868.3,5121923.0
-0.41997363138577737,0.0,2.0,-1.0,-0.5732055478313987,-0.8115337581257643,-0.6497294187447186,0.0,0.0,0.0,0.0,0.0,1.0,0.0,1.0,0.0,0.0,0.0,1.0,0.0,0.0,0.0,0.0,0.0,0.0,1.0,1.0,0.0,1.0,0.0,2022.8,2485414.0
1.3839721585442628,1.0,0.0,0.0,0.916804817867001,0.28092939434897335,0.8922709048740584,0.0,2.5,0.0,1.0,0.0,0.0,1.0,0.0,0.0,0.0,0.0,1.0,0.0,0.0,0.0,0.0,0.0,0.0,1.0,0.0,1.0,1.0,0.0,2092.9,10518078.0
0.015274791842358705,-1.0,-1.0,0.0,0.015975721831699752,0.7645233957649483,0.24201290879344145,-1.0,-1.0,0.0,0.0,0.0,1.0,0.0,0.0,0.0,1.0,0.0,0.0,1.0,0.0,0.0,1.0,0.0,0.0,0.0,1.0,0.0,1.0,0.0,1489.4,3194465.0
-0.5521492796142103,0.0,1.0,-1.0,-0.8446357447990167,-0.9547789148484265,-0.6584833066647489,0.0,0.0,1.0,0.0,0.0,0.0,1.0,0.0,0.0,0.0,0.0,1.0,0.0,0.0,0.0,0.0,0.0,1.0,0.0,1.0,0.0,1.0,0.0,3424.3,3254797.0
0.0653514033566534,0.0,0.0,-1.0,0.06672059017143393,-0.28556349359593247,-0.10569748835871344,0.0,0.0,1.0,0.0,0.0,0.0,1.0,0.0,0.0,0.0,0.0,0.0,0.0,1.0,0.0,0.0,0.0,0.0,1.0,1.0,0.0,1.0,0.0,2132.3,4798101.0
1.1870865056835054,0.0,0.0,0.0,0.825752845936422,0.9301152088562784,0.7432624368493913,0.0,0.0,0.0,0.0,1.0,0.0,1.0,0.0,0.0,0.0,0.0,1.0,0.0,0.0,0.0,1.0,0.0,0.0,0.0,1.0,0.0,1.0,0.0,1131.8,5218956.0
-0.11024931405969746,1.0,-2.0,0.0,-0.1230697919922495,-0.798644096887001,1.113841894248575,0.0,1.0,0.0,1.0,0.0,0.0,1.0,0.0,0.0,0.0,0.0,0.0,0.0,1.0,0.0,0.0,0.0,0.0,1.0,1.0,0.0,1.0,0.0,1891.1,3556403.0
-0.07057761518452078,0.0,1.0,0.0,-0.07711919422956619,-0.4328763596575917,-0.3851333129573362,0.0,0.0,1.0,0.0,0.0,0.0,0.0,0.0,0.0,1.0,0.0,1.0,0.0,0.0,0.0,0.0,0.0,0.0,1.0,1.0,0.0,1.0,0.0,2399.3,4712465.0
2.0733570096566143,1.0,0.0,0.0,1.1851876649765034,0.7790092467443308,1.4140162888117798,0.0,1.0,1.0,0.0,0.0,0.0,0.0,0.0,0.0,1.0,0.0,1.0,0.0,0.0,0.0,0.0,0.0,0.0,1.0,1.0,0.0,1.0,0.0,2424.6,15703164.0
0.05504151275076925,-1.0,0.0,-1.0,0.05647016112575518,0.8507176417583832,-0.11350029665054555,-1.0,-1.0,0.0,0.0,0.0,1.0,0.0,0.0,1.0,0.0,0.0,0.0,0.0,0.0,1.0,1.0,0.0,0.0,0.0,1.0,0.0,1.0,0.0,1491.0,3322694.0
-0.3609649487474906,-1.0,0.0,0.0,-0.471380181067894,-0.0509750917165476,-0.42834540910807056,-1.0,-1.0,0.0,1.0,0.0,0.0,0.0,0.0,1.0,0.0,1.0,0.0,0.0,0.0,0.0,0.0,0.0,1.0,0.0,1.0,0.0,1.0,0.0,3473.6,4699433.0
-0.32210093715480254,0.0,-2.0,0.0,-0.4092988995295508,-0.7054643753620391,0.6328365185811115,0.0,0.0,0.0,1.0,0.0,0.0,1.0,0.0,0.0,0.0,0.0,0.0,1.0,0.0,0.0,0.0,0.0,0.0,1.0,1.0,0.0,1.0,0.0,1849.8,2653908.0
0.41165920347780655,0.0,-2.0,-1.0,0.3635572319654457,0.08974705541610335,2.298825982992035,0.0,0.0,1.0,0.0,0.0,0.0,1.0,0.0,0.0,0.0,0.0,0.0,1.0,0.0,0.0,1.0,0.0,0.0,0.0,1.0,0.0,1.0,0.0,1502.1,4474906.0
2.1780237792638166,1.0,-2.0,1.0,1.2205802798809553,0.8546308811224814,6.309325614426204,0.0,2.5,0.0,0.0,0.0,1.0,0.0,0.0,1.0,0.0,0.0,0.0,0.0,0.0,1.0,0.0,0.0,0.0,1.0,0.0,1.0,1.0,0.0,1966.9,13172133.0
-0.7039469777054552,-1.0,0.0,0.0,-1.277625531207131,-0.7943875909120166,-0.6879236259686088,-1.0,-1.0,0.0,0.0,0.0,1.0,0.0,1.0,0.0,0.0,0.0,0.0,0.0,0.0,1.0,0.0,0.0,0.0,1.0,1.0,0.0,1.0,0.0,1862.8,1175427.0
-0.4469598888242209,0.0,0.0,0.0,-0.6232519167783371,-0.8407800733732381,-0.4934287409431688,0.0,0.0,0.0,0.0,0.0,1.0,1.0,0.0,0.0,0.0,0.0,1.0,0.0,0.0,0.0,0.0,1.0,0.0,0.0,1.0,0.0,1.0,0.0,3832.7,4491541.0
1.1499804017056459,0.0,-1.0,0.0,0.8076794014663158,0.8899015253910022,1.530177450962766,0.0,1.5,1.0,0.0,0.0,0.0,0.0,1.0,0.0,0.0,0.0,0.0,1.0,0.0,0.0,1.0,0.0,0.0,0.0,0.0,1.0,1.0,0.0,1773.0,8037186.0
0.26252212231711236,0.0,-1.0,-1.0,0.24576946978633357,-0.07188002831949558,0.5226982614480141,0.0,0.0,1.0,0.0,0.0,0.0,0.0,1.0,0.0,0.0,1.0,0.0,0.0,0.0,0.0,0.0,0.0,1.0,0.0,1.0,0.0,1.0,0.0,3395.6,9049953.0
2.3581855542753978,1.0,0.0,1.0,1.2788591658432833,0.9847975799703934,1.6295823519893566,0.0,1.0,0.0,0.0,0.0,1.0,1.0,0.0,0.0,0.0,0.0,0.0,0.0,0.0,1.0,0.0,0.0,0.0,1.0,1.0,0.0,1.0,0.0,1653.1,11697501.0
-0.4921428656269671,0.0,2.0,0.0,-0.7127361137705805,-0.8897470554161037,-0.6825012135704139,0.0,0.0,0.0,1.0,0.0,0.0,0.0,0.0,1.0,0.0,0.0,0.0,0.0,0.0,1.0,0.0,0.0,0.0,1.0,1.0,0.0,1.0,0.0,2113.7,2276032.0
-0.047962371274839155,0.0,-2.0,1.0,-0.05179069125297876,-0.4083671236403425,1.2552632998327968,0.0,1.5,0.0,0.0,0.0,1.0,1.0,0.0,0.0,0.0,0.0,1.0,0.0,0.0,0.0,0.0,1.0,0.0,0.0,0.0,1.0,1.0,0.0,4357.0,8764977.0
-0.349324749676331,-1.0,0.0,1.0,-0.4524011461881608,-0.02574499581643818,-0.41953578684309867,-1.0,-1.0,1.0,0.0,0.0,0.0,0.0,0.0,0.0,1.0,0.0,0.0,0.0,1.0,0.0,0.0,0.0,0.0,1.0,1.0,0.0,1.0,0.0,2482.1,3418845.0
-0.1777149576558063,-1.0,0.0,0.0,-0.2061090323773321,0.34621870373946045,-0.289656784308085,-1.0,-1.0,0.0,0.0,1.0,0.0,0.0,0.0,0.0,1.0,1.0,0.0,0.0,0.0,0.0,0.0,0.0,1.0,0.0,1.0,0.0,1.0,0.0,3039.8,5284996.0
0.5046857740138496,0.0,-1.0,0.0,0.43089913310425076,0.19056445903327537,0.7976124125779831,0.0,0.0,0.0,0.0,0.0,1.0,0.0,1.0,0.0,0.0,0.0,1.0,0.0,0.0,0.0,0.0,0.0,0.0,1.0,1.0,0.0,1.0,0.0,1740.3,5525278.0
0.7936952880949271,0.0,-2.0,0.0,0.6163532905005623,0.5037780781360621,3.1662321784937335,0.0,0.0,1.0,0.0,0.0,0.0,1.0,0.0,0.0,0.0,0.0,1.0,0.0,0.0,0.0,0.0,1.0,0.0,0.0,1.0,0.0,1.0,0.0,4406.3,16669914.0
0.025299616348541033,-1.0,0.0,0.0,0.026330992460952992,0.786252172234022,-0.1360097804785961,-1.0,-1.0,0.0,0.0,1.0,0.0,0.0,1.0,0.0,0.0,0.0,1.0,0.0,0.0,0.0,1.0,0.0,0.0,0.0,1.0,0.0,1.0,0.0,1197.5,2593665.0
0.8353149386514,0.0,1.0,-1.0,0.6405717166441256,0.548883310806462,0.12906995559231235,0.0,0.0,0.0,1.0,0.0,0.0,0.0,1.0,0.0,0.0,1.0,0.0,0.0,0.0,0.0,0.0,0.0,0.0,1.0,1.0,0.0,1.0,0.0,1880.0,7277104.0
-0.37350785713437284,-1.0,1.0,1.0,-0.492219385591716,-0.0781618072987064,-0.5570827565128278,-1.0,-1.0,0.0,0.0,0.0,1.0,0.0,0.0,1.0,0.0,0.0,1.0,0.0,0.0,0.0,0.0,0.0,0.0,1.0,1.0,0.0,1.0,0.0,1875.5,2487851.0
-0.2033233956123574,1.0,0.0,-1.0,-0.2394172031303748,-0.8658900259595375,-0.309037953291023,0.0,1.0,0.0,1.0,0.0,0.0,0.0,0.0,0.0,1.0,0.0,1.0,0.0,0.0,0.0,1.0,0.0,0.0,0.0,1.0,0.0,1.0,0.0,1735.7,2924134.0
-0.061027900844508126,0.0,1.0,-1.0,-0.06634971982699364,-0.4225268713393835,-0.3797126984412361,0.0,0.0,0.0,1.0,0.0,0.0,0.0,1.0,0.0,0.0,0.0,1.0,0.0,0.0,0.0,0.0,1.0,0.0,0.0,1.0,0.0,1.0,0.0,4695.2,9316216.0
0.9187917948474303,0.0,1.0,0.0,0.6875374405806061,0.6393512261054257,0.17645313820319666,0.0,0.0,1.0,0.0,0.0,0.0,1.0,0.0,0.0,0.0,0.0,0.0,0.0,0.0,1.0,0.0,0.0,1.0,0.0,1.0,0.0,1.0,0.0,2968.7,12012845.0
0.06625411267237603,-1.0,0.0,0.0,0.0676133838370246,0.8750209178091006,-0.10501429316265441,-1.0,-1.0,0.0,0.0,0.0,1.0,0.0,1.0,0.0,0.0,0.0,0.0,0.0,0.0,1.0,1.0,0.0,0.0,0.0,1.0,0.0,1.0,0.0,1367.9,3080648.0
0.8672423418180092,1.0,-2.0,-1.0,0.6587816875930966,-0.09240737165046879,3.333219467467323,0.0,3.0,0.0,1.0,0.0,0.0,0.0,1.0,0.0,0.0,0.0,0.0,0.0,1.0,0.0,0.0,0.0,0.0,1.0,1.0,0.0,0.0,1.0,2060.0,8562280.0
0.22180518107636224,0.0,-1.0,-1.0,0.21119480332838136,-0.11600695114887054,0.47647471278833536,0.0,0.0,0.0,0.0,0.0,1.0,1.0,0.0,0.0,0.0,0.0,0.0,0.0,0.0,1.0,0.0,0.0,0.0,1.0,1.0,0.0,1.0,0.0,1777.9,4586093.0
-0.4843035478851657,-1.0,0.0,0.0,-0.6966579197891696,-0.3183111282744418,-0.5216914474748745,-1.0,-1.0,0.0,1.0,0.0,0.0,0.0,0.0,0.0,1.0,0.0,0.0,1.0,0.0,0.0,0.0,1.0,0.0,0.0,1.0,0.0,1.0,0.0,5063.6,5536034.0
1.4301053556793482,1.0,-1.0,-1.0,0.9370526430054913,0.3142605822659886,1.848186835907301,0.0,1.0,1.0,0.0,0.0,0.0,0.0,0.0,1.0,0.0,0.0,0.0,1.0,0.0,0.0,0.0,1.0,0.0,0.0,1.0,0.0,1.0,0.0,5855.7,29996994.0
-0.7257545343326482,-1.0,0.0,0.0,-1.3574176877684587,-0.8416554032309971,-0.7044281835997195,-1.0,-1.0,1.0,0.0,0.0,0.0,1.0,0.0,0.0,0.0,0.0,1.0,0.0,0.0,0.0,0.0,0.0,1.0,0.0,1.0,0.0,1.0,0.0,3283.5,1921176.0
0.11970400636647635,1.0,0.0,0.0,0.11917701095779916,-0.6325030572182534,-0.06456194602757953,0.0,1.0,0.0,1.0,0.0,0.0,1.0,0.0,0.0,0.0,1.0,0.0,0.0,0.0,0.0,0.0,0.0,1.0,0.0,1.0,0.0,1.0,0.0,2787.6,6591559.0
0.18460405506526834,0.0,1.0,0.0,0.17858663335658018,-0.1563236145974128,-0.24028694198234476,0.0,0.0,0.0,0.0,0.0,1.0,0.0,1.0,0.0,0.0,0.0,1.0,0.0,0.0,0.0,1.0,0.0,0.0,0.0,1.0,0.0,1.0,0.0,1266.1,3166769.0
-0.7295079046453894,-1.0,0.0,0.0,-1.3717789839979335,-0.8497908219089915,-0.7072688373096492,-1.0,-1.0,0.0,0.0,0.0,1.0,0.0,1.0,0.0,0.0,0.0,1.0,0.0,0.0,0.0,0.0,0.0,1.0,0.0,1.0,0.0,1.0,0.0,3100.6,1789666.0
-0.42472473304747516,-1.0,-1.0,1.0,-0.5818466169921358,-0.18917422925918778,-0.2574926736304632,-1.0,-1.0,1.0,0.0,0.0,0.0,0.0,0.0,0.0,1.0,0.0,1.0,0.0,0.0,0.0,0.0,0.0,0.0,1.0,1.0,0.0,1.0,0.0,2232.1,2720260.0
0.0033970376881141905,0.0,0.0,0.0,0.0035738330690948017,-0.35270644268520307,-0.15258625339350237,0.0,0.0,0.0,0.0,0.0,1.0,0.0,0.0,1.0,0.0,0.0,0.0,1.0,0.0,0.0,0.0,0.0,1.0,0.0,1.0,0.0,1.0,0.0,2708.2,5740842.0
-0.06896224061954348,-1.0,1.0,-1.0,-0.07528977343370119,0.5819398854347685,-0.3842163930889411,-1.0,-1.0,0.0,0.0,0.0,1.0,0.0,0.0,0.0,1.0,0.0,0.0,0.0,1.0,0.0,0.0,0.0,0.0,1.0,1.0,0.0,1.0,0.0,2223.6,4374933.0
2.001805418631445,1.0,-2.0,1.0,1.1602931445726412,0.7273132951449226,5.9092249330288915,0.0,1.0,0.0,0.0,0.0,1.0,1.0,0.0,0.0,0.0,0.0,1.0,0.0,0.0,0.0,0.0,0.0,0.0,1.0,1.0,0.0,1.0,0.0,1640.9,10380333.0
-0.2760627620529509,-1.0,-1.0,-1.0,-0.34018027090537356,0.13305013837935234,-0.0887254813829309,-1.0,-1.0,0.0,1.0,0.0,0.0,0.0,1.0,0.0,0.0,0.0,1.0,0.0,0.0,0.0,0.0,0.0,0.0,1.0,1.0,0.0,1.0,0.0,2207.5,3381007.0
0.013231818127828563,-1.0,-2.0,-1.0,0.013852919729937399,0.7600952564845207,1.3942036281260675,-1.0,-1.0,0.0,1.0,0.0,0.0,0.0,1.0,0.0,0.0,0.0,1.0,0.0,0.0,0.0,0.0,0.0,0.0,1.0,1.0,0.0,1.0,0.0,2129.9,4559051.0
0.6847050159755795,1.0,1.0,0.0,0.5501738930426104,-0.22429040355280938,0.04358066198018743,0.0,1.0,0.0,0.0,0.0,1.0,0.0,0.0,0.0,1.0,0.0,1.0,0.0,0.0,0.0,1.0,0.0,0.0,0.0,1.0,0.0,1.0,0.0,1522.6,5411016.0
0.8877195899799267,0.0,0.0,-1.0,0.6702981963396707,0.6056767715775245,0.5166933352510742,0.0,0.0,1.0,0.0,0.0,0.0,0.0,0.0,1.0,0.0,0.0,1.0,0.0,0.0,0.0,0.0,0.0,0.0,1.0,1.0,0.0,1.0,0.0,2259.8,8996490.0
-0.4020619781211766,-1.0,-1.0,0.0,-0.5412487542482578,-0.1400527772414237,-0.23176498085255556,-1.0,-1.0,0.0,0.0,0.0,1.0,1.0,0.0,0.0,0.0,0.0,1.0,0.0,0.0,0.0,1.0,0.0,0.0,0.0,1.0,0.0,1.0,0.0,1353.1,1713566.0
0.4033447755698354,1.0,0.0,1.0,0.35732447376140275,-0.42757289051940545,0.15010517610255114,0.0,3.0,0.0,0.0,0.0,1.0,1.0,0.0,0.0,0.0,0.0,1.0,0.0,0.0,0.0,0.0,0.0,1.0,0.0,1.0,0.0,0.0,1.0,2307.4,7283596.0
-0.4264826406623034,-1.0,-1.0,0.0,-0.5850617803498651,-0.19298448864002068,-0.2594883227557936,-1.0,-1.0,1.0,0.0,0.0,0.0,0.0,1.0,0.0,0.0,0.0,0.0,0.0,0.0,1.0,0.0,0.0,0.0,1.0,1.0,0.0,1.0,0.0,2439.9,2964478.0
0.028055255312325632,0.0,0.0,1.0,0.0291597995606442,-0.3259831370277404,-0.1339242372485212,0.0,0.0,1.0,0.0,0.0,0.0,0.0,0.0,1.0,0.0,0.0,0.0,0.0,0.0,1.0,0.0,0.0,0.0,1.0,1.0,0.0,1.0,0.0,1966.5,4270648.0
-0.4761791640436624,-1.0,0.0,-1.0,-0.6802488806847492,-0.30070155113599795,-0.5155426907103431,-1.0,-1.0,0.0,0.0,0.0,1.0,1.0,0.0,0.0,0.0,0.0,1.0,0.0,0.0,0.0,1.0,0.0,0.0,0.0,1.0,0.0,1.0,0.0,1316.5,1461842.0
-0.08055492867408617,-1.0,-1.0,0.0,-0.08848919159263857,0.5568127695179248,0.13322306323151326,-1.0,-1.0,1.0,0.0,0.0,0.0,0.0,1.0,0.0,0.0,0.0,0.0,0.0,0.0,1.0,0.0,0.0,0.0,1.0,1.0,0.0,1.0,0.0,2256.0,4383634.0
0.24232994025489668,0.0,-1.0,1.0,0.228764510594809,-0.09376327476346803,0.4997752647381384,0.0,0.0,1.0,0.0,0.0,0.0,0.0,0.0,1.0,0.0,0.0,0.0,0.0,0.0,1.0,1.0,0.0,0.0,0.0,1.0,0.0,1.0,0.0,1473.7,3865073.0
-0.48734425294865225,0.0,0.0,1.0,-0.7028653443381216,-0.884546566261183,-0.5239927365563365,0.0,0.0,1.0,0.0,0.0,0.0,1.0,0.0,0.0,0.0,0.0,1.0,0.0,0.0,0.0,0.0,0.0,1.0,0.0,1.0,0.0,1.0,0.0,2747.2,2985932.0
-0.7417182359159528,-1.0,0.0,0.0,-1.4198945188802712,-0.87625667760829,-0.716509951277395,-1.0,-1.0,0.0,0.0,0.0,1.0,0.0,1.0,0.0,0.0,0.0,1.0,0.0,0.0,0.0,0.0,0.0,0.0,1.0,1.0,0.0,1.0,0.0,1867.0,1029650.0
-0.4740411682958984,0.0,-1.0,-1.0,-0.6759726692616206,-0.8701293686039776,-0.31347872206540683,0.0,0.0,1.0,0.0,0.0,0.0,0.0,1.0,0.0,0.0,0.0,1.0,0.0,0.0,0.0,0.0,1.0,0.0,0.0,1.0,0.0,1.0,0.0,5112.2,5699592.0
1.2045705597985534,0.0,0.0,0.0,0.834163071097285,0.949063525777177,0.7564948490677981,0.0,0.0,0.0,1.0,0.0,0.0,0.0,0.0,1.0,0.0,0.0,0.0,0.0,0.0,1.0,0.0,0.0,0.0,1.0,1.0,0.0,1.0,0.0,1961.6,9117517.0
0.9660652563813236,0.0,0.0,1.0,0.7132382468325548,0.6905837677801376,0.5759874867406195,0.0,0.0,0.0,0.0,0.0,1.0,0.0,0.0,0.0,1.0,1.0,0.0,0.0,0.0,0.0,0.0,0.0,0.0,1.0,1.0,0.0,1.0,0.0,1839.1,7624909.0
0.2152486607832192,0.0,-2.0,-1.0,0.20552022147212343,-0.12311256999420757,1.8528793081749695,0.0,0.0,0.0,1.0,0.0,0.0,0.0,1.0,0.0,0.0,0.0,1.0,0.0,0.0,0.0,1.0,0.0,0.0,0.0,1.0,0.0,1.0,0.0,1555.4,3990690.0
-0.007863073250109738,0.0,1.0,-1.0,-0.008318893097212392,-0.3649095707021949,-0.3495352474784703,0.0,0.0,0.0,1.0,0.0,0.0,0.0,1.0,0.0,0.0,0.0,1.0,0.0,0.0,0.0,0.0,0.0,0.0,1.0,1.0,0.0,1.0,0.0,2040.8,4277721.0
-0.22760152510363327,-1.0,0.0,0.0,-0.271993570095218,0.2380897213104201,-0.3274123083008216,-1.0,-1.0,0.0,0.0,0.0,1.0,0.0,1.0,0.0,0.0,0.0,1.0,0.0,0.0,0.0,1.0,0.0,0.0,0.0,1.0,0.0,1.0,0.0,1310.9,2141486.0
-0.4169804373389078,-1.0,-1.0,-1.0,-0.567797680346601,-0.17238849198687015,-0.2487010301864403,-1.0,-1.0,0.0,1.0,0.0,0.0,0.0,0.0,1.0,0.0,0.0,0.0,0.0,0.0,1.0,0.0,1.0,0.0,0.0,1.0,0.0,1.0,0.0,5339.0,6593665.0
-0.06354598472520794,-1.0,0.0,-1.0,-0.0691788098374991,0.5936796035270644,-0.20325057082756506,-1.0,-1.0,0.0,0.0,0.0,1.0,0.0,0.0,1.0,0.0,0.0,0.0,0.0,0.0,1.0,0.0,0.0,0.0,1.0,1.0,0.0,1.0,0.0,2234.3,4421456.0
-0.0029694385385609125,-1.0,-2.0,-1.0,-0.003133895990816601,0.7249790821908991,1.3574189604645728,-1.0,-1.0,1.0,0.0,0.0,0.0,0.0,0.0,1.0,0.0,0.0,1.0,0.0,0.0,0.0,0.0,0.0,0.0,1.0,1.0,0.0,1.0,0.0,2639.5,5559843.0
-0.3613450368804265,0.0,-1.0,-1.0,-0.4720056799322784,-0.747995108450795,-0.18554143219287678,0.0,0.0,0.0,1.0,0.0,0.0,0.0,0.0,0.0,1.0,0.0,0.0,0.0,0.0,1.0,1.0,0.0,0.0,0.0,1.0,0.0,1.0,0.0,1790.8,2421341.0
-0.0016866410899025915,-1.0,-2.0,-1.0,-0.0017789140283495642,0.7277595417390743,1.3603315294582978,-1.0,-1.0,0.0,1.0,0.0,0.0,1.0,0.0,0.0,0.0,0.0,1.0,0.0,0.0,0.0,1.0,0.0,0.0,0.0,1.0,0.0,1.0,0.0,1592.4,3358531.0
0.8019146939696643,1.0,1.0,-1.0,0.6211802757822126,-0.13960653064727227,0.11011128890167386,0.0,1.0,0.0,0.0,0.0,1.0,0.0,0.0,1.0,0.0,0.0,1.0,0.0,0.0,0.0,0.0,0.0,1.0,0.0,1.0,0.0,1.0,0.0,3211.0,12203406.0
-0.2594814172536255,1.0,-1.0,0.0,-0.31635198219807614,-0.9064641393662441,-0.06990165584940934,0.0,1.0,1.0,0.0,0.0,0.0,1.0,0.0,0.0,0.0,0.0,0.0,0.0,0.0,1.0,0.0,0.0,0.0,1.0,1.0,0.0,1.0,0.0,2157.5,3379724.0
-0.41636279412288707,0.0,0.0,1.0,-0.5666852024869192,-0.8076205187616659,-0.47027201956095716,0.0,0.0,0.0,0.0,0.0,1.0,0.0,0.0,1.0,0.0,0.0,1.0,0.0,0.0,0.0,0.0,0.0,0.0,1.0,1.0,0.0,1.0,0.0,1708.2,2111848.0
-0.31934529819101787,0.0,-2.0,-1.0,-0.40503228594390267,-0.7024779558473323,0.6390931482713363,0.0,1.5,0.0,0.0,0.0,1.0,0.0,1.0,0.0,0.0,0.0,1.0,0.0,0.0,0.0,0.0,0.0,0.0,1.0,0.0,1.0,1.0,0.0,2299.8,3312862.0
-0.7011438277250535,-1.0,-2.0,-1.0,-1.2677919797432011,-0.7883117718993372,-0.22777368260189493,-1.0,-1.0,0.0,0.0,0.0,1.0,0.0,0.0,0.0,1.0,0.0,1.0,0.0,0.0,0.0,0.0,1.0,0.0,0.0,1.0,0.0,1.0,0.0,5560.7,3541610.0
-0.11500041572139526,-1.0,1.0,1.0,-0.1287090777462095,0.48215228165025403,-0.41034860933819955,-1.0,-1.0,0.0,1.0,0.0,0.0,1.0,0.0,0.0,0.0,0.0,1.0,0.0,0.0,0.0,0.0,0.0,0.0,1.0,1.0,0.0,1.0,0.0,1772.9,3316387.0
-0.4592652421280182,-1.0,1.0,0.0,-0.646882439330394,-0.2640406770933901,-0.6057604142320345,-1.0,-1.0,1.0,0.0,0.0,0.0,0.0,0.0,1.0,0.0,0.0,0.0,0.0,0.0,1.0,0.0,0.0,1.0,0.0,1.0,0.0,1.0,0.0,3702.5,4243065.0
-0.35673646826857963,0.0,-1.0,-1.0,-0.46444632760442034,-0.743000579262406,-0.1803095952967404,0.0,0.0,1.0,0.0,0.0,0.0,0.0,0.0,0.0,1.0,0.0,0.0,1.0,0.0,0.0,0.0,0.0,0.0,1.0,1.0,0.0,1.0,0.0,2574.9,3506499.0
0.8986946348184486,0.0,0.0,0.0,0.6764194161590745,0.6175709596447189,0.5249995505294763,0.0,0.0,0.0,0.0,0.0,1.0,0.0,1.0,0.0,0.0,0.0,0.0,0.0,0.0,1.0,0.0,0.0,0.0,1.0,1.0,0.0,1.0,0.0,1805.5,7229583.0
0.8230570963642196,0.0,-2.0,0.0,0.6334962907704234,0.5355988929651798,3.2328976465723374,0.0,0.0,1.0,0.0,0.0,0.0,0.0,0.0,1.0,0.0,0.0,1.0,0.0,0.0,0.0,0.0,0.0,0.0,1.0,1.0,0.0,1.0,0.0,2237.4,8602803.0
-0.36899431055575993,0.0,-2.0,-1.0,-0.48467307801117687,-0.756284997103688,0.5263659409215944,0.0,0.0,0.0,0.0,0.0,1.0,0.0,0.0,1.0,0.0,0.0,1.0,0.0,0.0,0.0,0.0,0.0,0.0,1.0,1.0,0.0,1.0,0.0,2178.2,2910075.0
-0.5835540615980328,-1.0,-1.0,-1.0,-0.9208310628815558,-0.5334363133165992,-0.4378022689272037,-1.0,-1.0,0.0,1.0,0.0,0.0,0.0,1.0,0.0,0.0,0.0,0.0,0.0,1.0,0.0,1.0,0.0,0.0,0.0,1.0,0.0,1.0,0.0,1528.6,1351894.0
-0.7487973773918826,-1.0,-2.0,0.0,-1.4488260726879363,-0.8916006951148872,-0.33597022707250845,-1.0,-1.0,0.0,0.0,1.0,0.0,0.0,0.0,1.0,0.0,0.0,1.0,0.0,0.0,0.0,0.0,0.0,0.0,1.0,1.0,0.0,1.0,0.0,1925.4,1033170.0
-0.7194830801392071,-1.0,-1.0,0.0,-1.3338481133044224,-0.8280620454399178,-0.5921144891318026,-1.0,-1.0,0.0,0.0,0.0,1.0,0.0,1.0,0.0,0.0,0.0,0.0,0.0,0.0,1.0,0.0,0.0,0.0,1.0,1.0,0.0,1.0,0.0,2030.9,1215087.0
0.39484030359539624,0.0,0.0,1.0,0.35091104736429884,0.07151959837806508,0.14366875820283698,0.0,0.0,0.0,0.0,0.0,1.0,1.0,0.0,0.0,0.0,0.0,1.0,0.0,0.0,0.0,0.0,1.0,0.0,0.0,1.0,0.0,1.0,0.0,3554.2,10462499.0
-0.7394377071183379,-1.0,-1.0,-1.0,-1.410740242786393,-0.8713136384115339,-0.6147678035274445,-1.0,-1.0,0.0,0.0,0.0,1.0,1.0,0.0,0.0,0.0,0.0,0.0,0.0,0.0,1.0,0.0,0.0,0.0,1.0,1.0,0.0,1.0,0.0,1995.9,1110319.0
0.05841479493057465,-1.0,0.0,-1.0,0.05983492856870007,0.8580292205702514,-0.11094730407579872,-1.0,-1.0,0.0,0.0,0.0,1.0,0.0,0.0,1.0,0.0,0.0,1.0,0.0,0.0,0.0,0.0,0.0,1.0,0.0,1.0,0.0,1.0,0.0,3177.4,7103395.0
-0.01251915287857346,-1.0,-1.0,-1.0,-0.013275887836602258,0.704280105554483,0.21046007802808303,-1.0,-1.0,0.0,0.0,0.0,1.0,0.0,0.0,1.0,0.0,0.0,0.0,1.0,0.0,0.0,0.0,1.0,0.0,0.0,1.0,0.0,1.0,0.0,4933.7,10293178.0
0.10587830053093578,-1.0,-1.0,-1.0,0.10607821267391147,0.9609062238527385,0.3448697434422251,-1.0,-1.0,0.0,0.0,0.0,1.0,0.0,0.0,0.0,1.0,0.0,0.0,0.0,0.0,1.0,0.0,0.0,0.0,1.0,1.0,0.0,1.0,0.0,2208.5,5157952.0
0.22864676746920712,0.0,1.0,-1.0,0.2170838429059703,-0.10859239235373629,-0.21528739145286843,0.0,0.0,0.0,0.0,0.0,1.0,1.0,0.0,0.0,0.0,0.0,0.0,0.0,0.0,1.0,0.0,0.0,1.0,0.0,1.0,0.0,1.0,0.0,2751.9,7138153.0
0.5344751814326948,0.0,-1.0,-1.0,0.4515883163031741,0.22284868378708875,0.8314305747829056,0.0,0.0,1.0,0.0,0.0,0.0,0.0,1.0,0.0,0.0,0.0,1.0,0.0,0.0,0.0,1.0,0.0,0.0,0.0,1.0,0.0,1.0,0.0,1646.7,5331356.0
0.4586000878953809,0.0,-1.0,0.0,0.3980731374131228,0.1406191671493853,0.7452940436166197,0.0,0.0,0.0,0.0,0.0,1.0,1.0,0.0,0.0,0.0,0.0,1.0,0.0,0.0,0.0,0.0,0.0,0.0,1.0,1.0,0.0,1.0,0.0,1608.2,4949879.0
0.47076290814932725,0.0,-1.0,-1.0,0.4068358766231388,0.1538006050074016,0.7591017781053918,0.0,0.0,1.0,0.0,0.0,0.0,0.0,0.0,1.0,0.0,0.0,0.0,1.0,0.0,0.0,0.0,0.0,0.0,1.0,1.0,0.0,1.0,0.0,2365.7,7341950.0
-0.6484065992802078,-1.0,-2.0,0.0,-1.098020809313277,-0.6740039904743517,-0.10803473508207329,-1.0,-1.0,1.0,0.0,0.0,0.0,0.0,0.0,1.0,0.0,0.0,0.0,0.0,0.0,1.0,0.0,0.0,1.0,0.0,1.0,0.0,1.0,0.0,3522.6,2634553.0
-0.44990557185447355,-1.0,0.0,0.0,-0.6288607932473499,-0.24375362039003673,-0.4956581147408352,-1.0,-1.0,0.0,1.0,0.0,0.0,0.0,1.0,0.0,0.0,0.0,0.0,0.0,0.0,1.0,0.0,0.0,0.0,1.0,1.0,0.0,1.0,0.0,2156.8,2514182.0
-0.5536221211293366,0.0,-1.0,0.0,-0.848089218222379,-0.9563751045890455,-0.40382229733374075,0.0,1.5,1.0,0.0,0.0,0.0,1.0,0.0,0.0,0.0,0.0,1.0,0.0,0.0,0.0,0.0,1.0,0.0,0.0,0.0,1.0,1.0,0.0,5399.0,5115013.0
1.7434405102683186,1.0,-1.0,0.0,1.0651878209061358,0.5406449121452015,2.203897808381726,0.0,1.0,0.0,1.0,0.0,0.0,0.0,0.0,0.0,1.0,0.0,0.0,0.0,0.0,1.0,0.0,0.0,1.0,0.0,1.0,0.0,1.0,0.0,3426.0,19809817.0
0.6364813341093468,0.0,0.0,1.0,0.5195175107673623,0.33339769582287443,0.3265493248952734,0.0,0.0,0.0,0.0,0.0,1.0,0.0,0.0,1.0,0.0,0.0,0.0,0.0,1.0,0.0,0.0,1.0,0.0,0.0,1.0,0.0,1.0,0.0,3882.6,13403900.0
0.11395517335582205,-1.0,0.0,-1.0,0.1137501096536833,0.9784128210079165,-0.06891282069721866,-1.0,-1.0,0.0,0.0,0.0,1.0,0.0,0.0,1.0,0.0,0.0,1.0,0.0,0.0,0.0,0.0,0.0,0.0,1.0,1.0,0.0,1.0,0.0,2130.5,5012001.0
0.8908078060600303,0.0,-2.0,0.0,0.6720242002332419,0.6090236210336615,3.386724438611316,0.0,0.0,0.0,0.0,1.0,0.0,1.0,0.0,0.0,0.0,0.0,0.0,0.0,0.0,1.0,0.0,0.0,0.0,1.0,1.0,0.0,1.0,0.0,1603.4,6393718.0
0.9384138447102424,0.0,-1.0,-1.0,0.6982810846001137,0.6606165926498037,1.2899983819061147,0.0,0.0,0.0,0.0,0.0,1.0,1.0,0.0,0.0,0.0,0.0,0.0,0.0,1.0,0.0,0.0,0.0,0.0,1.0,1.0,0.0,1.0,0.0,1759.6,7192893.0
0.5026428002993195,0.0,0.0,-1.0,0.429465326441565,0.1883503893930616,0.22525664766904577,0.0,0.0,1.0,0.0,0.0,0.0,0.0,1.0,0.0,0.0,0.0,1.0,0.0,0.0,0.0,0.0,0.0,1.0,0.0,1.0,0.0,1.0,0.0,3412.7,10820307.0
0.172441234811322,0.0,0.0,0.0,0.16770375202788207,-0.16950505245542913,-0.024648963520972317,0.0,0.0,0.0,0.0,1.0,0.0,0.0,0.0,1.0,0.0,0.0,1.0,0.0,0.0,0.0,0.0,0.0,0.0,1.0,1.0,0.0,1.0,0.0,1759.0,4354580.0
-0.7476096019764581,-1.0,-2.0,-1.0,-1.443916228767336,-0.8890261955332432,-0.33327340393017013,-1.0,-1.0,1.0,0.0,0.0,0.0,0.0,0.0,1.0,0.0,0.0,1.0,0.0,0.0,0.0,0.0,0.0,0.0,1.0,1.0,0.0,1.0,0.0,2539.9,1369260.0
-0.5862146785285837,-1.0,0.0,-1.0,-0.9275456659857102,-0.5392031923794813,-0.5988205893457506,-1.0,-1.0,0.0,0.0,0.0,1.0,0.0,0.0,0.0,1.0,0.0,0.0,0.0,1.0,0.0,0.0,0.0,0.0,1.0,1.0,0.0,1.0,0.0,2296.7,2018340.0
-0.14032378757824454,0.0,1.0,1.0,-0.15928415778531813,-0.5084636673746542,-0.4247226766868628,0.0,1.5,0.0,0.0,0.0,1.0,0.0,1.0,0.0,0.0,0.0,1.0,0.0,0.0,0.0,0.0,0.0,0.0,1.0,0.0,1.0,1.0,0.0,1921.1,3491215.0
0.05622928816619371,0.0,0.0,0.0,0.05765615907614561,-0.29544957198944466,-0.11260135560309953,0.0,1.5,0.0,0.0,1.0,0.0,0.0,1.0,0.0,0.0,0.0,0.0,0.0,0.0,1.0,0.0,0.0,1.0,0.0,0.0,1.0,1.0,0.0,3087.5,6888212.0
-0.11979902839971,-1.0,1.0,0.0,-0.13443542382282647,0.4717513033404131,-0.4130724007119612,-1.0,-1.0,0.0,0.0,0.0,1.0,1.0,0.0,0.0,0.0,0.0,0.0,0.0,0.0,1.0,1.0,0.0,0.0,0.0,1.0,0.0,1.0,0.0,1232.2,2292508.0
-0.009573469848320906,-1.0,0.0,1.0,-0.010137132983877375,0.7106648645169594,-0.1624026896316139,-1.0,-1.0,0.0,0.0,0.0,1.0,0.0,0.0,1.0,0.0,0.0,1.0,0.0,0.0,0.0,0.0,0.0,0.0,1.0,1.0,0.0,1.0,0.0,1803.7,3774242.0
1.103467116437624,0.0,-1.0,0.0,0.7845790945673186,0.839492823582416,1.4773736538357813,0.0,0.0,0.0,1.0,0.0,0.0,0.0,0.0,1.0,0.0,0.0,1.0,0.0,0.0,0.0,0.0,0.0,0.0,1.0,1.0,0.0,1.0,0.0,2000.9,8874392.0
-0.10787376322884855,-1.0,-1.0,-1.0,-0.12026137820994243,0.497599279140117,0.10220959709462252,-1.0,-1.0,1.0,0.0,0.0,0.0,0.0,1.0,0.0,0.0,0.0,0.0,0.0,0.0,1.0,1.0,0.0,0.0,0.0,1.0,0.0,1.0,0.0,1790.9,3376921.0
-0.4809302657053602,0.0,0.0,-1.0,-0.6898138939233284,-0.8775954173907448,-0.5191384549001276,0.0,0.0,0.0,1.0,0.0,0.0,0.0,0.0,1.0,0.0,0.0,0.0,0.0,0.0,1.0,0.0,0.0,1.0,0.0,1.0,0.0,1.0,0.0,3468.0,3816187.0
0.07437849651387923,-1.0,0.0,0.0,0.075614813068683,0.8926304949475443,-0.09886553639812298,-1.0,-1.0,0.0,1.0,0.0,0.0,0.0,0.0,0.0,1.0,0.0,0.0,0.0,1.0,0.0,0.0,0.0,1.0,0.0,1.0,0.0,1.0,0.0,3209.0,7281863.0
-0.06810704232043789,-1.0,2.0,1.0,-0.07432253535038968,0.583793525133552,-0.4899480412074575,-1.0,-1.0,0.0,1.0,0.0,0.0,0.0,0.0,1.0,0.0,0.0,1.0,0.0,0.0,0.0,1.0,0.0,0.0,0.0,1.0,0.0,1.0,0.0,1423.1,2802511.0
1.095057666496419,1.0,-2.0,0.0,0.7803482723650534,0.07218896826929257,3.850470146167814,0.0,1.0,0.0,0.0,0.0,1.0,0.0,1.0,0.0,0.0,0.0,1.0,0.0,0.0,0.0,0.0,0.0,1.0,0.0,1.0,0.0,1.0,0.0,2842.2,12555418.0
-0.6747277024860138,-1.0,-2.0,1.0,-1.1793530102691105,-0.7310549012035786,-0.16779633591629053,-1.0,-1.0,0.0,1.0,0.0,0.0,0.0,0.0,1.0,0.0,0.0,1.0,0.0,0.0,0.0,0.0,1.0,0.0,0.0,1.0,0.0,1.0,0.0,4908.9,3399413.0
0.0628333194759537,1.0,0.0,0.0,0.06422617748025342,-0.6735920705412886,-0.10760324337929905,0.0,2.5,0.0,0.0,0.0,1.0,0.0,0.0,1.0,0.0,0.0,0.0,0.0,0.0,1.0,1.0,0.0,0.0,0.0,0.0,1.0,1.0,0.0,1595.9,3582636.0
-0.358019265717238,0.0,-1.0,-1.0,-0.4665450596617771,-0.7443908090364937,-0.18176587979360312,0.0,0.0,0.0,0.0,0.0,1.0,0.0,1.0,0.0,0.0,0.0,1.0,0.0,0.0,0.0,0.0,0.0,0.0,1.0,1.0,0.0,1.0,0.0,1972.8,2681232.0
-0.33440629045859993,-1.0,-2.0,-1.0,-0.4285642959457218,0.0065907189290080334,0.6048974308264863,-1.0,-1.0,0.0,1.0,0.0,0.0,0.0,0.0,1.0,0.0,1.0,0.0,0.0,0.0,0.0,0.0,0.0,0.0,1.0,1.0,0.0,1.0,0.0,2384.4,3359143.0
0.03247377985770468,0.0,-2.0,0.0,0.033679921481350905,-0.32119456780588285,1.4378921630319483,0.0,1.5,0.0,0.0,0.0,1.0,0.0,0.0,1.0,0.0,0.0,0.0,0.0,0.0,1.0,0.0,0.0,0.0,1.0,0.0,1.0,1.0,0.0,2044.8,4459709.0
0.5979023886163605,0.0,-2.0,-1.0,0.49433649801443913,0.2915878226169787,2.721687851710685,0.0,0.0,0.0,0.0,0.0,1.0,0.0,1.0,0.0,0.0,0.0,0.0,0.0,0.0,1.0,0.0,0.0,0.0,1.0,1.0,0.0,1.0,0.0,1920.4,6473860.0
-0.4209238517181169,0.0,2.0,0.0,-0.5749281263192797,-0.812563557958422,-0.6501609104474927,0.0,0.0,0.0,0.0,0.0,1.0,0.0,0.0,0.0,1.0,0.0,1.0,0.0,0.0,0.0,0.0,1.0,0.0,0.0,1.0,0.0,1.0,0.0,4814.2,5905579.0
0.3653359622762529,0.0,-1.0,0.0,0.32835487284513254,0.0395443135740489,0.6394167670484169,0.0,0.0,0.0,0.0,0.0,1.0,0.0,0.0,0.0,1.0,0.0,1.0,0.0,0.0,0.0,0.0,0.0,0.0,1.0,1.0,0.0,1.0,0.0,1963.8,5658886.0
-0.4068130797828744,-1.0,-1.0,1.0,-0.5496317659258039,-0.15035077556799897,-0.2371586271372322,-1.0,-1.0,0.0,0.0,0.0,1.0,1.0,0.0,0.0,0.0,0.0,0.0,1.0,0.0,0.0,0.0,0.0,1.0,0.0,1.0,0.0,1.0,0.0,2434.1,3058203.0
0.3311280303120287,1.0,2.0,0.0,0.301586375512528,-0.47974941537405347,-0.308656802286906,0.0,2.5,0.0,0.0,1.0,0.0,1.0,0.0,0.0,0.0,0.0,1.0,0.0,0.0,0.0,0.0,0.0,0.0,1.0,0.0,1.0,1.0,0.0,1971.1,5538003.0
-0.4280980152272807,-1.0,1.0,-1.0,-0.5880248918346475,-0.19648580807105637,-0.5880692544182952,-1.0,-1.0,0.0,1.0,0.0,0.0,0.0,1.0,0.0,0.0,0.0,1.0,0.0,0.0,0.0,0.0,0.0,0.0,1.0,1.0,0.0,1.0,0.0,2219.0,2688540.0
-0.12226960126379288,-1.0,0.0,1.0,-0.13739576922194519,0.46639634421059395,-0.2476942162133007,-1.0,-1.0,0.0,0.0,0.0,1.0,0.0,0.0,1.0,0.0,0.0,1.0,0.0,0.0,0.0,0.0,0.0,0.0,1.0,1.0,0.0,1.0,0.0,1859.4,3449745.0
-0.4961813020394102,-1.0,-2.0,-1.0,-0.7211151429781566,-0.34405612409088,0.23759011884000644,-1.0,1.0,0.0,0.0,0.0,1.0,0.0,1.0,0.0,0.0,0.0,0.0,0.0,0.0,1.0,0.0,1.0,0.0,0.0,1.0,0.0,0.0,1.0,4610.0,5374863.0
-0.5177988146001352,-1.0,-1.0,-1.0,-0.7671317530896365,-0.39091201647679746,-0.36315420434727885,-1.0,-1.0,0.0,0.0,0.0,1.0,0.0,1.0,0.0,0.0,0.0,1.0,0.0,0.0,0.0,0.0,1.0,0.0,0.0,1.0,0.0,1.0,0.0,4646.8,4752747.0
-0.22522597427278437,1.0,0.0,-1.0,-0.26876143191490065,-0.881714616721375,-0.3256144262059294,0.0,1.0,0.0,0.0,0.0,1.0,0.0,0.0,0.0,1.0,0.0,1.0,0.0,0.0,0.0,0.0,0.0,1.0,0.0,1.0,0.0,1.0,0.0,3518.2,5764923.0
1.0374268033400245,0.0,-1.0,-1.0,0.7508897233425453,0.7679217352127179,1.4024019704787758,0.0,0.0,0.0,0.0,0.0,1.0,0.0,0.0,1.0,0.0,0.0,1.0,0.0,0.0,0.0,0.0,0.0,1.0,0.0,1.0,0.0,1.0,0.0,2880.6,12375634.0
1.0329607677780288,1.0,0.0,1.0,0.7485722619417648,0.027324022226513024,0.6266158465327845,0.0,1.0,1.0,0.0,0.0,0.0,0.0,1.0,0.0,0.0,0.0,0.0,0.0,0.0,1.0,0.0,0.0,0.0,1.0,1.0,0.0,1.0,0.0,1953.8,8375550.0
0.07808435581000361,0.0,-1.0,-1.0,0.07924459267526318,-0.2717641758383215,0.3133169126768667,0.0,0.0,0.0,1.0,0.0,0.0,0.0,1.0,0.0,0.0,0.0,1.0,0.0,0.0,0.0,0.0,0.0,0.0,1.0,1.0,0.0,1.0,0.0,2146.1,4886670.0
-0.42130393985105274,-1.0,-1.0,-1.0,-0.5756179435752677,-0.18175967046405356,-0.253609248305496,-1.0,-1.0,0.0,1.0,0.0,0.0,0.0,1.0,0.0,0.0,0.0,0.0,0.0,0.0,1.0,0.0,0.0,0.0,1.0,1.0,0.0,1.0,0.0,2192.3,2687541.0
0.8509460631183856,0.0,0.0,1.0,0.649526170327761,0.5658235180536781,0.4888621204221427,0.0,0.0,1.0,0.0,0.0,0.0,1.0,0.0,0.0,0.0,0.0,1.0,0.0,0.0,0.0,0.0,0.0,0.0,1.0,1.0,0.0,1.0,0.0,1672.1,6527377.0
-0.3773087384637311,0.0,-1.0,0.0,-0.4986161764192954,-0.7652957456394415,-0.20366408370939026,0.0,0.0,0.0,1.0,0.0,0.0,0.0,0.0,0.0,1.0,0.0,1.0,0.0,0.0,0.0,0.0,0.0,0.0,1.0,1.0,0.0,1.0,0.0,2266.7,2988644.0
-0.3890439595681247,-1.0,-2.0,1.0,-0.5186138389423768,-0.1118362618266076,0.4808435662789234,-1.0,-1.0,0.0,0.0,1.0,0.0,1.0,0.0,0.0,0.0,0.0,0.0,0.0,0.0,1.0,0.0,0.0,1.0,0.0,1.0,0.0,1.0,0.0,2567.2,3321443.0
0.12854105545723424,1.0,-2.0,-1.0,0.12746529493547865,-0.6261182982557767,1.6560112187842717,0.0,1.0,0.0,0.0,0.0,1.0,0.0,1.0,0.0,0.0,1.0,0.0,0.0,0.0,0.0,1.0,0.0,0.0,0.0,1.0,0.0,1.0,0.0,1507.0,3591482.0
0.6361962680096448,1.0,0.0,-1.0,0.5193336244314757,-0.2593379245242541,0.32633357904388627,0.0,1.0,0.0,1.0,0.0,0.0,0.0,1.0,0.0,0.0,0.0,0.0,0.0,1.0,0.0,1.0,0.0,0.0,0.0,1.0,0.0,1.0,0.0,1526.0,5267294.0
-0.5662125405328358,-1.0,0.0,0.0,-0.8780800455751189,-0.49584861942459946,-0.5836824221067581,-1.0,-1.0,0.0,0.0,1.0,0.0,0.0,0.0,1.0,0.0,0.0,0.0,0.0,0.0,1.0,1.0,0.0,0.0,0.0,1.0,0.0,1.0,0.0,1491.6,1373614.0
0.12816096732429852,0.0,1.0,-1.0,0.1271101423655302,-0.2174937246572698,-0.272325200913324,0.0,0.0,0.0,0.0,0.0,1.0,0.0,0.0,1.0,0.0,0.0,1.0,0.0,0.0,0.0,0.0,0.0,1.0,0.0,1.0,0.0,1.0,0.0,3099.3,7383772.0
-0.6188547469444476,-1.0,-1.0,-1.0,-1.0135861280929463,-0.6099504408830534,-0.47787706082235115,-1.0,-1.0,1.0,0.0,0.0,0.0,0.0,1.0,0.0,0.0,0.0,0.0,1.0,0.0,0.0,0.0,0.0,1.0,0.0,1.0,0.0,1.0,0.0,3545.8,2872453.0
-0.2567257782898408,0.0,0.0,-1.0,-0.31244345636561416,-0.6346141468752012,-0.3494543427842001,0.0,0.0,0.0,1.0,0.0,0.0,1.0,0.0,0.0,0.0,0.0,1.0,0.0,0.0,0.0,0.0,0.0,1.0,0.0,1.0,0.0,1.0,0.0,2750.5,4324611.0
-0.042213538264184856,-1.0,0.0,-1.0,-0.0454476298305642,0.6399176160133873,-0.18710558961543292,-1.0,-1.0,0.0,0.0,1.0,0.0,1.0,0.0,0.0,0.0,0.0,1.0,0.0,0.0,0.0,0.0,0.0,0.0,1.0,1.0,0.0,1.0,0.0,1797.4,3637578.0
-0.21581879298262263,-1.0,-1.0,0.0,-0.25605823965226837,0.26362875716032697,-0.020334046493230874,-1.0,-1.0,1.0,0.0,0.0,0.0,1.0,0.0,0.0,0.0,0.0,1.0,0.0,0.0,0.0,0.0,0.0,0.0,1.0,1.0,0.0,1.0,0.0,2207.1,3660255.0
0.2905536221211294,0.0,2.0,-1.0,0.268932350815756,-0.041500933256098535,-0.32708149799536146,0.0,0.0,0.0,0.0,0.0,1.0,1.0,0.0,0.0,0.0,1.0,0.0,0.0,0.0,0.0,0.0,0.0,0.0,1.0,1.0,0.0,1.0,0.0,1996.5,5438865.0
-0.7394377071183379,-1.0,-2.0,-1.0,-1.410740242786393,-0.8713136384115339,-0.3147192607108825,-1.0,-1.0,1.0,0.0,0.0,0.0,0.0,0.0,1.0,0.0,1.0,0.0,0.0,0.0,0.0,0.0,0.0,0.0,1.0,1.0,0.0,1.0,0.0,2924.4,1626844.0
-0.04710717297573357,-1.0,2.0,0.0,-0.05084468475937697,0.6293106777370148,-0.4804120745761492,-1.0,-1.0,0.0,0.0,0.0,1.0,0.0,0.0,1.0,0.0,0.0,0.0,0.0,0.0,1.0,1.0,0.0,0.0,0.0,1.0,0.0,1.0,0.0,1558.6,3138241.0
1.2671425686831135,0.0,-1.0,0.0,0.8637255549731516,1.0168758447576751,1.6631847683428918,0.0,0.0,0.0,0.0,0.0,1.0,0.0,1.0,0.0,0.0,0.0,0.0,0.0,1.0,0.0,0.0,0.0,1.0,0.0,1.0,0.0,1.0,0.0,2547.9,12178198.0
-0.334216246392132,0.0,2.0,0.0,-0.4282640786783555,-0.7185943232284225,-0.6107872925693532,0.0,0.0,0.0,1.0,0.0,0.0,0.0,1.0,0.0,0.0,0.0,1.0,0.0,0.0,0.0,0.0,0.0,0.0,1.0,1.0,0.0,1.0,0.0,1964.1,2767810.0
0.8001567863548362,0.0,0.0,0.0,0.6201497640264516,0.5107807169981334,0.4504234012333473,0.0,0.0,1.0,0.0,0.0,0.0,1.0,0.0,0.0,0.0,0.0,1.0,0.0,0.0,0.0,0.0,0.0,1.0,0.0,1.0,0.0,1.0,0.0,2821.6,10713051.0
-0.045634331460607296,0.0,-2.0,0.0,-0.04921743106351571,-0.4058441140503316,1.26054907319178,0.0,0.0,0.0,0.0,0.0,1.0,0.0,1.0,0.0,0.0,0.0,0.0,0.0,0.0,1.0,0.0,0.0,0.0,1.0,1.0,0.0,1.0,0.0,1652.9,3333238.0
-0.37593091898183867,-1.0,-1.0,-1.0,-0.4962928695358311,-0.08341378644525971,-0.202099926286834,-1.0,-1.0,0.0,0.0,0.0,1.0,1.0,0.0,0.0,0.0,0.0,1.0,0.0,0.0,0.0,0.0,0.0,1.0,0.0,1.0,0.0,1.0,0.0,2828.6,3737712.0
0.2887957145063013,0.0,-1.0,0.0,0.26749456856754267,-0.04340606294651486,0.5525251254022762,0.0,0.0,0.0,0.0,1.0,0.0,0.0,1.0,0.0,0.0,1.0,0.0,0.0,0.0,0.0,0.0,0.0,0.0,1.0,1.0,0.0,1.0,0.0,1649.1,4486377.0
0.596952168284021,0.0,-1.0,-1.0,0.49370865197521624,0.29055802278432113,0.9023570234264036,0.0,1.5,0.0,0.0,0.0,1.0,0.0,1.0,0.0,0.0,0.0,1.0,0.0,0.0,0.0,0.0,0.0,0.0,1.0,0.0,1.0,1.0,0.0,2040.8,6875659.0
-0.30523452625577535,0.0,-1.0,1.0,-0.38344984667403614,-0.687185428332368,-0.12184246957084546,0.0,0.0,0.0,0.0,1.0,0.0,0.0,0.0,1.0,0.0,0.0,0.0,1.0,0.0,0.0,0.0,0.0,0.0,1.0,1.0,0.0,1.0,0.0,1607.7,2363641.0
0.8771721442909577,0.0,-1.0,0.0,0.6643819124591795,0.594245993435026,1.2204742812966325,0.0,0.0,1.0,0.0,0.0,0.0,0.0,1.0,0.0,0.0,0.0,0.0,0.0,0.0,1.0,0.0,0.0,0.0,1.0,1.0,0.0,1.0,0.0,2067.5,8185026.0
1.5659868632039053,1.0,-2.0,-1.0,0.9945342624762229,0.4124348329793394,4.919706585642112,0.0,1.0,0.0,0.0,0.0,1.0,0.0,1.0,0.0,0.0,0.0,0.0,0.0,0.0,1.0,0.0,0.0,1.0,0.0,1.0,0.0,1.0,0.0,3057.7,16538182.0
1.1215688137686928,0.0,-2.0,-1.0,0.7936291310422594,0.8591105103945421,3.9106632387048053,0.0,0.0,0.0,1.0,0.0,0.0,0.0,1.0,0.0,0.0,0.0,0.0,0.0,0.0,1.0,0.0,0.0,1.0,0.0,1.0,0.0,1.0,0.0,2991.8,13383219.0
-0.5103870960078866,0.0,2.0,-1.0,-0.751128203228363,-0.909519212203128,-0.6907858542636772,0.0,0.0,0.0,1.0,0.0,0.0,1.0,0.0,0.0,0.0,0.0,0.0,0.0,1.0,0.0,1.0,0.0,0.0,0.0,1.0,0.0,1.0,0.0,1502.4,1560092.0
-0.28138399591405233,0.0,0.0,-1.0,-0.3479423080845915,-0.661337452532664,-0.3681163589291813,0.0,0.0,1.0,0.0,0.0,0.0,0.0,1.0,0.0,0.0,0.0,0.0,1.0,0.0,0.0,0.0,0.0,0.0,1.0,1.0,0.0,1.0,0.0,2414.2,3670550.0
0.7810098466581941,0.0,0.0,-1.0,0.6088600684091072,0.49003025037008424,0.43593247154851594,0.0,0.0,1.0,0.0,0.0,0.0,0.0,0.0,0.0,1.0,0.0,1.0,0.0,0.0,0.0,0.0,0.0,0.0,1.0,1.0,0.0,1.0,0.0,2705.4,10162835.0
0.0783219108930885,-1.0,0.0,0.0,0.07947684678798518,0.9011778335586019,-0.09588105212060191,-1.0,-1.0,0.0,0.0,0.0,1.0,1.0,0.0,0.0,0.0,0.0,1.0,0.0,0.0,0.0,0.0,0.0,0.0,1.0,1.0,0.0,1.0,0.0,1868.4,4255281.0
-0.7277024860139443,-1.0,-2.0,-1.0,-1.3648466884463166,-0.845877582544893,-0.28807464806457983,-1.0,-1.0,0.0,0.0,0.0,1.0,1.0,0.0,0.0,0.0,0.0,0.0,0.0,0.0,1.0,0.0,0.0,0.0,1.0,1.0,0.0,1.0,0.0,1933.1,1123131.0
0.9691534724614271,0.0,-1.0,0.0,0.7148956721680098,0.6939306172362746,1.3248952733679724,0.0,0.0,1.0,0.0,0.0,0.0,1.0,0.0,0.0,0.0,0.0,0.0,0.0,0.0,1.0,0.0,0.0,1.0,0.0,1.0,0.0,1.0,0.0,3019.2,12537228.0
0.2954947678492952,1.0,0.0,-1.0,0.27296325407326366,-0.5054944111904917,0.06848132899444455,0.0,3.0,0.0,1.0,0.0,0.0,0.0,0.0,1.0,0.0,0.0,1.0,0.0,0.0,0.0,0.0,0.0,0.0,1.0,1.0,0.0,0.0,1.0,2387.8,6979678.0
-0.22251784632561658,-1.0,-1.0,-1.0,-0.2650887956347798,0.24910857951985568,-0.027939087754625024,-1.0,-1.0,0.0,1.0,0.0,0.0,0.0,1.0,0.0,0.0,0.0,0.0,0.0,1.0,0.0,1.0,0.0,0.0,0.0,1.0,0.0,1.0,0.0,1605.5,2639924.0
-0.2640899858654724,-1.0,-1.0,-1.0,-0.32292108712058837,0.15900109416232205,-0.07513349274554572,-1.0,-1.0,0.0,0.0,1.0,0.0,1.0,0.0,0.0,0.0,0.0,0.0,1.0,0.0,0.0,0.0,0.0,0.0,1.0,1.0,0.0,1.0,0.0,1879.7,2926317.0
-0.2588637740376048,-1.0,-1.0,1.0,-0.31547467728638307,0.17032889232155485,-0.0692004818324014,-1.0,-1.0,0.0,0.0,0.0,1.0,0.0,0.0,0.0,1.0,0.0,1.0,0.0,0.0,0.0,0.0,0.0,0.0,1.0,1.0,0.0,1.0,0.0,1949.6,3056583.0
0.8276656649760664,0.0,0.0,-1.0,0.6361619838702071,0.5405934221535688,0.4712428758921988,0.0,1.5,1.0,0.0,0.0,0.0,0.0,0.0,1.0,0.0,0.0,1.0,0.0,0.0,0.0,0.0,0.0,1.0,0.0,0.0,1.0,1.0,0.0,3768.0,14524510.0
-0.5549049185779951,0.0,-1.0,1.0,-0.8511062920393391,-0.9577653343631333,-0.40527858183060345,0.0,1.5,0.0,0.0,1.0,0.0,1.0,0.0,0.0,0.0,0.0,1.0,0.0,0.0,0.0,0.0,0.0,0.0,1.0,0.0,1.0,1.0,0.0,1763.1,1665601.0
-0.4526136998016413,-1.0,0.0,0.0,-0.6340437012348846,-0.24962347943618468,-0.4977077003290123,-1.0,-1.0,0.0,1.0,0.0,0.0,0.0,1.0,0.0,0.0,0.0,0.0,0.0,1.0,0.0,0.0,0.0,0.0,1.0,1.0,0.0,1.0,0.0,2085.7,2419412.0
-0.5483483982848522,0.0,-1.0,1.0,-0.8357752776720213,-0.9506597155177963,-0.39783534995774966,0.0,0.0,0.0,0.0,1.0,0.0,0.0,0.0,0.0,1.0,0.0,1.0,0.0,0.0,0.0,0.0,0.0,1.0,0.0,1.0,0.0,1.0,0.0,2723.3,2610283.0
-0.5457828033875353,-1.0,-1.0,-1.0,-0.8298361271366471,-0.4515672266203258,-0.3949227809640243,-1.0,-1.0,0.0,0.0,0.0,1.0,0.0,1.0,0.0,0.0,0.0,0.0,0.0,0.0,1.0,0.0,0.0,0.0,1.0,1.0,0.0,1.0,0.0,2082.2,2007033.0
-0.30399923982373395,0.0,0.0,1.0,-0.3815812613077692,-0.6858466885499133,-0.38523219647255524,0.0,0.0,0.0,0.0,0.0,1.0,0.0,0.0,1.0,0.0,0.0,0.0,0.0,0.0,1.0,0.0,0.0,0.0,1.0,1.0,0.0,1.0,0.0,1687.6,2485497.0
0.8019622049862812,0.0,-1.0,-1.0,0.621208113528933,0.5127373366801826,1.135092860610201,0.0,0.0,0.0,0.0,0.0,1.0,0.0,1.0,0.0,0.0,0.0,0.0,1.0,0.0,0.0,0.0,0.0,0.0,1.0,1.0,0.0,1.0,0.0,1987.1,7552172.0
-0.6385718188404935,-1.0,-1.0,0.0,-1.0691667291245677,-0.6526871339383408,-0.5002606929037593,-1.0,-1.0,0.0,0.0,0.0,1.0,0.0,0.0,1.0,0.0,0.0,0.0,1.0,0.0,0.0,1.0,0.0,0.0,0.0,1.0,0.0,1.0,0.0,1527.5,1174036.0
0.8688102053663695,0.0,0.0,0.0,0.6596679062482209,0.5851837549076399,0.5023821937757321,0.0,0.0,0.0,1.0,0.0,0.0,0.0,1.0,0.0,0.0,0.0,0.0,0.0,0.0,1.0,0.0,0.0,1.0,0.0,1.0,0.0,1.0,0.0,2712.7,10691565.0
0.045396776377522624,-1.0,1.0,-1.0,0.04679032390039089,0.8298127051554351,-0.3193038600528577,-1.0,-1.0,0.0,0.0,0.0,1.0,0.0,1.0,0.0,0.0,0.0,0.0,1.0,0.0,0.0,0.0,0.0,0.0,1.0,1.0,0.0,1.0,0.0,2033.0,4489271.0
-0.13471748761744115,-1.0,-1.0,-1.0,-0.15243864704346885,0.43941558859496666,0.07173549558619945,-1.0,-1.0,0.0,0.0,0.0,1.0,0.0,0.0,1.0,0.0,0.0,1.0,0.0,0.0,0.0,0.0,0.0,0.0,1.0,1.0,0.0,1.0,0.0,2274.6,4160471.0
0.9018303619151693,0.0,0.0,-1.0,0.6781618525458403,0.6209692990924889,0.527372754894734,0.0,0.0,0.0,0.0,1.0,0.0,0.0,1.0,0.0,0.0,0.0,1.0,0.0,0.0,0.0,0.0,0.0,0.0,1.0,1.0,0.0,1.0,0.0,1761.6,7065425.0
1.1470347186753929,0.0,-2.0,-1.0,0.8062313217139283,0.8867091459097635,3.9684831268765386,0.0,0.0,0.0,0.0,1.0,0.0,1.0,0.0,0.0,0.0,0.0,0.0,0.0,0.0,1.0,0.0,0.0,1.0,0.0,1.0,0.0,1.0,0.0,2498.5,11310460.0
-0.5755722108063805,0.0,-2.0,1.0,-0.9009391520351989,-0.9801634807234344,0.05733446000611289,0.0,1.5,0.0,0.0,0.0,1.0,0.0,0.0,0.0,1.0,0.0,1.0,0.0,0.0,0.0,0.0,0.0,0.0,1.0,0.0,1.0,1.0,0.0,2137.7,1926495.0
0.8028649143020039,0.0,1.0,-1.0,0.6217368916321905,0.5137156465212074,0.11065065353014153,0.0,0.0,0.0,0.0,0.0,1.0,1.0,0.0,0.0,0.0,0.0,1.0,0.0,0.0,0.0,0.0,1.0,0.0,0.0,1.0,0.0,1.0,0.0,4108.2,15621430.0
1.2003420793196424,0.0,0.0,0.0,0.8321351956218749,0.9444809165218512,0.75329461893889,0.0,1.5,0.0,0.0,1.0,0.0,0.0,1.0,0.0,0.0,0.0,1.0,0.0,0.0,0.0,0.0,0.0,1.0,0.0,0.0,1.0,1.0,0.0,2782.8,12909687.0
-0.00425223598721945,-1.0,-1.0,-1.0,-0.004490615068879923,0.7221986226427235,0.21984502256342023,-1.0,-1.0,0.0,0.0,0.0,1.0,1.0,0.0,0.0,0.0,1.0,0.0,0.0,0.0,0.0,0.0,0.0,1.0,0.0,1.0,0.0,1.0,0.0,2792.7,5875003.0
-0.40909360858048943,-1.0,1.0,1.0,-0.5536793215609145,-0.1552938147647553,-0.5772819618489419,-1.0,-1.0,0.0,0.0,0.0,1.0,0.0,0.0,0.0,1.0,0.0,1.0,0.0,0.0,0.0,0.0,0.0,1.0,0.0,1.0,0.0,1.0,0.0,2996.7,3750670.0
2.284163390386146,1.0,-2.0,-1.0,1.2553015264638234,0.9313166419943791,6.550313730425558,0.0,1.0,0.0,0.0,0.0,1.0,1.0,0.0,0.0,0.0,1.0,0.0,0.0,0.0,0.0,0.0,0.0,0.0,1.0,1.0,0.0,1.0,0.0,1921.4,13296664.0
1.1935480039434145,0.0,-1.0,1.0,0.8288687641218917,0.9371178477183497,1.5796371873932507,0.0,0.0,1.0,0.0,0.0,0.0,0.0,0.0,0.0,1.0,0.0,0.0,0.0,0.0,1.0,0.0,0.0,0.0,1.0,1.0,0.0,1.0,0.0,2174.6,10057090.0
0.8511836182014705,0.0,1.0,-1.0,0.6496616734535136,0.5660809680118425,0.13807734488772225,0.0,1.5,0.0,1.0,0.0,0.0,0.0,0.0,1.0,0.0,0.0,0.0,0.0,0.0,1.0,0.0,0.0,1.0,0.0,0.0,1.0,1.0,0.0,3567.2,13927062.0
-0.5559026499269517,0.0,2.0,1.0,-0.8534588662435507,-0.9588466241874237,-0.7114543068265582,0.0,0.0,0.0,1.0,0.0,0.0,0.0,0.0,1.0,0.0,0.0,0.0,1.0,0.0,0.0,0.0,0.0,1.0,0.0,1.0,0.0,1.0,0.0,2794.1,2633719.0
0.9559454098419071,1.0,-2.0,1.0,0.707788729108899,-0.02831949539808223,3.534618219737149,0.0,3.0,0.0,0.0,0.0,1.0,0.0,0.0,1.0,0.0,0.0,0.0,0.0,1.0,0.0,0.0,0.0,0.0,1.0,1.0,0.0,0.0,1.0,1852.5,8091007.0
-0.23434808946324406,-1.0,-1.0,-1.0,-0.281227038943077,0.2234665636866834,-0.04136926700346981,-1.0,-1.0,0.0,0.0,0.0,1.0,0.0,1.0,0.0,0.0,0.0,1.0,0.0,0.0,0.0,0.0,0.0,0.0,1.0,1.0,0.0,1.0,0.0,2103.4,3406246.0
1.2446698578232827,0.0,-1.0,1.0,0.8532029858169742,0.9925210787153245,1.6376728214163712,0.0,0.0,0.0,1.0,0.0,0.0,0.0,0.0,0.0,1.0,0.0,1.0,0.0,0.0,0.0,0.0,0.0,1.0,0.0,1.0,0.0,1.0,0.0,2745.0,12990438.0
-0.461925859058569,0.0,0.0,-1.0,-0.6520618665702298,-0.8569994207375942,-0.5047553981409898,0.0,0.0,1.0,0.0,0.0,0.0,1.0,0.0,0.0,0.0,0.0,1.0,0.0,0.0,0.0,1.0,0.0,0.0,0.0,1.0,0.0,1.0,0.0,1620.6,1848132.0
0.921832499910917,1.0,-1.0,0.0,0.6892094732947843,-0.05296603805968554,1.2711745563725931,0.0,1.0,1.0,0.0,0.0,0.0,1.0,0.0,0.0,0.0,0.0,0.0,1.0,0.0,0.0,0.0,0.0,0.0,1.0,1.0,0.0,1.0,0.0,2094.6,8489204.0
1.10132912068986,0.0,0.0,-1.0,0.7835050642376054,0.8371757739589365,0.6783588932237822,0.0,0.0,1.0,0.0,0.0,0.0,0.0,0.0,0.0,1.0,0.0,0.0,1.0,0.0,0.0,0.0,0.0,0.0,1.0,1.0,0.0,1.0,0.0,2454.7,10876039.0
0.882540889168676,1.0,0.0,0.0,0.6673974871749055,-0.08135418677994488,0.5127739522842091,0.0,1.0,1.0,0.0,0.0,0.0,0.0,1.0,0.0,0.0,0.0,0.0,0.0,1.0,0.0,1.0,0.0,0.0,0.0,1.0,0.0,1.0,0.0,1553.9,6169294.0
-0.4757040538774926,0.0,-1.0,0.0,-0.679297117098363,-0.8719315183111284,-0.31536649826504365,0.0,0.0,0.0,0.0,0.0,1.0,0.0,1.0,0.0,0.0,0.0,0.0,1.0,0.0,0.0,0.0,0.0,0.0,1.0,1.0,0.0,1.0,0.0,1843.4,2048755.0
-0.042831181480205545,-1.0,-2.0,-1.0,-0.04612729569809932,0.6385788762309326,1.2669135758076984,-1.0,-1.0,0.0,0.0,0.0,1.0,0.0,1.0,0.0,0.0,0.0,0.0,1.0,0.0,0.0,0.0,0.0,0.0,1.0,1.0,0.0,1.0,0.0,2044.0,4133990.0
-0.331983228611134,-1.0,1.0,0.0,-0.42474289066196347,0.011842698075561563,-0.5335125222487908,-1.0,-1.0,0.0,1.0,0.0,0.0,1.0,0.0,0.0,0.0,0.0,1.0,0.0,0.0,0.0,1.0,0.0,0.0,0.0,1.0,0.0,1.0,0.0,1435.0,2028947.0
1.4465441674288229,1.0,0.0,-1.0,0.9441750193879176,0.3261376070026389,0.9396271192535195,0.0,4.5,0.0,1.0,0.0,0.0,0.0,1.0,0.0,0.0,0.0,1.0,0.0,0.0,0.0,0.0,0.0,0.0,1.0,0.0,1.0,0.0,1.0,2467.4,13175122.0
0.9381287786105403,0.0,-2.0,0.0,0.6981257808169745,0.6603076527000062,3.494165872602074,0.0,0.0,0.0,1.0,0.0,0.0,1.0,0.0,0.0,0.0,0.0,1.0,0.0,0.0,0.0,0.0,0.0,0.0,1.0,1.0,0.0,1.0,0.0,1748.0,7144426.0
0.09457067857609491,1.0,-1.0,0.0,0.09524325289885884,-0.6506618609341144,0.33203286528469456,0.0,1.0,0.0,0.0,0.0,1.0,0.0,0.0,1.0,0.0,0.0,1.0,0.0,0.0,0.0,0.0,0.0,1.0,0.0,1.0,0.0,1.0,0.0,3017.9,6976479.0
1.1877516599161433,1.0,-1.0,-1.0,0.8260740261518806,0.13916028405312061,1.5730569389259452,0.0,1.0,0.0,0.0,0.0,1.0,1.0,0.0,0.0,0.0,1.0,0.0,0.0,0.0,0.0,0.0,0.0,0.0,1.0,1.0,0.0,1.0,0.0,1838.9,8482110.0
0.8952263306054093,0.0,-1.0,-1.0,0.674488828530971,0.613812190255519,1.2409701371784039,0.0,0.0,0.0,0.0,0.0,1.0,1.0,0.0,0.0,0.0,0.0,0.0,1.0,0.0,0.0,0.0,0.0,0.0,1.0,1.0,0.0,1.0,0.0,2021.8,8080932.0
0.9624069081018163,0.0,0.0,-1.0,0.7112714704739154,0.6866190384244063,0.5732187483144856,0.0,0.0,0.0,1.0,0.0,0.0,0.0,0.0,0.0,1.0,0.0,0.0,0.0,0.0,1.0,1.0,0.0,0.0,0.0,1.0,0.0,1.0,0.0,1609.9,6662249.0
-0.1672150229834541,-1.0,0.0,-1.0,-0.192749431020891,0.36897728004119196,-0.2817101454486614,-1.0,-1.0,0.0,1.0,0.0,0.0,0.0,1.0,0.0,0.0,0.0,1.0,0.0,0.0,0.0,0.0,0.0,0.0,1.0,1.0,0.0,1.0,0.0,2385.6,4200326.0
-0.6473138458980173,-1.0,1.0,1.0,-1.0947756744740726,-0.6716354508592393,-0.7125006742057856,-1.0,-1.0,1.0,0.0,0.0,0.0,1.0,0.0,0.0,0.0,1.0,0.0,0.0,0.0,0.0,0.0,0.0,0.0,1.0,1.0,0.0,1.0,0.0,2125.5,1594550.0
-0.4845886139848675,0.0,0.0,1.0,-0.6972383215552922,-0.8815601467464762,-0.5219071933262616,0.0,1.5,0.0,0.0,1.0,0.0,0.0,0.0,0.0,1.0,0.0,0.0,0.0,0.0,1.0,0.0,0.0,1.0,0.0,0.0,1.0,1.0,0.0,2982.8,3259306.0
-0.5937689301706831,-1.0,1.0,-1.0,-0.9468458822651701,-0.555577009718736,-0.6821074773916325,-1.0,-1.0,1.0,0.0,0.0,0.0,1.0,0.0,0.0,0.0,0.0,0.0,0.0,1.0,0.0,0.0,0.0,0.0,1.0,1.0,0.0,1.0,0.0,2461.1,2123683.0
-0.1332921571189318,-1.0,-1.0,-1.0,-0.15070530008404479,0.44250498809293926,0.07335358947160245,-1.0,-1.0,1.0,0.0,0.0,0.0,1.0,0.0,0.0,0.0,0.0,0.0,1.0,0.0,0.0,0.0,0.0,1.0,0.0,1.0,0.0,1.0,0.0,3380.9,6194147.0
-0.2768704493354394,-1.0,-2.0,-1.0,-0.34135477859089336,0.1312994786638347,0.735531543841355,-1.0,-1.0,0.0,0.0,0.0,1.0,0.0,0.0,0.0,1.0,0.0,0.0,1.0,0.0,0.0,0.0,0.0,0.0,1.0,1.0,0.0,1.0,0.0,2193.4,3355683.0
-0.17800002375550814,-1.0,0.0,0.0,-0.2064740985088325,0.345600823839866,-0.289872530159472,-1.0,-1.0,0.0,0.0,0.0,1.0,0.0,0.0,0.0,1.0,0.0,0.0,1.0,0.0,0.0,0.0,0.0,0.0,1.0,1.0,0.0,1.0,0.0,2168.2,3768332.0
-0.3170172583767859,-1.0,0.0,0.0,-0.401441089786126,0.04428139280427367,-0.3950845903525646,-1.0,-1.0,0.0,0.0,0.0,1.0,0.0,0.0,0.0,1.0,0.0,0.0,0.0,0.0,1.0,0.0,0.0,1.0,0.0,1.0,0.0,1.0,0.0,2971.0,4294283.0
1.1917425853119694,1.0,0.0,0.0,0.8279990631128432,0.1420437235845614,0.7467862857553801,0.0,1.0,1.0,0.0,0.0,0.0,0.0,0.0,0.0,1.0,0.0,1.0,0.0,0.0,0.0,0.0,0.0,0.0,1.0,1.0,0.0,1.0,0.0,2329.9,10766468.0
-0.3827249943580666,-1.0,-1.0,1.0,-0.5077989336917118,-0.09813992405226253,-0.2098128404739217,-1.0,-1.0,0.0,1.0,0.0,0.0,0.0,0.0,0.0,1.0,0.0,0.0,1.0,0.0,0.0,1.0,0.0,0.0,0.0,1.0,0.0,1.0,0.0,1509.3,1972806.0
-0.5072513689111661,0.0,1.0,0.0,-0.7444296533113357,-0.9061208727553582,-0.6329983279696516,0.0,1.5,1.0,0.0,0.0,0.0,0.0,0.0,0.0,1.0,0.0,0.0,0.0,0.0,1.0,1.0,0.0,0.0,0.0,0.0,1.0,1.0,0.0,1876.6,1961047.0
0.6079272131225428,1.0,-1.0,-1.0,0.5009376781707116,-0.2797622878719616,0.9148163463440067,0.0,1.0,1.0,0.0,0.0,0.0,1.0,0.0,0.0,0.0,0.0,0.0,0.0,0.0,1.0,1.0,0.0,0.0,0.0,1.0,0.0,1.0,0.0,1678.0,5692112.0
1.2517489992992128,0.0,0.0,-1.0,0.8565290084287637,1.0001930874686233,0.7922007874723576,0.0,0.0,0.0,1.0,0.0,0.0,0.0,0.0,0.0,1.0,0.0,0.0,0.0,0.0,1.0,0.0,0.0,0.0,1.0,1.0,0.0,1.0,0.0,2212.1,10501502.0
-0.4635887446401632,-1.0,0.0,-1.0,-0.6553119288020737,-0.27341185557057346,-0.5060139156074144,-1.0,-1.0,0.0,1.0,0.0,0.0,1.0,0.0,0.0,0.0,0.0,0.0,0.0,0.0,1.0,0.0,1.0,0.0,0.0,1.0,0.0,1.0,0.0,5032.4,5721336.0
-0.09286028197788343,0.0,0.0,0.0,-0.10268254614425455,-0.4570251657334106,-0.22543643587853496,0.0,0.0,1.0,0.0,0.0,0.0,1.0,0.0,0.0,0.0,0.0,1.0,0.0,0.0,0.0,0.0,0.0,0.0,1.0,1.0,0.0,1.0,0.0,2201.0,4219757.0
0.018267985889228195,0.0,0.0,0.0,0.01907820429776242,-0.3365900753041129,-0.14133151147947715,0.0,0.0,0.0,0.0,0.0,1.0,1.0,0.0,0.0,0.0,0.0,1.0,0.0,0.0,0.0,0.0,1.0,0.0,0.0,1.0,0.0,1.0,0.0,4059.4,8732175.0
1.0499222007102897,0.0,-1.0,-1.0,0.7573468506006376,0.7814636030121644,1.4165872602074754,0.0,0.0,0.0,1.0,0.0,0.0,0.0,1.0,0.0,0.0,0.0,0.0,0.0,1.0,0.0,0.0,0.0,0.0,1.0,1.0,0.0,1.0,0.0,1871.0,8087398.0
0.6906438930527018,1.0,-2.0,0.0,0.5538886223604821,-0.2199995709167365,2.9322558026644607,0.0,1.0,0.0,0.0,0.0,1.0,1.0,0.0,0.0,0.0,0.0,0.0,0.0,0.0,1.0,0.0,0.0,0.0,1.0,1.0,0.0,1.0,0.0,1912.7,6821262.0
0.2301196089843334,0.0,0.0,-1.0,0.21834734675039577,-0.10699620261311717,0.01900361374301074,0.0,0.0,0.0,0.0,0.0,1.0,0.0,0.0,1.0,0.0,0.0,0.0,0.0,0.0,1.0,0.0,0.0,0.0,1.0,1.0,0.0,1.0,0.0,1989.3,5166212.0
0.43712510838450674,0.0,-1.0,-1.0,0.3824220269993681,0.11734569093132503,0.7209147624098811,0.0,0.0,1.0,0.0,0.0,0.0,0.0,1.0,0.0,0.0,0.0,0.0,0.0,0.0,1.0,0.0,0.0,1.0,0.0,1.0,0.0,1.0,0.0,3485.6,10570779.0
0.8810680476535497,0.0,-1.0,-1.0,0.666571060579645,0.5984681727489218,1.2248970712500673,0.0,0.0,0.0,1.0,0.0,0.0,1.0,0.0,0.0,0.0,0.0,1.0,0.0,0.0,0.0,0.0,0.0,0.0,1.0,1.0,0.0,1.0,0.0,1952.0,7743779.0
-0.20650663372569497,0.0,-2.0,0.0,-0.2436317783590285,-0.5801892257192509,0.8952913467934772,0.0,0.0,0.0,0.0,0.0,1.0,0.0,0.0,1.0,0.0,0.0,0.0,1.0,0.0,0.0,0.0,0.0,1.0,0.0,1.0,0.0,1.0,0.0,3006.5,5044907.0
0.1261179936097684,-1.0,-1.0,-1.0,0.12519915257607578,1.0047756967239492,0.3678466766149476,-1.0,-1.0,0.0,0.0,0.0,1.0,1.0,0.0,0.0,0.0,0.0,0.0,0.0,1.0,0.0,0.0,0.0,1.0,0.0,1.0,0.0,1.0,0.0,2939.0,6989236.0
1.2800180541863146,1.0,-1.0,-1.0,0.8697075294590256,0.20582265988715098,1.6778015497743657,0.0,1.0,0.0,0.0,1.0,0.0,0.0,1.0,0.0,0.0,0.0,1.0,0.0,0.0,0.0,0.0,0.0,0.0,1.0,1.0,0.0,1.0,0.0,1903.4,9149263.0
-0.529153947571593,0.0,1.0,0.0,-0.7921292626747402,-0.9298577588981142,-0.6454306826558313,0.0,0.0,0.0,0.0,0.0,1.0,0.0,0.0,1.0,0.0,0.0,1.0,0.0,0.0,0.0,0.0,0.0,0.0,1.0,1.0,0.0,1.0,0.0,1951.1,1948954.0
0.12763834614151182,-1.0,0.0,-1.0,0.1266216128873503,1.0080710561884534,-0.058557019830639344,-1.0,-1.0,0.0,1.0,0.0,0.0,0.0,1.0,0.0,0.0,0.0,1.0,0.0,0.0,0.0,0.0,0.0,0.0,1.0,1.0,0.0,1.0,0.0,2085.8,4966916.0
-0.7443313418298866,-1.0,-1.0,-1.0,-1.4304820782813548,-0.8819205766879064,-0.6203232592006616,-1.0,-1.0,0.0,0.0,0.0,1.0,0.0,1.0,0.0,0.0,0.0,1.0,0.0,0.0,0.0,0.0,0.0,0.0,1.0,1.0,0.0,1.0,0.0,2027.6,1107070.0
0.32989274387998735,0.0,2.0,0.0,0.3006069530822558,0.0011327798159231862,-0.30921774150051234,0.0,0.0,0.0,0.0,0.0,1.0,1.0,0.0,0.0,0.0,0.0,1.0,0.0,0.0,0.0,0.0,0.0,0.0,1.0,1.0,0.0,1.0,0.0,1645.6,4619199.0
-0.7278925300804122,-1.0,0.0,1.0,-1.3655742689908732,-0.8462895024779559,-0.7060462774851224,-1.0,-1.0,0.0,0.0,0.0,1.0,1.0,0.0,0.0,0.0,0.0,0.0,0.0,0.0,1.0,0.0,0.0,1.0,0.0,1.0,0.0,1.0,0.0,2662.0,1545557.0
0.7988264778895607,0.0,2.0,1.0,0.6193692497120068,0.5093389972324128,-0.0962765861814782,0.0,0.0,0.0,0.0,0.0,1.0,0.0,1.0,0.0,0.0,0.0,1.0,0.0,0.0,0.0,1.0,0.0,0.0,0.0,1.0,0.0,1.0,0.0,1208.4,4584670.0
-0.48135786485491305,-1.0,-1.0,-1.0,-0.6906790007196175,-0.3119263693119651,-0.3217849373438089,-1.0,-1.0,1.0,0.0,0.0,0.0,0.0,1.0,0.0,0.0,0.0,1.0,0.0,0.0,0.0,0.0,0.0,1.0,0.0,1.0,0.0,1.0,0.0,3786.4,4163147.0
-0.00515494530294186,-1.0,1.0,0.0,-0.005446387033884612,0.7202420029606746,-0.3479980582873374,-1.0,-1.0,0.0,1.0,0.0,0.0,0.0,0.0,1.0,0.0,0.0,0.0,1.0,0.0,0.0,0.0,0.0,1.0,0.0,1.0,0.0,1.0,0.0,3063.3,6438444.0
0.9647824589326652,0.0,1.0,-1.0,0.712549014040591,0.6891935380060501,0.2025583862210317,0.0,0.0,0.0,1.0,0.0,0.0,1.0,0.0,0.0,0.0,0.0,0.0,0.0,0.0,1.0,0.0,0.0,0.0,1.0,1.0,0.0,1.0,0.0,1892.0,7839124.0
0.22266037937546793,0.0,-1.0,-1.0,0.21193272795294618,-0.11508013129947867,0.47744556911957725,0.0,0.0,0.0,0.0,1.0,0.0,1.0,0.0,0.0,0.0,0.0,1.0,0.0,0.0,0.0,0.0,0.0,0.0,1.0,1.0,0.0,1.0,0.0,1709.8,4413507.0
-0.6669358957608293,-1.0,0.0,-1.0,-1.1546182942905143,-0.7141661839479952,-0.6599126229301882,-1.0,-1.0,1.0,0.0,0.0,0.0,0.0,0.0,0.0,1.0,0.0,0.0,0.0,1.0,0.0,0.0,0.0,0.0,1.0,1.0,0.0,1.0,0.0,2691.5,1908004.0
0.14160658502690318,0.0,-1.0,-1.0,0.13960175738170771,-0.20292205702516591,0.3854299635029934,0.0,0.0,0.0,0.0,0.0,1.0,1.0,0.0,0.0,0.0,0.0,0.0,1.0,0.0,0.0,0.0,0.0,0.0,1.0,1.0,0.0,1.0,0.0,1889.0,4553812.0
0.1445997790737729,1.0,0.0,-1.0,0.14236262397870555,-0.6145158868078352,-0.04572014167310907,0.0,1.0,0.0,0.0,0.0,1.0,1.0,0.0,0.0,0.0,0.0,0.0,0.0,1.0,0.0,0.0,0.0,0.0,1.0,1.0,0.0,1.0,0.0,1905.4,4605352.0
0.8065232625815112,0.0,-1.0,-1.0,0.6238771335070545,0.5176803758769387,1.1402707610434906,0.0,0.0,0.0,1.0,0.0,0.0,0.0,0.0,1.0,0.0,0.0,0.0,0.0,1.0,0.0,0.0,0.0,0.0,1.0,1.0,0.0,1.0,0.0,2204.6,8399967.0
0.3875236070363818,1.0,0.0,1.0,0.3453620750832958,-0.43900366866190393,0.1381312813505691,0.0,3.0,1.0,0.0,0.0,0.0,0.0,0.0,1.0,0.0,0.0,0.0,0.0,1.0,0.0,1.0,0.0,0.0,0.0,1.0,0.0,0.0,1.0,1529.8,4929713.0
-0.7855233932368066,-1.0,-1.0,1.0,-1.6131073898905701,-0.971204222179314,-0.6670861724888081,-1.0,-1.0,1.0,0.0,0.0,0.0,0.0,1.0,0.0,0.0,0.0,0.0,0.0,0.0,1.0,0.0,0.0,1.0,0.0,1.0,0.0,1.0,0.0,3227.8,1482529.0
-0.6311125892316279,-1.0,0.0,0.0,-1.0477951442289957,-0.6365192765656177,-0.6328005609392134,-1.0,1.0,1.0,0.0,0.0,0.0,0.0,0.0,0.0,1.0,0.0,0.0,0.0,0.0,1.0,0.0,1.0,0.0,0.0,1.0,0.0,0.0,1.0,6254.7,5355561.0
1.1287429772778563,0.0,0.0,0.0,0.7971945849524479,0.8668854991311061,0.6991064525988384,0.0,0.0,0.0,0.0,0.0,1.0,0.0,1.0,0.0,0.0,0.0,1.0,0.0,0.0,0.0,1.0,0.0,0.0,0.0,1.0,0.0,1.0,0.0,1241.8,5573695.0
-0.5488710194676388,-1.0,0.0,-1.0,-0.8369892018328762,-0.4582609255325997,-0.570557882814045,-1.0,-1.0,0.0,0.0,0.0,1.0,0.0,1.0,0.0,0.0,0.0,0.0,0.0,0.0,1.0,0.0,0.0,0.0,1.0,1.0,0.0,1.0,0.0,2010.4,1924757.0
-0.5095794087253981,0.0,2.0,1.0,-0.7493987609183201,-0.9086438823453693,-0.6904190863163193,0.0,1.5,0.0,0.0,0.0,1.0,0.0,0.0,1.0,0.0,0.0,1.0,0.0,0.0,0.0,0.0,0.0,0.0,1.0,0.0,1.0,1.0,0.0,2085.8,2169441.0
-0.5343801593994605,0.0,0.0,0.0,-0.8038358628068363,-0.9355216579777307,-0.5595908020352025,0.0,0.0,1.0,0.0,0.0,0.0,0.0,1.0,0.0,0.0,0.0,1.0,0.0,0.0,0.0,0.0,0.0,0.0,1.0,1.0,0.0,1.0,0.0,2074.2,2049102.0
0.9104298559228423,0.0,0.0,0.0,0.6829256821884004,0.6302889875780394,0.5338810880782439,0.0,0.0,0.0,0.0,0.0,1.0,1.0,0.0,0.0,0.0,0.0,1.0,0.0,0.0,0.0,0.0,0.0,0.0,1.0,1.0,0.0,1.0,0.0,1620.0,6526818.0
0.06829708638690618,1.0,0.0,0.0,0.06963113999628376,-0.6696445045161015,-0.10346811456104703,0.0,1.0,0.0,0.0,0.0,1.0,0.0,1.0,0.0,0.0,0.0,1.0,0.0,0.0,0.0,0.0,1.0,0.0,0.0,1.0,0.0,1.0,0.0,4165.6,9399260.0
-0.19662434226936354,1.0,0.0,0.0,-0.23060217733969,-0.8610499667460472,-0.3039679257834271,0.0,1.0,0.0,0.0,0.0,1.0,0.0,0.0,1.0,0.0,0.0,1.0,0.0,0.0,0.0,0.0,0.0,0.0,1.0,1.0,0.0,1.0,0.0,1981.2,3365663.0
-0.5790880260360369,-1.0,-1.0,1.0,-0.9096550247490842,-0.5237561948896184,-0.43273224141960764,-1.0,-1.0,1.0,0.0,0.0,0.0,0.0,0.0,1.0,0.0,0.0,0.0,0.0,0.0,1.0,0.0,1.0,0.0,0.0,1.0,0.0,1.0,0.0,5105.0,4562849.0
-0.6084498343053294,-1.0,0.0,1.0,-0.9853915009897565,-0.5873978245478536,-0.6156487657539418,-1.0,-1.0,0.0,0.0,0.0,1.0,0.0,1.0,0.0,0.0,0.0,0.0,0.0,0.0,1.0,1.0,0.0,0.0,0.0,1.0,0.0,1.0,0.0,1287.6,1071283.0
-0.19315603805632417,-1.0,2.0,0.0,-0.2260670559075251,0.3127502091780908,-0.5467323492925333,-1.0,-1.0,0.0,1.0,0.0,0.0,0.0,0.0,1.0,0.0,0.0,1.0,0.0,0.0,0.0,0.0,0.0,1.0,0.0,1.0,0.0,1.0,0.0,3199.2,5458155.0
-0.6211827867586794,-1.0,0.0,0.0,-1.0199986904900096,-0.6149964600630753,-0.625285413782564,-1.0,-1.0,0.0,0.0,0.0,1.0,0.0,1.0,0.0,0.0,0.0,1.0,0.0,0.0,0.0,0.0,1.0,0.0,0.0,1.0,0.0,1.0,0.0,4503.5,3626218.0
-0.22313548954163728,-1.0,-1.0,-1.0,-0.2659252931814392,0.24776983973740094,-0.028640261771632963,-1.0,-1.0,1.0,0.0,0.0,0.0,0.0,1.0,0.0,0.0,0.0,0.0,1.0,0.0,0.0,0.0,0.0,0.0,1.0,1.0,0.0,1.0,0.0,2492.4,4095013.0
0.6824244871779646,0.0,1.0,1.0,0.5487439648524767,0.3831885177318658,0.042286186871864986,0.0,0.0,0.0,0.0,1.0,0.0,0.0,1.0,0.0,0.0,0.0,0.0,0.0,0.0,1.0,0.0,1.0,0.0,0.0,1.0,0.0,1.0,0.0,3669.1,13021636.0
-0.36652373769167707,-1.0,0.0,0.0,-0.4805651432665751,-0.06302374975864071,-0.43255245321011837,-1.0,-1.0,0.0,0.0,1.0,0.0,1.0,0.0,0.0,0.0,0.0,0.0,0.0,1.0,0.0,0.0,0.0,0.0,1.0,1.0,0.0,1.0,0.0,1743.2,2337980.0
-0.5665926286657718,0.0,-1.0,-1.0,-0.8789987788811098,-0.9704318723048209,-0.418546951690908,0.0,0.0,0.0,0.0,0.0,1.0,0.0,1.0,0.0,0.0,0.0,0.0,0.0,1.0,0.0,0.0,0.0,1.0,0.0,1.0,0.0,1.0,0.0,2855.9,2627714.0
0.3708472402038223,1.0,0.0,-1.0,0.33260494225377446,-0.45105232670399703,0.12551014904442567,0.0,1.0,0.0,0.0,0.0,1.0,0.0,1.0,0.0,0.0,1.0,0.0,0.0,0.0,0.0,1.0,0.0,0.0,0.0,1.0,0.0,1.0,0.0,1424.6,4121653.0
1.2478530959366205,0.0,0.0,-1.0,0.8546998734396357,0.9959709081547276,0.7892522608367344,0.0,0.0,0.0,0.0,1.0,0.0,1.0,0.0,0.0,0.0,0.0,0.0,0.0,1.0,0.0,0.0,0.0,0.0,1.0,1.0,0.0,1.0,0.0,1814.9,8600993.0
-0.3575441555510683,0.0,-1.0,-1.0,-0.46576726610892694,-0.7438759091201649,-0.18122651516513544,0.0,0.0,1.0,0.0,0.0,0.0,1.0,0.0,0.0,0.0,0.0,0.0,1.0,0.0,0.0,0.0,0.0,1.0,0.0,1.0,0.0,1.0,0.0,3348.0,4553615.0
-0.28499483317694274,0.0,0.0,-1.0,-0.35324201640549213,-0.6652506918967627,-0.37084913971341754,0.0,1.5,0.0,0.0,1.0,0.0,0.0,1.0,0.0,0.0,0.0,0.0,0.0,0.0,1.0,0.0,0.0,0.0,1.0,0.0,1.0,1.0,0.0,2228.4,3371124.0
-0.6591440890356449,-1.0,1.0,-1.0,-1.1304485205498582,-0.6972774666924118,-0.7192157638302078,-1.0,-1.0,0.0,0.0,1.0,0.0,0.0,1.0,0.0,0.0,0.0,1.0,0.0,0.0,0.0,0.0,0.0,1.0,0.0,1.0,0.0,1.0,0.0,2940.6,2132817.0
-0.6197574562601701,-1.0,-1.0,-1.0,-1.0160680216389653,-0.6119070605651027,-0.4789018536164397,-1.0,-1.0,0.0,0.0,1.0,0.0,1.0,0.0,0.0,0.0,0.0,0.0,0.0,0.0,1.0,0.0,0.0,0.0,1.0,1.0,0.0,1.0,0.0,1872.3,1513193.0
0.43261156180589383,0.0,0.0,-1.0,0.37910287880777715,0.11245414172620179,0.17225508351162322,0.0,0.0,1.0,0.0,0.0,0.0,0.0,1.0,0.0,0.0,0.0,0.0,0.0,0.0,1.0,0.0,0.0,0.0,1.0,1.0,0.0,1.0,0.0,2150.6,6501694.0
1.1608604245109335,1.0,0.0,-1.0,0.8130108441869941,0.11973139387698181,0.7234138185217814,0.0,1.0,0.0,1.0,0.0,0.0,0.0,1.0,0.0,0.0,0.0,1.0,0.0,0.0,0.0,0.0,0.0,0.0,1.0,1.0,0.0,1.0,0.0,2191.7,9985385.0
0.9778004774857171,0.0,0.0,0.0,0.719522700789997,0.703301795713458,0.5848690242893871,0.0,0.0,0.0,0.0,0.0,1.0,0.0,1.0,0.0,0.0,0.0,1.0,0.0,0.0,0.0,0.0,0.0,0.0,1.0,1.0,0.0,1.0,0.0,1584.7,6609308.0
2.065517691914813,1.0,2.0,0.0,1.1824885690608937,0.7733453476647144,0.4789234282015785,0.0,1.0,0.0,0.0,0.0,1.0,0.0,1.0,0.0,0.0,0.0,1.0,0.0,0.0,0.0,0.0,0.0,0.0,1.0,1.0,0.0,1.0,0.0,1861.4,12024830.0
0.0964236082241571,0.0,-1.0,0.0,0.0970263465984969,-0.2518890390680313,0.3341363873357185,0.0,0.0,0.0,1.0,0.0,0.0,1.0,0.0,0.0,0.0,0.0,0.0,1.0,0.0,0.0,0.0,0.0,0.0,1.0,1.0,0.0,1.0,0.0,1891.1,4379031.0
0.763810858642848,0.0,1.0,0.0,0.5986152367966575,0.47139087339898306,0.08848276730012054,0.0,0.0,0.0,1.0,0.0,0.0,0.0,0.0,0.0,1.0,0.0,0.0,0.0,1.0,0.0,0.0,0.0,0.0,1.0,1.0,0.0,1.0,0.0,1956.3,7278023.0
0.726799776698222,0.0,1.0,-1.0,0.5762268203673628,0.4312801699169723,0.06747451502130497,0.0,0.0,0.0,1.0,0.0,0.0,1.0,0.0,0.0,0.0,0.0,1.0,0.0,0.0,0.0,0.0,0.0,1.0,0.0,1.0,0.0,1.0,0.0,2940.9,10711934.0
0.4649190531054389,0.0,-1.0,0.0,0.4026347091702835,0.1474673360365577,0.7524675931752395,0.0,1.5,0.0,0.0,1.0,0.0,0.0,0.0,1.0,0.0,0.0,1.0,0.0,0.0,0.0,0.0,0.0,0.0,1.0,0.0,1.0,1.0,0.0,1950.3,6028767.0
-0.2844722119941559,1.0,-1.0,0.0,-0.3524733087107099,-0.9245199630988393,-0.09827223530680847,0.0,1.0,0.0,1.0,0.0,0.0,0.0,0.0,1.0,0.0,0.0,0.0,0.0,1.0,0.0,0.0,0.0,0.0,1.0,1.0,0.0,1.0,0.0,2144.1,3245953.0
-0.6810941787126888,-1.0,1.0,-1.0,-1.2000012519759893,-0.7448542189611895,-0.731675086747811,-1.0,-1.0,0.0,0.0,0.0,1.0,0.0,0.0,1.0,0.0,0.0,0.0,0.0,1.0,0.0,0.0,0.0,0.0,1.0,1.0,0.0,1.0,0.0,2127.8,1444989.0
0.43394187027116926,0.0,-2.0,-1.0,0.38008223649567996,0.11389586149192242,2.349418385142302,0.0,0.0,0.0,0.0,0.0,1.0,0.0,1.0,0.0,0.0,0.0,0.0,0.0,0.0,1.0,0.0,0.0,0.0,1.0,1.0,0.0,1.0,0.0,1924.2,5822629.0
0.023779263816797604,0.0,-2.0,0.0,0.024767028405377617,-0.3306172362746993,1.4181514176300316,0.0,0.0,0.0,1.0,0.0,0.0,0.0,0.0,1.0,0.0,0.0,0.0,1.0,0.0,0.0,0.0,1.0,0.0,0.0,1.0,0.0,1.0,0.0,4684.6,10131384.0
1.1293131094772604,0.0,0.0,-1.0,0.7974774177007778,0.867503379030701,0.6995379443016129,0.0,0.0,0.0,0.0,0.0,1.0,0.0,1.0,0.0,0.0,0.0,1.0,0.0,0.0,0.0,0.0,1.0,0.0,0.0,1.0,0.0,1.0,0.0,4102.1,18416788.0
2.0300744735185474,1.0,-1.0,-1.0,1.1701987218596102,0.7477376584926304,2.5292964887362683,0.0,1.0,0.0,0.0,1.0,0.0,0.0,0.0,1.0,0.0,0.0,0.0,1.0,0.0,0.0,0.0,0.0,0.0,1.0,1.0,0.0,1.0,0.0,2062.3,13168817.0
0.6778634295827347,1.0,1.0,0.0,0.5458782990317957,-0.2292334427495657,0.03969723665522022,0.0,1.0,0.0,0.0,1.0,0.0,1.0,0.0,0.0,0.0,0.0,0.0,0.0,1.0,0.0,0.0,0.0,0.0,1.0,1.0,0.0,1.0,0.0,1608.4,5692771.0
0.20869214049007634,0.0,2.0,0.0,0.19981504753526405,-0.13021818883954436,-0.36425450818935284,0.0,1.5,0.0,0.0,1.0,0.0,0.0,0.0,0.0,1.0,0.0,1.0,0.0,0.0,0.0,0.0,1.0,0.0,0.0,0.0,1.0,1.0,0.0,5071.0,12940685.0
-0.5259231984416385,0.0,-1.0,0.0,-0.7849566967443222,-0.9263564394670787,-0.37237733949407587,0.0,0.0,0.0,1.0,0.0,0.0,0.0,1.0,0.0,0.0,0.0,0.0,0.0,0.0,1.0,0.0,0.0,0.0,1.0,1.0,0.0,1.0,0.0,1974.6,1985855.0
0.668788825408892,1.0,-1.0,0.0,0.5401536357855846,-0.23578983501748518,0.9839089552507146,0.0,1.0,0.0,1.0,0.0,0.0,0.0,0.0,1.0,0.0,0.0,0.0,0.0,0.0,1.0,0.0,0.0,1.0,0.0,1.0,0.0,1.0,0.0,2879.3,10136000.0
-0.02064353672007688,-1.0,-2.0,0.0,-0.021981334984985276,0.6866705284160388,1.3172902321065783,-1.0,-1.0,0.0,1.0,0.0,0.0,1.0,0.0,0.0,0.0,0.0,1.0,0.0,0.0,0.0,0.0,1.0,0.0,0.0,1.0,0.0,1.0,0.0,4418.6,9142967.0
-0.04953023482319941,-1.0,0.0,0.0,-0.05352723590520111,0.6240586985904615,-0.19264306646770094,-1.0,-1.0,0.0,0.0,0.0,1.0,0.0,1.0,0.0,0.0,0.0,1.0,0.0,0.0,0.0,0.0,1.0,0.0,0.0,1.0,0.0,1.0,0.0,4341.4,8719268.0
0.9518594624128472,0.0,-1.0,0.0,0.7055804771310475,0.6751882602819078,1.3052624008917497,0.0,0.0,0.0,0.0,1.0,0.0,0.0,1.0,0.0,0.0,0.0,0.0,0.0,0.0,1.0,0.0,0.0,1.0,0.0,1.0,0.0,1.0,0.0,2490.2,10249912.0
-0.23582093097837045,0.0,0.0,0.0,-0.28325355478435527,-0.6119585505567356,-0.3336329803491486,0.0,0.0,0.0,0.0,0.0,1.0,1.0,0.0,0.0,0.0,0.0,0.0,1.0,0.0,0.0,1.0,0.0,0.0,0.0,1.0,0.0,1.0,0.0,1254.3,2027325.0
-0.6054566402584598,-1.0,-1.0,-1.0,-0.9774179239270565,-0.5809100856021112,-0.46266697829956305,-1.0,-1.0,0.0,0.0,1.0,0.0,0.0,0.0,0.0,1.0,0.0,1.0,0.0,0.0,0.0,0.0,0.0,0.0,1.0,1.0,0.0,1.0,0.0,2200.4,1844595.0
0.44966801677138896,0.0,-1.0,0.0,0.3915914757842579,0.13093904872240444,0.7351539886014274,0.0,0.0,0.0,0.0,0.0,1.0,0.0,0.0,0.0,1.0,1.0,0.0,0.0,0.0,0.0,0.0,0.0,0.0,1.0,1.0,0.0,1.0,0.0,1979.1,6054265.0
1.2308916630043591,0.0,-2.0,-1.0,0.8466993924922723,0.9775889811417903,4.158878840725624,0.0,0.0,0.0,0.0,1.0,0.0,0.0,0.0,0.0,1.0,0.0,0.0,0.0,0.0,1.0,1.0,0.0,0.0,0.0,1.0,0.0,1.0,0.0,1429.0,6721159.0
1.3061016023090355,1.0,-1.0,-1.0,0.8817233342057925,0.2246679968247837,1.7074126678772403,0.0,1.0,0.0,0.0,0.0,1.0,0.0,1.0,0.0,0.0,0.0,1.0,0.0,0.0,0.0,0.0,0.0,0.0,1.0,1.0,0.0,1.0,0.0,1977.9,9615956.0
0.9236379185423621,0.0,-1.0,0.0,0.6902009942187911,0.644603205251979,1.27322414196077,0.0,0.0,0.0,1.0,0.0,0.0,0.0,1.0,0.0,0.0,1.0,0.0,0.0,0.0,0.0,0.0,0.0,0.0,1.0,1.0,0.0,1.0,0.0,1910.3,7749514.0
0.7843831288379994,0.0,-1.0,0.0,0.6108578322888751,0.4936860397760184,1.1151363693568974,0.0,0.0,0.0,1.0,0.0,0.0,0.0,1.0,0.0,0.0,0.0,1.0,0.0,0.0,0.0,0.0,1.0,0.0,0.0,1.0,0.0,1.0,0.0,3974.3,14957675.0
0.5192241450986449,0.0,0.0,-1.0,0.44104678397393854,0.20632039647293549,0.23780586469139356,0.0,1.5,0.0,1.0,0.0,0.0,0.0,0.0,1.0,0.0,0.0,0.0,1.0,0.0,0.0,0.0,0.0,0.0,1.0,0.0,1.0,1.0,0.0,2374.2,7610498.0
-0.32181587105510073,0.0,-1.0,1.0,-0.40885672715806126,-0.7051554354122419,-0.140666295104367,0.0,0.0,0.0,0.0,0.0,1.0,0.0,1.0,0.0,0.0,0.0,1.0,0.0,0.0,0.0,0.0,0.0,1.0,0.0,1.0,0.0,1.0,0.0,2594.9,3724460.0
-0.67620054400114,-1.0,-1.0,0.0,-1.1840941471349924,-0.734247280684817,-0.5429783714783983,-1.0,-1.0,1.0,0.0,0.0,0.0,0.0,1.0,0.0,0.0,0.0,1.0,0.0,0.0,0.0,0.0,0.0,1.0,0.0,1.0,0.0,1.0,0.0,3160.6,2178918.0
-0.35578624793624003,-1.0,-1.0,0.0,-0.46289439029685364,-0.03975027354058069,-0.17923086603980506,-1.0,-1.0,1.0,0.0,0.0,0.0,0.0,0.0,1.0,0.0,0.0,1.0,0.0,0.0,0.0,0.0,1.0,0.0,0.0,1.0,0.0,1.0,0.0,5229.1,7131447.0
2.288581914931525,1.0,2.0,-1.0,1.2567225407622549,0.9345090214756174,0.5802161054278061,0.0,2.5,0.0,0.0,0.0,1.0,0.0,1.0,0.0,0.0,0.0,0.0,0.0,1.0,0.0,0.0,0.0,0.0,1.0,0.0,1.0,1.0,0.0,2245.1,15557645.0
0.15167892054970267,1.0,-2.0,-1.0,0.14886377259404576,-0.6094012143056361,1.7085453335970227,0.0,1.0,0.0,0.0,0.0,1.0,0.0,1.0,0.0,0.0,0.0,1.0,0.0,0.0,0.0,0.0,0.0,1.0,0.0,1.0,0.0,1.0,0.0,2996.6,7287432.0
0.4974165884714519,0.0,0.0,0.0,0.4257885833905852,0.1826864903134452,0.22130130706028306,0.0,0.0,0.0,0.0,0.0,1.0,0.0,0.0,1.0,0.0,0.0,0.0,0.0,0.0,1.0,0.0,0.0,0.0,1.0,1.0,0.0,1.0,0.0,1779.1,5621244.0
-0.010951289330213313,-1.0,-1.0,0.0,-0.011604101501124228,0.7076784450022525,0.2122399813020262,-1.0,-1.0,0.0,1.0,0.0,0.0,0.0,1.0,0.0,0.0,0.0,0.0,0.0,1.0,0.0,1.0,0.0,0.0,0.0,1.0,0.0,1.0,0.0,1454.9,3040159.0
0.3983561188250527,0.0,0.0,-1.0,0.35356712234654003,0.07532985775889797,0.1463296237032775,0.0,2.0,1.0,0.0,0.0,0.0,0.0,0.0,1.0,0.0,0.0,0.0,1.0,0.0,0.0,0.0,1.0,0.0,0.0,1.0,0.0,0.0,1.0,5615.1,17020722.0
1.164661305840292,0.0,2.0,0.0,0.8148670443741203,0.9058119328055608,0.06984771938656262,0.0,0.0,0.0,0.0,1.0,0.0,0.0,0.0,1.0,0.0,0.0,1.0,0.0,0.0,0.0,1.0,0.0,0.0,0.0,1.0,0.0,1.0,0.0,1241.4,5665750.0
0.3877611621194667,0.0,0.0,-1.0,0.3455426942676312,0.06384758962476668,0.1383110695600584,0.0,0.0,0.0,1.0,0.0,0.0,1.0,0.0,0.0,0.0,0.0,0.0,0.0,0.0,1.0,0.0,0.0,0.0,1.0,1.0,0.0,1.0,0.0,2024.9,5930527.0
-0.5531945219797839,0.0,0.0,-1.0,-0.8470854353844793,-0.9559116946643498,-0.5738300282267489,0.0,0.0,0.0,0.0,0.0,1.0,0.0,0.0,0.0,1.0,1.0,0.0,0.0,0.0,0.0,0.0,1.0,0.0,0.0,1.0,0.0,1.0,0.0,4741.1,4495985.0
1.1717404473162214,0.0,1.0,-1.0,0.81831556218684,0.9134839415588593,0.320032002301289,0.0,0.0,0.0,0.0,0.0,1.0,0.0,0.0,1.0,0.0,0.0,0.0,0.0,1.0,0.0,0.0,0.0,0.0,1.0,1.0,0.0,1.0,0.0,2132.7,9765420.0
-0.64161252390398,-1.0,-1.0,0.0,-1.0780040736778584,-0.659277852867349,-0.5037126265259523,-1.0,-1.0,0.0,0.0,0.0,1.0,1.0,0.0,0.0,0.0,0.0,1.0,0.0,0.0,0.0,0.0,0.0,1.0,0.0,1.0,0.0,1.0,0.0,2789.0,2125776.0
0.3098906058842396,0.0,-1.0,1.0,0.28462035842468814,-0.020544506661517713,0.5764729149062405,0.0,1.5,0.0,0.0,1.0,0.0,1.0,0.0,0.0,0.0,0.0,1.0,0.0,0.0,0.0,0.0,0.0,0.0,1.0,0.0,1.0,1.0,0.0,1789.6,4948065.0
-0.049815300922901345,1.0,0.0,1.0,-0.05384327767561734,-0.7549805839823219,-0.19285881231908805,0.0,1.0,0.0,0.0,0.0,1.0,0.0,0.0,1.0,0.0,0.0,0.0,1.0,0.0,0.0,0.0,0.0,0.0,1.0,1.0,0.0,1.0,0.0,1855.1,3724670.0
-0.5890653395256024,-1.0,-2.0,0.0,-0.9347874770491197,-0.5453819913754265,0.02669854910914942,-1.0,-1.0,1.0,0.0,0.0,0.0,0.0,0.0,1.0,0.0,0.0,0.0,0.0,0.0,1.0,0.0,0.0,1.0,0.0,1.0,0.0,1.0,0.0,3586.9,3130646.0
-0.29487712463327415,-1.0,1.0,0.0,-0.36788368264528015,0.09227006500611434,-0.5124503335071285,-1.0,-1.0,0.0,0.0,1.0,0.0,0.0,0.0,0.0,1.0,0.0,0.0,1.0,0.0,0.0,0.0,0.0,1.0,0.0,1.0,0.0,1.0,0.0,2947.7,4397968.0
1.2415341307265624,0.0,-2.0,0.0,0.8517263667578326,0.9891227392675549,4.1830423760809765,0.0,0.0,1.0,0.0,0.0,0.0,0.0,0.0,0.0,1.0,0.0,1.0,0.0,0.0,0.0,0.0,0.0,0.0,1.0,1.0,0.0,1.0,0.0,2233.8,10556492.0
0.12298226651304787,0.0,-1.0,0.0,0.12225927583127141,-0.22310613374525337,0.364286870067061,0.0,1.5,1.0,0.0,0.0,0.0,0.0,0.0,0.0,1.0,0.0,0.0,0.0,0.0,1.0,0.0,0.0,1.0,0.0,0.0,1.0,1.0,0.0,3788.0,8983242.0
0.5785654048532506,0.0,0.0,0.0,0.4814859125680696,0.2706313960223981,0.28271695942180125,0.0,1.5,1.0,0.0,0.0,0.0,0.0,0.0,0.0,1.0,0.0,1.0,0.0,0.0,0.0,0.0,0.0,0.0,1.0,0.0,1.0,1.0,0.0,2638.4,8786927.0
-0.6358636908933257,-1.0,1.0,0.0,-1.0613576246184384,-0.646817274892193,-0.70600133043275,-1.0,-1.0,0.0,0.0,1.0,0.0,0.0,0.0,0.0,1.0,1.0,0.0,0.0,0.0,0.0,0.0,0.0,0.0,1.0,1.0,0.0,1.0,0.0,2097.3,1623939.0
0.06801202028720435,-1.0,-1.0,-1.0,0.06934982347510038,0.8788311771899338,0.30188238255335226,-1.0,-1.0,0.0,0.0,1.0,0.0,0.0,1.0,0.0,0.0,0.0,0.0,0.0,0.0,1.0,0.0,0.0,1.0,0.0,1.0,0.0,1.0,0.0,2841.6,6410081.0
-0.34029765651910515,-1.0,-1.0,0.0,-0.4379135279329762,-0.006178798995945163,-0.16164757915175912,-1.0,-1.0,0.0,1.0,0.0,0.0,0.0,0.0,1.0,0.0,0.0,0.0,0.0,1.0,0.0,1.0,0.0,0.0,0.0,1.0,0.0,1.0,0.0,1608.1,2245551.0
-0.5513891033483388,-1.0,-1.0,-1.0,-0.8428577066021173,-0.46371886464568457,-0.4012872835799427,-1.0,-1.0,0.0,0.0,0.0,1.0,0.0,0.0,1.0,0.0,0.0,0.0,1.0,0.0,0.0,0.0,0.0,1.0,0.0,1.0,0.0,1.0,0.0,3291.0,3133361.0
0.16897293059828272,0.0,-1.0,1.0,0.16457981244537218,-0.17326382184462896,0.4164973661027311,0.0,0.0,0.0,1.0,0.0,0.0,1.0,0.0,0.0,0.0,0.0,1.0,0.0,0.0,0.0,0.0,0.0,0.0,1.0,1.0,0.0,1.0,0.0,1641.8,4052455.0
0.033614044256512196,-1.0,0.0,0.0,0.034843277253001535,0.8042736693055288,-0.12971719314647331,-1.0,-1.0,0.0,0.0,0.0,1.0,1.0,0.0,0.0,0.0,0.0,1.0,0.0,0.0,0.0,0.0,0.0,0.0,1.0,1.0,0.0,1.0,0.0,1811.2,3954574.0
-0.4318513855400219,-1.0,-2.0,-1.0,-0.5949419729261842,-0.2046212267490507,0.38365006022905024,-1.0,-1.0,0.0,1.0,0.0,0.0,0.0,1.0,0.0,0.0,0.0,1.0,0.0,0.0,0.0,0.0,0.0,0.0,1.0,1.0,0.0,1.0,0.0,2365.8,2847713.0
0.12074924873205,-1.0,0.0,-1.0,0.12016073726889134,0.9931389586149193,-0.06377087790582682,-1.0,-1.0,0.0,0.0,0.0,1.0,0.0,0.0,1.0,0.0,0.0,0.0,1.0,0.0,0.0,0.0,0.0,0.0,1.0,1.0,0.0,1.0,0.0,2256.1,5339737.0
-0.4691950446009667,-1.0,0.0,-1.0,-0.6663434219374536,-0.28556349359593247,-0.51025691735136,-1.0,-1.0,0.0,0.0,0.0,1.0,1.0,0.0,0.0,0.0,0.0,1.0,0.0,0.0,0.0,0.0,0.0,0.0,1.0,1.0,0.0,1.0,0.0,2119.0,2384087.0
0.8054305091993208,0.0,-1.0,-1.0,0.6232382937142005,0.5164961060693827,1.139030222398015,0.0,1.5,1.0,0.0,0.0,0.0,0.0,1.0,0.0,0.0,0.0,0.0,0.0,1.0,0.0,1.0,0.0,0.0,0.0,0.0,1.0,1.0,0.0,1794.4,6832896.0
-0.2623795892672611,-1.0,0.0,0.0,-0.3204783076970661,0.1627083735598893,-0.3537333021700436,-1.0,-1.0,0.0,0.0,0.0,1.0,0.0,1.0,0.0,0.0,0.0,0.0,0.0,1.0,0.0,0.0,0.0,0.0,1.0,1.0,0.0,1.0,0.0,1932.9,3016097.0
1.4969058450428194,1.0,-1.0,-1.0,0.965701327414037,0.3625238677565381,1.9240215026698548,0.0,3.0,0.0,0.0,0.0,1.0,1.0,0.0,0.0,0.0,0.0,1.0,0.0,0.0,0.0,0.0,0.0,0.0,1.0,1.0,0.0,0.0,1.0,2013.0,11045023.0
0.5169911273176471,1.0,-2.0,1.0,0.4394944688714703,-0.3454635171955118,2.537980259254598,0.0,3.0,0.0,1.0,0.0,0.0,0.0,0.0,1.0,0.0,0.0,0.0,0.0,1.0,0.0,0.0,0.0,1.0,0.0,1.0,0.0,0.0,1.0,2721.4,9160657.0
-0.5616989939542228,-1.0,0.0,-1.0,-0.8672306269923916,-0.48606552101435296,-0.5802664461264629,-1.0,-1.0,0.0,0.0,0.0,1.0,0.0,0.0,0.0,1.0,0.0,1.0,0.0,0.0,0.0,0.0,0.0,0.0,1.0,1.0,0.0,1.0,0.0,2359.6,2195372.0
0.006960363934387545,-1.0,-1.0,0.0,0.007309684047129119,0.7465018986934415,0.23257402779525732,-1.0,-1.0,0.0,1.0,0.0,0.0,0.0,1.0,0.0,0.0,0.0,1.0,0.0,0.0,0.0,1.0,0.0,0.0,0.0,1.0,0.0,1.0,0.0,1445.4,3074799.0
-0.21662648026511128,-1.0,-1.0,0.0,-0.25714295348069616,0.2618780974448091,-0.02125096636162593,-1.0,-1.0,0.0,1.0,0.0,0.0,0.0,1.0,0.0,0.0,0.0,0.0,1.0,0.0,0.0,1.0,0.0,0.0,0.0,1.0,0.0,1.0,0.0,1421.0,2354171.0
-0.44957299473815465,-1.0,-1.0,-1.0,-0.6282260422731255,-0.24303276050717643,-0.28570144369932204,-1.0,-1.0,0.0,0.0,0.0,1.0,0.0,0.0,1.0,0.0,0.0,0.0,1.0,0.0,0.0,0.0,0.0,0.0,1.0,1.0,0.0,1.0,0.0,2203.1,2569696.0
0.6427527883027878,0.0,-1.0,1.0,0.5235549471963443,0.340194374718414,0.9543517736106866,0.0,0.0,0.0,1.0,0.0,0.0,0.0,1.0,0.0,0.0,0.0,1.0,0.0,0.0,0.0,0.0,0.0,0.0,1.0,1.0,0.0,1.0,0.0,1654.7,5734363.0
0.5955268377855116,1.0,-1.0,-1.0,0.4927661839496422,-0.28872154641608216,0.9007389295410007,0.0,1.0,0.0,1.0,0.0,0.0,0.0,1.0,0.0,0.0,0.0,1.0,0.0,0.0,0.0,0.0,0.0,0.0,1.0,1.0,0.0,1.0,0.0,2182.3,7345840.0
-0.08525851931916693,-1.0,-1.0,0.0,-0.09389199940729061,0.5466177511746154,0.12788335340968346,-1.0,-1.0,0.0,0.0,0.0,1.0,0.0,1.0,0.0,0.0,0.0,0.0,0.0,1.0,0.0,0.0,0.0,0.0,1.0,1.0,0.0,1.0,0.0,1968.4,3805311.0
-0.20142295494767828,0.0,-1.0,0.0,-0.23690901718321253,-0.5746797966145332,-0.0039912982506606475,0.0,0.0,0.0,1.0,0.0,0.0,0.0,0.0,1.0,0.0,0.0,0.0,0.0,1.0,0.0,1.0,0.0,0.0,0.0,1.0,0.0,1.0,0.0,1470.6,2483402.0
0.1887850245275625,0.0,-1.0,0.0,0.18230192464215755,-0.1517924953337196,0.43898887110983265,0.0,0.0,1.0,0.0,0.0,0.0,1.0,0.0,0.0,0.0,0.0,0.0,0.0,1.0,0.0,0.0,0.0,0.0,1.0,1.0,0.0,1.0,0.0,1976.3,4960513.0
-0.29444952548372133,-1.0,0.0,-1.0,-0.3672459382928356,0.09319688485550622,-0.37800471045108847,-1.0,-1.0,0.0,0.0,1.0,0.0,0.0,0.0,1.0,0.0,1.0,0.0,0.0,0.0,0.0,1.0,0.0,0.0,0.0,1.0,0.0,1.0,0.0,1505.2,2247113.0
-0.44358660664441546,0.0,-1.0,1.0,-0.616865151157728,-0.837124283967304,-0.27890544938062956,0.0,0.0,1.0,0.0,0.0,0.0,0.0,1.0,0.0,0.0,0.0,1.0,0.0,0.0,0.0,0.0,0.0,0.0,1.0,1.0,0.0,1.0,0.0,2015.3,2376039.0
-0.28128897388081847,0.0,0.0,1.0,-0.3478031998543066,-0.6612344725493984,-0.3680444436453857,0.0,0.0,0.0,0.0,0.0,1.0,0.0,0.0,0.0,1.0,0.0,0.0,0.0,0.0,1.0,0.0,1.0,0.0,0.0,1.0,0.0,1.0,0.0,4248.7,6460573.0
-0.4802176004561055,-1.0,0.0,-1.0,-0.68837361897384,-0.30945484971358694,-0.5185990902716598,-1.0,-1.0,0.0,0.0,0.0,1.0,1.0,0.0,0.0,0.0,0.0,1.0,0.0,0.0,0.0,1.0,0.0,0.0,0.0,1.0,0.0,1.0,0.0,1517.5,1672133.0
-0.03209369172476855,-1.0,0.0,0.0,-0.034373288270738774,0.6618523524489925,-0.17944661189119218,-1.0,-1.0,0.0,0.0,1.0,0.0,1.0,0.0,0.0,0.0,0.0,0.0,1.0,0.0,0.0,0.0,0.0,0.0,1.0,1.0,0.0,1.0,0.0,1658.0,3390776.0
-0.5748120345405089,-1.0,0.0,0.0,-0.8990640403856006,-0.5144879963957008,-0.5901907552902679,-1.0,-1.0,0.0,0.0,0.0,1.0,0.0,1.0,0.0,0.0,0.0,0.0,0.0,1.0,0.0,0.0,1.0,0.0,0.0,1.0,0.0,1.0,0.0,4673.3,4219055.0
0.2529724079770998,0.0,-1.0,-1.0,0.23776117006626782,-0.08222951663770368,0.5118570324158142,0.0,0.0,0.0,1.0,0.0,0.0,0.0,1.0,0.0,0.0,0.0,0.0,0.0,0.0,1.0,0.0,0.0,0.0,1.0,1.0,0.0,1.0,0.0,2029.5,5368230.0
-0.24850637241510362,-1.0,-2.0,-1.0,-0.3008702828474032,0.1927785286734889,0.799931680480394,-1.0,-1.0,1.0,0.0,0.0,0.0,0.0,0.0,0.0,1.0,0.0,0.0,0.0,0.0,1.0,0.0,0.0,1.0,0.0,1.0,0.0,1.0,0.0,4013.1,6379224.0
-0.26527776128089686,-1.0,0.0,-1.0,-0.32462078531188315,0.15642659458067823,-0.3559267183258121,-1.0,-1.0,0.0,0.0,0.0,1.0,0.0,1.0,0.0,0.0,0.0,0.0,0.0,0.0,1.0,0.0,1.0,0.0,0.0,1.0,0.0,1.0,0.0,4410.3,6854929.0
-0.054138803435046304,-1.0,0.0,-1.0,-0.05864818518375028,0.6140696402136834,-0.19613095773179187,-1.0,-1.0,0.0,1.0,0.0,0.0,0.0,0.0,1.0,0.0,0.0,1.0,0.0,0.0,0.0,0.0,0.0,0.0,1.0,1.0,0.0,1.0,0.0,2359.5,4715933.0
0.5477782660854487,0.0,0.0,-1.0,0.4606984519122218,0.2372658814442941,0.25941640747199796,0.0,0.0,1.0,0.0,0.0,0.0,0.0,0.0,1.0,0.0,0.0,0.0,1.0,0.0,0.0,0.0,0.0,0.0,1.0,1.0,0.0,1.0,0.0,2337.9,7634646.0
1.11957335107078,1.0,0.0,-1.0,0.7926352763532397,0.08990152539100207,0.6921666277125547,0.0,1.0,0.0,0.0,0.0,1.0,1.0,0.0,0.0,0.0,0.0,0.0,0.0,0.0,1.0,1.0,0.0,0.0,0.0,1.0,0.0,1.0,0.0,1324.6,5919770.0
1.1753037735624947,0.0,1.0,-1.0,0.8200471507076926,0.9173456909313249,0.3220546196580427,0.0,0.0,0.0,0.0,1.0,0.0,0.0,0.0,1.0,0.0,0.0,1.0,0.0,0.0,0.0,0.0,0.0,0.0,1.0,1.0,0.0,1.0,0.0,1939.2,8893947.0
-0.041358339965079274,0.0,-1.0,0.0,-0.04450727406514695,-0.40121001480337276,0.17772064508009563,0.0,0.0,1.0,0.0,0.0,0.0,0.0,1.0,0.0,0.0,0.0,1.0,0.0,0.0,0.0,1.0,0.0,0.0,0.0,1.0,0.0,1.0,0.0,1637.2,3316312.0
-0.05152569752111251,-1.0,-1.0,1.0,-0.05574151291169453,0.6197335392932998,0.16617824203088766,-1.0,-1.0,0.0,0.0,0.0,1.0,1.0,0.0,0.0,0.0,0.0,0.0,0.0,1.0,0.0,0.0,0.0,0.0,1.0,1.0,0.0,1.0,0.0,1602.9,3212532.0
-0.21296813198560394,-1.0,-2.0,0.0,-0.25223870039875085,0.2698075561562721,0.8806206288991568,-1.0,-1.0,0.0,0.0,1.0,0.0,1.0,0.0,0.0,0.0,0.0,0.0,0.0,0.0,1.0,0.0,1.0,0.0,0.0,1.0,0.0,1.0,0.0,4153.8,6913585.0
0.49385326222517856,0.0,-1.0,1.0,0.4232743690040732,0.17882474094097944,0.7853148990489203,0.0,1.5,0.0,1.0,0.0,0.0,0.0,0.0,1.0,0.0,0.0,0.0,0.0,0.0,1.0,0.0,0.0,0.0,1.0,0.0,1.0,1.0,0.0,2078.5,6551640.0
1.02193821192289,0.0,-1.0,-1.0,0.7428307558887864,0.7511359979404004,1.3848186835907301,0.0,0.0,0.0,1.0,0.0,0.0,1.0,0.0,0.0,0.0,1.0,0.0,0.0,0.0,0.0,0.0,1.0,0.0,0.0,1.0,0.0,1.0,0.0,4290.6,18293402.0
-0.26366238671591957,0.0,-1.0,0.0,-0.3223098634396574,-0.6421316856536011,-0.07464806457992476,0.0,0.0,0.0,0.0,0.0,1.0,1.0,0.0,0.0,0.0,0.0,0.0,0.0,0.0,1.0,0.0,0.0,1.0,0.0,1.0,0.0,1.0,0.0,2562.1,3990983.0
-0.4524711667517904,-1.0,-1.0,0.0,-0.6337702828480454,-0.2493145394863875,-0.2889915679329749,-1.0,-1.0,0.0,1.0,0.0,0.0,0.0,0.0,1.0,0.0,0.0,1.0,0.0,0.0,0.0,0.0,0.0,0.0,1.0,1.0,0.0,1.0,0.0,2211.5,2566003.0
0.0625957643928688,-1.0,1.0,0.0,0.06399055174499964,0.8670914590976379,-0.3095413602775929,-1.0,-1.0,0.0,1.0,0.0,0.0,1.0,0.0,0.0,0.0,0.0,1.0,0.0,0.0,0.0,0.0,0.0,0.0,1.0,1.0,0.0,1.0,0.0,1906.7,4279397.0
-0.5772826074045918,-1.0,0.0,-1.0,-0.9051703405875224,-0.5198429555255198,-0.5920605526689559,-1.0,-1.0,0.0,0.0,0.0,1.0,0.0,0.0,1.0,0.0,0.0,0.0,0.0,0.0,1.0,0.0,0.0,0.0,1.0,1.0,0.0,1.0,0.0,2215.7,1988812.0
0.2829518594624129,0.0,0.0,0.0,0.2627008247259835,-0.04973933191735875,0.05898851153341358,0.0,0.0,0.0,1.0,0.0,0.0,0.0,1.0,0.0,0.0,0.0,1.0,0.0,0.0,0.0,0.0,0.0,1.0,0.0,1.0,0.0,1.0,0.0,2765.0,7488173.0
-0.4392155931156535,-1.0,-1.0,-1.0,-0.6086462630499866,-0.22058312415524237,-0.273943294798727,-1.0,-1.0,1.0,0.0,0.0,0.0,1.0,0.0,0.0,0.0,0.0,0.0,0.0,1.0,0.0,1.0,0.0,0.0,0.0,1.0,0.0,1.0,0.0,1673.5,1988453.0
-0.39412763834614134,-1.0,1.0,1.0,-0.527395497543388,-0.12285512003604318,-0.5687869689505761,-1.0,-1.0,1.0,0.0,0.0,0.0,0.0,1.0,0.0,0.0,0.0,1.0,0.0,0.0,0.0,0.0,0.0,0.0,1.0,1.0,0.0,1.0,0.0,2226.9,2857335.0
-0.23472817759617998,-1.0,0.0,0.0,-0.2817496393785715,0.2226427238205572,-0.3328059545854982,-1.0,-1.0,0.0,0.0,0.0,1.0,0.0,1.0,0.0,0.0,0.0,1.0,0.0,0.0,0.0,0.0,0.0,0.0,1.0,1.0,0.0,1.0,0.0,1803.3,2918821.0
0.5486809754011713,0.0,0.0,0.0,0.46131380751239787,0.23824419128531882,0.26009960266805715,0.0,0.0,0.0,1.0,0.0,0.0,0.0,1.0,0.0,0.0,0.0,1.0,0.0,0.0,0.0,0.0,0.0,1.0,0.0,1.0,0.0,1.0,0.0,2686.3,8777485.0
0.9549951895095675,0.0,-1.0,0.0,0.7072755931809009,0.6785865997296774,1.3088222074396358,0.0,0.0,0.0,0.0,1.0,0.0,0.0,0.0,1.0,0.0,0.0,1.0,0.0,0.0,0.0,1.0,0.0,0.0,0.0,1.0,0.0,1.0,0.0,1284.9,5297257.0
-0.1938211922889618,1.0,1.0,0.0,-0.2269353003329969,-0.8590246937418207,-0.45508890526959234,0.0,1.0,1.0,0.0,0.0,0.0,0.0,0.0,0.0,1.0,0.0,0.0,0.0,0.0,1.0,0.0,0.0,0.0,1.0,1.0,0.0,1.0,0.0,2628.1,4480122.0
0.35801926571723824,0.0,-1.0,0.0,0.32268603802657775,0.031614854862585896,0.6311105517700148,0.0,0.0,0.0,0.0,0.0,1.0,0.0,1.0,0.0,0.0,0.0,0.0,0.0,0.0,1.0,0.0,0.0,0.0,1.0,1.0,0.0,1.0,0.0,1787.9,5124479.0
-0.04577686451045821,-1.0,-1.0,-1.0,-0.049374797917066233,0.6321941172684558,0.17270455403534637,-1.0,-1.0,0.0,0.0,0.0,1.0,0.0,0.0,1.0,0.0,0.0,0.0,1.0,0.0,0.0,0.0,0.0,1.0,0.0,1.0,0.0,1.0,0.0,3135.6,6322310.0
-0.008955826632300105,0.0,0.0,0.0,-0.009480185934876812,-0.3660938405097509,-0.16193524028694184,0.0,1.5,0.0,1.0,0.0,0.0,0.0,1.0,0.0,0.0,0.0,1.0,0.0,0.0,0.0,0.0,0.0,1.0,0.0,0.0,1.0,1.0,0.0,3236.0,6775537.0
-0.16103859082324695,-1.0,0.0,-1.0,-0.1849689094988745,0.3823646778657398,-0.27703565200194163,-1.0,-1.0,0.0,1.0,0.0,0.0,1.0,0.0,0.0,0.0,0.0,1.0,0.0,0.0,0.0,1.0,0.0,0.0,0.0,1.0,0.0,1.0,0.0,1527.4,2709149.0
0.9432599684051741,1.0,-2.0,1.0,0.7009177678018813,-0.037484713908734084,3.505816148576976,0.0,1.0,0.0,1.0,0.0,0.0,1.0,0.0,0.0,0.0,1.0,0.0,0.0,0.0,0.0,1.0,0.0,0.0,0.0,1.0,0.0,1.0,0.0,1262.7,5174545.0
-0.013706928293997911,0.0,-1.0,1.0,-0.014544153203003436,-0.37124283967303856,0.20911166645691387,0.0,0.0,1.0,0.0,0.0,0.0,1.0,0.0,0.0,0.0,0.0,0.0,0.0,1.0,0.0,0.0,0.0,1.0,0.0,1.0,0.0,1.0,0.0,2853.8,5946748.0
-0.4116116924611893,0.0,0.0,-1.0,-0.5581665550209767,-0.8024715195983781,-0.46667625537117263,0.0,0.0,1.0,0.0,0.0,0.0,0.0,0.0,1.0,0.0,0.0,0.0,0.0,0.0,1.0,0.0,1.0,0.0,0.0,1.0,0.0,1.0,0.0,5426.2,6762673.0
0.19125559739164527,0.0,0.0,-1.0,0.18449120871143126,-0.14911501576881012,-0.01040973732942591,0.0,0.0,0.0,0.0,1.0,0.0,0.0,0.0,1.0,0.0,0.0,1.0,0.0,0.0,0.0,0.0,0.0,1.0,0.0,1.0,0.0,1.0,0.0,2847.9,7163038.0
0.659999287334751,0.0,0.0,0.0,0.5345791241223893,0.3588852416811482,0.34434835763470634,0.0,0.0,0.0,0.0,0.0,1.0,0.0,0.0,1.0,0.0,0.0,0.0,1.0,0.0,0.0,0.0,0.0,0.0,1.0,1.0,0.0,1.0,0.0,1835.4,6427204.0
0.05271347293653729,-1.0,1.0,0.0,0.054141742451848086,0.8456716225783611,-0.31515075241365664,-1.0,-1.0,1.0,0.0,0.0,0.0,0.0,0.0,1.0,0.0,0.0,0.0,0.0,1.0,0.0,0.0,0.0,1.0,0.0,1.0,0.0,1.0,0.0,3690.9,8207085.0
0.11053438015939972,-1.0,-1.0,-1.0,0.11050762267313709,0.9709982622127825,0.35015551680120827,-1.0,-1.0,0.0,0.0,0.0,1.0,1.0,0.0,0.0,0.0,0.0,1.0,0.0,0.0,0.0,1.0,0.0,0.0,0.0,1.0,0.0,1.0,0.0,1445.2,3389428.0
-0.49599125797294225,-1.0,2.0,0.0,-0.7207193446152934,-0.3436442041578169,-0.6842487549666492,-1.0,-1.0,1.0,0.0,0.0,0.0,0.0,1.0,0.0,0.0,0.0,1.0,0.0,0.0,0.0,0.0,0.0,1.0,0.0,1.0,0.0,1.0,0.0,3446.7,3683488.0
-0.2900310009383424,1.0,-2.0,0.0,-0.36067832020236756,-0.9285361824462037,0.7056507434242463,0.0,1.0,0.0,1.0,0.0,0.0,0.0,0.0,1.0,0.0,0.0,0.0,0.0,1.0,0.0,1.0,0.0,0.0,0.0,1.0,0.0,1.0,0.0,1605.1,2411181.0
1.8631207611264864,1.0,1.0,-1.0,1.1103072628287411,0.6271137714273455,0.7124737059743623,0.0,1.0,1.0,0.0,0.0,0.0,0.0,0.0,1.0,0.0,0.0,0.0,0.0,0.0,1.0,0.0,0.0,1.0,0.0,1.0,0.0,1.0,0.0,3738.8,22560293.0
-0.17453171954246874,-1.0,-1.0,0.0,-0.20204099256231303,0.35311836261826596,0.026536739720609145,-1.0,-1.0,0.0,1.0,0.0,0.0,1.0,0.0,0.0,0.0,0.0,1.0,0.0,0.0,0.0,0.0,0.0,0.0,1.0,1.0,0.0,1.0,0.0,1973.0,3443477.0
-0.3955529688446507,0.0,0.0,0.0,-0.5298707813641695,-0.785067902426466,-0.4545225724097013,0.0,0.0,1.0,0.0,0.0,0.0,0.0,0.0,1.0,0.0,0.0,1.0,0.0,0.0,0.0,0.0,0.0,0.0,1.0,1.0,0.0,1.0,0.0,2484.2,3180024.0
-0.2848047891104748,-1.0,0.0,0.0,-0.3529624217247718,0.11410182145845396,-0.3707053091458261,-1.0,-1.0,0.0,0.0,0.0,1.0,0.0,1.0,0.0,0.0,0.0,1.0,0.0,0.0,0.0,0.0,0.0,0.0,1.0,1.0,0.0,1.0,0.0,1923.3,2910338.0
1.0889762563694456,0.0,0.0,-1.0,0.7772781215268146,0.8237883761343887,0.6690099063303429,0.0,0.0,0.0,0.0,1.0,0.0,0.0,1.0,0.0,0.0,0.0,0.0,0.0,1.0,0.0,0.0,0.0,1.0,0.0,1.0,0.0,1.0,0.0,2677.5,11793584.0
-0.301718711026119,1.0,0.0,0.0,-0.3781402095496448,-0.9369805410739955,-0.38350622966145875,0.0,1.0,0.0,0.0,0.0,1.0,0.0,1.0,0.0,0.0,0.0,0.0,0.0,0.0,1.0,0.0,0.0,0.0,1.0,1.0,0.0,1.0,0.0,1972.3,2914270.0
0.005154945302942292,-1.0,-2.0,-1.0,0.005418501137218765,0.7425886593293428,1.3758652307581667,-1.0,-1.0,0.0,0.0,0.0,1.0,0.0,1.0,0.0,0.0,0.0,0.0,0.0,0.0,1.0,0.0,0.0,0.0,1.0,1.0,0.0,1.0,0.0,2051.4,4356148.0
1.2708484279792378,0.0,-2.0,0.0,0.8654507724498517,1.0208920641050394,4.249599971233886,0.0,0.0,0.0,0.0,0.0,1.0,1.0,0.0,0.0,0.0,0.0,1.0,0.0,0.0,0.0,0.0,1.0,0.0,0.0,1.0,0.0,1.0,0.0,3859.3,18476399.0
-0.11808863180149884,-1.0,2.0,0.0,-0.1323907942503273,0.47545858273798014,-0.5126445047733769,-1.0,-1.0,0.0,1.0,0.0,0.0,1.0,0.0,0.0,0.0,0.0,1.0,0.0,0.0,0.0,0.0,0.0,0.0,1.0,1.0,0.0,1.0,0.0,1885.7,3515133.0
-0.45660462519746753,-1.0,1.0,0.0,-0.641728238136388,-0.258273798030508,-0.6042501932723251,-1.0,-1.0,0.0,1.0,0.0,0.0,0.0,0.0,1.0,0.0,0.0,0.0,1.0,0.0,0.0,0.0,0.0,0.0,1.0,1.0,0.0,1.0,0.0,2010.1,2314831.0
-0.6501169958784191,-1.0,-2.0,0.0,-1.1031202129660578,-0.6777112698719188,-0.1119181604070405,-1.0,-1.0,0.0,1.0,0.0,0.0,0.0,1.0,0.0,0.0,0.0,0.0,0.0,0.0,1.0,1.0,0.0,0.0,0.0,1.0,0.0,1.0,0.0,1575.0,1172272.0
-0.6788611609316909,-1.0,-2.0,1.0,-1.192712997593888,-0.7400141597476991,-0.17718128045162795,-1.0,-1.0,0.0,0.0,0.0,1.0,0.0,1.0,0.0,0.0,0.0,0.0,0.0,0.0,1.0,0.0,1.0,0.0,0.0,1.0,0.0,1.0,0.0,4176.4,2855822.0
0.2041310828948465,0.0,-1.0,0.0,0.1958280123810166,-0.13516122803630046,0.4564103486093383,0.0,0.0,0.0,0.0,0.0,1.0,0.0,0.0,1.0,0.0,0.0,1.0,0.0,0.0,0.0,0.0,0.0,1.0,0.0,1.0,0.0,1.0,0.0,2592.9,6591930.0
-0.13970614436222387,-1.0,-1.0,-1.0,-0.1585278172168345,0.4286026903520626,0.06607216698728896,-1.0,-1.0,0.0,0.0,1.0,0.0,1.0,0.0,0.0,0.0,1.0,0.0,0.0,0.0,0.0,0.0,0.0,0.0,1.0,1.0,0.0,1.0,0.0,1916.4,3485165.0
-0.4064329916499386,-1.0,0.0,0.0,-0.5489586758345038,-0.149526935701873,-0.46275687240430763,-1.0,-1.0,1.0,0.0,0.0,0.0,0.0,1.0,0.0,0.0,0.0,0.0,0.0,0.0,1.0,0.0,0.0,0.0,1.0,1.0,0.0,1.0,0.0,2372.6,2982833.0
-0.7525032366880069,-1.0,-1.0,-1.0,-1.4642928529822063,-0.8996331338096158,-0.6296003308103054,-1.0,-1.0,0.0,0.0,0.0,1.0,1.0,0.0,0.0,0.0,0.0,0.0,1.0,0.0,0.0,0.0,0.0,1.0,0.0,1.0,0.0,1.0,0.0,3047.1,1611306.0
0.4989844520198123,0.0,-1.0,-1.0,0.4268929482118829,0.1843856600373302,0.7911400370363711,0.0,0.0,0.0,0.0,1.0,0.0,0.0,0.0,1.0,0.0,0.0,1.0,0.0,0.0,0.0,0.0,0.0,0.0,1.0,1.0,0.0,1.0,0.0,1871.9,5920633.0
0.5855970353125631,0.0,2.0,1.0,0.4861769274175558,0.27825191478406364,-0.19310332428399343,0.0,0.0,0.0,1.0,0.0,0.0,0.0,1.0,0.0,0.0,0.0,1.0,0.0,0.0,0.0,1.0,0.0,0.0,0.0,1.0,0.0,1.0,0.0,1377.9,4609351.0
-0.6947298404817615,-1.0,-1.0,-1.0,-1.2456293934324894,-0.7744094741584606,-0.5640135919886372,-1.0,-1.0,0.0,0.0,1.0,0.0,0.0,1.0,0.0,0.0,0.0,0.0,0.0,1.0,0.0,0.0,0.0,0.0,1.0,1.0,0.0,1.0,0.0,1976.5,1285516.0
0.44848024135596454,0.0,0.0,-1.0,0.3907265543928204,0.12965179893158255,0.18426493590550336,0.0,0.0,0.0,0.0,0.0,1.0,0.0,1.0,0.0,0.0,0.0,1.0,0.0,0.0,0.0,0.0,0.0,0.0,1.0,1.0,0.0,1.0,0.0,1949.3,5958230.0
-0.6194723901604683,-1.0,-1.0,-1.0,-1.0152836367775795,-0.6112891806655083,-0.4785782348393592,-1.0,-1.0,0.0,0.0,1.0,0.0,1.0,0.0,0.0,0.0,0.0,0.0,0.0,0.0,1.0,0.0,0.0,0.0,1.0,1.0,0.0,1.0,0.0,1859.8,1504206.0
-0.21795678873038662,0.0,0.0,-1.0,-0.25893196822121595,-0.592598313702774,-0.32011290699555905,0.0,0.0,0.0,1.0,0.0,0.0,0.0,0.0,1.0,0.0,0.0,0.0,0.0,1.0,0.0,0.0,0.0,0.0,1.0,1.0,0.0,1.0,0.0,2365.4,3912135.0
-0.38248743927498174,-1.0,-1.0,0.0,-0.5073945060258532,-0.09762502413593377,-0.20954315815968785,-1.0,-1.0,0.0,0.0,0.0,1.0,0.0,1.0,0.0,0.0,0.0,0.0,0.0,0.0,1.0,1.0,0.0,0.0,0.0,1.0,0.0,1.0,0.0,1444.1,1888305.0
1.6636695133684125,1.0,-1.0,0.0,1.0340090359026801,0.4830104481774688,2.113338487262005,0.0,1.0,1.0,0.0,0.0,0.0,0.0,1.0,0.0,0.0,0.0,0.0,1.0,0.0,0.0,0.0,0.0,1.0,0.0,1.0,0.0,1.0,0.0,3236.4,18170121.0
-0.3727001698518842,0.0,-1.0,0.0,-0.4908650345485588,-0.7603012164510524,-0.1984322468132539,0.0,0.0,0.0,1.0,0.0,0.0,0.0,1.0,0.0,0.0,0.0,1.0,0.0,0.0,0.0,0.0,0.0,0.0,1.0,1.0,0.0,1.0,0.0,2113.4,2807018.0
-0.6939696642158899,-1.0,0.0,0.0,-1.2430332170666534,-0.7727617944262085,-0.6803725211700615,-1.0,-1.0,0.0,0.0,0.0,1.0,0.0,1.0,0.0,0.0,0.0,0.0,0.0,0.0,1.0,0.0,0.0,0.0,1.0,1.0,0.0,1.0,0.0,1975.5,1288026.0
-0.6690738915085933,-1.0,-2.0,-1.0,-1.1613479098059725,-0.7188002831949541,-0.15495945775876013,-1.0,-1.0,0.0,0.0,0.0,1.0,0.0,0.0,1.0,0.0,0.0,0.0,0.0,0.0,1.0,1.0,0.0,0.0,0.0,1.0,0.0,1.0,0.0,1681.7,1184589.0
0.10155479801879082,0.0,-1.0,-1.0,0.10194852226451505,-0.24632811997168055,0.33996152532316937,0.0,0.0,1.0,0.0,0.0,0.0,0.0,0.0,1.0,0.0,0.0,0.0,0.0,1.0,0.0,0.0,0.0,0.0,1.0,1.0,0.0,1.0,0.0,2208.3,5137389.0
1.2710384720457055,0.0,2.0,-1.0,0.8655391693726884,1.0210980240715708,0.11815321551212667,0.0,0.0,0.0,0.0,0.0,1.0,1.0,0.0,0.0,0.0,0.0,0.0,0.0,0.0,1.0,0.0,0.0,0.0,1.0,1.0,0.0,1.0,0.0,1835.4,8787712.0
-0.6377166205413878,-1.0,0.0,1.0,-1.0666944651206693,-0.6508334942395573,-0.6377986731630139,-1.0,-1.0,0.0,0.0,0.0,1.0,1.0,0.0,0.0,0.0,0.0,1.0,0.0,0.0,0.0,0.0,0.0,0.0,1.0,1.0,0.0,1.0,0.0,1675.1,1290497.0
0.9674430758632158,1.0,0.0,0.0,0.7139780342519654,-0.02001244341464491,0.5770302583556568,0.0,3.0,0.0,0.0,0.0,1.0,0.0,1.0,0.0,0.0,0.0,0.0,0.0,0.0,1.0,1.0,0.0,0.0,0.0,1.0,0.0,0.0,1.0,1417.6,6331481.0
1.105462579135537,0.0,-1.0,1.0,0.7855805403788325,0.8416554032309967,1.4796389852753453,0.0,0.0,0.0,0.0,0.0,1.0,1.0,0.0,0.0,0.0,0.0,1.0,0.0,0.0,0.0,0.0,0.0,0.0,1.0,1.0,0.0,1.0,0.0,1494.4,6634239.0
0.30257390932522493,1.0,-2.0,0.0,0.2787116728372351,-0.5003797386882926,2.0511497455996834,0.0,1.0,0.0,1.0,0.0,0.0,0.0,0.0,1.0,0.0,0.0,0.0,0.0,0.0,1.0,1.0,0.0,0.0,0.0,1.0,0.0,1.0,0.0,1495.3,4111327.0
0.952572127662102,0.0,-1.0,-1.0,0.7059659692709054,0.675960610156401,1.306071447834451,0.0,0.0,0.0,0.0,0.0,1.0,1.0,0.0,0.0,0.0,0.0,0.0,0.0,1.0,0.0,1.0,0.0,0.0,0.0,1.0,0.0,1.0,0.0,1292.4,5321586.0
0.748512311292181,1.0,0.0,-1.0,0.5894183310501183,-0.178189697710841,0.4113374444903902,0.0,1.0,0.0,0.0,0.0,1.0,0.0,1.0,0.0,0.0,0.0,1.0,0.0,0.0,0.0,0.0,0.0,1.0,0.0,1.0,0.0,1.0,0.0,3031.8,11181582.0
-0.591725956456153,-1.0,1.0,1.0,-0.9415915060190677,-0.5511488704383086,-0.6809478434404271,-1.0,-1.0,0.0,0.0,0.0,1.0,0.0,1.0,0.0,0.0,0.0,0.0,0.0,1.0,0.0,0.0,0.0,0.0,1.0,1.0,0.0,1.0,0.0,1724.3,1495313.0
0.6506396170612062,1.0,0.0,0.0,0.5286105609561013,-0.24890261955332438,0.33726470218083104,0.0,1.0,0.0,0.0,1.0,0.0,0.0,0.0,0.0,1.0,0.0,0.0,0.0,0.0,1.0,0.0,0.0,0.0,1.0,1.0,0.0,1.0,0.0,1852.1,6449197.0
0.4673896259695219,0.0,-1.0,-1.0,0.4044128479090049,0.15014481560146742,0.7552722892432714,0.0,1.5,0.0,0.0,1.0,0.0,0.0,0.0,0.0,1.0,0.0,1.0,0.0,0.0,0.0,0.0,0.0,0.0,1.0,0.0,1.0,1.0,0.0,2245.1,6951728.0
0.007292941050706305,0.0,0.0,-1.0,0.007657691520849481,-0.3484842633713073,-0.14963772675787912,0.0,0.0,0.0,0.0,0.0,1.0,0.0,1.0,0.0,0.0,0.0,0.0,0.0,1.0,0.0,0.0,0.0,1.0,0.0,1.0,0.0,1.0,0.0,3003.4,6391235.0
-0.5710586642277676,0.0,-1.0,0.0,-0.8898540673043356,-0.9752719315183112,-0.42361697919850405,0.0,0.0,0.0,1.0,0.0,0.0,0.0,0.0,0.0,1.0,0.0,0.0,0.0,0.0,1.0,0.0,0.0,0.0,1.0,1.0,0.0,1.0,0.0,2088.9,1902361.0
2.2760390065446425,1.0,1.0,-1.0,1.2526837035365952,0.9254467829482309,0.946854605274986,0.0,3.0,1.0,0.0,0.0,0.0,1.0,0.0,0.0,0.0,0.0,1.0,0.0,0.0,0.0,0.0,1.0,0.0,0.0,1.0,0.0,0.0,1.0,5377.9,37574719.0
1.8413132044992933,1.0,-2.0,-1.0,1.1022278504840923,0.6113578339876852,5.544830190036136,0.0,1.0,0.0,1.0,0.0,0.0,1.0,0.0,0.0,0.0,0.0,0.0,0.0,0.0,1.0,0.0,0.0,0.0,1.0,1.0,0.0,1.0,0.0,1952.6,11692559.0
1.2002945683030253,0.0,0.0,-1.0,0.8321123884137538,0.9444294265302181,0.753258661296992,0.0,0.0,0.0,1.0,0.0,0.0,0.0,1.0,0.0,0.0,0.0,0.0,1.0,0.0,0.0,0.0,0.0,0.0,1.0,1.0,0.0,1.0,0.0,2008.3,9316504.0
0.12706821394210796,-1.0,-2.0,-1.0,0.12608841430679407,1.0068352963892642,1.6526671580877723,-1.0,-1.0,0.0,1.0,0.0,0.0,0.0,1.0,0.0,0.0,0.0,0.0,0.0,0.0,1.0,0.0,0.0,0.0,1.0,1.0,0.0,1.0,0.0,2301.7,5478276.0
-0.21610385908232455,0.0,0.0,1.0,-0.25644095288422714,-0.590590204029092,-0.3187105589615432,0.0,0.0,0.0,1.0,0.0,0.0,0.0,1.0,0.0,0.0,0.0,0.0,0.0,1.0,0.0,0.0,0.0,0.0,1.0,1.0,0.0,1.0,0.0,1836.6,3044715.0
0.3786865579456237,0.0,1.0,-1.0,0.3386210437273974,0.054013001222887116,-0.13012171661782418,0.0,0.0,1.0,0.0,0.0,0.0,0.0,1.0,0.0,0.0,0.0,0.0,1.0,0.0,0.0,0.0,1.0,0.0,0.0,1.0,0.0,1.0,0.0,5238.7,15243045.0
0.12445510802817415,1.0,0.0,-1.0,0.12364114421369483,-0.6290703911093949,-0.06096618183779506,0.0,4.5,0.0,1.0,0.0,0.0,1.0,0.0,0.0,0.0,0.0,0.0,0.0,0.0,1.0,0.0,0.0,0.0,1.0,0.0,1.0,0.0,1.0,2547.0,6498106.0
0.20299081849603898,1.0,1.0,-1.0,0.19482890209678527,-0.5723284203299651,-0.22985023642149538,0.0,4.5,0.0,0.0,0.0,1.0,1.0,0.0,0.0,0.0,0.0,0.0,0.0,0.0,1.0,0.0,0.0,1.0,0.0,0.0,1.0,0.0,1.0,3266.8,8747345.0
-0.14113147486073319,-1.0,1.0,1.0,-0.1602740348624316,0.42551329085409006,-0.42518113662106033,-1.0,-1.0,0.0,0.0,0.0,1.0,1.0,0.0,0.0,0.0,0.0,1.0,0.0,0.0,0.0,0.0,0.0,1.0,0.0,1.0,0.0,1.0,0.0,2531.5,4596191.0
-0.4363649321186348,-1.0,-2.0,0.0,-0.6033203038449367,-0.21440432515929722,0.3734021322881646,-1.0,-1.0,1.0,0.0,0.0,0.0,1.0,0.0,0.0,0.0,0.0,1.0,0.0,0.0,0.0,0.0,1.0,0.0,0.0,1.0,0.0,1.0,0.0,5040.8,6019723.0
-0.5222648501621311,-1.0,-1.0,1.0,-0.7768930813368166,-0.4005921349037782,-0.3682242318548749,-1.0,-1.0,0.0,0.0,0.0,1.0,0.0,1.0,0.0,0.0,0.0,1.0,0.0,0.0,0.0,0.0,0.0,1.0,0.0,1.0,0.0,1.0,0.0,2646.3,2681760.0
1.084415198774216,0.0,-1.0,0.0,0.77496964910343,0.8188453369376328,1.455745132234228,0.0,0.0,0.0,0.0,0.0,1.0,1.0,0.0,0.0,0.0,0.0,0.0,0.0,1.0,0.0,0.0,0.0,0.0,1.0,1.0,0.0,1.0,0.0,1563.1,6869981.0
2.415721395398558,1.0,0.0,1.0,1.2968145251068262,1.0263671665486687,1.673127056327646,0.0,1.0,0.0,0.0,0.0,1.0,0.0,0.0,0.0,1.0,0.0,0.0,1.0,0.0,0.0,1.0,0.0,0.0,0.0,1.0,0.0,1.0,0.0,1385.6,9972440.0
-0.3603473055314699,1.0,-1.0,0.0,-0.4703645332704121,-0.9793396408573084,-0.1844087664730946,0.0,1.0,0.0,0.0,0.0,1.0,1.0,0.0,0.0,0.0,0.0,0.0,1.0,0.0,0.0,0.0,0.0,1.0,0.0,1.0,0.0,1.0,0.0,2783.1,3768874.0
-0.17077834922972743,-1.0,1.0,1.0,-0.1972643523734012,0.3612537812962605,-0.44200931302925145,-1.0,-1.0,1.0,0.0,0.0,0.0,0.0,1.0,0.0,0.0,0.0,0.0,0.0,1.0,0.0,0.0,0.0,0.0,1.0,1.0,0.0,1.0,0.0,2128.0,3730810.0
0.8342221852692094,0.0,-1.0,1.0,0.6399428787098064,0.5476990409989058,1.1717157188831555,0.0,0.0,1.0,0.0,0.0,0.0,0.0,0.0,1.0,0.0,0.0,0.0,0.0,1.0,0.0,1.0,0.0,0.0,0.0,1.0,0.0,1.0,0.0,1426.0,5516481.0
-0.7332612749581308,-1.0,-1.0,0.0,-1.3863378558386332,-0.8579262405869861,-0.607756063357365,-1.0,-1.0,0.0,0.0,0.0,1.0,0.0,1.0,0.0,0.0,1.0,0.0,0.0,0.0,0.0,0.0,0.0,1.0,0.0,1.0,0.0,1.0,0.0,2723.2,1550318.0
-0.12212706821394197,-1.0,1.0,0.0,-0.1372247547810487,0.46670528416039114,-0.41439384405170704,-1.0,-1.0,1.0,0.0,0.0,0.0,1.0,0.0,0.0,0.0,0.0,0.0,0.0,0.0,1.0,0.0,0.0,1.0,0.0,1.0,0.0,1.0,0.0,3129.1,5806358.0
-0.3804919765770686,0.0,-1.0,0.0,-0.5040034017176107,-0.7687455750788441,-0.20727782672012365,0.0,0.0,0.0,0.0,1.0,0.0,0.0,1.0,0.0,0.0,0.0,0.0,0.0,0.0,1.0,0.0,0.0,0.0,1.0,1.0,0.0,1.0,0.0,1764.2,2314278.0
1.0525353066242236,1.0,1.0,0.0,0.7586922335572333,0.041466606595009746,0.2523687096600205,0.0,1.0,0.0,0.0,1.0,0.0,0.0,0.0,0.0,1.0,0.0,1.0,0.0,0.0,0.0,0.0,0.0,0.0,1.0,1.0,0.0,1.0,0.0,2034.4,8804883.0
-0.3352139777410886,-1.0,-2.0,1.0,-0.4298411703421792,0.004840059213490191,0.6030635910896962,-1.0,-1.0,0.0,1.0,0.0,0.0,0.0,1.0,0.0,0.0,1.0,0.0,0.0,0.0,0.0,0.0,0.0,1.0,0.0,1.0,0.0,1.0,0.0,2666.4,3751891.0
0.11105700134218643,-1.0,1.0,-1.0,0.1110036460524414,0.9721310420287057,-0.28203376422574195,-1.0,-1.0,0.0,1.0,0.0,0.0,0.0,1.0,0.0,0.0,0.0,1.0,0.0,0.0,0.0,0.0,0.0,0.0,1.0,1.0,0.0,1.0,0.0,2038.9,4784075.0
0.06003016949555195,-1.0,1.0,-1.0,0.061442445263117686,0.8615305400012871,-0.31099764477445563,-1.0,-1.0,0.0,1.0,0.0,0.0,0.0,1.0,0.0,0.0,0.0,1.0,0.0,0.0,0.0,0.0,0.0,1.0,0.0,1.0,0.0,1.0,0.0,3168.7,7094719.0
0.9363233599790953,0.0,1.0,0.0,0.6971416605714691,0.658351033017957,0.1864044155984251,0.0,0.0,0.0,0.0,0.0,1.0,0.0,0.0,1.0,0.0,0.0,0.0,0.0,1.0,0.0,0.0,0.0,1.0,0.0,1.0,0.0,1.0,0.0,2750.3,11230575.0
-0.682899597344134,-1.0,-1.0,0.0,-1.2059308019468824,-0.7487674583252881,-0.5505834127397924,-1.0,-1.0,0.0,0.0,0.0,1.0,1.0,0.0,0.0,0.0,1.0,0.0,0.0,0.0,0.0,0.0,0.0,0.0,1.0,1.0,0.0,1.0,0.0,1934.3,1306233.0
0.039505410317017514,1.0,0.0,1.0,0.040833659663221084,-0.6904464611357835,-0.12525844555114063,0.0,1.0,0.0,0.0,0.0,1.0,0.0,1.0,0.0,0.0,0.0,0.0,1.0,0.0,0.0,1.0,0.0,0.0,0.0,1.0,0.0,1.0,0.0,1234.0,2709617.0
1.1232792103669038,0.0,-1.0,0.0,0.7944802642391704,0.8609641500933253,1.4998651588428829,0.0,0.0,0.0,0.0,1.0,0.0,0.0,1.0,0.0,0.0,0.0,0.0,0.0,1.0,0.0,0.0,0.0,0.0,1.0,1.0,0.0,1.0,0.0,1602.3,7173337.0
0.612108182584837,0.0,-2.0,0.0,0.5036786555598757,0.3069833301152088,2.753941856493051,0.0,0.0,0.0,0.0,0.0,1.0,0.0,0.0,1.0,0.0,0.0,0.0,0.0,1.0,0.0,0.0,0.0,0.0,1.0,1.0,0.0,1.0,0.0,1909.3,6493529.0
1.0545782803387538,0.0,0.0,-1.0,0.7597428883656276,0.7865096221921863,0.6429765735963037,0.0,0.0,0.0,1.0,0.0,0.0,0.0,0.0,1.0,0.0,0.0,1.0,0.0,0.0,0.0,0.0,0.0,0.0,1.0,1.0,0.0,1.0,0.0,2165.6,9382029.0
0.9796534071337795,0.0,-1.0,0.0,0.7205115803452445,0.7053099053871404,1.336815231657108,0.0,0.0,0.0,1.0,0.0,0.0,0.0,0.0,1.0,0.0,0.0,1.0,0.0,0.0,0.0,0.0,1.0,0.0,0.0,1.0,0.0,1.0,0.0,4482.7,18713479.0
1.3251535199724438,1.0,-1.0,0.0,0.8904144815140467,0.2384329879213061,1.729041189478794,0.0,1.0,1.0,0.0,0.0,0.0,1.0,0.0,0.0,0.0,0.0,0.0,0.0,1.0,0.0,0.0,0.0,1.0,0.0,1.0,0.0,1.0,0.0,3398.8,16660238.0
-0.27392476630518686,-1.0,-1.0,0.0,-0.3370775574265524,0.1376842376263112,-0.08629834055482641,-1.0,-1.0,0.0,0.0,0.0,1.0,0.0,0.0,1.0,0.0,0.0,0.0,0.0,1.0,0.0,0.0,0.0,1.0,0.0,1.0,0.0,1.0,0.0,2775.5,4263446.0
-0.48572887838367507,0.0,2.0,-1.0,-0.6995631170576365,-0.8827959065456653,-0.6795886445766885,0.0,2.0,0.0,0.0,0.0,1.0,0.0,1.0,0.0,0.0,1.0,0.0,0.0,0.0,0.0,0.0,1.0,0.0,0.0,1.0,0.0,0.0,1.0,4384.1,5229984.0
-0.7411956147331661,-1.0,0.0,0.0,-1.4177896588673047,-0.8751238977923667,-0.7161144172165188,-1.0,-1.0,0.0,0.0,0.0,1.0,1.0,0.0,0.0,0.0,0.0,1.0,0.0,0.0,0.0,0.0,0.0,1.0,0.0,1.0,0.0,1.0,0.0,2907.1,1606463.0
1.0958653537789076,0.0,1.0,-1.0,0.780755357566456,0.8312544249211558,0.276963736718146,0.0,0.0,0.0,0.0,0.0,1.0,0.0,1.0,0.0,0.0,0.0,0.0,0.0,0.0,1.0,0.0,0.0,0.0,1.0,1.0,0.0,1.0,0.0,1864.1,8237831.0
0.09514081077549878,-1.0,1.0,1.0,0.09579221717539982,0.9376327476346785,-0.29106812175257535,-1.0,-1.0,0.0,0.0,0.0,1.0,0.0,0.0,1.0,0.0,0.0,1.0,0.0,0.0,0.0,1.0,0.0,0.0,0.0,1.0,0.0,1.0,0.0,1431.1,3309991.0
1.937285458065589,1.0,-1.0,1.0,1.1373316737910395,0.6806976893866254,2.4239585767965335,0.0,1.0,0.0,0.0,0.0,1.0,0.0,1.0,0.0,0.0,0.0,1.0,0.0,0.0,0.0,0.0,0.0,0.0,1.0,1.0,0.0,1.0,0.0,1588.4,9832514.0
0.6501169958784194,0.0,0.0,0.0,0.5282762965647556,0.34817532342150986,0.3368691681199546,0.0,0.0,0.0,0.0,0.0,1.0,0.0,1.0,0.0,0.0,0.0,1.0,0.0,0.0,0.0,0.0,0.0,1.0,0.0,1.0,0.0,1.0,0.0,2782.1,9684490.0
-0.1583779738926962,0.0,2.0,1.0,-0.18163484833436386,-0.5280298641951472,-0.530939752971,0.0,0.0,0.0,0.0,1.0,0.0,0.0,0.0,0.0,1.0,0.0,0.0,0.0,1.0,0.0,0.0,0.0,0.0,1.0,1.0,0.0,1.0,0.0,1778.2,3163951.0
1.1646137948236748,1.0,-1.0,0.0,0.814843861954588,0.12244320010297985,1.5467898815195695,0.0,1.0,0.0,0.0,0.0,1.0,0.0,0.0,0.0,1.0,0.0,1.0,0.0,0.0,0.0,0.0,0.0,0.0,1.0,1.0,0.0,1.0,0.0,1949.5,8897323.0
-0.48325830551959215,0.0,1.0,-1.0,-0.6945324992346597,-0.8801184269807557,-0.6193793711008431,0.0,0.0,0.0,1.0,0.0,0.0,1.0,0.0,0.0,0.0,0.0,0.0,0.0,1.0,0.0,0.0,0.0,0.0,1.0,1.0,0.0,1.0,0.0,2081.5,2280283.0
0.008100628333194845,1.0,-1.0,-1.0,0.008502376385108985,-0.7131363841153378,0.23386850290357952,0.0,1.0,0.0,0.0,1.0,0.0,0.0,0.0,1.0,0.0,0.0,1.0,0.0,0.0,0.0,1.0,0.0,0.0,0.0,1.0,0.0,1.0,0.0,1524.0,3245663.0
-0.15590740102861333,-1.0,-1.0,-1.0,-0.17854831158251228,0.39348651605844104,0.04767983315654164,-1.0,-1.0,0.0,0.0,0.0,1.0,1.0,0.0,0.0,0.0,0.0,1.0,0.0,0.0,0.0,0.0,0.0,0.0,1.0,1.0,0.0,1.0,0.0,1960.2,3497977.0
-0.4745162784620682,0.0,1.0,0.0,-0.6769214463203042,-0.8706442685203064,-0.6144172165189405,0.0,0.0,0.0,1.0,0.0,0.0,1.0,0.0,0.0,0.0,0.0,0.0,0.0,0.0,1.0,0.0,0.0,0.0,1.0,1.0,0.0,1.0,0.0,1917.3,2135680.0
1.1760164388117493,0.0,0.0,-1.0,0.8203931286736906,0.918118040805818,0.7348843062871936,0.0,0.0,1.0,0.0,0.0,0.0,1.0,0.0,0.0,0.0,0.0,0.0,0.0,0.0,1.0,0.0,0.0,0.0,1.0,1.0,0.0,1.0,0.0,2204.2,10112649.0
0.9371785582782008,0.0,0.0,1.0,0.6976079368741847,0.6592778528673487,0.5541252404667302,0.0,0.0,0.0,1.0,0.0,0.0,0.0,1.0,0.0,0.0,0.0,0.0,1.0,0.0,0.0,0.0,1.0,0.0,0.0,1.0,0.0,1.0,0.0,3551.9,14510222.0
-0.7536910121034313,-1.0,0.0,0.0,-1.4692983767422663,-0.9022076333912598,-0.7255712770356519,-1.0,-1.0,0.0,1.0,0.0,0.0,0.0,0.0,1.0,0.0,0.0,0.0,0.0,1.0,0.0,1.0,0.0,0.0,0.0,1.0,0.0,1.0,0.0,1465.1,771082.0
-0.6162891520471308,-1.0,-1.0,0.0,-1.0065639400685422,-0.6043895217867028,-0.47496449182862577,-1.0,-1.0,0.0,0.0,1.0,0.0,1.0,0.0,0.0,0.0,0.0,0.0,1.0,0.0,0.0,1.0,0.0,0.0,0.0,1.0,0.0,1.0,0.0,1190.2,970608.0
-0.10925158271074085,-1.0,1.0,-1.0,-0.1218893503078124,0.49461285962541024,-0.4070854533359701,-1.0,-1.0,0.0,1.0,0.0,0.0,0.0,1.0,0.0,0.0,0.0,1.0,0.0,0.0,0.0,0.0,0.0,0.0,1.0,1.0,0.0,1.0,0.0,2204.1,4149659.0
0.47651174115998157,1.0,0.0,-1.0,0.4109525225724577,-0.37470983244298567,0.20547994462523148,0.0,1.0,0.0,0.0,0.0,1.0,1.0,0.0,0.0,0.0,1.0,0.0,0.0,0.0,0.0,0.0,0.0,0.0,1.0,1.0,0.0,1.0,0.0,1977.8,6162034.0
0.384625435022746,0.0,-1.0,0.0,0.34315603524188765,0.060449250176996656,0.661314970964204,0.0,1.5,0.0,0.0,0.0,1.0,0.0,1.0,0.0,0.0,0.0,1.0,0.0,0.0,0.0,0.0,1.0,0.0,0.0,0.0,1.0,1.0,0.0,4712.6,13771160.0
-0.42082882968488294,-1.0,0.0,0.0,-0.5747557422399978,-0.18072987063139603,-0.47365203789935445,-1.0,-1.0,0.0,0.0,0.0,1.0,0.0,1.0,0.0,0.0,0.0,1.0,0.0,0.0,0.0,0.0,1.0,0.0,0.0,1.0,0.0,1.0,0.0,4399.0,5397133.0
-0.06805953130382085,-1.0,1.0,0.0,-0.07426882581347485,0.5838965051168179,-0.3837039966918968,-1.0,-1.0,0.0,0.0,0.0,1.0,1.0,0.0,0.0,0.0,0.0,0.0,1.0,0.0,0.0,0.0,0.0,1.0,0.0,1.0,0.0,1.0,0.0,2649.0,5216941.0
0.7000510743428634,0.0,-2.0,-1.0,0.5597461974280648,0.4022913046276629,2.9536146419517806,0.0,0.0,0.0,0.0,0.0,1.0,1.0,0.0,0.0,0.0,1.0,0.0,0.0,0.0,0.0,0.0,0.0,0.0,1.0,1.0,0.0,1.0,0.0,1799.1,6451753.0
-0.06962739485218122,-1.0,-1.0,-1.0,-0.0760426813852276,0.5804981656690479,0.14562844968626956,-1.0,-1.0,0.0,0.0,0.0,1.0,1.0,0.0,0.0,0.0,0.0,1.0,0.0,0.0,0.0,0.0,0.0,0.0,1.0,1.0,0.0,1.0,0.0,2042.5,4015759.0
-0.6810941787126888,-1.0,-1.0,-1.0,-1.2000012519759893,-0.7448542189611895,-0.5485338271516152,-1.0,-1.0,0.0,0.0,0.0,1.0,1.0,0.0,0.0,0.0,0.0,1.0,0.0,0.0,0.0,1.0,0.0,0.0,0.0,1.0,0.0,1.0,0.0,1496.3,1016137.0
-0.7404829494839115,-1.0,1.0,0.0,-1.41492612543337,-0.8735791980433804,-0.76538537602704,-1.0,-1.0,0.0,0.0,0.0,1.0,0.0,0.0,1.0,0.0,0.0,1.0,0.0,0.0,0.0,0.0,0.0,1.0,0.0,1.0,0.0,1.0,0.0,3103.5,1719649.0
0.5302942119704008,0.0,0.0,1.0,0.4487088576065041,0.21831756452339576,0.24618399525359128,0.0,0.0,0.0,0.0,0.0,1.0,0.0,1.0,0.0,0.0,0.0,1.0,0.0,0.0,0.0,0.0,0.0,0.0,1.0,1.0,0.0,1.0,0.0,1666.6,5381118.0
2.3085840529272725,1.0,0.0,-1.0,1.2631315413438702,0.9489605457939113,1.592042573848007,0.0,4.5,0.0,0.0,0.0,1.0,1.0,0.0,0.0,0.0,0.0,0.0,1.0,0.0,0.0,0.0,0.0,0.0,1.0,0.0,1.0,0.0,1.0,2142.8,15388959.0
2.104951835706905,1.0,-1.0,0.0,1.1959965903111762,0.8018364763682392,2.6143003541827725,0.0,1.0,1.0,0.0,0.0,0.0,0.0,0.0,1.0,0.0,0.0,0.0,0.0,0.0,1.0,0.0,0.0,0.0,1.0,1.0,0.0,1.0,0.0,2260.2,14788715.0
-0.4237745127151356,-1.0,-2.0,0.0,-0.5801127493799417,-0.18711462959387273,0.40198845759695084,-1.0,-1.0,0.0,0.0,1.0,0.0,0.0,1.0,0.0,0.0,0.0,0.0,1.0,0.0,0.0,0.0,0.0,0.0,1.0,1.0,0.0,1.0,0.0,1921.8,2345941.0
-0.5686831133969187,0.0,-2.0,0.0,-0.8840661188337581,-0.9726974319366674,0.07297603423167517,0.0,0.0,0.0,0.0,1.0,0.0,1.0,0.0,0.0,0.0,0.0,1.0,0.0,0.0,0.0,0.0,0.0,1.0,0.0,1.0,0.0,1.0,0.0,2548.9,2334028.0
-0.06402109489137772,0.0,0.0,-1.0,-0.06971344956816393,-0.4257707408122547,-0.20361014724654342,0.0,0.0,0.0,1.0,0.0,0.0,0.0,1.0,0.0,0.0,0.0,1.0,0.0,0.0,0.0,0.0,0.0,0.0,1.0,1.0,0.0,1.0,0.0,2105.6,4164666.0
0.07276312194890215,0.0,-1.0,-1.0,0.07402869686907237,-0.27753105490120356,0.3072760288380289,0.0,0.0,0.0,0.0,1.0,0.0,0.0,1.0,0.0,0.0,0.0,1.0,0.0,0.0,0.0,0.0,0.0,0.0,1.0,1.0,0.0,1.0,0.0,1780.3,4033804.0
0.13642788421565274,-1.0,1.0,1.0,0.13480794227402693,1.0271223530926177,-0.2676327286456553,-1.0,-1.0,0.0,0.0,0.0,1.0,1.0,0.0,0.0,0.0,0.0,0.0,0.0,1.0,0.0,0.0,0.0,0.0,1.0,1.0,0.0,1.0,0.0,1658.6,3980308.0
0.014752170659571774,0.0,1.0,0.0,0.0154330846230234,-0.3404003346849458,-0.3366983693209399,0.0,0.0,1.0,0.0,0.0,0.0,1.0,0.0,0.0,0.0,0.0,1.0,0.0,0.0,0.0,0.0,0.0,1.0,0.0,1.0,0.0,1.0,0.0,3081.3,6605383.0
-0.5386086398783716,-1.0,-1.0,1.0,-0.8134032662382195,-0.4360172491471971,-0.3867783750741626,-1.0,-1.0,0.0,0.0,0.0,1.0,0.0,1.0,0.0,0.0,0.0,0.0,1.0,0.0,0.0,0.0,0.0,0.0,1.0,1.0,0.0,1.0,0.0,1813.2,1775123.0
-0.031903647658300595,1.0,1.0,0.0,-0.03416642400572585,-0.7420394327519255,-0.3631811725787022,0.0,3.0,0.0,0.0,1.0,0.0,0.0,0.0,1.0,0.0,0.0,1.0,0.0,0.0,0.0,1.0,0.0,0.0,0.0,1.0,0.0,0.0,1.0,1353.6,3218789.0
-0.15490966967965683,-1.0,0.0,0.0,-0.1773043729507012,0.3956490957070218,-0.27239711619711976,-1.0,-1.0,0.0,1.0,0.0,0.0,0.0,1.0,0.0,0.0,1.0,0.0,0.0,0.0,0.0,1.0,0.0,0.0,0.0,1.0,0.0,1.0,0.0,1543.3,2757260.0
0.8291860175078098,0.0,-1.0,-1.0,0.6370399168667095,0.5422411018858209,1.1659984538213983,0.0,1.5,1.0,0.0,0.0,0.0,0.0,0.0,0.0,1.0,0.0,0.0,0.0,1.0,0.0,0.0,0.0,1.0,0.0,0.0,1.0,1.0,0.0,4180.4,16127565.0
-0.1913506194248789,-1.0,-1.0,0.0,-0.2237139769571153,0.3166634485421896,0.007443231872853876,-1.0,-1.0,0.0,1.0,0.0,0.0,0.0,0.0,0.0,1.0,0.0,1.0,0.0,0.0,0.0,0.0,0.0,0.0,1.0,1.0,0.0,1.0,0.0,2330.0,3984067.0
-0.570108443895428,0.0,0.0,1.0,-0.8875350878284153,-0.9742421316856537,-0.5866309487423813,0.0,0.0,1.0,0.0,0.0,0.0,1.0,0.0,0.0,0.0,0.0,1.0,0.0,0.0,0.0,0.0,0.0,0.0,1.0,1.0,0.0,1.0,0.0,1960.1,1788983.0
-0.3603948165480869,0.0,1.0,-1.0,-0.4704426254270629,-0.7469653086181375,-0.549639524639974,0.0,0.0,0.0,1.0,0.0,0.0,0.0,0.0,1.0,0.0,0.0,1.0,0.0,0.0,0.0,0.0,0.0,0.0,1.0,1.0,0.0,1.0,0.0,2237.2,3029393.0
0.06687175588839683,0.0,0.0,0.0,0.06822380897584938,-0.2839158138636803,-0.10454684381798236,0.0,0.0,1.0,0.0,0.0,0.0,1.0,0.0,0.0,0.0,0.0,0.0,0.0,0.0,1.0,0.0,0.0,0.0,1.0,1.0,0.0,1.0,0.0,2133.4,4807404.0
-0.06530389234003615,-1.0,0.0,-1.0,-0.07115832745588709,0.5898693441462315,-0.20458100357778533,-1.0,-1.0,0.0,0.0,0.0,1.0,0.0,1.0,0.0,0.0,0.0,1.0,0.0,0.0,0.0,0.0,0.0,0.0,1.0,1.0,0.0,1.0,0.0,2021.0,3991879.0
0.8573600503616776,0.0,-1.0,-1.0,0.6531786785528678,0.5727746669241164,1.1979827762895308,0.0,0.0,0.0,0.0,1.0,0.0,0.0,1.0,0.0,0.0,0.0,0.0,1.0,0.0,0.0,1.0,0.0,0.0,0.0,1.0,0.0,1.0,0.0,1272.1,4983070.0
0.4327065838391279,0.0,-1.0,-1.0,0.3791728629932588,0.11255712170946768,0.7158986713651319,0.0,0.0,0.0,0.0,1.0,0.0,0.0,0.0,1.0,0.0,0.0,1.0,0.0,0.0,0.0,0.0,0.0,0.0,1.0,1.0,0.0,1.0,0.0,1962.1,5932213.0
-0.30960553978453736,1.0,-1.0,1.0,-0.3900883833181616,-0.9426787668147005,-0.126804624152748,0.0,1.0,0.0,1.0,0.0,0.0,0.0,1.0,0.0,0.0,1.0,0.0,0.0,0.0,0.0,0.0,0.0,0.0,1.0,1.0,0.0,1.0,0.0,1888.7,2759391.0
-0.7425259231984415,-1.0,-1.0,1.0,-1.423155741369858,-0.8780073373238079,-0.6182736736124844,-1.0,-1.0,0.0,1.0,0.0,0.0,0.0,1.0,0.0,0.0,0.0,1.0,0.0,0.0,0.0,0.0,0.0,1.0,0.0,1.0,0.0,1.0,0.0,2853.8,1569019.0
-0.04729721704220153,0.0,-1.0,0.0,-0.051054835355385915,-0.40764626375748225,0.17097858722424983,0.0,0.0,0.0,1.0,0.0,0.0,0.0,1.0,0.0,0.0,0.0,1.0,0.0,0.0,0.0,0.0,0.0,0.0,1.0,1.0,0.0,1.0,0.0,1899.1,3823078.0
-0.280148709482011,-1.0,-1.0,-1.0,-0.34613532581265993,0.12419385981849769,-0.09336401718775277,-1.0,-1.0,0.0,0.0,0.0,1.0,0.0,0.0,1.0,0.0,0.0,0.0,1.0,0.0,0.0,0.0,0.0,0.0,1.0,1.0,0.0,1.0,0.0,2162.6,3293640.0
-0.28722785095794073,0.0,1.0,-1.0,-0.35653279913179753,-0.6676707215035079,-0.5081084482479639,0.0,0.0,1.0,0.0,0.0,0.0,0.0,1.0,0.0,0.0,0.0,1.0,0.0,0.0,0.0,0.0,0.0,0.0,1.0,1.0,0.0,1.0,0.0,2295.9,3462447.0
-0.5104346070245036,0.0,0.0,-1.0,-0.7512300231986517,-0.909570702194761,-0.5414681505186889,0.0,0.0,0.0,0.0,0.0,1.0,1.0,0.0,0.0,0.0,1.0,0.0,0.0,0.0,0.0,0.0,0.0,1.0,0.0,1.0,0.0,1.0,0.0,2860.2,2969746.0
-0.00952595883170397,0.0,-1.0,-1.0,-0.01008658411422637,-0.3667117204093456,0.2138580751874292,0.0,0.0,0.0,0.0,0.0,1.0,1.0,0.0,0.0,0.0,0.0,1.0,0.0,0.0,0.0,0.0,1.0,0.0,0.0,1.0,0.0,1.0,0.0,4248.0,8889365.0
-0.07893955410910887,-1.0,2.0,0.0,-0.08664002680656002,0.5603140889489604,-0.4948670466190826,-1.0,1.0,1.0,0.0,0.0,0.0,0.0,1.0,0.0,0.0,0.0,0.0,1.0,0.0,0.0,0.0,1.0,0.0,0.0,1.0,0.0,0.0,1.0,4983.3,10149993.0
-0.3921796866648452,-1.0,-1.0,-1.0,-0.5240219457011541,-0.11863294072214718,-0.22054619658042815,-1.0,-1.0,0.0,0.0,0.0,1.0,0.0,1.0,0.0,0.0,0.0,0.0,0.0,1.0,0.0,0.0,1.0,0.0,0.0,1.0,0.0,1.0,0.0,4345.2,5593141.0
-0.542029433074794,-1.0,1.0,0.0,-0.8212069826676391,-0.44343180794233134,-0.6527390733715681,-1.0,-1.0,0.0,0.0,0.0,1.0,0.0,1.0,0.0,0.0,0.0,1.0,0.0,0.0,0.0,0.0,0.0,0.0,1.0,1.0,0.0,1.0,0.0,1910.0,1856138.0
0.4241546008480718,0.0,0.0,-1.0,0.3728556771966404,0.10328892321554993,0.16585462325380712,0.0,1.5,0.0,0.0,1.0,0.0,0.0,0.0,0.0,1.0,0.0,1.0,0.0,0.0,0.0,0.0,0.0,1.0,0.0,0.0,1.0,1.0,0.0,3518.6,10574800.0
-0.771602665368032,-1.0,-2.0,-1.0,-1.547801506935869,-0.9410310870824484,-0.3877492314054043,-1.0,-1.0,0.0,1.0,0.0,0.0,1.0,0.0,0.0,0.0,0.0,0.0,1.0,0.0,0.0,0.0,0.0,0.0,1.0,1.0,0.0,1.0,0.0,2212.9,1081223.0
-0.2189070090627262,-1.0,2.0,-1.0,-0.2602116900778346,0.256935058248053,-0.5584257744377122,-1.0,-1.0,0.0,0.0,0.0,1.0,0.0,1.0,0.0,0.0,0.0,0.0,0.0,1.0,0.0,0.0,0.0,0.0,1.0,1.0,0.0,1.0,0.0,2060.1,3403079.0
2.2051050587354943,1.0,-1.0,-1.0,1.2295481549725915,0.8741970779429744,2.727998417863756,0.0,1.0,1.0,0.0,0.0,0.0,0.0,0.0,1.0,0.0,0.0,1.0,0.0,0.0,0.0,0.0,0.0,0.0,1.0,1.0,0.0,1.0,0.0,2312.9,15621095.0
-0.11913387416707227,-1.0,0.0,-1.0,-0.13363982062537066,0.47319302310613376,-0.24532101184804295,-1.0,-1.0,0.0,1.0,0.0,0.0,0.0,1.0,0.0,0.0,0.0,1.0,0.0,0.0,0.0,0.0,0.0,0.0,1.0,1.0,0.0,1.0,0.0,2209.5,4113868.0
0.46677198275350107,0.0,-1.0,0.0,0.40396859324243944,0.14947544571023993,0.7545711152262634,0.0,0.0,0.0,0.0,0.0,1.0,0.0,1.0,0.0,0.0,0.0,0.0,0.0,0.0,1.0,1.0,0.0,0.0,0.0,1.0,0.0,1.0,0.0,1300.3,4024559.0
-0.01969331638773732,-1.0,0.0,-1.0,-0.020959448211519797,0.6887301280813539,-0.17006166735585476,-1.0,-1.0,0.0,0.0,0.0,1.0,1.0,0.0,0.0,0.0,0.0,0.0,0.0,0.0,1.0,0.0,0.0,0.0,1.0,1.0,0.0,1.0,0.0,1942.0,4022270.0
-0.05865235001365922,0.0,-1.0,0.0,-0.06368768224990921,-0.41995237175773964,0.1580877726038727,0.0,0.0,0.0,0.0,0.0,1.0,0.0,0.0,1.0,0.0,0.0,1.0,0.0,0.0,0.0,0.0,0.0,0.0,1.0,1.0,0.0,1.0,0.0,1833.3,3646800.0
-0.37697616134741224,-1.0,0.0,-1.0,-0.49805491103336214,-0.08567934607710631,-0.4404631344276441,-1.0,-1.0,0.0,0.0,0.0,1.0,1.0,0.0,0.0,0.0,0.0,0.0,0.0,1.0,0.0,1.0,0.0,0.0,0.0,1.0,0.0,1.0,0.0,1378.3,1818253.0
-0.4809302657053602,0.0,-1.0,-1.0,-0.6898138939233284,-0.8775954173907448,-0.32129950917818795,0.0,0.0,1.0,0.0,0.0,0.0,0.0,1.0,0.0,0.0,0.0,1.0,0.0,0.0,0.0,0.0,0.0,0.0,1.0,1.0,0.0,1.0,0.0,2403.7,2645031.0
-0.7751184805976884,-1.0,0.0,-1.0,-1.5639186477741682,-0.9486516058441141,-0.7417881735315797,-1.0,-1.0,0.0,0.0,0.0,1.0,1.0,0.0,0.0,0.0,0.0,1.0,0.0,0.0,0.0,0.0,0.0,0.0,1.0,1.0,0.0,1.0,0.0,2098.1,1009606.0
-0.47565654286087566,0.0,-2.0,0.0,-0.6792019878016682,-0.8718800283194955,0.2841912227396128,0.0,2.0,1.0,0.0,0.0,0.0,0.0,1.0,0.0,0.0,1.0,0.0,0.0,0.0,0.0,0.0,1.0,0.0,0.0,1.0,0.0,0.0,1.0,4790.2,5774307.0
0.008005606299960976,-1.0,-2.0,-1.0,0.008403036681631998,0.7487674583252879,1.3823376062997788,-1.0,-1.0,0.0,0.0,0.0,1.0,1.0,0.0,0.0,0.0,0.0,0.0,0.0,0.0,1.0,0.0,0.0,1.0,0.0,1.0,0.0,1.0,0.0,2928.8,6236880.0
0.008670760532598711,-1.0,1.0,-1.0,0.009098218859652065,0.7502091780910085,-0.34015030294313287,-1.0,-1.0,0.0,0.0,0.0,1.0,0.0,1.0,0.0,0.0,0.0,1.0,0.0,0.0,0.0,0.0,0.0,0.0,1.0,1.0,0.0,1.0,0.0,2041.7,4350659.0
-0.1657421814683278,0.0,-1.0,-1.0,-0.19088887522212308,-0.536010812898243,0.03651498534726095,0.0,0.0,1.0,0.0,0.0,0.0,0.0,1.0,0.0,0.0,0.0,1.0,0.0,0.0,0.0,1.0,0.0,0.0,0.0,1.0,0.0,1.0,0.0,1711.1,3018038.0
-0.3050444821893075,1.0,-1.0,-1.0,-0.38316215716285273,-0.9393834073501963,-0.12162672371945847,0.0,1.0,0.0,1.0,0.0,0.0,1.0,0.0,0.0,0.0,0.0,1.0,0.0,0.0,0.0,0.0,0.0,0.0,1.0,1.0,0.0,1.0,0.0,2174.6,3197967.0
0.07732417954413201,0.0,2.0,0.0,0.07850103679688093,-0.2725880157044475,-0.4239082360978766,0.0,1.5,0.0,0.0,0.0,1.0,1.0,0.0,0.0,0.0,0.0,1.0,0.0,0.0,0.0,0.0,0.0,0.0,1.0,0.0,1.0,1.0,0.0,1857.0,4225418.0
0.20759938710788575,0.0,2.0,-1.0,0.19886118777484857,-0.13140245864710062,-0.36475072364754313,0.0,0.0,0.0,1.0,0.0,0.0,0.0,0.0,1.0,0.0,0.0,0.0,1.0,0.0,0.0,0.0,0.0,1.0,0.0,1.0,0.0,1.0,0.0,3357.8,8561047.0
0.8263828675274081,0.0,-1.0,0.0,0.6354206609649579,0.5392031923794811,1.1628162025134392,0.0,1.5,0.0,0.0,0.0,1.0,0.0,0.0,1.0,0.0,0.0,1.0,0.0,0.0,0.0,0.0,0.0,1.0,0.0,0.0,1.0,1.0,0.0,2984.7,11497064.0
1.4474468767445452,1.0,-1.0,0.0,0.9445647475765953,0.3267898135633219,1.8678736448463706,0.0,2.5,0.0,0.0,0.0,1.0,0.0,0.0,0.0,1.0,0.0,1.0,0.0,0.0,0.0,0.0,0.0,0.0,1.0,0.0,1.0,1.0,0.0,2190.9,11303291.0
-0.008243161383045434,0.0,0.0,0.0,-0.008722676518096932,-0.36532149063525776,-0.16139587565847419,0.0,0.0,0.0,0.0,0.0,1.0,0.0,1.0,0.0,0.0,0.0,1.0,0.0,0.0,0.0,0.0,0.0,1.0,0.0,1.0,0.0,1.0,0.0,2664.8,5583555.0
0.16151370098941703,1.0,-1.0,-1.0,0.15782979504223005,-0.6022955954602992,0.4080293414357886,0.0,1.0,0.0,0.0,0.0,1.0,0.0,0.0,1.0,0.0,0.0,0.0,0.0,1.0,0.0,1.0,0.0,0.0,0.0,1.0,0.0,1.0,0.0,1573.6,3859411.0
0.5028328443657875,0.0,0.0,0.0,0.4295987857847492,0.18855634935959315,0.22540047823663725,0.0,0.0,0.0,0.0,0.0,1.0,0.0,0.0,1.0,0.0,0.0,0.0,0.0,0.0,1.0,1.0,0.0,0.0,0.0,1.0,0.0,1.0,0.0,1324.0,4198404.0
-0.7463743155444167,-1.0,-1.0,-1.0,-1.4388340408747398,-0.8863487159683338,-0.6226425271030724,-1.0,-1.0,1.0,0.0,0.0,0.0,0.0,0.0,1.0,0.0,0.0,1.0,0.0,0.0,0.0,1.0,0.0,0.0,0.0,1.0,0.0,1.0,0.0,1935.4,1048406.0
-0.054471380551365176,0.0,-1.0,0.0,-0.05901869865554236,-0.41542125249404654,0.16283418133438812,0.0,0.0,1.0,0.0,0.0,0.0,0.0,0.0,0.0,1.0,0.0,0.0,1.0,0.0,0.0,0.0,0.0,0.0,1.0,1.0,0.0,1.0,0.0,2430.5,4856139.0
1.0023161620600778,0.0,0.0,0.0,0.7325321602498083,0.7298706313960224,0.6034231675086749,0.0,1.5,1.0,0.0,0.0,0.0,0.0,1.0,0.0,0.0,0.0,1.0,0.0,0.0,0.0,0.0,0.0,0.0,1.0,0.0,1.0,1.0,0.0,2480.0,10471304.0
2.2029195519711133,1.0,0.0,-1.0,1.2288272440425858,0.8726180515329001,1.5120727782672014,0.0,3.0,0.0,0.0,1.0,0.0,0.0,0.0,1.0,0.0,0.0,1.0,0.0,0.0,0.0,1.0,0.0,0.0,0.0,1.0,0.0,0.0,1.0,1410.1,9967188.0
-0.6533952560249906,-1.0,0.0,0.0,-1.1129632905137912,-0.6848168887172557,-0.6496646949893026,-1.0,-1.0,0.0,0.0,0.0,1.0,0.0,1.0,0.0,0.0,0.0,0.0,0.0,0.0,1.0,1.0,0.0,0.0,0.0,1.0,0.0,1.0,0.0,1339.7,987895.0
0.4114216483947216,0.0,-2.0,0.0,0.3633796616409573,0.08948960545793898,2.2982866183635675,0.0,0.0,0.0,0.0,0.0,1.0,0.0,1.0,0.0,0.0,0.0,0.0,1.0,0.0,0.0,0.0,0.0,1.0,0.0,1.0,0.0,1.0,0.0,2584.6,7698490.0
-0.7800596263258541,-1.0,0.0,-1.0,-1.5869928636425588,-0.9593615241037525,-0.7455277682889554,-1.0,-1.0,0.0,0.0,0.0,1.0,1.0,0.0,0.0,0.0,0.0,0.0,1.0,0.0,0.0,0.0,0.0,1.0,0.0,1.0,0.0,1.0,0.0,3118.5,1468190.0
-0.533524961100355,0.0,-1.0,-1.0,-0.8019113537407216,-0.9345948381283389,-0.3810071735495585,0.0,0.0,0.0,0.0,0.0,1.0,0.0,1.0,0.0,0.0,0.0,0.0,1.0,0.0,0.0,0.0,0.0,0.0,1.0,1.0,0.0,1.0,0.0,1955.8,1935655.0
-0.5288688814718912,-1.0,-1.0,0.0,-0.7914944301059902,-0.4149063525777178,-0.3757214001905754,-1.0,-1.0,0.0,0.0,0.0,1.0,0.0,0.0,1.0,0.0,0.0,0.0,1.0,0.0,0.0,0.0,1.0,0.0,0.0,1.0,0.0,1.0,0.0,4604.4,4602098.0
0.21681652433157955,0.0,0.0,-1.0,0.20687995741919923,-0.12141340027032255,0.008935474011614408,0.0,0.0,0.0,0.0,0.0,1.0,0.0,0.0,0.0,1.0,0.0,0.0,0.0,1.0,0.0,0.0,1.0,0.0,0.0,1.0,0.0,1.0,0.0,4890.2,12562924.0
0.17372403225998054,0.0,0.0,0.0,0.16885684959066535,-0.1681148226813413,-0.023678107189730423,0.0,1.5,0.0,0.0,0.0,1.0,1.0,0.0,0.0,0.0,1.0,0.0,0.0,0.0,0.0,0.0,0.0,0.0,1.0,0.0,1.0,1.0,0.0,1965.9,4872090.0
-0.35141523440747807,0.0,-2.0,-1.0,-0.4557846469526921,-0.7372337001995238,0.5662789234282015,0.0,0.0,0.0,1.0,0.0,0.0,1.0,0.0,0.0,0.0,0.0,1.0,0.0,0.0,0.0,0.0,0.0,0.0,1.0,1.0,0.0,1.0,0.0,1997.1,2742018.0
-0.6830896414106018,-1.0,0.0,1.0,-1.2065569021635594,-0.7491793782583511,-0.6721382211754552,-1.0,-1.0,1.0,0.0,0.0,0.0,0.0,0.0,0.0,1.0,0.0,1.0,0.0,0.0,0.0,0.0,0.0,0.0,1.0,1.0,0.0,1.0,0.0,2454.7,1656677.0
0.029813162927153948,1.0,-1.0,0.0,0.030960440901631185,-0.6974490999978546,0.2585174664245519,0.0,1.0,1.0,0.0,0.0,0.0,0.0,0.0,0.0,1.0,0.0,0.0,0.0,1.0,0.0,0.0,0.0,0.0,1.0,1.0,0.0,1.0,0.0,2534.5,5513551.0
-0.12868358850708492,-1.0,-1.0,-1.0,-0.14512016301706285,0.4524940464697173,0.07858542636773883,-1.0,-1.0,0.0,0.0,1.0,0.0,1.0,0.0,0.0,0.0,0.0,0.0,0.0,0.0,1.0,0.0,0.0,1.0,0.0,1.0,0.0,1.0,0.0,2785.2,5129781.0
0.04534926536090569,0.0,-1.0,0.0,0.04674242014281215,-0.30724078007337335,0.2761546897754445,0.0,0.0,1.0,0.0,0.0,0.0,1.0,0.0,0.0,0.0,0.0,1.0,0.0,0.0,0.0,0.0,0.0,0.0,1.0,1.0,0.0,1.0,0.0,2004.4,4425916.0
-0.2668456248292571,-1.0,1.0,1.0,-0.3268685751308107,0.15302825513290844,-0.4965390769673324,-1.0,-1.0,1.0,0.0,0.0,0.0,1.0,0.0,0.0,0.0,0.0,0.0,0.0,1.0,0.0,1.0,0.0,0.0,0.0,1.0,0.0,1.0,0.0,1417.4,2198387.0
-0.30585216947179605,-1.0,-2.0,1.0,-0.3843853780793451,0.06848168887172555,0.6697290591682998,-1.0,-1.0,0.0,1.0,0.0,0.0,1.0,0.0,0.0,0.0,0.0,0.0,1.0,0.0,0.0,0.0,0.0,0.0,1.0,1.0,0.0,1.0,0.0,1645.8,2417516.0
1.7537504008742026,1.0,-2.0,0.0,1.0691512654765027,0.5480937976014243,5.346020387982955,0.0,3.0,0.0,1.0,0.0,0.0,1.0,0.0,0.0,0.0,0.0,1.0,0.0,0.0,0.0,0.0,0.0,1.0,0.0,1.0,0.0,0.0,1.0,2787.9,16630693.0
0.376025941015073,0.0,-2.0,0.0,0.3365830470116824,0.051129561691446085,2.2179212887218855,0.0,0.0,0.0,1.0,0.0,0.0,0.0,0.0,1.0,0.0,0.0,1.0,0.0,0.0,0.0,0.0,0.0,0.0,1.0,1.0,0.0,1.0,0.0,1974.4,5733855.0
-0.3259493295007779,-1.0,-1.0,0.0,-0.4152863799440113,0.024921155950311972,-0.14535876737203574,-1.0,-1.0,0.0,0.0,0.0,1.0,0.0,1.0,0.0,0.0,0.0,0.0,0.0,0.0,1.0,0.0,0.0,0.0,1.0,1.0,0.0,1.0,0.0,1904.6,2717102.0
-0.40781081113183104,-1.0,-1.0,0.0,-0.5514006669678766,-0.1525133552165799,-0.2382912928570144,-1.0,-1.0,0.0,1.0,0.0,0.0,0.0,1.0,0.0,0.0,0.0,1.0,0.0,0.0,0.0,1.0,0.0,0.0,0.0,1.0,0.0,1.0,0.0,1543.3,1935761.0
-0.663135014431471,-1.0,-1.0,1.0,-1.142759188702141,-0.705927785286735,-0.5281458441955376,-1.0,-1.0,0.0,0.0,0.0,1.0,0.0,0.0,1.0,0.0,0.0,1.0,0.0,0.0,0.0,0.0,0.0,1.0,0.0,1.0,0.0,1.0,0.0,2846.6,2040728.0
0.2110201803043083,1.0,2.0,-1.0,0.20184432113955939,-0.5665272146059943,-0.3631973535175562,0.0,1.0,1.0,0.0,0.0,0.0,0.0,1.0,0.0,0.0,0.0,1.0,0.0,0.0,0.0,0.0,1.0,0.0,0.0,1.0,0.0,1.0,0.0,5296.9,13543114.0
0.37407798933377695,0.0,0.0,-1.0,0.3350884496920626,0.0490184720344982,0.12795526869347906,0.0,0.0,0.0,0.0,0.0,1.0,0.0,1.0,0.0,0.0,0.0,0.0,0.0,0.0,1.0,0.0,0.0,0.0,1.0,1.0,0.0,1.0,0.0,1960.1,5684290.0
0.01831549690584513,0.0,0.0,0.0,0.019127376793199535,-0.3365385853124801,-0.14129555383757933,0.0,0.0,0.0,0.0,1.0,0.0,0.0,0.0,0.0,1.0,0.0,0.0,0.0,1.0,0.0,0.0,0.0,0.0,1.0,1.0,0.0,1.0,0.0,1857.2,3995209.0
-0.7858559703531255,-1.0,0.0,-1.0,-1.6147179698345717,-0.9719250820621742,-0.7499146006004925,-1.0,1.0,0.0,0.0,0.0,1.0,1.0,0.0,0.0,0.0,0.0,1.0,0.0,0.0,0.0,0.0,1.0,0.0,0.0,1.0,0.0,0.0,1.0,4673.6,2593313.0
0.9450653870366194,1.0,1.0,-1.0,0.701898384387791,-0.0361803007873679,0.19136657018032766,0.0,1.0,1.0,0.0,0.0,0.0,1.0,0.0,0.0,0.0,0.0,1.0,0.0,0.0,0.0,0.0,0.0,0.0,1.0,1.0,0.0,1.0,0.0,2340.8,9601493.0
0.031048449359195335,-1.0,1.0,0.0,0.03222392602988882,0.798712750209178,-0.3274482659427194,-1.0,-1.0,1.0,0.0,0.0,0.0,0.0,1.0,0.0,0.0,1.0,0.0,0.0,0.0,0.0,0.0,0.0,0.0,1.0,1.0,0.0,1.0,0.0,2229.9,4856722.0
1.1244194747657115,0.0,0.0,0.0,0.7950473063069218,0.8621999098925146,0.6958343071861348,0.0,0.0,1.0,0.0,0.0,0.0,0.0,1.0,0.0,0.0,0.0,0.0,0.0,0.0,1.0,0.0,0.0,0.0,1.0,1.0,0.0,1.0,0.0,2098.7,9400707.0
-0.3971683434096279,-1.0,-1.0,0.0,-0.5326831199938649,-0.1294458389650512,-0.22620952517933865,-1.0,-1.0,0.0,1.0,0.0,0.0,0.0,1.0,0.0,0.0,0.0,0.0,1.0,0.0,0.0,1.0,0.0,0.0,0.0,1.0,0.0,1.0,0.0,1463.1,1867940.0
0.9964247959995723,0.0,0.0,-1.0,0.7294204232449047,0.7234858724335455,0.598964419913342,0.0,0.0,0.0,1.0,0.0,0.0,0.0,0.0,1.0,0.0,0.0,0.0,0.0,0.0,1.0,1.0,0.0,0.0,0.0,1.0,0.0,1.0,0.0,1555.8,6549762.0
1.012483519616111,0.0,1.0,0.0,0.7378809882195535,0.7408894896054578,0.2296344905701084,0.0,0.0,0.0,0.0,0.0,1.0,0.0,0.0,1.0,0.0,0.0,0.0,0.0,0.0,1.0,0.0,0.0,1.0,0.0,1.0,0.0,1.0,0.0,2573.2,10919889.0
1.3442529486524688,1.0,-1.0,0.0,0.899056242262888,0.2522323056789168,1.750723647543194,0.0,1.0,0.0,0.0,1.0,0.0,0.0,0.0,1.0,0.0,0.0,1.0,0.0,0.0,0.0,0.0,0.0,0.0,1.0,1.0,0.0,1.0,0.0,1910.6,9442185.0
-0.4650615861552896,-1.0,0.0,-1.0,-0.658198914503425,-0.2766042350518119,-0.5071286025062476,-1.0,-1.0,0.0,1.0,0.0,0.0,0.0,1.0,0.0,0.0,0.0,1.0,0.0,0.0,0.0,0.0,0.0,0.0,1.0,1.0,0.0,1.0,0.0,2322.3,2633024.0
0.044446556045183064,-1.0,-1.0,1.0,0.04583183650548658,0.82775310549012,0.27512989698135587,-1.0,-1.0,0.0,0.0,0.0,1.0,0.0,0.0,1.0,0.0,0.0,1.0,0.0,0.0,0.0,0.0,0.0,1.0,0.0,1.0,0.0,1.0,0.0,2747.7,6061976.0
-0.5080115451770377,0.0,0.0,0.0,-0.7460496549447535,-0.9069447126214842,-0.5396343107818988,0.0,0.0,0.0,0.0,0.0,1.0,0.0,1.0,0.0,0.0,0.0,0.0,0.0,1.0,0.0,0.0,0.0,0.0,1.0,1.0,0.0,1.0,0.0,1756.1,1832315.0
0.05043294413892247,0.0,0.0,-1.0,0.05185586444590909,-0.30173135096865544,-0.11698818791463647,0.0,0.0,0.0,0.0,1.0,0.0,0.0,1.0,0.0,0.0,0.0,1.0,0.0,0.0,0.0,0.0,0.0,0.0,1.0,1.0,0.0,1.0,0.0,1892.5,4199079.0
-0.13685548336520517,-1.0,0.0,0.0,-0.1550440023937299,0.4347814893480078,-0.25873321227593893,-1.0,-1.0,0.0,1.0,0.0,0.0,0.0,1.0,0.0,0.0,0.0,0.0,0.0,0.0,1.0,1.0,0.0,0.0,0.0,1.0,0.0,1.0,0.0,1563.3,2852397.0
-0.1595182382915036,-1.0,-1.0,-1.0,-0.1830624456869891,0.38566003733024395,0.04358066198018743,-1.0,-1.0,0.0,0.0,0.0,1.0,0.0,0.0,0.0,1.0,0.0,0.0,0.0,1.0,0.0,0.0,0.0,0.0,1.0,1.0,0.0,1.0,0.0,2215.8,3937255.0
-0.5305317670534854,0.0,-1.0,1.0,-0.7952030001203798,-0.9313509686554677,-0.37760917639021224,0.0,0.0,0.0,0.0,0.0,1.0,0.0,1.0,0.0,0.0,0.0,0.0,0.0,0.0,1.0,0.0,0.0,1.0,0.0,1.0,0.0,1.0,0.0,2480.2,2470279.0
-0.047534772125286416,0.0,0.0,0.0,-0.05131758229925106,-0.40790371371564665,-0.1911328455079915,0.0,0.0,0.0,0.0,1.0,0.0,0.0,0.0,1.0,0.0,0.0,1.0,0.0,0.0,0.0,0.0,0.0,0.0,1.0,1.0,0.0,1.0,0.0,1783.4,3589271.0
-0.6369564442755162,-1.0,-1.0,-1.0,-1.064501735280767,-0.6491858145073053,-0.4984268531669692,-1.0,-1.0,0.0,0.0,0.0,1.0,0.0,1.0,0.0,0.0,0.0,0.0,0.0,0.0,1.0,0.0,0.0,1.0,0.0,1.0,0.0,1.0,0.0,3273.2,2526910.0
-0.16265396538822424,-1.0,1.0,-1.0,-0.1869982975574754,0.3788633584347041,-0.4373977454558529,-1.0,-1.0,0.0,0.0,0.0,1.0,0.0,0.0,1.0,0.0,0.0,0.0,0.0,1.0,0.0,0.0,0.0,0.0,1.0,1.0,0.0,1.0,0.0,2199.8,3894306.0
-0.03836514591820957,-1.0,1.0,0.0,-0.04122259355140689,0.6482589946579134,-0.3668488520522823,-1.0,-1.0,0.0,0.0,0.0,1.0,0.0,1.0,0.0,0.0,0.0,1.0,0.0,0.0,0.0,1.0,0.0,0.0,0.0,1.0,0.0,1.0,0.0,1312.8,2667478.0
-0.3030490194913944,-1.0,-1.0,1.0,-0.3801461297339215,0.07455750788440482,-0.11936139227989424,-1.0,-1.0,1.0,0.0,0.0,0.0,0.0,0.0,1.0,0.0,0.0,0.0,0.0,0.0,1.0,0.0,0.0,0.0,1.0,1.0,0.0,1.0,0.0,2304.3,3398382.0
-0.37488567661626526,-1.0,0.0,-1.0,-0.4945337570092713,-0.08114822681341333,-0.438880998184139,-1.0,-1.0,0.0,0.0,0.0,1.0,0.0,1.0,0.0,0.0,0.0,0.0,0.0,0.0,1.0,0.0,1.0,0.0,0.0,1.0,0.0,1.0,0.0,4787.3,6336470.0
-0.1771923364730195,-1.0,0.0,1.0,-0.20544007137674516,0.34735148355538387,-0.2892612502472087,-1.0,-1.0,0.0,0.0,1.0,0.0,0.0,0.0,1.0,0.0,0.0,0.0,0.0,1.0,0.0,0.0,0.0,1.0,0.0,1.0,0.0,1.0,0.0,2433.7,4233908.0
-0.689313584587426,-1.0,-1.0,-1.0,-1.2272691234290363,-0.7626697560661648,-0.5578648352241059,-1.0,-1.0,0.0,0.0,0.0,1.0,0.0,1.0,0.0,0.0,0.0,1.0,0.0,0.0,0.0,0.0,0.0,1.0,0.0,1.0,0.0,1.0,0.0,3128.5,2070441.0
-0.3444786259813993,-1.0,-1.0,0.0,-0.4445989339220235,-0.01524103752333159,-0.16639398788227466,-1.0,-1.0,0.0,1.0,0.0,0.0,1.0,0.0,0.0,0.0,0.0,1.0,0.0,0.0,0.0,0.0,0.0,1.0,0.0,1.0,0.0,1.0,0.0,2948.7,4091616.0
-0.4830207504365073,-1.0,0.0,-1.0,-0.6940500438534425,-0.31553066872626645,-0.5207205911436327,-1.0,-1.0,0.0,0.0,1.0,0.0,1.0,0.0,0.0,0.0,0.0,0.0,0.0,0.0,1.0,1.0,0.0,0.0,0.0,1.0,0.0,1.0,0.0,1400.8,1535277.0
0.815835421838439,0.0,0.0,-1.0,0.6293055701320768,0.5277724142369827,0.4622894230596359,0.0,0.0,1.0,0.0,0.0,0.0,0.0,0.0,1.0,0.0,0.0,0.0,1.0,0.0,0.0,0.0,0.0,0.0,1.0,1.0,0.0,1.0,0.0,2354.5,9017264.0
-0.7423833901485906,-1.0,-1.0,-1.0,-1.4225795007564526,-0.8776983973740105,-0.6181118642239442,-1.0,-1.0,0.0,1.0,0.0,0.0,0.0,1.0,0.0,0.0,0.0,0.0,0.0,0.0,1.0,0.0,0.0,1.0,0.0,1.0,0.0,1.0,0.0,3409.1,1875346.0
0.5699659108455776,0.0,-2.0,-1.0,0.4757205177574869,0.2613117075368475,2.6582585714028872,0.0,0.0,0.0,0.0,0.0,1.0,0.0,0.0,1.0,0.0,0.0,0.0,0.0,0.0,1.0,0.0,0.0,0.0,1.0,1.0,0.0,1.0,0.0,1929.3,6390420.0
-0.249741658847145,0.0,0.0,0.0,-0.30260154305668857,-0.6270451181051684,-0.344168569425217,0.0,1.5,1.0,0.0,0.0,0.0,0.0,0.0,1.0,0.0,0.0,0.0,0.0,1.0,0.0,0.0,0.0,0.0,1.0,0.0,1.0,1.0,0.0,2752.9,4368852.0
1.268520388165006,0.0,-1.0,1.0,0.8643673104783378,1.0183690545150288,1.6647489257654484,0.0,0.0,0.0,0.0,0.0,1.0,0.0,1.0,0.0,0.0,0.0,0.0,0.0,1.0,0.0,0.0,0.0,0.0,1.0,1.0,0.0,1.0,0.0,1543.3,7380987.0
1.3100450166882447,1.0,-1.0,0.0,0.8835281173345017,0.22751710969513617,1.711889394293522,0.0,1.0,0.0,0.0,0.0,1.0,1.0,0.0,0.0,0.0,0.0,0.0,0.0,0.0,1.0,0.0,0.0,0.0,1.0,1.0,0.0,1.0,0.0,1761.9,8580453.0
1.2663348814006248,0.0,-2.0,-1.0,0.8633491724545379,1.0160005148999163,4.2393520432930005,0.0,0.0,0.0,0.0,0.0,1.0,0.0,1.0,0.0,0.0,0.0,0.0,0.0,1.0,0.0,0.0,0.0,0.0,1.0,1.0,0.0,1.0,0.0,1843.0,8805854.0
-0.6960126379304199,-1.0,-1.0,-1.0,-1.2500249352074775,-0.7771899337066358,-0.5654698764855,-1.0,-1.0,0.0,1.0,0.0,0.0,0.0,1.0,0.0,0.0,0.0,1.0,0.0,0.0,0.0,0.0,0.0,1.0,0.0,1.0,0.0,1.0,0.0,3270.7,2118432.0
0.09262272689479886,-1.0,-2.0,1.0,0.0933654734143301,0.9321748085215934,1.574459286959961,-1.0,-1.0,1.0,0.0,0.0,0.0,0.0,1.0,0.0,0.0,0.0,0.0,0.0,0.0,1.0,0.0,0.0,0.0,1.0,1.0,0.0,1.0,0.0,1960.3,4523588.0
-0.7277024860139443,-1.0,-1.0,-1.0,-1.3648466884463166,-0.845877582544893,-0.6014454972042932,-1.0,-1.0,1.0,0.0,0.0,0.0,0.0,1.0,0.0,0.0,0.0,1.0,0.0,0.0,0.0,0.0,0.0,0.0,1.0,1.0,0.0,1.0,0.0,2414.6,1402883.0
0.9776579444358661,0.0,-2.0,0.0,0.7194465948441848,0.7031473257385593,3.583916146779093,0.0,0.0,0.0,0.0,1.0,0.0,0.0,0.0,1.0,0.0,0.0,0.0,0.0,0.0,1.0,0.0,0.0,0.0,1.0,1.0,0.0,1.0,0.0,1747.7,7288608.0
0.8432967894430522,0.0,-1.0,1.0,0.6451536696949928,0.5575336294007851,1.182017583286888,0.0,0.0,0.0,0.0,0.0,1.0,1.0,0.0,0.0,0.0,0.0,0.0,0.0,0.0,1.0,1.0,0.0,0.0,0.0,1.0,0.0,1.0,0.0,1106.2,4300463.0
-0.21999976244491679,1.0,-1.0,0.0,-0.2616852858835793,-0.8779386840016306,-0.025080455223746426,0.0,1.0,0.0,1.0,0.0,0.0,0.0,0.0,1.0,0.0,0.0,0.0,0.0,1.0,0.0,0.0,0.0,0.0,1.0,1.0,0.0,1.0,0.0,2241.5,3697578.0
1.0998087681581168,0.0,0.0,0.0,0.7827406456239325,0.8355280942266846,0.6772082486830513,0.0,1.5,0.0,0.0,0.0,1.0,1.0,0.0,0.0,0.0,0.0,1.0,0.0,0.0,0.0,0.0,0.0,0.0,1.0,0.0,1.0,1.0,0.0,1836.3,8130218.0
0.4437291396942667,0.0,1.0,0.0,0.38725978243851844,0.1245027997682949,-0.0932022077992125,0.0,0.0,1.0,0.0,0.0,0.0,0.0,0.0,0.0,1.0,0.0,1.0,0.0,0.0,0.0,0.0,0.0,1.0,0.0,1.0,0.0,1.0,0.0,3452.6,10518691.0
0.7101709208822797,1.0,0.0,0.0,0.566011537895393,-0.20589131320932832,0.38231962747882997,0.0,3.0,0.0,1.0,0.0,0.0,0.0,0.0,0.0,1.0,0.0,1.0,0.0,0.0,0.0,0.0,0.0,0.0,1.0,1.0,0.0,0.0,1.0,2217.3,8448688.0
-0.1556223349289115,-1.0,0.0,0.0,-0.17819275131697498,0.3941043959580355,-0.2729364808255874,-1.0,-1.0,1.0,0.0,0.0,0.0,0.0,0.0,1.0,0.0,0.0,1.0,0.0,0.0,0.0,0.0,0.0,0.0,1.0,1.0,0.0,1.0,0.0,2432.0,4341363.0
2.3755508308575453e-05,0.0,0.0,0.0,2.5034084653526798e-05,-0.3563622320911375,-0.15513924596824943,0.0,0.0,0.0,0.0,0.0,1.0,0.0,1.0,0.0,0.0,0.0,0.0,1.0,0.0,0.0,0.0,0.0,0.0,1.0,1.0,0.0,1.0,0.0,1855.7,3920537.0
0.7074627929351119,0.0,-1.0,-1.0,0.564338529155972,0.4103237433223915,1.0278132360079824,0.0,0.0,0.0,1.0,0.0,0.0,1.0,0.0,0.0,0.0,0.0,0.0,0.0,1.0,0.0,0.0,0.0,1.0,0.0,1.0,0.0,1.0,0.0,2852.9,10275290.0
-0.4908125571616917,-1.0,-2.0,-1.0,-0.7099904261582354,-0.33241938598184995,0.24977975944337563,-1.0,-1.0,0.0,0.0,0.0,1.0,0.0,0.0,0.0,1.0,0.0,0.0,1.0,0.0,0.0,0.0,0.0,0.0,1.0,1.0,0.0,1.0,0.0,2322.7,2507587.0
0.4555593828318943,0.0,0.0,0.0,0.3958710683068463,0.13732380768488114,0.1896226245482822,0.0,0.0,0.0,0.0,1.0,0.0,0.0,1.0,0.0,0.0,0.0,1.0,0.0,0.0,0.0,0.0,0.0,0.0,1.0,1.0,0.0,1.0,0.0,1601.5,4919007.0
-0.20973738285564944,-1.0,0.0,0.0,-0.2479264893443276,0.27681019501834325,-0.313892234947232,-1.0,-1.0,0.0,0.0,1.0,0.0,0.0,1.0,0.0,0.0,0.0,1.0,0.0,0.0,0.0,0.0,0.0,0.0,1.0,1.0,0.0,1.0,0.0,1804.6,3015848.0
0.01978833842097162,0.0,-1.0,-1.0,0.020650591991589497,-0.33494239557186073,0.24713687276388427,0.0,1.5,0.0,0.0,0.0,1.0,1.0,0.0,0.0,0.0,0.0,0.0,0.0,1.0,0.0,0.0,0.0,0.0,1.0,0.0,1.0,1.0,0.0,2258.6,4865702.0
1.1251796510315828,0.0,-1.0,0.0,0.7954251656259677,0.8630237497586404,1.5020226173567535,0.0,0.0,0.0,0.0,0.0,1.0,0.0,0.0,1.0,0.0,0.0,1.0,0.0,0.0,0.0,1.0,0.0,0.0,0.0,1.0,0.0,1.0,0.0,1300.7,5828307.0
-0.4934256630756255,-1.0,1.0,-1.0,-0.7153905048904847,-0.33808328506146634,-0.6251505726254472,-1.0,-1.0,1.0,0.0,0.0,0.0,0.0,1.0,0.0,0.0,0.0,0.0,1.0,0.0,0.0,1.0,0.0,0.0,0.0,1.0,0.0,1.0,0.0,1858.2,1995893.0
0.0892969557316104,0.0,-1.0,-1.0,0.09015178779746556,-0.25961253781296273,0.3260459179087035,0.0,1.5,0.0,0.0,1.0,0.0,0.0,1.0,0.0,0.0,0.0,0.0,1.0,0.0,0.0,1.0,0.0,0.0,0.0,0.0,1.0,1.0,0.0,1541.6,3546605.0
1.1765390599945365,0.0,-1.0,0.0,0.8206467739802048,0.9186844307137799,1.5603279336941083,0.0,0.0,1.0,0.0,0.0,0.0,0.0,0.0,1.0,0.0,0.0,1.0,0.0,0.0,0.0,1.0,0.0,0.0,0.0,1.0,0.0,1.0,0.0,1593.5,7312572.0
0.4148424415911442,0.0,-1.0,1.0,0.3659338041367169,0.09319688485550622,0.6956185613347478,0.0,0.0,0.0,0.0,1.0,0.0,1.0,0.0,0.0,0.0,0.0,1.0,0.0,0.0,0.0,0.0,0.0,0.0,1.0,1.0,0.0,1.0,0.0,1501.2,4482283.0
-0.47266334881400607,-1.0,-2.0,-1.0,-0.6732260162720886,-0.29308103237433236,0.29098721705830527,-1.0,-1.0,0.0,0.0,0.0,1.0,0.0,0.0,1.0,0.0,0.0,0.0,1.0,0.0,0.0,0.0,0.0,0.0,1.0,1.0,0.0,1.0,0.0,2178.8,2435463.0
-0.656911071254647,-1.0,0.0,0.0,-1.1236223807171695,-0.6924374074789214,-0.6523255604897429,-1.0,-1.0,0.0,0.0,0.0,1.0,0.0,1.0,0.0,0.0,0.0,0.0,1.0,0.0,0.0,0.0,1.0,0.0,0.0,1.0,0.0,1.0,0.0,4271.0,3117830.0
0.03280635697402344,-1.0,-1.0,-1.0,0.03401936570826745,0.8025230095900107,0.2619154635838981,-1.0,1.0,0.0,0.0,0.0,1.0,0.0,1.0,0.0,0.0,0.0,0.0,0.0,1.0,0.0,0.0,1.0,0.0,0.0,1.0,0.0,0.0,1.0,4781.4,10881580.0
1.1542088821845566,0.0,0.0,0.0,0.8097546389706978,0.894484134646328,0.7183797486560831,0.0,1.5,0.0,0.0,0.0,1.0,1.0,0.0,0.0,0.0,0.0,1.0,0.0,0.0,0.0,1.0,0.0,0.0,0.0,0.0,1.0,1.0,0.0,1379.1,6263872.0
0.4508082811701965,0.0,-1.0,-1.0,0.3924211357963364,0.13217480852159352,0.7364484637097499,0.0,0.0,0.0,0.0,1.0,0.0,0.0,0.0,1.0,0.0,0.0,1.0,0.0,0.0,0.0,0.0,0.0,1.0,0.0,1.0,0.0,1.0,0.0,2903.1,8887841.0
1.2435771044410926,0.0,-2.0,-1.0,0.852688640309706,0.9913368089077687,4.187680911885798,0.0,1.5,0.0,0.0,1.0,0.0,0.0,0.0,1.0,0.0,0.0,1.0,0.0,0.0,0.0,0.0,0.0,0.0,1.0,0.0,1.0,1.0,0.0,2114.0,9999431.0
-0.6780534736492022,-1.0,-1.0,-1.0,-1.190089132817021,-0.7382635000321813,-0.5450818935294223,-1.0,-1.0,0.0,0.0,0.0,1.0,1.0,0.0,0.0,0.0,0.0,1.0,0.0,0.0,0.0,0.0,0.0,1.0,0.0,1.0,0.0,1.0,0.0,2977.0,2040734.0
-0.5923911106887908,-1.0,1.0,-1.0,-0.9432993706024421,-0.5525905902040292,-0.6813253986803544,-1.0,-1.0,1.0,0.0,0.0,0.0,0.0,0.0,1.0,0.0,0.0,0.0,0.0,0.0,1.0,1.0,0.0,0.0,0.0,1.0,0.0,1.0,0.0,1854.9,1605972.0
-0.6862728795239393,-1.0,-1.0,-1.0,-1.2170995233882427,-0.7560790371371565,-0.5544129016019128,-1.0,-1.0,0.0,1.0,0.0,0.0,0.0,0.0,1.0,0.0,0.0,0.0,0.0,1.0,0.0,0.0,1.0,0.0,0.0,1.0,0.0,1.0,0.0,5472.0,3656390.0
-0.0668717558883964,-1.0,0.0,1.0,-0.0729269725406359,0.5864710046984617,-0.20576760576041409,-1.0,-1.0,1.0,0.0,0.0,0.0,0.0,1.0,0.0,0.0,0.0,1.0,0.0,0.0,0.0,0.0,0.0,0.0,1.0,1.0,0.0,1.0,0.0,2054.1,4050480.0
-2.37555083083594e-05,-1.0,0.0,0.0,-2.5034084653526798e-05,0.7313638411533756,-0.15517520361014725,-1.0,-1.0,0.0,0.0,0.0,1.0,0.0,0.0,0.0,1.0,0.0,0.0,0.0,1.0,0.0,0.0,1.0,0.0,0.0,1.0,0.0,1.0,0.0,4738.7,10010978.0
0.026867479896901178,0.0,0.0,-1.0,0.027941413255105005,-0.32727038681856235,-0.13482317829596735,0.0,0.0,0.0,0.0,0.0,1.0,1.0,0.0,0.0,0.0,0.0,1.0,0.0,0.0,0.0,0.0,0.0,0.0,1.0,1.0,0.0,1.0,0.0,1927.8,4181784.0
0.11903885213383862,-1.0,-1.0,1.0,0.11855052685792612,0.9894316792173519,0.3598101436507793,-1.0,-1.0,1.0,0.0,0.0,0.0,0.0,0.0,1.0,0.0,0.0,0.0,0.0,0.0,1.0,1.0,0.0,0.0,0.0,1.0,0.0,1.0,0.0,1618.9,3825784.0
0.5588483329572046,0.0,0.0,0.0,0.4682200559227092,0.24926304949475442,0.2677945380341957,0.0,0.0,1.0,0.0,0.0,0.0,1.0,0.0,0.0,0.0,0.0,0.0,0.0,0.0,1.0,0.0,0.0,0.0,1.0,1.0,0.0,1.0,0.0,1886.9,6205825.0
1.7759380456343317,1.0,2.0,-1.0,1.0776308742952618,0.5641243483297933,0.34742633178116195,0.0,3.0,0.0,0.0,0.0,1.0,0.0,0.0,1.0,0.0,0.0,0.0,0.0,1.0,0.0,0.0,0.0,1.0,0.0,1.0,0.0,0.0,1.0,3181.5,19063684.0
1.266002304284306,0.0,-1.0,0.0,0.8631941525004538,1.0156400849584861,1.6618902932345696,0.0,0.0,0.0,1.0,0.0,0.0,1.0,0.0,0.0,0.0,0.0,1.0,0.0,0.0,0.0,0.0,0.0,0.0,1.0,1.0,0.0,1.0,0.0,1825.3,8720006.0
0.2959698780154649,0.0,-1.0,0.0,0.27335003301853295,-0.03563107420995058,0.5606695312921378,0.0,0.0,0.0,1.0,0.0,0.0,1.0,0.0,0.0,0.0,0.0,0.0,0.0,0.0,1.0,0.0,0.0,0.0,1.0,1.0,0.0,1.0,0.0,1805.2,4938305.0
1.0115808103003887,0.0,1.0,0.0,0.7374071843507379,0.7399111797644333,0.2291220941730642,0.0,0.0,0.0,1.0,0.0,0.0,0.0,1.0,0.0,0.0,0.0,1.0,0.0,0.0,0.0,0.0,0.0,1.0,0.0,1.0,0.0,1.0,0.0,2534.7,10751690.0
0.06691926690501376,0.0,-1.0,-1.0,0.06827075017483616,-0.28386432387204746,0.3006418439078765,0.0,0.0,0.0,1.0,0.0,0.0,0.0,1.0,0.0,0.0,0.0,0.0,0.0,0.0,1.0,0.0,0.0,0.0,1.0,1.0,0.0,1.0,0.0,2045.3,4609084.0
-0.33578410994049224,-1.0,0.0,-1.0,-0.43074342192965265,0.003604299414301345,-0.40928785890221303,-1.0,-1.0,1.0,0.0,0.0,0.0,0.0,1.0,0.0,0.0,0.0,1.0,0.0,0.0,0.0,0.0,1.0,0.0,0.0,1.0,0.0,1.0,0.0,5312.2,7468422.0
-0.7048971980377948,-1.0,1.0,-1.0,-1.2809797839688863,-0.7964471905773316,-0.745186170690926,-1.0,-1.0,0.0,0.0,0.0,1.0,1.0,0.0,0.0,0.0,0.0,0.0,0.0,1.0,0.0,1.0,0.0,0.0,0.0,1.0,0.0,1.0,0.0,1426.5,897268.0
-0.2241332208905938,0.0,-2.0,-1.0,-0.2672779567496221,-0.5992920126150479,0.8552704913611766,0.0,0.0,0.0,0.0,0.0,1.0,0.0,0.0,0.0,1.0,0.0,0.0,1.0,0.0,0.0,1.0,0.0,0.0,0.0,1.0,0.0,1.0,0.0,1593.4,2614610.0
-0.6668408737275954,-1.0,-2.0,0.0,-1.154320191229284,-0.7139602239814636,-0.14988943025116405,-1.0,-1.0,0.0,0.0,0.0,1.0,0.0,0.0,1.0,0.0,0.0,0.0,0.0,0.0,1.0,0.0,0.0,0.0,1.0,1.0,0.0,1.0,0.0,2139.2,1516907.0
0.32461902103550283,0.0,-1.0,-1.0,0.2964153470207149,-0.004582609255326043,0.5931932183887381,0.0,0.0,1.0,0.0,0.0,0.0,0.0,0.0,0.0,1.0,0.0,0.0,0.0,1.0,0.0,0.0,0.0,0.0,1.0,1.0,0.0,1.0,0.0,2543.9,7112490.0
-0.1140501953890557,-1.0,-1.0,0.0,-0.1275788139835608,0.4842118813155691,0.09519785692454288,-1.0,-1.0,1.0,0.0,0.0,0.0,0.0,0.0,1.0,0.0,0.0,0.0,0.0,0.0,1.0,0.0,1.0,0.0,0.0,1.0,0.0,1.0,0.0,5490.0,10280574.0
-0.09841907092206988,0.0,0.0,0.0,-0.10915717118083226,-0.46304949475445717,-0.22964347998058285,0.0,0.0,0.0,0.0,0.0,1.0,0.0,0.0,0.0,1.0,0.0,0.0,1.0,0.0,0.0,0.0,0.0,0.0,1.0,1.0,0.0,1.0,0.0,2045.7,3898081.0
0.007863073250109955,0.0,0.0,1.0,0.00825400963976685,-0.3478663834717129,-0.14920623505510514,0.0,0.0,0.0,1.0,0.0,0.0,0.0,0.0,0.0,1.0,0.0,1.0,0.0,0.0,0.0,0.0,0.0,0.0,1.0,1.0,0.0,1.0,0.0,1889.2,4022485.0
1.132116259457662,0.0,-1.0,-1.0,0.7988669136389988,0.8705412885370405,1.5098973409323815,0.0,1.5,0.0,0.0,1.0,0.0,0.0,0.0,1.0,0.0,0.0,0.0,0.0,1.0,0.0,0.0,0.0,0.0,1.0,0.0,1.0,1.0,0.0,2082.9,9363677.0
0.9742371512394437,0.0,-2.0,0.0,0.7176184082494298,0.6994400463409923,3.576149296129159,0.0,1.5,0.0,0.0,0.0,1.0,0.0,0.0,0.0,1.0,0.0,0.0,1.0,0.0,0.0,1.0,0.0,0.0,0.0,0.0,1.0,1.0,0.0,1653.0,6881770.0
-0.5613664168379041,-1.0,-1.0,0.0,-0.8664355788173425,-0.48534466113149266,-0.4126139407777637,-1.0,-1.0,1.0,0.0,0.0,0.0,1.0,0.0,0.0,0.0,0.0,1.0,0.0,0.0,0.0,1.0,0.0,0.0,0.0,1.0,0.0,1.0,0.0,1645.9,1532497.0
-0.7527407917710918,-1.0,0.0,-1.0,-1.4652920654635506,-0.9001480337259447,-0.724852124197695,-1.0,-1.0,0.0,0.0,1.0,0.0,0.0,1.0,0.0,0.0,0.0,1.0,0.0,0.0,0.0,0.0,0.0,0.0,1.0,1.0,0.0,1.0,0.0,2010.8,1062306.0
0.17961539832048565,0.0,-1.0,0.0,0.17413648100743367,-0.16173006371886484,0.4285791337804066,0.0,0.0,0.0,1.0,0.0,0.0,0.0,0.0,1.0,0.0,0.0,0.0,0.0,1.0,0.0,0.0,0.0,1.0,0.0,1.0,0.0,1.0,0.0,2901.1,7225770.0
0.7002411184093313,1.0,-1.0,1.0,0.5598641988064228,-0.21306558537684248,1.019614893655274,0.0,1.0,1.0,0.0,0.0,0.0,1.0,0.0,0.0,0.0,0.0,1.0,0.0,0.0,0.0,0.0,1.0,0.0,0.0,1.0,0.0,1.0,0.0,4282.0,15357393.0
-0.03779501371880592,-1.0,-1.0,-1.0,-0.040598094377914444,0.6494947544571023,0.18176587979360312,-1.0,-1.0,0.0,0.0,0.0,1.0,0.0,1.0,0.0,0.0,0.0,0.0,0.0,0.0,1.0,1.0,0.0,0.0,0.0,1.0,0.0,1.0,0.0,1450.6,2949215.0
1.1949258234253068,0.0,-1.0,0.0,0.8295320027831988,0.938611057475703,1.5812013448158067,0.0,0.0,0.0,1.0,0.0,0.0,0.0,0.0,0.0,1.0,0.0,0.0,0.0,0.0,1.0,0.0,0.0,0.0,1.0,1.0,0.0,1.0,0.0,2036.7,9425237.0
-0.025157083298689795,0.0,-1.0,-1.0,-0.026848818292402248,-0.3836519276565619,0.19611297891084295,0.0,0.0,1.0,0.0,0.0,0.0,0.0,0.0,1.0,0.0,0.0,1.0,0.0,0.0,0.0,0.0,0.0,0.0,1.0,1.0,0.0,1.0,0.0,2367.7,4876752.0
0.09281277096126682,-1.0,0.0,0.0,0.09354881815844296,0.9325867284546565,-0.0849139713417593,-1.0,-1.0,1.0,0.0,0.0,0.0,0.0,0.0,1.0,0.0,0.0,1.0,0.0,0.0,0.0,0.0,0.0,1.0,0.0,1.0,0.0,1.0,0.0,3504.0,8087232.0
-0.09476072264256255,-1.0,-1.0,0.0,-0.10489163965151836,0.5260217545214648,0.11709606084033015,-1.0,-1.0,0.0,0.0,0.0,1.0,1.0,0.0,0.0,0.0,0.0,0.0,0.0,0.0,1.0,0.0,0.0,1.0,0.0,1.0,0.0,1.0,0.0,2514.1,4809976.0
1.1246570298487963,0.0,1.0,0.0,0.7951654018377677,0.8624573598506791,0.2933064849607163,0.0,0.0,0.0,0.0,1.0,0.0,0.0,0.0,1.0,0.0,0.0,1.0,0.0,0.0,0.0,0.0,0.0,1.0,0.0,1.0,0.0,1.0,0.0,2605.6,11672567.0
-0.4104239170457648,0.0,0.0,0.0,-0.5560475645641545,-0.8011842698075563,-0.46577731432372654,0.0,0.0,0.0,0.0,0.0,1.0,1.0,0.0,0.0,0.0,0.0,0.0,0.0,0.0,1.0,0.0,0.0,0.0,1.0,1.0,0.0,1.0,0.0,1736.5,2168541.0
-0.6896461617037449,-1.0,0.0,-1.0,-1.2283873756309958,-0.763390615949025,-0.6771003757573577,-1.0,-1.0,0.0,0.0,1.0,0.0,0.0,1.0,0.0,0.0,0.0,1.0,0.0,0.0,0.0,1.0,0.0,0.0,0.0,1.0,0.0,1.0,0.0,1428.1,944117.0
-0.7422883681153566,-1.0,-1.0,-1.0,-1.4221955145910017,-0.8774924374074791,-0.6180039912982506,-1.0,-1.0,0.0,0.0,0.0,1.0,0.0,1.0,0.0,0.0,0.0,1.0,0.0,0.0,0.0,1.0,0.0,0.0,0.0,1.0,0.0,1.0,0.0,1551.4,853735.0
-0.6147687995153874,-1.0,-1.0,0.0,-1.002424525484898,-0.6010941623221987,-0.4732385250175292,-1.0,-1.0,0.0,0.0,0.0,1.0,1.0,0.0,0.0,0.0,0.0,1.0,0.0,0.0,0.0,0.0,0.0,0.0,1.0,1.0,0.0,1.0,0.0,1798.9,1472759.0
-0.10340772766685258,-1.0,1.0,1.0,-0.11500165232561393,0.5072793975670978,-0.403768360870894,-1.0,-1.0,0.0,0.0,0.0,1.0,0.0,0.0,0.0,1.0,0.0,0.0,0.0,1.0,0.0,0.0,0.0,1.0,0.0,1.0,0.0,1.0,0.0,2581.7,4892322.0
-0.3338836692758131,-1.0,0.0,-1.0,-0.4277389033088449,0.007723498744931454,-0.4078495532262993,-1.0,-1.0,0.0,0.0,1.0,0.0,0.0,1.0,0.0,0.0,0.0,0.0,0.0,1.0,0.0,0.0,0.0,0.0,1.0,1.0,0.0,1.0,0.0,2037.4,2872530.0
0.13058402917176437,-1.0,0.0,-1.0,0.12937220064120378,1.01445581515093,-0.056327646032973064,-1.0,-1.0,0.0,1.0,0.0,0.0,0.0,1.0,0.0,0.0,0.0,1.0,0.0,0.0,0.0,0.0,0.0,1.0,0.0,1.0,0.0,1.0,0.0,3313.5,7910981.0
-0.40348730861968596,-1.0,-2.0,0.0,-0.5437566925269334,-0.14314217673939628,0.4480501968680895,-1.0,-1.0,0.0,1.0,0.0,0.0,1.0,0.0,0.0,0.0,0.0,0.0,0.0,1.0,0.0,0.0,0.0,0.0,1.0,1.0,0.0,1.0,0.0,2050.5,2590602.0
0.12241213431364423,0.0,-1.0,0.0,0.12172387422937708,-0.22372401364484779,0.36363963251289994,0.0,0.0,1.0,0.0,0.0,0.0,1.0,0.0,0.0,0.0,0.0,0.0,0.0,0.0,1.0,0.0,0.0,1.0,0.0,1.0,0.0,1.0,0.0,3113.9,7380877.0
0.391371999382357,0.0,0.0,0.0,0.3482843172009438,0.06776082898886525,0.14104385034429454,0.0,0.0,0.0,0.0,1.0,0.0,1.0,0.0,0.0,0.0,0.0,0.0,1.0,0.0,0.0,0.0,0.0,1.0,0.0,1.0,0.0,1.0,0.0,2399.9,7047066.0
-0.06402109489137772,0.0,0.0,-1.0,-0.06971344956816393,-0.4257707408122547,-0.20361014724654342,0.0,0.0,1.0,0.0,0.0,0.0,0.0,0.0,1.0,0.0,0.0,0.0,0.0,1.0,0.0,0.0,0.0,0.0,1.0,1.0,0.0,1.0,0.0,2451.2,4848228.0
-0.1006995997196848,-1.0,-1.0,1.0,-0.11182492960728982,0.5131492566132457,0.11035400298448433,-1.0,-1.0,0.0,0.0,1.0,0.0,0.0,1.0,0.0,0.0,0.0,0.0,0.0,0.0,1.0,0.0,0.0,0.0,1.0,1.0,0.0,1.0,0.0,1755.8,3337249.0
1.17098027105035,0.0,0.0,-1.0,0.8179457896564699,0.9126601016927335,0.7310727962460222,0.0,0.0,1.0,0.0,0.0,0.0,0.0,0.0,0.0,1.0,0.0,1.0,0.0,0.0,0.0,0.0,0.0,1.0,0.0,1.0,0.0,1.0,0.0,3696.0,16917701.0
-0.039647943366868,-1.0,-2.0,-1.0,-0.04262906557699536,0.645478535109738,1.2741410618291653,-1.0,-1.0,0.0,0.0,1.0,0.0,0.0,1.0,0.0,0.0,0.0,1.0,0.0,0.0,0.0,0.0,0.0,1.0,0.0,1.0,0.0,1.0,0.0,2874.3,5832530.0
-0.5245928899763631,-1.0,0.0,0.0,-0.7820173590655429,-0.40563815408380005,-0.5521835278042465,-1.0,-1.0,0.0,0.0,1.0,0.0,0.0,0.0,1.0,0.0,0.0,0.0,0.0,0.0,1.0,0.0,1.0,0.0,0.0,1.0,0.0,1.0,0.0,4476.2,4514248.0
-0.06259576439286837,-1.0,1.0,-1.0,-0.06811034000028462,0.5957392031923795,-0.38060265007820776,-1.0,-1.0,0.0,1.0,0.0,0.0,0.0,1.0,0.0,0.0,0.0,1.0,0.0,0.0,0.0,0.0,0.0,1.0,0.0,1.0,0.0,1.0,0.0,3215.3,6369188.0
0.9073891508593557,1.0,-1.0,-1.0,0.6812436837946393,-0.06340134303061526,1.254777871667176,0.0,1.0,0.0,0.0,0.0,1.0,0.0,1.0,0.0,0.0,1.0,0.0,0.0,0.0,0.0,0.0,0.0,0.0,1.0,1.0,0.0,1.0,0.0,2021.5,8131484.0
-0.1341473554180374,-1.0,0.0,-1.0,-0.15174496753403732,0.44065134839415576,-0.25668362668776173,-1.0,-1.0,0.0,0.0,1.0,0.0,0.0,0.0,1.0,0.0,0.0,0.0,0.0,1.0,0.0,0.0,0.0,0.0,1.0,1.0,0.0,1.0,0.0,1932.4,3536872.0
0.07133779145039282,0.0,-1.0,1.0,0.07262720565593432,-0.27907575465018986,0.30565793495262594,0.0,0.0,1.0,0.0,0.0,0.0,0.0,1.0,0.0,0.0,0.0,0.0,0.0,0.0,1.0,0.0,0.0,1.0,0.0,1.0,0.0,1.0,0.0,2673.9,6050501.0
1.1559667897993848,1.0,-1.0,0.0,0.8106161820138418,0.11619574778485757,1.5369734452814583,0.0,4.5,1.0,0.0,0.0,0.0,0.0,0.0,1.0,0.0,0.0,1.0,0.0,0.0,0.0,0.0,0.0,0.0,1.0,0.0,1.0,0.0,1.0,2325.6,11021480.0
-0.6143887113824517,-1.0,-1.0,0.0,-1.0013921967988448,-0.6002703224560727,-0.4728070333147551,-1.0,-1.0,1.0,0.0,0.0,0.0,0.0,1.0,0.0,0.0,0.0,1.0,0.0,0.0,0.0,0.0,0.0,0.0,1.0,1.0,0.0,1.0,0.0,2308.2,1891570.0
-0.0027793944720929573,1.0,0.0,-1.0,-0.0029330484175488477,-0.7209971895046233,-0.15726074684022204,0.0,1.0,0.0,0.0,0.0,1.0,1.0,0.0,0.0,0.0,0.0,0.0,0.0,0.0,1.0,0.0,0.0,0.0,1.0,1.0,0.0,1.0,0.0,1897.9,3998496.0
-0.35046501407513847,0.0,0.0,-1.0,-0.4542453508843976,-0.7362039003668663,-0.420398770248647,0.0,0.0,0.0,0.0,0.0,1.0,1.0,0.0,0.0,0.0,0.0,1.0,0.0,0.0,0.0,1.0,0.0,0.0,0.0,1.0,0.0,1.0,0.0,1378.1,1894887.0
0.6300198358494377,1.0,-2.0,0.0,0.5153415541804925,-0.26380039046577,2.7946099494795122,0.0,1.0,0.0,1.0,0.0,0.0,0.0,0.0,0.0,1.0,0.0,1.0,0.0,0.0,0.0,0.0,0.0,0.0,1.0,1.0,0.0,1.0,0.0,2226.4,7655922.0
-0.46876744545141386,0.0,0.0,0.0,-0.6654979740434486,-0.8644139795327285,-0.5099332985742794,0.0,0.0,0.0,0.0,1.0,0.0,1.0,0.0,0.0,0.0,0.0,1.0,0.0,0.0,0.0,0.0,0.0,0.0,1.0,1.0,0.0,1.0,0.0,1571.5,1769509.0
-0.12559537242698135,0.0,-1.0,-1.0,-0.14139397185262906,-0.4925017699684625,0.08209129645277864,0.0,0.0,0.0,0.0,1.0,0.0,0.0,1.0,0.0,0.0,0.0,0.0,1.0,0.0,0.0,0.0,1.0,0.0,0.0,1.0,0.0,1.0,0.0,4337.8,8017556.0
0.6529201458588212,1.0,0.0,0.0,0.5300679349146676,-0.2472549398210724,0.3389906689919275,0.0,1.0,0.0,0.0,0.0,1.0,0.0,1.0,0.0,0.0,0.0,0.0,1.0,0.0,0.0,0.0,0.0,0.0,1.0,1.0,0.0,1.0,0.0,1750.2,6102772.0
-0.1753394068249574,-1.0,1.0,-1.0,-0.20307170218152062,0.3513677029027481,-0.44459826324589624,-1.0,-1.0,0.0,0.0,1.0,0.0,0.0,1.0,0.0,0.0,0.0,1.0,0.0,0.0,0.0,1.0,0.0,0.0,0.0,1.0,0.0,1.0,0.0,1444.1,2517933.0
1.1803399413238946,0.0,-1.0,1.0,0.8224896405501689,0.92280363004441,1.5646428507218495,0.0,1.5,0.0,1.0,0.0,0.0,0.0,1.0,0.0,0.0,0.0,0.0,0.0,0.0,1.0,0.0,0.0,0.0,1.0,0.0,1.0,1.0,0.0,1911.4,8786706.0
-0.12488270717772668,-1.0,0.0,0.0,-0.1405359415953299,0.46073244513097755,-0.24967188651768207,-1.0,-1.0,0.0,0.0,0.0,1.0,1.0,0.0,0.0,0.0,0.0,0.0,1.0,0.0,0.0,0.0,0.0,1.0,0.0,1.0,0.0,1.0,0.0,2720.3,5032011.0
-0.05470893563445006,-1.0,0.0,-1.0,-0.059283430579466494,0.6128338804144944,-0.19656244943456597,-1.0,-1.0,1.0,0.0,0.0,0.0,0.0,1.0,0.0,0.0,0.0,1.0,0.0,0.0,0.0,0.0,0.0,1.0,0.0,1.0,0.0,1.0,0.0,3661.8,7314446.0
0.9057262652777615,0.0,0.0,1.0,0.6803227089093101,0.6251914784063847,0.5303212815303573,0.0,0.0,0.0,1.0,0.0,0.0,0.0,1.0,0.0,0.0,0.0,0.0,0.0,0.0,1.0,0.0,0.0,0.0,1.0,1.0,0.0,1.0,0.0,1643.9,6606834.0
-0.45513178368234114,-1.0,0.0,1.0,-0.6388857773302031,-0.2550814185492695,-0.49961345534959806,-1.0,-1.0,1.0,0.0,0.0,0.0,0.0,0.0,1.0,0.0,0.0,1.0,0.0,0.0,0.0,0.0,0.0,0.0,1.0,1.0,0.0,1.0,0.0,2156.1,2489649.0
-0.3030490194913944,-1.0,-2.0,-1.0,-0.3801461297339215,0.07455750788440482,0.6760935617842181,-1.0,-1.0,0.0,0.0,0.0,1.0,1.0,0.0,0.0,0.0,0.0,0.0,0.0,1.0,0.0,0.0,0.0,0.0,1.0,1.0,0.0,1.0,0.0,2035.9,3002545.0
-0.38538561128861737,-1.0,-1.0,0.0,-0.5123391144225455,-0.1039068031151446,-0.21283328239334057,-1.0,-1.0,1.0,0.0,0.0,0.0,1.0,0.0,0.0,0.0,1.0,0.0,0.0,0.0,0.0,0.0,0.0,0.0,1.0,1.0,0.0,1.0,0.0,2112.3,2749158.0
-0.7011913387416705,-1.0,-1.0,0.0,-1.2679578911428306,-0.7884147518826029,-0.5713489509357975,-1.0,-1.0,0.0,1.0,0.0,0.0,1.0,0.0,0.0,0.0,0.0,0.0,1.0,0.0,0.0,0.0,0.0,0.0,1.0,1.0,0.0,1.0,0.0,2071.0,1318813.0
-0.20303832951265557,0.0,-2.0,-1.0,-0.23904059605865263,-0.576430456330051,0.9031660703691051,0.0,0.0,0.0,0.0,0.0,1.0,0.0,1.0,0.0,0.0,0.0,1.0,0.0,0.0,0.0,0.0,0.0,1.0,0.0,1.0,0.0,1.0,0.0,2826.9,4764175.0
1.1332565238564691,0.0,0.0,-1.0,0.799431610734215,0.8717770483362294,0.7025224285791337,0.0,0.0,0.0,0.0,0.0,1.0,0.0,0.0,0.0,1.0,0.0,0.0,1.0,0.0,0.0,0.0,0.0,0.0,1.0,1.0,0.0,1.0,0.0,2076.1,9338090.0
0.11633072418667095,-1.0,-2.0,0.0,0.11599600578603837,0.9835618201712041,1.628287876881034,-1.0,-1.0,0.0,1.0,0.0,0.0,0.0,1.0,0.0,0.0,0.0,0.0,1.0,0.0,0.0,0.0,0.0,1.0,0.0,1.0,0.0,1.0,0.0,2909.0,6857968.0
-0.30670736777090174,-1.0,-1.0,-1.0,-0.38568209610998033,0.06662804917294182,-0.12351449991909529,-1.0,-1.0,1.0,0.0,0.0,0.0,1.0,0.0,0.0,0.0,0.0,0.0,1.0,0.0,0.0,0.0,0.0,1.0,0.0,1.0,0.0,1.0,0.0,3543.4,5198522.0
2.3579004881756958,1.0,1.0,0.0,1.278769441742476,0.9845916200038617,0.9933208680174753,0.0,1.0,0.0,0.0,0.0,1.0,0.0,0.0,1.0,0.0,0.0,0.0,1.0,0.0,0.0,0.0,0.0,0.0,1.0,1.0,0.0,1.0,0.0,1897.1,13422931.0
-0.008385694432896454,-1.0,0.0,1.0,-0.008874135029488067,0.7132393640986032,-0.16150374858416774,-1.0,-1.0,1.0,0.0,0.0,0.0,1.0,0.0,0.0,0.0,0.0,1.0,0.0,0.0,0.0,0.0,0.0,0.0,1.0,1.0,0.0,1.0,0.0,1991.6,4172402.0
-0.5352828687151832,-1.0,0.0,0.0,-0.8058710930861391,-0.42880865031859444,-0.5602739972312614,-1.0,-1.0,0.0,0.0,0.0,1.0,1.0,0.0,0.0,0.0,0.0,1.0,0.0,0.0,0.0,0.0,0.0,0.0,1.0,1.0,0.0,1.0,0.0,1792.6,1767504.0
0.0508605432884751,0.0,-1.0,-1.0,0.05228484284355564,-0.30126794104395976,0.2824113194656694,0.0,0.0,0.0,0.0,0.0,1.0,0.0,1.0,0.0,0.0,0.0,0.0,0.0,1.0,0.0,0.0,0.0,0.0,1.0,1.0,0.0,1.0,0.0,2023.2,4490897.0
-0.7528358138043257,-1.0,-2.0,-1.0,-1.4656920147730625,-0.900353993692476,-0.3451394257564588,-1.0,-1.0,0.0,0.0,0.0,1.0,0.0,1.0,0.0,0.0,0.0,0.0,1.0,0.0,0.0,0.0,0.0,0.0,1.0,1.0,0.0,1.0,0.0,2086.2,1101722.0
-0.36690382582461284,-1.0,-1.0,-1.0,-0.4811960962501604,-0.06384758962476668,-0.19185199834594835,-1.0,-1.0,0.0,0.0,1.0,0.0,1.0,0.0,0.0,0.0,0.0,0.0,1.0,0.0,0.0,1.0,0.0,0.0,0.0,1.0,0.0,1.0,0.0,1440.7,1931114.0
0.0924326828283309,0.0,-1.0,0.0,0.09318209690020406,-0.25621419836519294,0.32960572445659003,0.0,2.0,1.0,0.0,0.0,0.0,1.0,0.0,0.0,0.0,0.0,0.0,0.0,0.0,1.0,0.0,1.0,0.0,0.0,1.0,0.0,0.0,1.0,4311.0,10396339.0
-0.6476464230143363,-1.0,1.0,-1.0,-1.095762271205662,-0.6723563107420996,-0.7126894518257492,-1.0,-1.0,0.0,1.0,0.0,0.0,0.0,0.0,1.0,0.0,0.0,1.0,0.0,0.0,0.0,0.0,0.0,1.0,0.0,1.0,0.0,1.0,0.0,3545.3,2657202.0
-0.4763216970935134,-1.0,-2.0,-1.0,-0.6805345767567756,-0.30101049108579536,0.2826810017799032,-1.0,-1.0,1.0,0.0,0.0,0.0,0.0,1.0,0.0,0.0,0.0,0.0,0.0,0.0,1.0,0.0,0.0,0.0,1.0,1.0,0.0,1.0,0.0,2563.4,2845630.0
-0.37773633761328396,-1.0,0.0,0.0,-0.49933824101979185,-0.0873270258093585,-0.4410384566980097,-1.0,-1.0,0.0,0.0,0.0,1.0,0.0,0.0,0.0,1.0,1.0,0.0,0.0,0.0,0.0,0.0,0.0,0.0,1.0,1.0,0.0,1.0,0.0,2174.2,2864726.0
-0.7376322884868928,-1.0,0.0,0.0,-1.403548851970059,-0.8674003990474353,-0.7134175940741805,-1.0,-1.0,0.0,1.0,0.0,0.0,1.0,0.0,0.0,0.0,0.0,1.0,0.0,0.0,0.0,0.0,0.0,0.0,1.0,1.0,0.0,1.0,0.0,1978.3,1108046.0
0.406385480633322,0.0,-1.0,0.0,0.3596081422942255,0.08403166634485412,0.6860178709480232,0.0,0.0,0.0,0.0,0.0,1.0,0.0,0.0,0.0,1.0,0.0,0.0,1.0,0.0,0.0,0.0,0.0,1.0,0.0,1.0,0.0,1.0,0.0,2915.1,8652017.0
0.3366868192562153,0.0,1.0,-1.0,0.3059825935786801,0.008495848619424599,-0.15396163319609488,0.0,0.0,0.0,0.0,0.0,1.0,1.0,0.0,0.0,0.0,0.0,0.0,0.0,0.0,1.0,1.0,0.0,0.0,0.0,1.0,0.0,1.0,0.0,1399.0,3946999.0
-0.4070031238493424,-1.0,-1.0,1.0,-0.549968471579415,-0.15076269550106208,-0.23737437298861933,-1.0,-1.0,0.0,0.0,1.0,0.0,1.0,0.0,0.0,0.0,0.0,0.0,0.0,0.0,1.0,1.0,0.0,0.0,0.0,1.0,0.0,1.0,0.0,1166.2,1464747.0
0.1358577520162489,0.0,1.0,1.0,0.1342788534235576,-0.2091523460127439,-0.26795634742273594,0.0,0.0,0.0,1.0,0.0,0.0,0.0,1.0,0.0,0.0,0.0,1.0,0.0,0.0,0.0,1.0,0.0,0.0,0.0,1.0,0.0,1.0,0.0,1338.2,3209807.0
1.0055944222066493,0.0,0.0,-1.0,0.734259737243522,0.7334234408186907,0.605904244799626,0.0,0.0,0.0,0.0,0.0,1.0,0.0,1.0,0.0,0.0,0.0,1.0,0.0,0.0,0.0,0.0,0.0,0.0,1.0,1.0,0.0,1.0,0.0,1949.6,8245248.0
-0.5082491002601226,-1.0,-1.0,0.0,-0.7465564144527714,-0.370213039840381,-0.3523129753150787,-1.0,-1.0,0.0,0.0,1.0,0.0,0.0,1.0,0.0,0.0,0.0,0.0,0.0,1.0,0.0,0.0,0.0,0.0,1.0,1.0,0.0,1.0,0.0,1777.0,1853233.0
-0.5523393236806783,0.0,-1.0,-1.0,-0.8450807215154944,-0.954984874814958,-0.40236601283687806,0.0,1.5,0.0,0.0,0.0,1.0,0.0,1.0,0.0,0.0,0.0,1.0,0.0,0.0,0.0,1.0,0.0,0.0,0.0,0.0,1.0,1.0,0.0,1635.6,1553984.0
-0.6594291551353468,-1.0,-1.0,-1.0,-1.1313231204842418,-0.6978953465920062,-0.5239388000934897,-1.0,-1.0,0.0,0.0,0.0,1.0,0.0,1.0,0.0,0.0,0.0,1.0,0.0,0.0,0.0,0.0,0.0,0.0,1.0,1.0,0.0,1.0,0.0,2205.3,1598181.0
-0.32960767778028505,-1.0,0.0,1.0,-0.42100976325338935,0.016991697238849197,-0.4046133654554933,-1.0,-1.0,0.0,1.0,0.0,0.0,1.0,0.0,0.0,0.0,0.0,0.0,0.0,0.0,1.0,0.0,0.0,1.0,0.0,1.0,0.0,1.0,0.0,2623.5,3722484.0
-0.3198204083571876,0.0,0.0,-1.0,-0.4057666828230434,-0.702992855763661,-0.3972060912245374,0.0,0.0,0.0,1.0,0.0,0.0,0.0,1.0,0.0,0.0,0.0,1.0,0.0,0.0,0.0,0.0,0.0,0.0,1.0,1.0,0.0,1.0,0.0,2108.0,3034466.0
0.5350453136320987,0.0,-1.0,0.0,0.4519803634280726,0.2234665636866834,0.832077812337067,0.0,0.0,0.0,1.0,0.0,0.0,0.0,1.0,0.0,0.0,0.0,0.0,0.0,1.0,0.0,0.0,0.0,1.0,0.0,1.0,0.0,1.0,0.0,2645.0,8566626.0
-0.6230357164067416,-1.0,1.0,-1.0,-1.0251304840158773,-0.6190126794104397,-0.6987199079484365,-1.0,-1.0,0.0,1.0,0.0,0.0,0.0,1.0,0.0,0.0,1.0,0.0,0.0,0.0,0.0,0.0,0.0,0.0,1.0,1.0,0.0,1.0,0.0,2073.2,1661255.0
0.7474670689266075,0.0,0.0,-1.0,0.5887870444552555,0.45367831627727356,0.4105463763686379,0.0,1.5,1.0,0.0,0.0,0.0,0.0,0.0,1.0,0.0,0.0,0.0,1.0,0.0,0.0,0.0,0.0,0.0,1.0,0.0,1.0,1.0,0.0,2772.0,10217315.0
-0.18503165421482085,-1.0,-2.0,1.0,-0.2155191609255383,0.3303597863165347,0.9440499092069542,-1.0,-1.0,0.0,0.0,0.0,1.0,0.0,1.0,0.0,0.0,0.0,0.0,0.0,0.0,1.0,0.0,0.0,1.0,0.0,1.0,0.0,1.0,0.0,2528.6,4357284.0
0.47152308441519886,0.0,0.0,0.0,0.407381146134637,0.15462444487352756,0.20170439222595782,0.0,0.0,0.0,1.0,0.0,0.0,1.0,0.0,0.0,0.0,0.0,1.0,0.0,0.0,0.0,0.0,0.0,1.0,0.0,1.0,0.0,1.0,0.0,2722.9,8454877.0
-0.15890059507548293,-1.0,-2.0,0.0,-0.1822889247403005,0.3869987771126987,1.0033800183383974,-1.0,-1.0,0.0,0.0,0.0,1.0,0.0,1.0,0.0,0.0,0.0,0.0,0.0,0.0,1.0,0.0,0.0,0.0,1.0,1.0,0.0,1.0,0.0,1832.2,3258018.0
1.0837025335249615,0.0,-1.0,-1.0,0.7746084949732777,0.8180729870631397,1.4549360852915267,0.0,0.0,0.0,0.0,0.0,1.0,1.0,0.0,0.0,0.0,0.0,0.0,0.0,0.0,1.0,0.0,0.0,0.0,1.0,1.0,0.0,1.0,0.0,1780.2,7821487.0
-0.05941252627953093,0.0,-1.0,-1.0,-0.06453880593939526,-0.42077621162386575,0.15722478919832436,0.0,0.0,1.0,0.0,0.0,0.0,0.0,0.0,1.0,0.0,0.0,1.0,0.0,0.0,0.0,0.0,0.0,0.0,1.0,1.0,0.0,1.0,0.0,2465.4,4900229.0
-0.3037616847406491,-1.0,1.0,1.0,-0.38122229591632456,0.07301280813541854,-0.5174933927833012,-1.0,-1.0,1.0,0.0,0.0,0.0,0.0,1.0,0.0,0.0,0.0,0.0,0.0,1.0,0.0,0.0,0.0,0.0,1.0,1.0,0.0,1.0,0.0,2153.7,3173046.0
-0.40619543656685375,-1.0,2.0,-1.0,-0.5485382118215154,-0.14901203578554423,-0.6434727890544937,-1.0,-1.0,0.0,0.0,0.0,1.0,0.0,1.0,0.0,0.0,1.0,0.0,0.0,0.0,0.0,0.0,0.0,0.0,1.0,1.0,0.0,1.0,0.0,2171.9,2731599.0
1.0757681937499257,1.0,0.0,-1.0,0.7705792989135056,0.05825234386732716,0.6590136818827419,0.0,1.0,0.0,0.0,1.0,0.0,0.0,0.0,1.0,0.0,0.0,1.0,0.0,0.0,0.0,0.0,0.0,0.0,1.0,1.0,0.0,1.0,0.0,2013.5,8812888.0
-0.3635780546614244,0.0,-2.0,-1.0,-0.4756879709276948,-0.7504151380575401,0.5386634544506572,0.0,0.0,0.0,1.0,0.0,0.0,0.0,1.0,0.0,0.0,0.0,1.0,0.0,0.0,0.0,1.0,0.0,0.0,0.0,1.0,0.0,1.0,0.0,1639.9,2209601.0
-0.5677804040811961,0.0,0.0,0.0,-0.8818749720424652,-0.9717191220956428,-0.584869024289387,0.0,0.0,0.0,0.0,0.0,1.0,1.0,0.0,0.0,0.0,0.0,0.0,1.0,0.0,0.0,0.0,1.0,0.0,0.0,1.0,0.0,1.0,0.0,3948.4,3623052.0
0.4495729947381551,0.0,0.0,-1.0,0.3915223080809407,0.13083606873913878,0.18509196166915376,0.0,0.0,0.0,0.0,0.0,1.0,0.0,0.0,1.0,0.0,0.0,1.0,0.0,0.0,0.0,0.0,0.0,1.0,0.0,1.0,0.0,1.0,0.0,3078.6,9417130.0
0.5314344763692082,1.0,-1.0,-1.0,0.4494949418471953,-0.33502821222458234,0.8279786411607125,0.0,1.0,0.0,0.0,0.0,1.0,0.0,1.0,0.0,0.0,0.0,1.0,0.0,0.0,0.0,0.0,0.0,0.0,1.0,1.0,0.0,1.0,0.0,1992.0,6436550.0
1.2617263127887781,0.0,-1.0,0.0,0.8611990132896777,1.0110059857115272,1.6570360115783607,0.0,0.0,0.0,0.0,0.0,1.0,0.0,1.0,0.0,0.0,0.0,0.0,0.0,0.0,1.0,0.0,0.0,0.0,1.0,1.0,0.0,1.0,0.0,1758.8,8386486.0
-0.6030335784109938,-1.0,0.0,0.0,-0.9710068383483075,-0.5756581064555578,-0.6115495945775875,-1.0,-1.0,1.0,0.0,0.0,0.0,0.0,1.0,0.0,0.0,0.0,1.0,0.0,0.0,0.0,0.0,0.0,0.0,1.0,1.0,0.0,1.0,0.0,2302.3,1941760.0
-0.6329180078630731,-1.0,-1.0,1.0,-1.0529284326568176,-0.6404325159297163,-0.4938422538249941,-1.0,-1.0,0.0,0.0,0.0,1.0,0.0,1.0,0.0,0.0,0.0,0.0,1.0,0.0,0.0,0.0,0.0,1.0,0.0,1.0,0.0,1.0,0.0,2639.2,2059896.0
-0.552671900796997,0.0,0.0,-1.0,-0.8458598812690821,-0.955345304756388,-0.5734344941658724,0.0,0.0,0.0,0.0,0.0,1.0,1.0,0.0,0.0,0.0,0.0,1.0,0.0,0.0,0.0,0.0,0.0,0.0,1.0,1.0,0.0,1.0,0.0,1890.2,1794556.0
2.0014728415151266,1.0,-1.0,1.0,1.1601760547853115,0.7270730085173027,2.4968267381025155,0.0,1.0,1.0,0.0,0.0,0.0,0.0,0.0,1.0,0.0,0.0,0.0,0.0,1.0,0.0,0.0,0.0,1.0,0.0,1.0,0.0,1.0,0.0,3159.6,19985418.0
-0.31297882196434273,0.0,0.0,0.0,-0.3952402242778903,-0.6955782969685268,-0.3920281907912478,0.0,0.0,0.0,0.0,0.0,1.0,1.0,0.0,0.0,0.0,0.0,0.0,0.0,0.0,1.0,0.0,1.0,0.0,0.0,1.0,0.0,1.0,0.0,4041.9,5876518.0
-0.46710455986981964,-1.0,-1.0,-1.0,-0.6622165268859583,-0.28103237433223927,-0.305603998489779,-1.0,-1.0,1.0,0.0,0.0,0.0,1.0,0.0,0.0,0.0,0.0,1.0,0.0,0.0,0.0,0.0,0.0,0.0,1.0,1.0,0.0,1.0,0.0,2339.6,2642578.0
0.614388711382452,0.0,0.0,0.0,0.5051707472562952,0.30945484971358694,0.30982902141277574,0.0,0.0,1.0,0.0,0.0,0.0,0.0,0.0,1.0,0.0,0.0,0.0,1.0,0.0,0.0,1.0,0.0,0.0,0.0,1.0,0.0,1.0,0.0,1540.1,5245273.0
1.9978144932356192,1.0,0.0,-1.0,1.1588872113572,0.7244298556134818,1.3568436381942073,0.0,2.5,0.0,1.0,0.0,0.0,1.0,0.0,0.0,0.0,0.0,0.0,1.0,0.0,0.0,0.0,0.0,0.0,1.0,0.0,1.0,1.0,0.0,2287.1,14448983.0
-0.7421458350655057,-1.0,0.0,0.0,-1.4216197964552844,-0.8771834974576818,-0.7168335700544758,-1.0,-1.0,0.0,1.0,0.0,0.0,0.0,0.0,1.0,0.0,0.0,1.0,0.0,0.0,0.0,1.0,0.0,0.0,0.0,1.0,0.0,1.0,0.0,1634.2,899791.0
-0.624461046905251,-1.0,-1.0,0.0,-1.0290950210964929,-0.6221020789084123,-0.48424156343826963,-1.0,-1.0,0.0,0.0,1.0,0.0,0.0,1.0,0.0,0.0,0.0,1.0,0.0,0.0,0.0,0.0,0.0,0.0,1.0,1.0,0.0,1.0,0.0,1931.4,1541837.0
0.5622216151370101,0.0,-1.0,1.0,0.4705014600790171,0.25291883890068856,0.8629294690854173,0.0,0.0,1.0,0.0,0.0,0.0,1.0,0.0,0.0,0.0,0.0,0.0,0.0,1.0,0.0,0.0,0.0,0.0,1.0,1.0,0.0,1.0,0.0,1864.9,6146710.0
-0.3643382309272961,-1.0,0.0,0.0,-0.4769444458278889,-0.05828667052841618,-0.43089840168281757,-1.0,-1.0,0.0,0.0,0.0,1.0,0.0,1.0,0.0,0.0,0.0,1.0,0.0,0.0,0.0,0.0,0.0,0.0,1.0,1.0,0.0,1.0,0.0,1919.6,2583398.0
-0.4089510755306384,-1.0,-1.0,0.0,-0.5534258952910057,-0.15498487481495785,-0.2395857679653367,-1.0,-1.0,0.0,1.0,0.0,0.0,0.0,1.0,0.0,0.0,0.0,0.0,0.0,0.0,1.0,0.0,0.0,0.0,1.0,1.0,0.0,1.0,0.0,2129.2,2665545.0
-0.5645021439346246,0.0,0.0,-1.0,-0.8739555875046409,-0.9681663126729743,-0.5823879469984357,0.0,0.0,0.0,0.0,1.0,0.0,1.0,0.0,0.0,0.0,0.0,1.0,0.0,0.0,0.0,0.0,1.0,0.0,0.0,1.0,0.0,1.0,0.0,4062.4,3755689.0
1.0096803696357095,1.0,0.0,-1.0,0.7364090085925509,0.010503958293106824,0.6089966020028408,0.0,1.0,0.0,1.0,0.0,0.0,0.0,0.0,0.0,1.0,0.0,0.0,0.0,0.0,1.0,0.0,0.0,0.0,1.0,1.0,0.0,1.0,0.0,2249.7,9533779.0
0.026819968880284244,-1.0,0.0,0.0,0.02789264861392519,0.7895475316985259,-0.13485913593786517,-1.0,-1.0,0.0,0.0,1.0,0.0,1.0,0.0,0.0,0.0,0.0,1.0,0.0,0.0,0.0,0.0,0.0,0.0,1.0,1.0,0.0,1.0,0.0,1672.3,3627386.0
0.4132270670261669,0.0,0.0,1.0,0.3647284494369606,0.09144622513998837,0.15758436561730285,0.0,1.5,0.0,0.0,0.0,1.0,0.0,0.0,1.0,0.0,0.0,1.0,0.0,0.0,0.0,0.0,0.0,0.0,1.0,0.0,1.0,1.0,0.0,1923.6,5736945.0
-0.4328966279055954,-1.0,2.0,0.0,-0.5968763244890197,-0.2068867863808973,-0.6555977059024468,-1.0,-1.0,0.0,0.0,1.0,0.0,0.0,1.0,0.0,0.0,0.0,0.0,0.0,0.0,1.0,0.0,0.0,1.0,0.0,1.0,0.0,1.0,0.0,2707.6,3253181.0
1.3410697105391314,1.0,0.0,-1.0,0.8976208404932243,0.2499324193859819,0.859801154240305,0.0,1.0,0.0,0.0,0.0,1.0,0.0,1.0,0.0,0.0,0.0,0.0,1.0,0.0,0.0,0.0,1.0,0.0,0.0,1.0,0.0,1.0,0.0,4446.8,21946292.0
1.1304058628594504,0.0,-2.0,-1.0,0.7980193026080056,0.8686876488382568,3.930727602883802,0.0,0.0,0.0,0.0,0.0,1.0,0.0,1.0,0.0,0.0,0.0,1.0,0.0,0.0,0.0,0.0,0.0,0.0,1.0,1.0,0.0,1.0,0.0,1876.3,8428152.0
1.8216436436198646,1.0,-1.0,-1.0,1.094887248610056,0.5971465962970113,2.292677226227504,0.0,1.0,0.0,1.0,0.0,0.0,0.0,1.0,0.0,0.0,0.0,0.0,0.0,0.0,1.0,1.0,0.0,0.0,0.0,1.0,0.0,1.0,0.0,1626.2,9670686.0
-0.262759677400197,1.0,-1.0,-1.0,-0.32102066048811506,-0.9088326789813564,-0.07362327178583628,0.0,3.0,1.0,0.0,0.0,0.0,0.0,1.0,0.0,0.0,0.0,1.0,0.0,0.0,0.0,0.0,0.0,0.0,1.0,1.0,0.0,0.0,1.0,2631.4,4553931.0
0.11024931405969768,-1.0,0.0,1.0,0.11023696644138745,0.9703803823131876,-0.07171751676525054,-1.0,-1.0,0.0,1.0,0.0,0.0,1.0,0.0,0.0,0.0,0.0,0.0,0.0,1.0,0.0,0.0,0.0,0.0,1.0,1.0,0.0,1.0,0.0,1781.0,4175911.0
-0.24546566735161698,-1.0,1.0,0.0,-0.29662074676550626,0.19936924760249716,-0.4844033728268099,-1.0,-1.0,0.0,0.0,1.0,0.0,0.0,1.0,0.0,0.0,0.0,1.0,0.0,0.0,0.0,0.0,0.0,0.0,1.0,1.0,0.0,1.0,0.0,1803.2,2877907.0
-0.7440462757301848,-1.0,0.0,1.0,-1.4293219109511581,-0.8813026967883119,-0.7182718757303894,-1.0,-1.0,0.0,1.0,0.0,0.0,1.0,0.0,0.0,0.0,0.0,0.0,1.0,0.0,0.0,0.0,0.0,0.0,1.0,1.0,0.0,1.0,0.0,1899.7,1038376.0
0.006675297834685504,-1.0,1.0,-1.0,0.007011300813844476,0.7458840187938467,-0.3412829686629151,-1.0,-1.0,0.0,1.0,0.0,0.0,0.0,0.0,1.0,0.0,0.0,1.0,0.0,0.0,0.0,0.0,0.0,0.0,1.0,1.0,0.0,1.0,0.0,2341.5,4979668.0
-0.3030490194913944,-1.0,-1.0,0.0,-0.3801461297339215,0.07455750788440482,-0.11936139227989424,-1.0,-1.0,0.0,0.0,0.0,1.0,1.0,0.0,0.0,0.0,0.0,0.0,0.0,0.0,1.0,0.0,0.0,1.0,0.0,1.0,0.0,1.0,0.0,2589.5,3818995.0
1.1785820337090664,0.0,0.0,0.0,0.8216377136341994,0.9208985003539937,0.7368260189496774,0.0,0.0,0.0,0.0,0.0,1.0,0.0,1.0,0.0,0.0,0.0,1.0,0.0,0.0,0.0,1.0,0.0,0.0,0.0,1.0,0.0,1.0,0.0,1329.5,6106792.0
-0.48511123516765436,0.0,0.0,0.0,-0.6983032189112229,-0.882126536654438,-0.5223027273871379,0.0,0.0,0.0,0.0,0.0,1.0,0.0,1.0,0.0,0.0,0.0,1.0,0.0,0.0,0.0,0.0,0.0,0.0,1.0,1.0,0.0,1.0,0.0,1908.1,2082882.0
-0.21163782352032856,-1.0,0.0,0.0,-0.25046095555482273,0.27269099568771316,-0.31533054062314586,-1.0,-1.0,0.0,0.0,1.0,0.0,1.0,0.0,0.0,0.0,0.0,1.0,0.0,0.0,0.0,0.0,0.0,1.0,0.0,1.0,0.0,1.0,0.0,2544.1,4241524.0
-0.6239384257224642,-1.0,0.0,-1.0,-1.0276396324237642,-0.620969299092489,-0.627370957012639,-1.0,-1.0,1.0,0.0,0.0,0.0,0.0,1.0,0.0,0.0,0.0,0.0,0.0,1.0,0.0,0.0,0.0,0.0,1.0,1.0,0.0,1.0,0.0,2433.0,1944940.0
-0.2929291729519781,-1.0,1.0,0.0,-0.36498151031204557,0.0964922443200101,-0.5113446360187698,-1.0,-1.0,0.0,0.0,0.0,1.0,1.0,0.0,0.0,0.0,0.0,1.0,0.0,0.0,0.0,0.0,0.0,0.0,1.0,1.0,0.0,1.0,0.0,1866.7,2792770.0
-0.01769785368982411,-1.0,-1.0,-1.0,-0.01881669251944383,0.6930552873785158,0.20458100357778544,-1.0,-1.0,0.0,0.0,0.0,1.0,0.0,1.0,0.0,0.0,0.0,0.0,0.0,1.0,0.0,0.0,1.0,0.0,0.0,1.0,0.0,1.0,0.0,4541.1,9424599.0
-0.014514615576486667,-1.0,1.0,-1.0,-0.015407442659274982,0.699954946257321,-0.35331079987774394,-1.0,-1.0,1.0,0.0,0.0,0.0,0.0,1.0,0.0,0.0,0.0,1.0,0.0,0.0,0.0,0.0,0.0,0.0,1.0,1.0,0.0,1.0,0.0,2340.2,4872530.0
-0.36438574194391304,-1.0,-1.0,0.0,-0.4770230250638906,-0.05838965051168184,-0.18899336581506976,-1.0,-1.0,0.0,1.0,0.0,0.0,1.0,0.0,0.0,0.0,0.0,1.0,0.0,0.0,0.0,1.0,0.0,0.0,0.0,1.0,0.0,1.0,0.0,1496.9,2014378.0
-0.4785547148745113,0.0,0.0,0.0,-0.6850205808079743,-0.8750209178091009,-0.5173405728052353,0.0,0.0,0.0,0.0,0.0,1.0,0.0,0.0,1.0,0.0,0.0,0.0,0.0,1.0,0.0,0.0,0.0,0.0,1.0,1.0,0.0,1.0,0.0,1982.1,2191013.0
0.5495836847168939,0.0,0.0,0.0,0.46192880550633936,0.23922250112634352,0.26078279786411607,0.0,1.5,1.0,0.0,0.0,0.0,0.0,1.0,0.0,0.0,0.0,0.0,0.0,0.0,1.0,0.0,0.0,0.0,1.0,0.0,1.0,1.0,0.0,2353.8,7695514.0
1.2152130275207562,0.0,-1.0,-1.0,0.8392498057680655,0.9605972839029411,1.6042322144513759,0.0,0.0,1.0,0.0,0.0,0.0,1.0,0.0,0.0,0.0,0.0,1.0,0.0,0.0,0.0,0.0,0.0,1.0,0.0,1.0,0.0,1.0,0.0,3315.4,15484244.0
1.2613937356724594,1.0,-1.0,0.0,0.8610436780264454,0.19236660874042602,1.6566584563384334,0.0,2.5,1.0,0.0,0.0,0.0,1.0,0.0,0.0,0.0,0.0,0.0,0.0,0.0,1.0,1.0,0.0,0.0,0.0,0.0,1.0,1.0,0.0,1753.8,8361417.0
0.029765651910537014,-1.0,0.0,1.0,0.03091181518147745,0.7959322906610029,-0.13262976214019875,-1.0,-1.0,1.0,0.0,0.0,0.0,1.0,0.0,0.0,0.0,0.0,0.0,0.0,1.0,0.0,0.0,0.0,0.0,1.0,1.0,0.0,1.0,0.0,1934.2,4207465.0
0.9957121307503177,0.0,-1.0,-1.0,0.729043382330129,0.7227135225590523,1.3550457560993148,0.0,0.0,0.0,1.0,0.0,0.0,0.0,0.0,0.0,1.0,0.0,1.0,0.0,0.0,0.0,0.0,0.0,0.0,1.0,1.0,0.0,1.0,0.0,2204.2,9276155.0
-0.5536221211293366,-1.0,1.0,-1.0,-0.848089218222379,-0.46855892385917497,-0.6593193218388737,-1.0,-1.0,0.0,1.0,0.0,0.0,0.0,1.0,0.0,0.0,0.0,0.0,0.0,1.0,0.0,0.0,0.0,0.0,1.0,1.0,0.0,1.0,0.0,2281.9,2161872.0
-0.5692057345797055,-1.0,-1.0,1.0,-0.8853367541950596,-0.5023363583703419,-0.4215134571474802,-1.0,-1.0,0.0,0.0,0.0,1.0,0.0,0.0,1.0,0.0,0.0,0.0,0.0,0.0,1.0,0.0,0.0,1.0,0.0,1.0,0.0,1.0,0.0,2864.5,2619872.0
-0.05893741611336115,-1.0,-1.0,-1.0,-0.06400677342083924,0.6036686619038423,0.15776415382679201,-1.0,-1.0,0.0,1.0,0.0,0.0,0.0,0.0,1.0,0.0,0.0,0.0,0.0,1.0,0.0,0.0,0.0,1.0,0.0,1.0,0.0,1.0,0.0,3427.7,6816324.0
0.06853464146999107,0.0,1.0,0.0,0.06986551331914068,-0.2821136641565296,-0.30617033134967,0.0,0.0,0.0,0.0,1.0,0.0,0.0,0.0,1.0,0.0,0.0,0.0,0.0,0.0,1.0,0.0,0.0,0.0,1.0,1.0,0.0,1.0,0.0,1811.5,4088374.0
-0.6311601002482449,-1.0,0.0,-1.0,-1.0479299122470533,-0.6366222565488834,-0.6328365185811112,-1.0,-1.0,1.0,0.0,0.0,0.0,1.0,0.0,0.0,0.0,0.0,1.0,0.0,0.0,0.0,0.0,0.0,1.0,0.0,1.0,0.0,1.0,0.0,3642.9,2856762.0
-0.7792044280267485,-1.0,0.0,-1.0,-1.5829630755096376,-0.9575078844049688,-0.7448805307347943,-1.0,-1.0,0.0,0.0,0.0,1.0,1.0,0.0,0.0,0.0,0.0,1.0,0.0,0.0,0.0,0.0,0.0,0.0,1.0,1.0,0.0,1.0,0.0,2010.7,950257.0
-0.05048045515553897,0.0,0.0,0.0,-0.054581075725778264,-0.4110960931968849,-0.19336221930565778,0.0,0.0,0.0,1.0,0.0,0.0,0.0,0.0,1.0,0.0,0.0,0.0,1.0,0.0,0.0,0.0,0.0,1.0,0.0,1.0,0.0,1.0,0.0,2917.4,5853471.0
-0.48848451734745973,0.0,0.0,-1.0,-0.7052025478876238,-0.8857823260603721,-0.5248557199618848,0.0,0.0,0.0,1.0,0.0,0.0,0.0,0.0,1.0,0.0,0.0,0.0,0.0,1.0,0.0,1.0,0.0,0.0,0.0,1.0,0.0,1.0,0.0,1681.8,1823912.0
-0.6682662042261047,-1.0,-1.0,0.0,-1.1588005783634532,-0.7170496234794362,-0.5339709821829883,-1.0,-1.0,0.0,1.0,0.0,0.0,0.0,1.0,0.0,0.0,0.0,1.0,0.0,0.0,0.0,0.0,0.0,0.0,1.0,1.0,0.0,1.0,0.0,2165.1,1528777.0
1.7707118338064642,1.0,1.0,0.0,1.0756396446039214,0.5603484156100492,0.6600204958558819,0.0,1.0,1.0,0.0,0.0,0.0,0.0,0.0,1.0,0.0,0.0,0.0,0.0,0.0,1.0,0.0,0.0,0.0,1.0,1.0,0.0,1.0,0.0,2277.5,13299689.0
-0.5426945873074317,-1.0,-2.0,-1.0,-0.8227310773704478,-0.4448735277080519,0.13198252458603765,-1.0,-1.0,0.0,0.0,0.0,1.0,0.0,1.0,0.0,0.0,0.0,0.0,0.0,0.0,1.0,0.0,0.0,0.0,1.0,1.0,0.0,1.0,0.0,1898.4,1842207.0
0.6321103205805847,0.0,-2.0,1.0,0.5166944030197246,0.32866061659264967,2.7993563582100287,0.0,0.0,0.0,0.0,0.0,1.0,0.0,0.0,1.0,0.0,0.0,0.0,1.0,0.0,0.0,0.0,0.0,0.0,1.0,1.0,0.0,1.0,0.0,1630.2,5612942.0
-0.23544084284543465,-1.0,1.0,1.0,-0.28273021133034537,0.2210980240715709,-0.47871307599647606,-1.0,-1.0,0.0,0.0,0.0,1.0,0.0,0.0,0.0,1.0,0.0,1.0,0.0,0.0,0.0,0.0,0.0,0.0,1.0,1.0,0.0,1.0,0.0,1891.5,3058745.0
0.9168438431661343,0.0,-1.0,0.0,0.6864649046701606,0.6372401364484778,1.2655112277736826,0.0,0.0,0.0,0.0,0.0,1.0,0.0,1.0,0.0,0.0,0.0,0.0,0.0,0.0,1.0,0.0,0.0,0.0,1.0,1.0,0.0,1.0,0.0,1739.2,7030542.0
0.46914753358434996,1.0,-2.0,0.0,0.40567624523043094,-0.3800304649117163,2.42935222308121,0.0,1.0,0.0,0.0,0.0,1.0,1.0,0.0,0.0,0.0,0.0,1.0,0.0,0.0,0.0,0.0,0.0,1.0,0.0,1.0,0.0,1.0,0.0,2550.3,7906185.0
-0.6832321744604528,-1.0,-1.0,0.0,-1.2070267205332603,-0.7494883182081483,-0.5509609679797197,-1.0,-1.0,0.0,1.0,0.0,0.0,0.0,1.0,0.0,0.0,0.0,0.0,0.0,1.0,0.0,0.0,0.0,0.0,1.0,1.0,0.0,1.0,0.0,2121.9,1431434.0
0.6054091292418431,0.0,-1.0,-1.0,0.49928343027522176,0.29972324129497324,0.9119577138131282,0.0,0.0,1.0,0.0,0.0,0.0,0.0,1.0,0.0,0.0,0.0,0.0,1.0,0.0,0.0,0.0,0.0,0.0,1.0,1.0,0.0,1.0,0.0,2305.1,7807143.0
0.8996448551507882,0.0,-1.0,1.0,0.6769477302134639,0.6186007594773764,1.2459862282231529,0.0,0.0,0.0,0.0,0.0,1.0,0.0,1.0,0.0,0.0,0.0,0.0,0.0,0.0,1.0,0.0,0.0,0.0,1.0,1.0,0.0,1.0,0.0,1640.0,6570168.0
-0.7753560356807733,-1.0,-1.0,1.0,-1.5650165479248987,-0.9491665057604428,-0.6555437694396,-1.0,-1.0,0.0,1.0,0.0,0.0,1.0,0.0,0.0,0.0,0.0,1.0,0.0,0.0,0.0,0.0,0.0,1.0,0.0,1.0,0.0,1.0,0.0,2881.9,1385329.0
1.0420353719518713,0.0,-2.0,-1.0,0.7532758376821008,0.7729162644011067,3.7300839610938303,0.0,0.0,0.0,0.0,0.0,1.0,1.0,0.0,0.0,0.0,0.0,0.0,0.0,0.0,1.0,0.0,0.0,1.0,0.0,1.0,0.0,1.0,0.0,2783.0,11983320.0
1.114822249409082,0.0,-1.0,-1.0,0.7902651921385382,0.8517989315826737,1.4902644684561588,0.0,0.0,0.0,0.0,0.0,1.0,1.0,0.0,0.0,0.0,0.0,1.0,0.0,0.0,0.0,0.0,0.0,0.0,1.0,1.0,0.0,1.0,0.0,1877.0,8369731.0
-0.3256642634010759,-1.0,-2.0,0.0,-0.41484169927620124,0.025539035849906626,0.6247460491540965,-1.0,-1.0,0.0,0.0,1.0,0.0,1.0,0.0,0.0,0.0,1.0,0.0,0.0,0.0,0.0,0.0,0.0,0.0,1.0,1.0,0.0,1.0,0.0,1703.1,2430664.0
1.0659809243268286,0.0,-1.0,1.0,0.7655879267325456,0.7988672201840767,1.4348177846496826,0.0,0.0,0.0,0.0,0.0,1.0,1.0,0.0,0.0,0.0,0.0,1.0,0.0,0.0,0.0,0.0,1.0,0.0,0.0,1.0,0.0,1.0,0.0,3598.5,15676146.0
1.228753667256595,0.0,-1.0,0.0,0.8456866224328033,0.9752719315183108,1.6196041063627045,0.0,0.0,1.0,0.0,0.0,0.0,0.0,1.0,0.0,0.0,0.0,1.0,0.0,0.0,0.0,0.0,1.0,0.0,0.0,1.0,0.0,1.0,0.0,4699.4,22082011.0
0.1133850411564184,-1.0,0.0,1.0,0.11321038460800695,0.9771770612087276,-0.06934431239999264,-1.0,-1.0,0.0,1.0,0.0,0.0,1.0,0.0,0.0,0.0,0.0,1.0,0.0,0.0,0.0,0.0,0.0,1.0,0.0,1.0,0.0,1.0,0.0,2574.9,6054362.0
-0.6790036939815418,-1.0,0.0,-1.0,-1.1931767086333842,-0.7403230996974964,-0.6690458639722405,-1.0,-1.0,0.0,1.0,0.0,0.0,0.0,1.0,0.0,0.0,0.0,0.0,0.0,1.0,0.0,1.0,0.0,0.0,0.0,1.0,0.0,1.0,0.0,1695.2,1158669.0
1.0218431898896556,0.0,1.0,0.0,0.7427811244731186,0.7510330179571343,0.23494723216051483,0.0,0.0,1.0,0.0,0.0,0.0,1.0,0.0,0.0,0.0,0.0,1.0,0.0,0.0,0.0,0.0,0.0,1.0,0.0,1.0,0.0,1.0,0.0,2812.4,11990386.0
-0.10972669287691063,-1.0,1.0,-1.0,-0.12245130118145199,0.49358305979275274,-0.407355135650204,-1.0,-1.0,0.0,1.0,0.0,0.0,1.0,0.0,0.0,0.0,0.0,0.0,1.0,0.0,0.0,1.0,0.0,0.0,0.0,1.0,0.0,1.0,0.0,1561.5,2938275.0
-0.1915881745079638,-1.0,0.0,-1.0,-0.22402329384482028,0.31614854862586084,-0.3001564157422555,-1.0,-1.0,0.0,1.0,0.0,0.0,0.0,0.0,1.0,0.0,0.0,0.0,0.0,0.0,1.0,0.0,0.0,0.0,1.0,1.0,0.0,1.0,0.0,2277.4,3892988.0
-0.5794206031523558,-1.0,-2.0,-1.0,-0.9104832277118757,-0.5244770547724786,0.04859675302493669,-1.0,-1.0,0.0,0.0,1.0,0.0,0.0,0.0,1.0,0.0,0.0,0.0,1.0,0.0,0.0,1.0,0.0,0.0,0.0,1.0,0.0,1.0,0.0,1480.1,1321877.0
1.096815574111247,0.0,-1.0,1.0,0.7812340809349606,0.8322842247538133,1.4698225490372339,0.0,0.0,0.0,0.0,0.0,1.0,0.0,1.0,0.0,0.0,0.0,1.0,0.0,0.0,0.0,0.0,0.0,0.0,1.0,1.0,0.0,1.0,0.0,1648.0,7286138.0
0.4268152177786226,0.0,0.0,0.0,0.3748250679079223,0.10617236274699096,0.16786825120008628,0.0,0.0,0.0,0.0,0.0,1.0,1.0,0.0,0.0,0.0,0.0,0.0,0.0,0.0,1.0,0.0,0.0,1.0,0.0,1.0,0.0,1.0,0.0,2550.4,7679254.0
1.2101293487427398,0.0,0.0,-1.0,0.8368230315868888,0.9550878547982234,0.7607018931698459,0.0,0.0,0.0,0.0,0.0,1.0,0.0,1.0,0.0,0.0,0.0,0.0,0.0,0.0,1.0,0.0,0.0,1.0,0.0,1.0,0.0,1.0,0.0,2987.8,13922252.0
-0.4735660581297286,-1.0,-1.0,0.0,-0.6750247420570985,-0.29503765205638155,-0.3129393574369392,-1.0,-1.0,0.0,0.0,1.0,0.0,0.0,1.0,0.0,0.0,0.0,0.0,0.0,1.0,0.0,0.0,0.0,0.0,1.0,1.0,0.0,1.0,0.0,1806.9,2016320.0
-0.3779263816797518,0.0,-1.0,0.0,-0.49965931682940623,-0.7659651155306688,-0.20436525772639821,0.0,1.5,0.0,0.0,0.0,1.0,0.0,0.0,1.0,0.0,0.0,0.0,0.0,1.0,0.0,0.0,0.0,0.0,1.0,0.0,1.0,1.0,0.0,2115.4,2786405.0
1.1712653371500517,0.0,-1.0,0.0,0.8180844694968424,0.9129690416425305,1.554340986318117,0.0,0.0,0.0,0.0,1.0,0.0,1.0,0.0,0.0,0.0,0.0,0.0,0.0,1.0,0.0,0.0,0.0,0.0,1.0,1.0,0.0,1.0,0.0,1538.7,7044015.0
1.0156667577294485,0.0,-1.0,-1.0,0.7395500793870984,0.7443393190448604,1.3776990704949565,0.0,2.0,0.0,0.0,0.0,1.0,1.0,0.0,0.0,0.0,0.0,0.0,0.0,1.0,0.0,0.0,1.0,0.0,0.0,1.0,0.0,0.0,1.0,4088.6,17828185.0
-0.7816750008908313,-1.0,-1.0,-1.0,-1.5946468087815768,-0.962862843534788,-0.66271731899822,-1.0,-1.0,0.0,0.0,0.0,1.0,0.0,0.0,0.0,1.0,0.0,1.0,0.0,0.0,0.0,0.0,0.0,1.0,0.0,1.0,0.0,1.0,0.0,3594.1,1679882.0
0.20555641339335584,0.0,1.0,0.0,0.19707557523420452,-0.13361652828731416,-0.22839395192463266,0.0,0.0,1.0,0.0,0.0,0.0,1.0,0.0,0.0,0.0,0.0,1.0,0.0,0.0,0.0,0.0,0.0,1.0,0.0,1.0,0.0,1.0,0.0,2875.2,7318247.0
-0.3142616194130012,0.0,0.0,0.0,-0.3972059761574766,-0.6969685267426144,-0.3929990471224896,0.0,0.0,0.0,0.0,0.0,1.0,0.0,0.0,1.0,0.0,0.0,0.0,0.0,0.0,1.0,0.0,0.0,0.0,1.0,1.0,0.0,1.0,0.0,1993.2,2892532.0
-0.10711358696297685,-1.0,0.0,0.0,-0.11936425757944755,0.49924695887236914,-0.23622372844788825,-1.0,-1.0,1.0,0.0,0.0,0.0,1.0,0.0,0.0,0.0,0.0,1.0,0.0,0.0,0.0,1.0,0.0,0.0,0.0,1.0,0.0,1.0,0.0,1503.2,2836839.0
1.9391858987302681,1.0,0.0,-1.0,1.138015175629933,0.6820707558301685,1.3124719080922669,0.0,1.0,0.0,0.0,1.0,0.0,0.0,1.0,0.0,0.0,0.0,0.0,1.0,0.0,0.0,1.0,0.0,0.0,0.0,1.0,0.0,1.0,0.0,1432.3,8871953.0
0.08098252782363924,-1.0,-1.0,-1.0,0.08207461639038,0.906944712621484,0.3166070369105194,-1.0,-1.0,0.0,0.0,0.0,1.0,1.0,0.0,0.0,0.0,0.0,0.0,1.0,0.0,0.0,1.0,0.0,0.0,0.0,1.0,0.0,1.0,0.0,1457.6,3327847.0
0.7793944720932167,0.0,0.0,0.0,0.6079020556898508,0.4882795906545664,0.4347099117239891,0.0,0.0,0.0,0.0,0.0,1.0,0.0,1.0,0.0,0.0,0.0,1.0,0.0,0.0,0.0,0.0,0.0,0.0,1.0,1.0,0.0,1.0,0.0,1654.9,6211005.0
0.04036060861612299,-1.0,-1.0,1.0,0.04170041975566018,0.8188968269292655,0.270491361176534,-1.0,-1.0,0.0,0.0,1.0,0.0,0.0,1.0,0.0,0.0,0.0,1.0,0.0,0.0,0.0,0.0,0.0,1.0,0.0,1.0,0.0,1.0,0.0,2477.1,5443675.0
0.9767077241035265,0.0,2.0,0.0,0.7189390819530217,0.7021175259059017,-0.015501339422160698,0.0,0.0,0.0,1.0,0.0,0.0,0.0,0.0,0.0,1.0,0.0,0.0,0.0,1.0,0.0,0.0,0.0,0.0,1.0,1.0,0.0,1.0,0.0,2030.7,8464770.0
1.0880735470537233,0.0,-1.0,0.0,0.7768216358770308,0.8228100662933642,1.459898239873429,0.0,0.0,0.0,0.0,0.0,1.0,1.0,0.0,0.0,0.0,0.0,0.0,1.0,0.0,0.0,0.0,0.0,0.0,1.0,1.0,0.0,1.0,0.0,1652.4,7275187.0
-0.31459419652932,-1.0,0.0,-1.0,-0.3977162121437075,0.049533371950826965,-0.3932507506157745,-1.0,-1.0,1.0,0.0,0.0,0.0,1.0,0.0,0.0,0.0,0.0,1.0,0.0,0.0,0.0,0.0,0.0,1.0,0.0,1.0,0.0,1.0,0.0,3553.0,5153626.0
0.0367497713532327,-1.0,2.0,0.0,0.038035927056878145,0.8110703482010683,-0.44233293180633204,-1.0,-1.0,1.0,0.0,0.0,0.0,0.0,0.0,1.0,0.0,0.0,1.0,0.0,0.0,0.0,0.0,0.0,0.0,1.0,1.0,0.0,1.0,0.0,2264.7,4959693.0
0.3374469955220869,0.0,-1.0,-1.0,0.3065823687980905,0.009319688485550575,0.6077560633573651,0.0,0.0,0.0,0.0,0.0,1.0,0.0,1.0,0.0,0.0,1.0,0.0,0.0,0.0,0.0,1.0,0.0,0.0,0.0,1.0,0.0,1.0,0.0,1350.6,3812609.0
-0.150016034968108,-1.0,-1.0,-1.0,-0.17122423442290535,0.4062560339833945,0.054367954549540735,-1.0,-1.0,0.0,0.0,0.0,1.0,0.0,1.0,0.0,0.0,0.0,1.0,0.0,0.0,0.0,0.0,0.0,0.0,1.0,1.0,0.0,1.0,0.0,2103.8,3780318.0
0.4797900013065531,0.0,-1.0,-1.0,0.41329288167330347,0.1635837034176481,0.7693497060462775,0.0,0.0,1.0,0.0,0.0,0.0,0.0,1.0,0.0,0.0,0.0,0.0,1.0,0.0,0.0,0.0,0.0,0.0,1.0,1.0,0.0,1.0,0.0,2193.1,6847955.0
0.19325106008955847,0.0,-1.0,0.0,0.18625617620689228,-0.14695243612022918,0.4440588986174287,0.0,0.0,0.0,0.0,0.0,1.0,0.0,1.0,0.0,0.0,0.0,1.0,0.0,0.0,0.0,0.0,0.0,1.0,0.0,1.0,0.0,1.0,0.0,2696.8,6794318.0
-0.06896224061954348,0.0,1.0,0.0,-0.07528977343370119,-0.43112569994207384,-0.3842163930889411,0.0,1.5,0.0,0.0,1.0,0.0,1.0,0.0,0.0,0.0,0.0,1.0,0.0,0.0,0.0,0.0,0.0,0.0,1.0,0.0,1.0,1.0,0.0,2074.7,4081972.0
0.10155479801879082,0.0,1.0,-1.0,0.10194852226451505,-0.24632811997168055,-0.28742741051041865,0.0,0.0,1.0,0.0,0.0,0.0,1.0,0.0,0.0,0.0,0.0,1.0,0.0,0.0,0.0,0.0,0.0,1.0,0.0,1.0,0.0,1.0,0.0,3288.0,7649203.0
-0.03945789930040015,-1.0,1.0,-1.0,-0.042420581364270196,0.6458904550428008,-0.36746912137502014,-1.0,-1.0,0.0,0.0,0.0,1.0,0.0,0.0,1.0,0.0,0.0,0.0,0.0,0.0,1.0,0.0,0.0,0.0,1.0,1.0,0.0,1.0,0.0,2279.1,4625661.0
-0.03684479338646635,1.0,-2.0,-1.0,-0.03955808067289385,-0.7456094055051383,1.2805055644450836,0.0,3.0,0.0,1.0,0.0,0.0,0.0,0.0,1.0,0.0,0.0,1.0,0.0,0.0,0.0,0.0,0.0,0.0,1.0,1.0,0.0,0.0,1.0,2281.4,5092877.0
-0.10621087764725433,-1.0,-2.0,-1.0,-0.11829991366594515,0.5012035785544183,1.1230110929325252,-1.0,-1.0,1.0,0.0,0.0,0.0,0.0,0.0,1.0,0.0,0.0,0.0,0.0,0.0,1.0,0.0,0.0,1.0,0.0,1.0,0.0,1.0,0.0,3919.5,7404327.0
-0.29863049494601546,-1.0,-1.0,1.0,-0.3734982153385763,0.08413464632811979,-0.11434530123514498,-1.0,-1.0,0.0,0.0,1.0,0.0,1.0,0.0,0.0,0.0,0.0,0.0,1.0,0.0,0.0,0.0,1.0,0.0,0.0,1.0,0.0,1.0,0.0,3652.7,5420972.0
-0.34989488187573475,1.0,-2.0,-1.0,-0.45332284680706153,-0.9717877754178199,0.5697308570503947,0.0,1.0,0.0,0.0,0.0,1.0,0.0,1.0,0.0,0.0,0.0,1.0,0.0,0.0,0.0,0.0,0.0,0.0,1.0,1.0,0.0,1.0,0.0,1952.6,2687168.0
-0.154482070530104,-1.0,-2.0,0.0,-0.17677170367722292,0.39657591555641364,1.0134122004278958,-1.0,-1.0,1.0,0.0,0.0,0.0,0.0,0.0,1.0,0.0,0.0,1.0,0.0,0.0,0.0,0.0,0.0,0.0,1.0,1.0,0.0,1.0,0.0,2353.8,4207418.0
0.3464265776626958,1.0,2.0,-1.0,0.3136416092471779,-0.4686962305035292,-0.3017097858722424,0.0,1.0,0.0,0.0,0.0,1.0,0.0,1.0,0.0,0.0,0.0,1.0,0.0,0.0,0.0,0.0,0.0,1.0,0.0,1.0,0.0,1.0,0.0,2945.9,8371659.0
-0.5241177798101933,-1.0,-1.0,1.0,-0.7809695709993825,-0.40460835425114255,-0.3703277539058988,-1.0,-1.0,0.0,0.0,0.0,1.0,0.0,0.0,0.0,1.0,0.0,0.0,0.0,1.0,0.0,0.0,0.0,0.0,1.0,1.0,0.0,1.0,0.0,2123.7,2143875.0
0.5746695014906582,0.0,0.0,0.0,0.4788778566527228,0.2664092167085021,0.27976843278617775,0.0,1.5,1.0,0.0,0.0,0.0,0.0,1.0,0.0,0.0,0.0,1.0,0.0,0.0,0.0,0.0,0.0,0.0,1.0,0.0,1.0,1.0,0.0,2314.4,7688900.0
-0.1958166549868749,-1.0,1.0,-1.0,-0.22954431586764265,0.3069833301152088,-0.45622157098937444,-1.0,-1.0,0.0,0.0,0.0,1.0,1.0,0.0,0.0,0.0,0.0,1.0,0.0,0.0,0.0,0.0,0.0,1.0,0.0,1.0,0.0,1.0,0.0,2884.3,4904752.0
0.03404164340606504,1.0,2.0,-1.0,0.035279206167024145,-0.6943940271609707,-0.4435626831592383,0.0,3.0,0.0,1.0,0.0,0.0,0.0,0.0,1.0,0.0,0.0,0.0,0.0,1.0,0.0,0.0,1.0,0.0,0.0,1.0,0.0,0.0,1.0,5078.0,11541875.0
0.4170754593721421,0.0,-1.0,0.0,0.367597772344563,0.0956169144622513,0.6981535750885457,0.0,0.0,0.0,0.0,0.0,1.0,1.0,0.0,0.0,0.0,0.0,1.0,0.0,0.0,0.0,0.0,0.0,0.0,1.0,1.0,0.0,1.0,0.0,1762.9,5271952.0
-0.06972241688541508,0.0,1.0,0.0,-0.0761502834046762,-0.43194953980819983,-0.38464788479171524,0.0,1.5,0.0,0.0,0.0,1.0,0.0,1.0,0.0,0.0,1.0,0.0,0.0,0.0,0.0,0.0,0.0,0.0,1.0,0.0,1.0,1.0,0.0,2070.4,4070199.0
-0.44781508712332657,0.0,1.0,0.0,-0.6248772400915648,-0.84170689322263,-0.5992610704589992,0.0,0.0,0.0,1.0,0.0,0.0,0.0,0.0,1.0,0.0,0.0,1.0,0.0,0.0,0.0,0.0,1.0,0.0,0.0,1.0,0.0,1.0,0.0,4743.4,5550252.0
-0.1864569847133302,0.0,0.0,-1.0,-0.2173620809832683,-0.558460449250177,-0.2962729904172884,0.0,0.0,0.0,0.0,0.0,1.0,0.0,1.0,0.0,0.0,0.0,1.0,0.0,0.0,0.0,1.0,0.0,0.0,0.0,1.0,0.0,1.0,0.0,1396.3,2401915.0
-0.12801843427444717,-1.0,0.0,0.0,-0.14431648942024972,0.45393576623543797,-0.25204509088293986,-1.0,-1.0,0.0,0.0,1.0,0.0,0.0,0.0,0.0,1.0,0.0,1.0,0.0,0.0,0.0,0.0,0.0,1.0,0.0,1.0,0.0,1.0,0.0,2957.6,5451448.0
-0.08278794645508405,-1.0,0.0,0.0,-0.09105072215638119,0.5519727103044346,-0.217813415796192,-1.0,-1.0,0.0,0.0,0.0,1.0,0.0,1.0,0.0,0.0,0.0,1.0,0.0,0.0,0.0,0.0,0.0,0.0,1.0,1.0,0.0,1.0,0.0,1827.5,3542426.0
0.8570274732453589,0.0,-1.0,1.0,0.6529895988014152,0.5724142369826863,1.1976052210496035,0.0,0.0,0.0,0.0,1.0,0.0,1.0,0.0,0.0,0.0,0.0,0.0,1.0,0.0,0.0,0.0,0.0,1.0,0.0,1.0,0.0,1.0,0.0,2265.0,8870872.0
0.07304818804860398,-1.0,0.0,-1.0,0.07430877252516552,0.8897470554161035,-0.09987235037126256,-1.0,-1.0,1.0,0.0,0.0,0.0,0.0,1.0,0.0,0.0,0.0,0.0,0.0,0.0,1.0,0.0,0.0,1.0,0.0,1.0,0.0,1.0,0.0,3715.9,8421716.0
-0.03969545438348504,0.0,-2.0,-1.0,-0.042681193048393025,-0.39940786509622206,1.2740331889034715,0.0,0.0,0.0,0.0,0.0,1.0,1.0,0.0,0.0,0.0,0.0,1.0,0.0,0.0,0.0,0.0,0.0,0.0,1.0,1.0,0.0,1.0,0.0,1808.7,3670033.0
0.7241866707842883,1.0,-1.0,1.0,0.5746280774673228,-0.19576494818819606,1.0467988709300444,0.0,1.0,0.0,0.0,0.0,1.0,0.0,0.0,1.0,0.0,0.0,0.0,0.0,0.0,1.0,0.0,1.0,0.0,0.0,1.0,0.0,1.0,0.0,3977.4,14465406.0
0.4202111864688626,1.0,0.0,-1.0,0.3699300007088422,-0.415386925832958,0.16287013897628594,0.0,1.0,0.0,0.0,0.0,1.0,0.0,0.0,1.0,0.0,0.0,1.0,0.0,0.0,0.0,0.0,0.0,0.0,1.0,1.0,0.0,1.0,0.0,2136.9,6404503.0
-0.14531244432302726,0.0,0.0,-1.0,-0.16541295875121606,-0.5138701164961061,-0.2651336725337552,0.0,1.5,0.0,1.0,0.0,0.0,1.0,0.0,0.0,0.0,1.0,0.0,0.0,0.0,0.0,0.0,0.0,0.0,1.0,0.0,1.0,1.0,0.0,2210.0,3993028.0
0.7276549749973276,1.0,0.0,-1.0,0.5767495211843641,-0.19325910192872936,0.3955520396972367,0.0,1.0,0.0,0.0,0.0,1.0,1.0,0.0,0.0,0.0,0.0,0.0,1.0,0.0,0.0,0.0,0.0,0.0,1.0,1.0,0.0,1.0,0.0,1807.1,6585434.0
-0.3202955185233574,0.0,-2.0,-1.0,-0.4065015897000574,-0.7035077556799898,0.6369356897574657,0.0,0.0,0.0,0.0,0.0,1.0,0.0,1.0,0.0,0.0,0.0,0.0,0.0,0.0,1.0,0.0,0.0,0.0,1.0,1.0,0.0,1.0,0.0,1973.6,2839024.0
1.0743428632514165,0.0,-1.0,-1.0,0.7698538630060388,0.8079294587114627,1.4443106021107133,0.0,0.0,0.0,1.0,0.0,0.0,0.0,0.0,1.0,0.0,0.0,0.0,0.0,1.0,0.0,0.0,0.0,0.0,1.0,1.0,0.0,1.0,0.0,2104.3,9203998.0
-0.29525721276621,-1.0,-1.0,1.0,-0.3684508893373373,0.09144622513998837,-0.11051581237302449,-1.0,-1.0,1.0,0.0,0.0,0.0,0.0,1.0,0.0,0.0,0.0,0.0,0.0,0.0,1.0,0.0,0.0,0.0,1.0,1.0,0.0,1.0,0.0,2090.1,3116757.0
-0.12507275124419454,0.0,0.0,-1.0,-0.14076468165033673,-0.4919353800605008,-0.24981571708527345,0.0,0.0,0.0,1.0,0.0,0.0,0.0,0.0,0.0,1.0,0.0,0.0,0.0,0.0,1.0,1.0,0.0,0.0,0.0,1.0,0.0,1.0,0.0,1723.5,3187441.0
-0.10872896152795414,-1.0,-1.0,0.0,-0.12127154880617041,0.49574563944133343,0.10123874076338076,-1.0,-1.0,0.0,0.0,0.0,1.0,0.0,1.0,0.0,0.0,0.0,1.0,0.0,0.0,0.0,0.0,0.0,0.0,1.0,1.0,0.0,1.0,0.0,1967.7,3706753.0
2.0050361677614,1.0,-2.0,0.0,1.1614299145306977,0.7296475080989465,5.916560291976052,0.0,1.0,0.0,1.0,0.0,0.0,0.0,1.0,0.0,0.0,0.0,1.0,0.0,0.0,0.0,0.0,0.0,1.0,0.0,1.0,0.0,1.0,0.0,2789.4,17664712.0
-0.3454763573303558,-1.0,1.0,-1.0,-0.4462005761914788,-0.017403617171912304,-0.5411714999730317,-1.0,-1.0,0.0,0.0,0.0,1.0,0.0,0.0,1.0,0.0,0.0,0.0,0.0,0.0,1.0,0.0,0.0,0.0,1.0,1.0,0.0,1.0,0.0,2228.4,3087448.0
0.9674430758632158,0.0,1.0,-1.0,0.7139780342519654,0.6920769775374909,0.20406860718074102,0.0,0.0,0.0,0.0,1.0,0.0,0.0,0.0,1.0,0.0,0.0,1.0,0.0,0.0,0.0,0.0,0.0,1.0,0.0,1.0,0.0,1.0,0.0,2699.0,11197881.0
0.9440201446710459,0.0,2.0,0.0,0.7013307697527295,0.6666924116624832,-0.030344653997590707,0.0,0.0,0.0,0.0,0.0,1.0,0.0,0.0,0.0,1.0,0.0,1.0,0.0,0.0,0.0,0.0,1.0,0.0,0.0,1.0,0.0,1.0,0.0,4347.8,17824241.0
0.321863382071718,0.0,-1.0,-1.0,0.29421851660041376,-0.0075690287700329656,0.5900649035436255,0.0,1.5,0.0,0.0,0.0,1.0,0.0,1.0,0.0,0.0,0.0,1.0,0.0,0.0,0.0,0.0,1.0,0.0,0.0,0.0,1.0,1.0,0.0,4924.6,13740126.0
0.24366024872017214,0.0,-1.0,0.0,0.2298932846186439,-0.09232155499774741,0.5012854856978479,0.0,0.0,0.0,0.0,0.0,1.0,0.0,1.0,0.0,0.0,0.0,1.0,0.0,0.0,0.0,0.0,0.0,0.0,1.0,1.0,0.0,1.0,0.0,1753.9,4604864.0
0.07456854058034719,-1.0,1.0,-1.0,0.07580125878099919,0.8930424148806074,-0.30274536595890034,-1.0,-1.0,0.0,0.0,0.0,1.0,1.0,0.0,0.0,0.0,0.0,0.0,1.0,0.0,0.0,1.0,0.0,0.0,0.0,1.0,0.0,1.0,0.0,1380.0,3132048.0
-0.7536435010868142,-1.0,-1.0,-1.0,-1.4690977005568973,-0.902104653407994,-0.6308948059186277,-1.0,-1.0,1.0,0.0,0.0,0.0,0.0,1.0,0.0,0.0,0.0,0.0,0.0,1.0,0.0,0.0,0.0,1.0,0.0,1.0,0.0,1.0,0.0,3688.5,1941626.0
-0.2304046750840349,-1.0,-1.0,0.0,-0.27582023352146673,0.23201390229774083,-0.036892540587188216,-1.0,-1.0,0.0,1.0,0.0,0.0,0.0,0.0,0.0,1.0,0.0,0.0,0.0,0.0,1.0,0.0,1.0,0.0,0.0,1.0,0.0,1.0,0.0,5188.0,8444508.0
1.0942024681973133,0.0,-1.0,0.0,0.7799170702247468,0.8294522752140051,1.4668560435806617,0.0,0.0,0.0,0.0,1.0,0.0,0.0,1.0,0.0,0.0,0.0,1.0,0.0,0.0,0.0,0.0,0.0,1.0,0.0,1.0,0.0,1.0,0.0,2426.1,10712930.0
0.9706263139765536,0.0,0.0,0.0,0.7156852232731293,0.695526806976894,0.5794394203628126,0.0,0.0,0.0,0.0,0.0,1.0,0.0,1.0,0.0,0.0,0.0,1.0,0.0,0.0,0.0,0.0,0.0,1.0,0.0,1.0,0.0,1.0,0.0,2504.9,10409362.0
-0.16075352472354512,-1.0,-1.0,-1.0,-0.184611185824357,0.38298255776533424,0.04217831394617143,-1.0,-1.0,0.0,0.0,0.0,1.0,1.0,0.0,0.0,0.0,0.0,1.0,0.0,0.0,0.0,0.0,0.0,0.0,1.0,1.0,0.0,1.0,0.0,1908.8,3386784.0
-0.517988858666603,-1.0,-1.0,0.0,-0.7675452997382648,-0.39132393640986046,-0.3633699501986659,-1.0,-1.0,0.0,0.0,1.0,0.0,1.0,0.0,0.0,0.0,0.0,1.0,0.0,0.0,0.0,0.0,0.0,1.0,0.0,1.0,0.0,1.0,0.0,2700.5,2760991.0
-0.3773087384637311,-1.0,-2.0,1.0,-0.4986161764192954,-0.08640020595996663,0.5074881789252261,-1.0,-1.0,0.0,1.0,0.0,0.0,0.0,0.0,1.0,0.0,0.0,0.0,0.0,0.0,1.0,0.0,0.0,1.0,0.0,1.0,0.0,1.0,0.0,2884.4,3803081.0
-0.6339157392120296,-1.0,0.0,-1.0,-1.0557759688828843,-0.6425950955782971,-0.6349220618111863,-1.0,-1.0,0.0,0.0,0.0,1.0,0.0,0.0,1.0,0.0,0.0,0.0,0.0,1.0,0.0,1.0,0.0,0.0,0.0,1.0,0.0,1.0,0.0,1585.8,1234387.0
1.0989535698590112,0.0,0.0,-1.0,0.7823104173795331,0.8346012743772927,0.6765610111288901,0.0,0.0,0.0,0.0,1.0,0.0,1.0,0.0,0.0,0.0,0.0,1.0,0.0,0.0,0.0,0.0,0.0,0.0,1.0,1.0,0.0,1.0,0.0,1747.4,7733468.0
0.15505220272950807,0.0,-1.0,-1.0,0.15194764171745231,-0.1883503893930618,0.4006939824886284,0.0,0.0,0.0,1.0,0.0,0.0,0.0,1.0,0.0,0.0,0.0,1.0,0.0,0.0,0.0,0.0,0.0,0.0,1.0,1.0,0.0,1.0,0.0,1973.0,4812147.0
-0.2811939518475845,0.0,0.0,0.0,-0.34766410990728747,-0.6611314925661326,-0.36797252836158995,0.0,0.0,0.0,0.0,0.0,1.0,1.0,0.0,0.0,0.0,0.0,1.0,0.0,0.0,0.0,0.0,1.0,0.0,0.0,1.0,0.0,1.0,0.0,3915.9,5955301.0
-0.36334049957833947,-1.0,0.0,0.0,-0.47529562826188393,-0.056124090879835234,-0.4301432912029628,-1.0,-1.0,0.0,0.0,0.0,1.0,0.0,1.0,0.0,0.0,0.0,0.0,0.0,1.0,0.0,0.0,0.0,0.0,1.0,1.0,0.0,1.0,0.0,1832.7,2470296.0
-0.15391193833070024,-1.0,-1.0,-1.0,-0.1760618947900428,0.3978116753556027,0.04994516459610585,-1.0,-1.0,0.0,0.0,0.0,1.0,0.0,0.0,1.0,0.0,0.0,0.0,0.0,1.0,0.0,0.0,0.0,1.0,0.0,1.0,0.0,1.0,0.0,3227.6,5773208.0
0.06378353980829327,0.0,-1.0,0.0,0.06516815614440717,-0.28726266331981726,0.29708203735999,0.0,0.0,0.0,1.0,0.0,0.0,1.0,0.0,0.0,0.0,0.0,0.0,0.0,1.0,0.0,0.0,0.0,1.0,0.0,1.0,0.0,1.0,0.0,2932.4,6588810.0
-0.43085365419106536,-1.0,-1.0,-1.0,-0.5930988388863361,-0.20245864710046999,-0.26445047733769617,-1.0,-1.0,0.0,1.0,0.0,0.0,0.0,1.0,0.0,0.0,0.0,0.0,0.0,1.0,0.0,0.0,0.0,0.0,1.0,1.0,0.0,1.0,0.0,2250.8,2714015.0
0.4244396669477737,0.0,-1.0,0.0,0.37306685873065704,0.10359786316534714,0.7065137268297945,0.0,0.0,0.0,0.0,0.0,1.0,1.0,0.0,0.0,0.0,0.0,1.0,0.0,0.0,0.0,0.0,0.0,0.0,1.0,1.0,0.0,1.0,0.0,1669.3,5017916.0
-0.6949198845482294,-1.0,-1.0,-1.0,-1.2462794339077015,-0.7748213940915235,-0.5642293378400244,-1.0,-1.0,1.0,0.0,0.0,0.0,0.0,1.0,0.0,0.0,0.0,0.0,1.0,0.0,0.0,1.0,0.0,0.0,0.0,1.0,0.0,1.0,0.0,1755.5,1141075.0
0.3245715100188859,0.0,-1.0,0.0,0.2963775092439128,-0.004634099246958873,0.5931392819258914,0.0,0.0,0.0,0.0,0.0,1.0,1.0,0.0,0.0,0.0,0.0,1.0,0.0,0.0,0.0,0.0,0.0,0.0,1.0,1.0,0.0,1.0,0.0,1687.1,4716794.0
-0.20522383627703653,0.0,0.0,1.0,-0.24193134783100648,-0.5787989959451633,-0.31047625896693687,0.0,0.0,0.0,0.0,1.0,0.0,1.0,0.0,0.0,0.0,0.0,0.0,1.0,0.0,0.0,1.0,0.0,0.0,0.0,1.0,0.0,1.0,0.0,1090.2,1832299.0
1.0029338052760988,0.0,-1.0,0.0,0.7328578614606046,0.7305400012872498,1.3632440984520235,0.0,0.0,0.0,0.0,1.0,0.0,0.0,0.0,1.0,0.0,1.0,0.0,0.0,0.0,0.0,0.0,0.0,0.0,1.0,1.0,0.0,1.0,0.0,1743.0,7361735.0
0.5872124098775404,0.0,-1.0,0.0,0.4872516620973576,0.2800025744995815,0.8913000485428164,0.0,1.5,0.0,0.0,0.0,1.0,1.0,0.0,0.0,0.0,0.0,1.0,0.0,0.0,0.0,0.0,0.0,1.0,0.0,0.0,1.0,1.0,0.0,2689.2,9005055.0
-0.2703614400589135,-1.0,2.0,0.0,-0.3319264981909926,0.14540773637124266,-0.5817910501429315,-1.0,-1.0,0.0,1.0,0.0,0.0,0.0,1.0,0.0,0.0,0.0,0.0,1.0,0.0,0.0,1.0,0.0,0.0,0.0,1.0,0.0,1.0,0.0,1541.7,2379768.0
0.04991032295613554,0.0,1.0,-1.0,0.05133132125778558,-0.3022977408766173,-0.3167418780676363,0.0,0.0,0.0,0.0,1.0,0.0,1.0,0.0,0.0,0.0,0.0,0.0,0.0,0.0,1.0,0.0,0.0,1.0,0.0,1.0,0.0,1.0,0.0,2582.4,5726988.0
1.1135869629770405,0.0,-1.0,-1.0,0.7896480998009293,0.8504601918002187,1.4888621204221426,0.0,0.0,0.0,0.0,0.0,1.0,0.0,1.0,0.0,0.0,0.0,1.0,0.0,0.0,0.0,0.0,0.0,1.0,0.0,1.0,0.0,1.0,0.0,2866.0,12772329.0
-0.4632086565072274,0.0,0.0,-1.0,-0.6545681769588475,-0.8583896505116818,-0.5057262544722316,0.0,0.0,0.0,0.0,0.0,1.0,0.0,0.0,1.0,0.0,0.0,0.0,1.0,0.0,0.0,0.0,0.0,1.0,0.0,1.0,0.0,1.0,0.0,3228.1,3672609.0
-0.37365039018422375,-1.0,0.0,-1.0,-0.49245856874571714,-0.07847074724850361,-0.437946099494795,-1.0,-1.0,1.0,0.0,0.0,0.0,0.0,1.0,0.0,0.0,0.0,0.0,0.0,1.0,0.0,1.0,0.0,0.0,0.0,1.0,0.0,1.0,0.0,1780.4,2361166.0
-0.16959057381430298,-1.0,0.0,-1.0,-0.19575723733276718,0.3638282808779043,-0.2835080275435536,-1.0,1.0,0.0,0.0,0.0,1.0,1.0,0.0,0.0,0.0,0.0,1.0,0.0,0.0,0.0,0.0,1.0,0.0,0.0,1.0,0.0,0.0,1.0,4535.0,8412100.0
0.07699160242781303,1.0,-1.0,1.0,0.07817556674653126,-0.6633627255368906,0.31207637403139094,0.0,1.0,0.0,1.0,0.0,0.0,0.0,0.0,1.0,0.0,0.0,0.0,0.0,1.0,0.0,0.0,0.0,0.0,1.0,1.0,0.0,1.0,0.0,1892.1,4303960.0
-0.37260514781865023,-1.0,-1.0,0.0,-0.49070581302409205,-0.07620518761665701,-0.19832437388756033,-1.0,-1.0,0.0,0.0,0.0,1.0,0.0,0.0,0.0,1.0,0.0,0.0,1.0,0.0,0.0,0.0,0.0,0.0,1.0,1.0,0.0,1.0,0.0,2220.6,2949845.0
-0.6857977693577696,-1.0,1.0,-1.0,-1.2155193142542984,-0.755049237304499,-0.734344941658726,-1.0,-1.0,0.0,0.0,0.0,1.0,0.0,1.0,0.0,0.0,0.0,1.0,0.0,0.0,0.0,0.0,0.0,1.0,0.0,1.0,0.0,1.0,0.0,3271.0,2188953.0
-0.539986459360264,-1.0,1.0,1.0,-0.8165395119499793,-0.43900366866190393,-0.6515794394203627,-1.0,-1.0,0.0,0.0,1.0,0.0,0.0,0.0,1.0,0.0,1.0,0.0,0.0,0.0,0.0,0.0,0.0,0.0,1.0,1.0,0.0,1.0,0.0,1777.0,1734530.0
-0.40149184592177295,-1.0,-1.0,-1.0,-0.5402472407409815,-0.13881701744223485,-0.23111774329839446,-1.0,-1.0,0.0,0.0,0.0,1.0,1.0,0.0,0.0,0.0,0.0,0.0,1.0,0.0,0.0,0.0,0.0,0.0,1.0,1.0,0.0,1.0,0.0,1914.7,2427074.0
0.9868275706429429,0.0,1.0,0.0,0.7243316278795562,0.7130848941237046,0.21507164560148143,0.0,0.0,0.0,1.0,0.0,0.0,0.0,1.0,0.0,0.0,0.0,0.0,0.0,0.0,1.0,1.0,0.0,0.0,0.0,1.0,0.0,1.0,0.0,1409.3,5904544.0
-0.3049969711726905,-1.0,0.0,0.0,-0.3830902470034542,0.07033532857050906,-0.38598730695240996,-1.0,-1.0,0.0,0.0,0.0,1.0,0.0,0.0,1.0,0.0,0.0,0.0,0.0,0.0,1.0,0.0,0.0,0.0,1.0,1.0,0.0,1.0,0.0,2091.1,3075381.0
1.102231830005583,0.0,-1.0,-1.0,0.7839586766738423,0.8381540837999615,1.4759713058017656,0.0,0.0,0.0,1.0,0.0,0.0,0.0,0.0,1.0,0.0,0.0,1.0,0.0,0.0,0.0,0.0,0.0,0.0,1.0,1.0,0.0,1.0,0.0,2183.9,9680355.0
0.08397572187050893,0.0,-1.0,-1.0,0.08498950507130332,-0.2653794168758448,0.32000503406986575,0.0,1.5,0.0,1.0,0.0,0.0,1.0,0.0,0.0,0.0,0.0,0.0,0.0,1.0,0.0,0.0,1.0,0.0,0.0,0.0,1.0,1.0,0.0,5265.9,12055751.0
-0.2422349182216625,0.0,1.0,0.0,-0.29212423422056105,-0.618909699427174,-0.4825695330900199,0.0,0.0,0.0,0.0,0.0,1.0,0.0,0.0,1.0,0.0,0.0,1.0,0.0,0.0,0.0,0.0,0.0,0.0,1.0,1.0,0.0,1.0,0.0,1889.9,3029132.0
0.7572068273330881,0.0,1.0,0.0,0.5946549442485386,0.4642337645620132,0.08473418313227025,0.0,0.0,0.0,0.0,0.0,1.0,0.0,0.0,1.0,0.0,0.0,1.0,0.0,0.0,0.0,0.0,1.0,0.0,0.0,1.0,0.0,1.0,0.0,4352.4,16131735.0
-0.08416576593697646,-1.0,0.0,-1.0,-0.09263433967374246,0.5489862907897276,-0.21885618741122953,-1.0,-1.0,0.0,0.0,0.0,1.0,0.0,1.0,0.0,0.0,0.0,0.0,0.0,1.0,0.0,0.0,0.0,1.0,0.0,1.0,0.0,1.0,0.0,2951.1,5711854.0
-0.4823080851872526,-1.0,0.0,-1.0,-0.6926039959941412,-0.31398596897728015,-0.5201812265151651,-1.0,-1.0,0.0,1.0,0.0,0.0,0.0,0.0,0.0,1.0,0.0,1.0,0.0,0.0,0.0,0.0,0.0,0.0,1.0,1.0,0.0,1.0,0.0,2586.6,2838794.0
-0.06582651352282297,-1.0,0.0,0.0,-0.07174754744752561,0.5887365643303081,-0.2049765376386616,-1.0,-1.0,1.0,0.0,0.0,0.0,0.0,0.0,1.0,0.0,0.0,0.0,1.0,0.0,0.0,1.0,0.0,0.0,0.0,1.0,0.0,1.0,0.0,1682.2,3320831.0
-0.5448325830551957,0.0,1.0,-1.0,-0.8276448728898862,-0.9468494561369635,-0.6543301990255478,0.0,0.0,0.0,1.0,0.0,0.0,1.0,0.0,0.0,0.0,0.0,1.0,0.0,0.0,0.0,0.0,0.0,0.0,1.0,1.0,0.0,1.0,0.0,2070.8,2000186.0
-0.10692354289650899,-1.0,0.0,0.0,-0.1191400962017045,0.499658878805432,-0.236079897880297,-1.0,-1.0,0.0,0.0,0.0,1.0,0.0,1.0,0.0,0.0,0.0,0.0,0.0,0.0,1.0,0.0,0.0,0.0,1.0,1.0,0.0,1.0,0.0,1884.1,3556427.0
2.1895689563017426,1.0,1.0,1.0,1.2244127235306892,0.8629722597670078,0.8977724240844285,0.0,1.0,0.0,0.0,1.0,0.0,0.0,1.0,0.0,0.0,0.0,1.0,0.0,0.0,0.0,1.0,0.0,0.0,0.0,1.0,0.0,1.0,0.0,1179.7,7929000.0
-0.5555700728106328,0.0,-1.0,-1.0,-0.8526740936007124,-0.9584861942459936,-0.4060336923104582,0.0,0.0,0.0,1.0,0.0,0.0,0.0,1.0,0.0,0.0,0.0,0.0,0.0,1.0,0.0,0.0,0.0,1.0,0.0,1.0,0.0,1.0,0.0,3381.4,3189675.0
0.39669323324345845,0.0,0.0,-1.0,0.3523117014826834,0.0735277080517473,0.145071106236853,0.0,0.0,0.0,0.0,0.0,1.0,1.0,0.0,0.0,0.0,0.0,0.0,0.0,0.0,1.0,1.0,0.0,0.0,0.0,1.0,0.0,1.0,0.0,1369.3,4036149.0
0.32058058462305966,0.0,-1.0,0.0,0.2931942964925056,-0.008959258544120533,0.588608619046763,0.0,0.0,0.0,0.0,1.0,0.0,0.0,1.0,0.0,0.0,0.0,1.0,0.0,0.0,0.0,0.0,1.0,0.0,0.0,1.0,0.0,1.0,0.0,3951.0,11013017.0
0.6197099452435535,1.0,0.0,-1.0,0.5086441349823304,-0.27124927592199277,0.31385627730533433,0.0,1.0,0.0,1.0,0.0,0.0,0.0,0.0,1.0,0.0,0.0,1.0,0.0,0.0,0.0,0.0,1.0,0.0,0.0,1.0,0.0,1.0,0.0,5159.7,17630695.0
-0.553051988929933,0.0,0.0,0.0,-0.8467510525725849,-0.9557572246894511,-0.5737221553010552,0.0,0.0,0.0,0.0,0.0,1.0,1.0,0.0,0.0,0.0,0.0,0.0,0.0,1.0,0.0,0.0,0.0,1.0,0.0,1.0,0.0,1.0,0.0,2617.0,2482486.0
1.0262617144350346,0.0,0.0,-1.0,0.7450865264697442,0.755821587178992,0.6215458190251884,0.0,0.0,0.0,1.0,0.0,0.0,0.0,1.0,0.0,0.0,0.0,1.0,0.0,0.0,0.0,0.0,0.0,0.0,1.0,1.0,0.0,1.0,0.0,2079.1,8883371.0
-0.6793837821144776,-1.0,-1.0,-1.0,-1.1944142656934311,-0.7411469395636223,-0.5465921144891317,-1.0,-1.0,0.0,1.0,0.0,0.0,0.0,0.0,0.0,1.0,1.0,0.0,0.0,0.0,0.0,0.0,0.0,0.0,1.0,1.0,0.0,1.0,0.0,2466.2,1683675.0
1.2629140882042025,1.0,-1.0,1.0,0.8617535960341138,0.19346506189526066,1.6583844231495297,0.0,1.0,1.0,0.0,0.0,0.0,0.0,1.0,0.0,0.0,0.0,0.0,0.0,1.0,0.0,0.0,0.0,0.0,1.0,1.0,0.0,1.0,0.0,2018.8,9631291.0
-0.580893444667482,-1.0,0.0,-1.0,-0.914158794867807,-0.527669434253717,-0.594793333453192,-1.0,-1.0,0.0,1.0,0.0,0.0,0.0,0.0,1.0,0.0,0.0,0.0,0.0,0.0,1.0,0.0,0.0,0.0,1.0,1.0,0.0,1.0,0.0,2315.8,2061062.0
1.122946633250585,0.0,0.0,-1.0,0.7943148197206799,0.8606037201518952,0.6947196202873015,0.0,0.0,0.0,0.0,0.0,1.0,0.0,0.0,1.0,0.0,0.0,0.0,0.0,0.0,1.0,0.0,0.0,0.0,1.0,1.0,0.0,1.0,0.0,2011.2,9002533.0
-0.5154232637692864,-1.0,2.0,0.0,-0.7619760093814116,-0.3857630173135098,-0.6930727602883803,-1.0,-1.0,0.0,0.0,0.0,1.0,0.0,1.0,0.0,0.0,0.0,0.0,0.0,0.0,1.0,0.0,0.0,1.0,0.0,1.0,0.0,1.0,0.0,2903.6,2984320.0
-0.5099119858417168,-1.0,-1.0,-1.0,-0.750110541970625,-0.37381733925468236,-0.35420075151471553,-1.0,-1.0,1.0,0.0,0.0,0.0,0.0,0.0,1.0,0.0,0.0,1.0,0.0,0.0,0.0,0.0,0.0,0.0,1.0,1.0,0.0,1.0,0.0,2530.4,2630098.0
-0.5172761934173484,0.0,0.0,-1.0,-0.7659953323757466,-0.9169852609898952,-0.5466460509519785,0.0,2.0,0.0,0.0,0.0,1.0,0.0,0.0,1.0,0.0,0.0,1.0,0.0,0.0,0.0,0.0,1.0,0.0,0.0,1.0,0.0,0.0,1.0,4664.4,5225879.0
1.1573446092812774,0.0,1.0,1.0,0.8112909555149482,0.897882474094098,0.3118606281800041,0.0,0.0,1.0,0.0,0.0,0.0,1.0,0.0,0.0,0.0,0.0,0.0,0.0,1.0,0.0,0.0,0.0,1.0,0.0,1.0,0.0,1.0,0.0,2872.8,13067218.0
-0.5327647848344833,-1.0,-1.0,-1.0,-0.8002036121935355,-0.42335071120550954,-0.3801441901440103,-1.0,-1.0,1.0,0.0,0.0,0.0,0.0,1.0,0.0,0.0,0.0,0.0,1.0,0.0,0.0,1.0,0.0,0.0,0.0,1.0,0.0,1.0,0.0,1752.1,1736857.0
-0.3129313109477258,0.0,0.0,0.0,-0.3951674887295348,-0.695526806976894,-0.39199223314934994,0.0,0.0,1.0,0.0,0.0,0.0,0.0,1.0,0.0,0.0,0.0,0.0,1.0,0.0,0.0,0.0,0.0,0.0,1.0,1.0,0.0,1.0,0.0,2196.9,3194293.0
1.3807414094143082,1.0,2.0,-1.0,0.9153722233158234,0.27859518139494965,0.16796893259740028,0.0,1.0,1.0,0.0,0.0,0.0,0.0,1.0,0.0,0.0,0.0,0.0,0.0,1.0,0.0,0.0,0.0,0.0,1.0,1.0,0.0,1.0,0.0,2409.8,12094304.0
-0.3036666627074151,0.0,0.0,-1.0,-0.381078743846059,-0.6854862586084831,-0.3849804929792703,0.0,0.0,0.0,1.0,0.0,0.0,0.0,1.0,0.0,0.0,0.0,0.0,0.0,0.0,1.0,0.0,0.0,0.0,1.0,1.0,0.0,1.0,0.0,2003.2,2951715.0
2.088132935824494,1.0,-1.0,-1.0,1.1902564114519498,0.7896848383428802,2.5952068463350173,0.0,3.0,0.0,0.0,0.0,1.0,0.0,0.0,1.0,0.0,0.0,1.0,0.0,0.0,0.0,1.0,0.0,0.0,0.0,1.0,0.0,0.0,1.0,1585.9,10770561.0
-0.13400482236818648,-1.0,-1.0,0.0,-0.15157161867994928,0.44096028834395296,0.07254454252890094,-1.0,-1.0,0.0,0.0,0.0,1.0,0.0,1.0,0.0,0.0,0.0,0.0,0.0,0.0,1.0,0.0,0.0,0.0,1.0,1.0,0.0,1.0,0.0,1928.9,3531044.0
-0.44315900749486264,0.0,-1.0,-1.0,-0.6160583068860767,-0.836660874042608,-0.2784200212150086,0.0,0.0,1.0,0.0,0.0,0.0,1.0,0.0,0.0,0.0,0.0,0.0,0.0,0.0,1.0,0.0,0.0,0.0,1.0,1.0,0.0,1.0,0.0,2391.7,2821967.0
-0.5154232637692864,0.0,-1.0,-1.0,-0.7619760093814116,-0.914977151316213,-0.36045738120494053,0.0,0.0,0.0,1.0,0.0,0.0,1.0,0.0,0.0,0.0,0.0,0.0,1.0,0.0,0.0,0.0,0.0,0.0,1.0,1.0,0.0,1.0,0.0,2116.3,2175133.0
-0.3674739580240166,-1.0,0.0,-1.0,-0.48214323162994366,-0.06508334942395577,-0.43327160604807524,-1.0,-1.0,0.0,0.0,0.0,1.0,0.0,0.0,0.0,1.0,0.0,0.0,0.0,0.0,1.0,0.0,0.0,0.0,1.0,1.0,0.0,1.0,0.0,2404.6,3220240.0
0.019455761304652645,-1.0,2.0,-1.0,0.02030683176106261,0.7735856342923343,-0.45018608079682126,-1.0,-1.0,0.0,1.0,0.0,0.0,0.0,0.0,1.0,0.0,0.0,0.0,1.0,0.0,0.0,0.0,0.0,0.0,1.0,1.0,0.0,1.0,0.0,2219.9,4780777.0
0.07328574313168887,0.0,-1.0,-1.0,0.07454211229643998,-0.27696466499324196,0.3078693299293433,0.0,0.0,0.0,1.0,0.0,0.0,0.0,1.0,0.0,0.0,0.0,1.0,0.0,0.0,0.0,0.0,0.0,0.0,1.0,1.0,0.0,1.0,0.0,1956.8,4435870.0
-0.669644023707997,-1.0,1.0,0.0,-1.163149724986483,-0.720036042994143,-0.7251757429747756,-1.0,-1.0,0.0,0.0,0.0,1.0,1.0,0.0,0.0,0.0,0.0,0.0,0.0,0.0,1.0,0.0,0.0,1.0,0.0,1.0,0.0,1.0,0.0,2902.0,2040686.0
0.6432754094855746,1.0,1.0,0.0,0.5238907059699921,-0.254223252022055,0.020064364178997162,0.0,1.0,0.0,0.0,0.0,1.0,0.0,0.0,0.0,1.0,0.0,1.0,0.0,0.0,0.0,0.0,0.0,0.0,1.0,1.0,0.0,1.0,0.0,2056.4,7128716.0
-0.6492617975793136,-1.0,0.0,1.0,-1.1005674396179654,-0.6758576301731352,-0.64653638014419,-1.0,-1.0,0.0,0.0,0.0,1.0,1.0,0.0,0.0,0.0,0.0,0.0,0.0,0.0,1.0,0.0,0.0,0.0,1.0,1.0,0.0,1.0,0.0,1695.2,1264789.0
0.9111425211720969,1.0,1.0,-1.0,0.6833195141531911,-0.060689536804617,0.17211125294403198,0.0,1.0,0.0,1.0,0.0,0.0,1.0,0.0,0.0,0.0,0.0,0.0,0.0,0.0,1.0,1.0,0.0,0.0,0.0,1.0,0.0,1.0,0.0,1573.1,6340222.0
-0.49162024444418023,-1.0,-1.0,-1.0,-0.7116566010452591,-0.3341700456973676,-0.3334352133187104,-1.0,1.0,1.0,0.0,0.0,0.0,0.0,1.0,0.0,0.0,0.0,1.0,0.0,0.0,0.0,0.0,1.0,0.0,0.0,1.0,0.0,0.0,1.0,5503.8,6382546.0
-0.11490539368816129,1.0,0.0,1.0,-0.12859599703227212,-0.8020081096736823,-0.24212078171913476,0.0,2.5,0.0,0.0,0.0,1.0,0.0,0.0,1.0,0.0,0.0,0.0,1.0,0.0,0.0,0.0,0.0,0.0,1.0,0.0,1.0,1.0,0.0,2129.0,3982933.0
1.0372842702901734,0.0,1.0,-1.0,0.7508158401533231,0.7677672652378191,0.2437119073731144,0.0,0.0,0.0,0.0,0.0,1.0,0.0,1.0,0.0,0.0,0.0,1.0,0.0,0.0,0.0,1.0,0.0,0.0,0.0,1.0,0.0,1.0,0.0,1445.3,6208864.0
0.8229620743309857,0.0,-2.0,-1.0,0.633441257313464,0.5354959129819141,3.23268190072095,0.0,0.0,0.0,1.0,0.0,0.0,0.0,0.0,1.0,0.0,0.0,0.0,1.0,0.0,0.0,0.0,0.0,0.0,1.0,1.0,0.0,1.0,0.0,2091.0,8039477.0
0.7460892494447151,0.0,0.0,1.0,0.5879543181522444,0.4521851065199201,0.40950360475360037,0.0,0.0,0.0,0.0,0.0,1.0,1.0,0.0,0.0,0.0,0.0,0.0,1.0,0.0,0.0,0.0,0.0,0.0,1.0,1.0,0.0,1.0,0.0,1479.1,5447525.0
1.4559513487189846,1.0,1.0,-1.0,0.9482293689998395,0.3329342858981785,0.4813559626759678,0.0,1.0,0.0,0.0,0.0,1.0,0.0,1.0,0.0,0.0,0.0,0.0,0.0,1.0,0.0,0.0,0.0,0.0,1.0,1.0,0.0,1.0,0.0,2000.5,10356789.0
2.2523785202693873,1.0,-1.0,-1.0,1.2450227685578328,0.9083521057261161,2.7816651983962886,0.0,1.0,0.0,0.0,0.0,1.0,1.0,0.0,0.0,0.0,0.0,1.0,0.0,0.0,0.0,0.0,0.0,0.0,1.0,1.0,0.0,1.0,0.0,1761.5,12072264.0
-0.06891472960292655,-1.0,-1.0,-1.0,-0.07523601478593465,0.5820428654180342,0.14643749662897107,-1.0,-1.0,1.0,0.0,0.0,0.0,0.0,1.0,0.0,0.0,0.0,1.0,0.0,0.0,0.0,1.0,0.0,0.0,0.0,1.0,0.0,1.0,0.0,1752.8,3448809.0
-0.31183855756553536,0.0,-1.0,0.0,-0.3934959494067361,-0.6943425371693378,-0.12933963790654604,0.0,0.0,1.0,0.0,0.0,0.0,0.0,0.0,1.0,0.0,0.0,0.0,0.0,0.0,1.0,0.0,0.0,0.0,1.0,1.0,0.0,1.0,0.0,2270.4,3306384.0
0.9299093727358033,0.0,0.0,-1.0,0.6936380243681247,0.6513998841475188,0.5486237212563602,0.0,0.0,1.0,0.0,0.0,0.0,1.0,0.0,0.0,0.0,0.0,0.0,1.0,0.0,0.0,1.0,0.0,0.0,0.0,1.0,0.0,1.0,0.0,1554.9,6328288.0
-0.41660034920597194,-1.0,-1.0,-1.0,-0.5671129401995341,-0.17156465212074418,-0.2482695384836662,-1.0,-1.0,0.0,1.0,0.0,0.0,0.0,0.0,1.0,0.0,0.0,1.0,0.0,0.0,0.0,0.0,0.0,0.0,1.0,1.0,0.0,1.0,0.0,2502.8,3092960.0
-0.0748536066800488,-1.0,0.0,0.0,-0.08197709970149983,0.5691703675098151,-0.21180848959925208,-1.0,-1.0,1.0,0.0,0.0,0.0,0.0,0.0,1.0,0.0,0.0,0.0,0.0,1.0,0.0,0.0,0.0,0.0,1.0,1.0,0.0,1.0,0.0,2339.0,4572979.0
-0.49394828425841225,-1.0,2.0,0.0,-0.7164738351664748,-0.33921606487738953,-0.6833210478056848,-1.0,-1.0,0.0,0.0,0.0,1.0,0.0,0.0,0.0,1.0,0.0,0.0,0.0,1.0,0.0,1.0,0.0,0.0,0.0,1.0,0.0,1.0,0.0,1609.4,1726886.0
0.8875770569300759,1.0,-1.0,0.0,0.6702184666197449,-0.07771556070455475,1.2322863666600745,0.0,3.0,0.0,0.0,0.0,1.0,0.0,0.0,1.0,0.0,0.0,0.0,0.0,1.0,0.0,0.0,0.0,1.0,0.0,1.0,0.0,0.0,1.0,2840.5,11757462.0
-0.005867610552196531,-1.0,-1.0,0.0,-0.0062015540650758915,0.7186973032116883,0.21801118282663035,-1.0,-1.0,0.0,1.0,0.0,0.0,0.0,0.0,1.0,0.0,0.0,1.0,0.0,0.0,0.0,1.0,0.0,0.0,0.0,1.0,0.0,1.0,0.0,1551.8,3259246.0
0.6018933140121867,0.0,1.0,0.0,0.496969391362907,0.29591298191414034,-0.003424965390769624,0.0,0.0,1.0,0.0,0.0,0.0,0.0,1.0,0.0,0.0,0.0,0.0,0.0,1.0,0.0,0.0,0.0,0.0,1.0,1.0,0.0,1.0,0.0,2039.4,6892152.0
0.004822368186623532,0.0,-1.0,-1.0,0.005069756411581243,-0.35116174293621677,0.23014688696715283,0.0,0.0,0.0,1.0,0.0,0.0,0.0,1.0,0.0,0.0,0.0,1.0,0.0,0.0,0.0,0.0,1.0,0.0,0.0,1.0,0.0,1.0,0.0,4531.2,9618831.0
-0.3804919765770686,-1.0,0.0,-1.0,-0.5040034017176107,-0.0932998648387721,-0.44312399992808466,-1.0,-1.0,0.0,0.0,0.0,1.0,0.0,1.0,0.0,0.0,0.0,0.0,0.0,0.0,1.0,0.0,0.0,0.0,1.0,1.0,0.0,1.0,0.0,2085.7,2736021.0
-0.6969153472461426,-1.0,-1.0,0.0,-1.2531290750397523,-0.7791465533886852,-0.5664946692795886,-1.0,-1.0,0.0,0.0,0.0,1.0,1.0,0.0,0.0,0.0,0.0,1.0,0.0,0.0,0.0,0.0,0.0,1.0,0.0,1.0,0.0,1.0,0.0,2818.4,1820123.0
2.3846016795144376,1.0,-2.0,-1.0,1.2871407577187965,1.0038832035356458,6.778357095341686,0.0,1.0,0.0,1.0,0.0,0.0,0.0,1.0,0.0,0.0,0.0,0.0,1.0,0.0,0.0,0.0,0.0,0.0,1.0,1.0,0.0,1.0,0.0,2113.6,15073561.0
0.4208288296848834,0.0,0.0,-1.0,0.3703887737442834,0.09968462380124858,0.163337588320958,0.0,0.0,0.0,0.0,0.0,1.0,0.0,1.0,0.0,0.0,0.0,1.0,0.0,0.0,0.0,0.0,1.0,0.0,0.0,1.0,0.0,1.0,0.0,4210.5,12624763.0
0.2097848938722667,0.0,-2.0,-1.0,0.20076804831572775,-0.12903391903198835,1.8404739217202133,0.0,0.0,0.0,0.0,1.0,0.0,1.0,0.0,0.0,0.0,0.0,1.0,0.0,0.0,0.0,0.0,0.0,0.0,1.0,1.0,0.0,1.0,0.0,1685.2,4304338.0
-0.23396800133030826,-1.0,0.0,1.0,-0.2807046964544999,0.22429040355280938,-0.3322306323151326,-1.0,-1.0,0.0,1.0,0.0,0.0,0.0,1.0,0.0,0.0,0.0,0.0,0.0,1.0,0.0,0.0,0.0,1.0,0.0,1.0,0.0,1.0,0.0,2768.2,4485038.0
0.1030276395339171,-1.0,0.0,0.0,0.10335715046671809,0.9547274248567934,-0.07718307833372282,-1.0,-1.0,0.0,0.0,0.0,1.0,1.0,0.0,0.0,0.0,0.0,0.0,0.0,0.0,1.0,0.0,1.0,0.0,0.0,1.0,0.0,1.0,0.0,4099.5,9549785.0
1.5836609613854211,1.0,-1.0,1.0,1.0017865595260682,0.4252043509042928,2.0225094838280504,0.0,1.0,0.0,0.0,0.0,1.0,1.0,0.0,0.0,0.0,0.0,1.0,0.0,0.0,0.0,0.0,1.0,0.0,0.0,1.0,0.0,1.0,0.0,3595.0,19578010.0
-0.7167274411754224,-1.0,1.0,0.0,-1.3236555038082334,-0.822089206410504,-0.7519012603153484,-1.0,-1.0,0.0,1.0,0.0,0.0,1.0,0.0,0.0,0.0,0.0,0.0,0.0,0.0,1.0,0.0,1.0,0.0,0.0,1.0,0.0,1.0,0.0,4558.0,2753488.0
1.229561354539084,1.0,2.0,0.0,0.8460693383786075,0.16936774581107467,0.09931860268603601,0.0,1.0,0.0,1.0,0.0,0.0,0.0,0.0,1.0,0.0,1.0,0.0,0.0,0.0,0.0,0.0,0.0,0.0,1.0,1.0,0.0,1.0,0.0,2100.3,9872670.0
-0.42866814742668435,-1.0,-2.0,1.0,-0.5890726799008079,-0.19772156787024522,0.390877546250517,-1.0,-1.0,0.0,0.0,1.0,0.0,0.0,0.0,1.0,0.0,0.0,1.0,0.0,0.0,0.0,0.0,0.0,0.0,1.0,1.0,0.0,1.0,0.0,1824.1,2207891.0
0.05660937629912962,0.0,0.0,0.0,0.058035397876252004,-0.29503765205638155,-0.11231369446791667,0.0,0.0,1.0,0.0,0.0,0.0,0.0,1.0,0.0,0.0,0.0,0.0,1.0,0.0,0.0,0.0,0.0,0.0,1.0,1.0,0.0,1.0,0.0,2015.6,4498416.0
-0.26865104346070223,-1.0,-1.0,-1.0,-0.3294628672947641,0.1491150157688099,-0.08031139317883525,-1.0,-1.0,1.0,0.0,0.0,0.0,0.0,1.0,0.0,0.0,0.0,1.0,0.0,0.0,0.0,0.0,0.0,1.0,0.0,1.0,0.0,1.0,0.0,3614.5,5592354.0
-0.45888515399508245,0.0,-2.0,0.0,-0.6461445861644595,-0.8537040612730902,0.32227036550942983,0.0,0.0,1.0,0.0,0.0,0.0,0.0,0.0,1.0,0.0,0.0,1.0,0.0,0.0,0.0,0.0,0.0,0.0,1.0,1.0,0.0,1.0,0.0,2271.0,2604383.0
-0.4992695181195138,-1.0,1.0,-1.0,-0.7275677009287846,-0.3507498230031539,-0.6284676650905232,-1.0,-1.0,0.0,0.0,0.0,1.0,0.0,1.0,0.0,0.0,0.0,1.0,0.0,0.0,0.0,0.0,1.0,0.0,0.0,1.0,0.0,1.0,0.0,4593.9,4877803.0
0.8259552683778552,0.0,0.0,0.0,0.6351734378844882,0.5387397824547853,0.4699484007838766,0.0,0.0,0.0,0.0,0.0,1.0,0.0,1.0,0.0,0.0,0.0,1.0,0.0,0.0,0.0,0.0,0.0,0.0,1.0,1.0,0.0,1.0,0.0,1695.9,6531080.0
-0.5736242591250844,0.0,0.0,0.0,-0.8961408136763895,-0.9780523910664866,-0.5892918142428218,0.0,1.5,0.0,0.0,0.0,1.0,0.0,1.0,0.0,0.0,0.0,1.0,0.0,0.0,0.0,0.0,0.0,0.0,1.0,0.0,1.0,1.0,0.0,2071.8,1875601.0
0.9886329892743881,0.0,1.0,-1.0,0.7252907965445141,0.7150415138057539,0.21609643839557005,0.0,0.0,1.0,0.0,0.0,0.0,1.0,0.0,0.0,0.0,0.0,1.0,0.0,0.0,0.0,0.0,0.0,0.0,1.0,1.0,0.0,1.0,0.0,2128.3,8925026.0
2.0276989226876982,1.0,-2.0,0.0,1.1693698795080532,0.7460213254382013,5.9680156775318665,0.0,3.0,0.0,1.0,0.0,0.0,0.0,1.0,0.0,0.0,1.0,0.0,0.0,0.0,0.0,0.0,0.0,0.0,1.0,1.0,0.0,0.0,1.0,1948.0,12879214.0
-0.4490978845719849,0.0,-1.0,-1.0,-0.6273199151003999,-0.8430971229967176,-0.2851620790708544,0.0,0.0,0.0,0.0,1.0,0.0,0.0,1.0,0.0,0.0,0.0,0.0,0.0,1.0,0.0,0.0,0.0,0.0,1.0,1.0,0.0,1.0,0.0,1814.0,2117664.0
-0.7208133886044824,-1.0,0.0,0.0,-1.3388040420959542,-0.8309454849713588,-0.7006885888423436,-1.0,-1.0,0.0,0.0,0.0,1.0,1.0,0.0,0.0,0.0,0.0,0.0,0.0,0.0,1.0,0.0,0.0,0.0,1.0,1.0,0.0,1.0,0.0,1769.9,1053975.0
0.024349396016201473,-1.0,-1.0,-1.0,0.02535378581654007,0.784192572568707,0.2523147731971738,-1.0,-1.0,0.0,1.0,0.0,0.0,1.0,0.0,0.0,0.0,0.0,1.0,0.0,0.0,0.0,0.0,0.0,0.0,1.0,1.0,0.0,1.0,0.0,2085.4,4512597.0
-0.017792875723058196,-1.0,-1.0,1.0,-0.018918630183673204,0.692849327411984,0.20447313065209177,-1.0,-1.0,0.0,0.0,0.0,1.0,0.0,0.0,0.0,1.0,1.0,0.0,0.0,0.0,0.0,1.0,0.0,0.0,0.0,1.0,0.0,1.0,0.0,1379.7,2863153.0
0.8383081326982695,0.0,0.0,-1.0,0.6422922746871801,0.552127180279333,0.479297387677316,0.0,2.0,0.0,0.0,0.0,1.0,0.0,1.0,0.0,0.0,0.0,0.0,0.0,0.0,1.0,0.0,1.0,0.0,0.0,1.0,0.0,0.0,1.0,4168.1,16610141.0
0.6302573909325225,0.0,-1.0,0.0,0.5154953741287812,0.3266525069189674,0.9401664838819869,0.0,0.0,0.0,0.0,0.0,1.0,1.0,0.0,0.0,0.0,0.0,1.0,0.0,0.0,0.0,0.0,0.0,0.0,1.0,1.0,0.0,1.0,0.0,1679.3,5775449.0
-0.6790987160147758,-1.0,0.0,0.0,-1.1934859622476164,-0.7405290596640279,-0.6691177792560363,-1.0,-1.0,0.0,0.0,0.0,1.0,0.0,1.0,0.0,0.0,0.0,1.0,0.0,0.0,0.0,1.0,0.0,0.0,0.0,1.0,0.0,1.0,0.0,1351.0,923138.0
1.090259053818104,0.0,1.0,-1.0,0.7779264731253601,0.8251786059084762,0.2737814854101867,0.0,0.0,1.0,0.0,0.0,0.0,0.0,1.0,0.0,0.0,0.0,1.0,0.0,0.0,0.0,0.0,1.0,0.0,0.0,1.0,0.0,1.0,0.0,5081.0,22393999.0
0.5528619448634654,1.0,-1.0,-1.0,0.4641592183656792,-0.31954688807363063,0.8523039859046044,0.0,1.0,1.0,0.0,0.0,0.0,0.0,0.0,0.0,1.0,0.0,1.0,0.0,0.0,0.0,1.0,0.0,0.0,0.0,1.0,0.0,1.0,0.0,2042.4,6691515.0
-0.5956218598187453,-1.0,-1.0,0.0,-0.9516341459656317,-0.5595932290661003,-0.45150213049028237,-1.0,-1.0,0.0,0.0,0.0,1.0,0.0,0.0,1.0,0.0,0.0,1.0,0.0,0.0,0.0,0.0,0.0,0.0,1.0,1.0,0.0,1.0,0.0,2103.1,1806563.0
-0.19600669905334286,-1.0,0.0,-1.0,-0.2297931293315228,0.3065714101821457,-0.30350047643875516,-1.0,-1.0,1.0,0.0,0.0,0.0,0.0,0.0,0.0,1.0,0.0,1.0,0.0,0.0,0.0,1.0,0.0,0.0,0.0,1.0,0.0,1.0,0.0,1826.9,3105913.0
-0.20759938710788545,-1.0,-1.0,-1.0,-0.2450824514585301,0.28144429426530215,-0.011003038420740293,-1.0,-1.0,1.0,0.0,0.0,0.0,0.0,0.0,0.0,1.0,0.0,0.0,0.0,0.0,1.0,0.0,1.0,0.0,0.0,1.0,0.0,1.0,0.0,6167.9,10335550.0
0.2428525614376836,0.0,0.0,1.0,0.22920810113056336,-0.09319688485550622,0.028640261771633087,0.0,0.0,0.0,0.0,0.0,1.0,0.0,0.0,0.0,1.0,0.0,1.0,0.0,0.0,0.0,0.0,0.0,0.0,1.0,1.0,0.0,1.0,0.0,1887.0,4951111.0
-0.20683921084201384,-1.0,0.0,1.0,-0.24407307708895648,0.2830919739975541,-0.31169881879146355,-1.0,-1.0,0.0,0.0,0.0,1.0,0.0,0.0,0.0,1.0,0.0,0.0,0.0,0.0,1.0,1.0,0.0,0.0,0.0,1.0,0.0,1.0,0.0,1383.5,2320545.0
-0.31245620078155606,0.0,-1.0,0.0,-0.3944404080685944,-0.6950119070605651,-0.130040811923554,0.0,0.0,0.0,0.0,0.0,1.0,0.0,1.0,0.0,0.0,0.0,0.0,0.0,0.0,1.0,1.0,0.0,0.0,0.0,1.0,0.0,1.0,0.0,1337.7,1946354.0
0.4115641814445727,0.0,-1.0,1.0,0.36348620741103216,0.0896440754328377,0.6918969453983208,0.0,0.0,0.0,0.0,0.0,1.0,1.0,0.0,0.0,0.0,0.0,1.0,0.0,0.0,0.0,0.0,0.0,0.0,1.0,1.0,0.0,1.0,0.0,1510.6,4499926.0
2.2668693803375657,1.0,0.0,-1.0,1.2497212847503576,0.9188217373581341,1.5604717642616994,0.0,1.0,0.0,0.0,0.0,1.0,0.0,1.0,0.0,0.0,0.0,0.0,1.0,0.0,0.0,0.0,0.0,0.0,1.0,1.0,0.0,1.0,0.0,2001.5,13778126.0
0.8484279792376859,0.0,2.0,0.0,0.6480887694942875,0.5630945484971358,-0.07375271929666839,0.0,0.0,0.0,0.0,1.0,0.0,0.0,0.0,0.0,1.0,0.0,1.0,0.0,0.0,0.0,0.0,0.0,1.0,0.0,1.0,0.0,1.0,0.0,2756.3,10745160.0
2.180256797044815,1.0,-1.0,-1.0,1.2213226178157632,0.8562442341936453,2.6997896477948973,0.0,1.0,0.0,1.0,0.0,0.0,1.0,0.0,0.0,0.0,1.0,0.0,0.0,0.0,0.0,0.0,0.0,0.0,1.0,1.0,0.0,1.0,0.0,1951.0,13074822.0
0.6548680975401172,0.0,-2.0,0.0,0.5313111878342092,0.3533243225847975,2.8510274896172305,0.0,0.0,0.0,0.0,1.0,0.0,0.0,1.0,0.0,0.0,0.0,1.0,0.0,0.0,0.0,0.0,1.0,0.0,0.0,1.0,0.0,1.0,0.0,3671.5,12817206.0
-0.03784252473542285,0.0,0.0,-1.0,-0.040650121902340096,-0.39739975542253986,-0.1837974865608313,0.0,0.0,0.0,0.0,0.0,1.0,0.0,0.0,1.0,0.0,0.0,0.0,0.0,0.0,1.0,0.0,0.0,0.0,1.0,1.0,0.0,1.0,0.0,1986.1,4037741.0
-0.061122922877742104,-1.0,-2.0,-1.0,-0.06645634073891458,0.5989315826736177,1.2253824994156883,-1.0,-1.0,0.0,0.0,0.0,1.0,0.0,0.0,1.0,0.0,0.0,0.0,0.0,0.0,1.0,0.0,0.0,1.0,0.0,1.0,0.0,1.0,0.0,3159.1,6267654.0
0.04948272380658291,-1.0,-1.0,1.0,0.05090195608821623,0.8386689837162903,0.28084716204311333,-1.0,-1.0,1.0,0.0,0.0,0.0,0.0,0.0,1.0,0.0,0.0,0.0,0.0,0.0,1.0,0.0,0.0,1.0,0.0,1.0,0.0,1.0,0.0,3267.6,7243616.0
-0.0977064056728152,-1.0,-1.0,-1.0,-0.1083248739610775,0.5196369955589881,0.1137520001438306,-1.0,-1.0,0.0,0.0,0.0,1.0,0.0,1.0,0.0,0.0,0.0,0.0,0.0,1.0,0.0,0.0,0.0,0.0,1.0,1.0,0.0,1.0,0.0,2075.4,3957788.0
-0.6191873240607664,-1.0,0.0,0.0,-1.0144998328703476,-0.6106713007659137,-0.6237751928228547,-1.0,-1.0,1.0,0.0,0.0,0.0,0.0,0.0,1.0,0.0,0.0,0.0,0.0,0.0,1.0,0.0,1.0,0.0,0.0,1.0,0.0,1.0,0.0,5790.9,4687154.0
0.7974486584076683,1.0,1.0,-1.0,0.6185602525603846,-0.14283323678959906,0.10757627514787582,0.0,1.0,0.0,0.0,0.0,1.0,1.0,0.0,0.0,0.0,0.0,1.0,0.0,0.0,0.0,0.0,0.0,1.0,0.0,1.0,0.0,1.0,0.0,2641.3,10013432.0
-0.4505707260871113,0.0,0.0,-1.0,-0.6301314385153695,-0.8446933127373368,-0.4961615217274051,0.0,0.0,0.0,1.0,0.0,0.0,1.0,0.0,0.0,0.0,0.0,0.0,0.0,0.0,1.0,0.0,0.0,0.0,1.0,1.0,0.0,1.0,0.0,2026.3,2359221.0
0.6018933140121867,0.0,-2.0,0.0,0.496969391362907,0.29591298191414034,2.730749177468941,0.0,0.0,1.0,0.0,0.0,0.0,0.0,0.0,0.0,1.0,0.0,0.0,0.0,1.0,0.0,0.0,0.0,1.0,0.0,1.0,0.0,1.0,0.0,3344.6,11303076.0
-0.41213431364397596,0.0,-2.0,-1.0,-0.5591002566627841,-0.8030379095063398,0.4284173243918664,0.0,0.0,1.0,0.0,0.0,0.0,0.0,0.0,1.0,0.0,0.0,0.0,0.0,0.0,1.0,0.0,0.0,0.0,1.0,1.0,0.0,1.0,0.0,2450.1,3050865.0
-0.3325533608105377,0.0,0.0,0.0,-0.42564080419419226,-0.7167921735212719,-0.40684273925315967,0.0,1.5,0.0,0.0,0.0,1.0,0.0,0.0,0.0,1.0,0.0,0.0,0.0,0.0,1.0,0.0,0.0,0.0,1.0,0.0,1.0,1.0,0.0,2158.0,3048607.0
-0.47551400981102476,0.0,0.0,-1.0,-0.678916651208818,-0.8717255583445969,-0.5150392837237733,0.0,0.0,0.0,0.0,0.0,1.0,1.0,0.0,0.0,0.0,1.0,0.0,0.0,0.0,0.0,0.0,0.0,0.0,1.0,1.0,0.0,1.0,0.0,1871.8,2081067.0
-0.12730576902519253,0.0,0.0,-1.0,-0.14345608730745718,-0.494355409667246,-0.2515057262544722,0.0,1.5,0.0,1.0,0.0,0.0,0.0,1.0,0.0,0.0,0.0,1.0,0.0,0.0,0.0,1.0,0.0,0.0,0.0,0.0,1.0,1.0,0.0,1741.2,3211992.0
0.2784383128838,0.0,-1.0,-1.0,0.2589834197041483,-0.054630881122482,0.5407669765016809,0.0,0.0,1.0,0.0,0.0,0.0,0.0,0.0,1.0,0.0,1.0,0.0,0.0,0.0,0.0,0.0,0.0,0.0,1.0,1.0,0.0,1.0,0.0,2526.7,6818805.0
0.5211720967799409,0.0,0.0,0.0,0.44239907414174656,0.20843148612988335,0.23928012800920506,0.0,0.0,0.0,0.0,1.0,0.0,0.0,1.0,0.0,0.0,1.0,0.0,0.0,0.0,0.0,0.0,0.0,1.0,0.0,1.0,0.0,1.0,0.0,2411.0,7738346.0
-0.7530733688874106,-1.0,-1.0,-1.0,-1.466692549838961,-0.9008688936088048,-0.6302475683644666,-1.0,-1.0,1.0,0.0,0.0,0.0,1.0,0.0,0.0,0.0,0.0,1.0,0.0,0.0,0.0,0.0,0.0,1.0,0.0,1.0,0.0,1.0,0.0,3595.4,1896933.0
-0.4466748227245191,0.0,-1.0,0.0,-0.6227106965856484,-0.8404711334234409,-0.2824113194656694,0.0,0.0,0.0,1.0,0.0,0.0,1.0,0.0,0.0,0.0,0.0,0.0,0.0,0.0,1.0,0.0,0.0,0.0,1.0,1.0,0.0,1.0,0.0,1829.8,2145440.0
1.1845684218028054,0.0,-1.0,0.0,0.8245360656264399,0.9273862392997358,1.5694431959152115,0.0,0.0,0.0,0.0,0.0,1.0,0.0,1.0,0.0,0.0,0.0,0.0,0.0,1.0,0.0,0.0,0.0,0.0,1.0,1.0,0.0,1.0,0.0,1742.8,8027163.0
0.14901830361915194,1.0,-1.0,0.0,0.14642506989018053,-0.6113235073265967,0.39384405170708914,0.0,3.0,0.0,0.0,0.0,1.0,1.0,0.0,0.0,0.0,0.0,1.0,0.0,0.0,0.0,0.0,0.0,0.0,1.0,1.0,0.0,0.0,1.0,1933.3,5140766.0
-0.29777529664690977,-1.0,1.0,0.0,-0.37221633190548065,0.08598828602690352,-0.5140953956239549,-1.0,-1.0,1.0,0.0,0.0,0.0,1.0,0.0,0.0,0.0,0.0,1.0,0.0,0.0,0.0,0.0,0.0,0.0,1.0,1.0,0.0,1.0,0.0,2198.7,3267048.0
-0.4875342970151202,-1.0,-1.0,1.0,-0.7032545199829862,-0.32531376713651294,-0.3287966775138886,-1.0,-1.0,0.0,0.0,1.0,0.0,0.0,0.0,0.0,1.0,0.0,1.0,0.0,0.0,0.0,0.0,0.0,0.0,1.0,1.0,0.0,1.0,0.0,1865.8,2027192.0
0.009716002898172142,0.0,2.0,-1.0,0.010189726172925807,-0.34585827379803064,-0.4546088707502561,0.0,0.0,0.0,1.0,0.0,0.0,0.0,1.0,0.0,0.0,0.0,0.0,0.0,1.0,0.0,0.0,0.0,1.0,0.0,1.0,0.0,1.0,0.0,2934.8,6260222.0
-0.6527776128089698,-1.0,2.0,-1.0,-1.1111017845626225,-0.6834781489348009,-0.755444885924381,-1.0,-1.0,0.0,0.0,0.0,1.0,1.0,0.0,0.0,0.0,0.0,0.0,0.0,0.0,1.0,0.0,0.0,0.0,1.0,1.0,0.0,1.0,0.0,2023.6,1494833.0
1.0425579931346582,0.0,0.0,-1.0,0.7535460886316728,0.7734826543090686,0.633879290196149,0.0,0.0,0.0,0.0,0.0,1.0,1.0,0.0,0.0,0.0,0.0,0.0,0.0,0.0,1.0,0.0,0.0,0.0,1.0,1.0,0.0,1.0,0.0,1725.8,7433021.0
-0.3793042011616442,-1.0,-1.0,0.0,-0.5019900343046959,-0.0907253652571283,-0.2059294151489545,-1.0,-1.0,0.0,0.0,0.0,1.0,0.0,1.0,0.0,0.0,1.0,0.0,0.0,0.0,0.0,0.0,0.0,0.0,1.0,1.0,0.0,1.0,0.0,1863.6,2449329.0
1.5385730066159091,1.0,-1.0,-1.0,0.9831861436351889,0.3926283495312265,1.971323780586469,0.0,1.0,0.0,0.0,0.0,1.0,0.0,1.0,0.0,0.0,0.0,1.0,0.0,0.0,0.0,0.0,0.0,0.0,1.0,1.0,0.0,1.0,0.0,2015.4,10784405.0
1.047309094796356,0.0,-1.0,0.0,0.7559997550690811,0.7786316534723562,1.4136207547509034,0.0,0.0,0.0,1.0,0.0,0.0,0.0,0.0,1.0,0.0,0.0,1.0,0.0,0.0,0.0,0.0,1.0,0.0,0.0,1.0,0.0,1.0,0.0,4408.0,19029336.0
0.5330023399175685,0.0,1.0,-1.0,0.45057485515247353,0.22125249404646963,-0.04252890095467534,0.0,0.0,0.0,1.0,0.0,0.0,0.0,0.0,1.0,0.0,0.0,1.0,0.0,0.0,0.0,0.0,0.0,1.0,0.0,1.0,0.0,1.0,0.0,3007.3,9727112.0
1.1786770557423003,0.0,0.0,0.0,0.8216837812756994,0.9210014803372594,0.736897934233473,0.0,0.0,0.0,0.0,0.0,1.0,1.0,0.0,0.0,0.0,0.0,0.0,0.0,1.0,0.0,0.0,0.0,0.0,1.0,1.0,0.0,1.0,0.0,1590.4,7305502.0
-0.33041536506277375,-1.0,-2.0,-1.0,-0.4222775495736688,0.015241037523331356,0.6139587565847432,-1.0,-1.0,1.0,0.0,0.0,0.0,0.0,1.0,0.0,0.0,0.0,0.0,1.0,0.0,0.0,0.0,1.0,0.0,0.0,1.0,0.0,1.0,0.0,5563.7,7884876.0
1.0067821976220737,0.0,-2.0,-1.0,0.7348849755726721,0.7347106906095126,3.6500422502292293,0.0,0.0,0.0,0.0,0.0,1.0,0.0,0.0,1.0,0.0,0.0,0.0,0.0,1.0,0.0,0.0,0.0,0.0,1.0,1.0,0.0,1.0,0.0,1933.7,8182838.0
-0.7742157712819658,-1.0,-1.0,-1.0,-1.55975698426187,-0.9466949861620648,-0.6542492943312777,-1.0,-1.0,0.0,1.0,0.0,0.0,0.0,0.0,1.0,0.0,0.0,1.0,0.0,0.0,0.0,0.0,0.0,0.0,1.0,1.0,0.0,1.0,0.0,2321.2,1121372.0
-0.4074307229988952,-1.0,0.0,-1.0,-0.5507264512181493,-0.15168951535045394,-0.4635119828841624,-1.0,-1.0,0.0,1.0,0.0,0.0,0.0,1.0,0.0,0.0,0.0,1.0,0.0,0.0,0.0,0.0,0.0,0.0,1.0,1.0,0.0,1.0,0.0,2178.4,2734110.0
0.9495789336152323,0.0,-1.0,1.0,0.7043459577965081,0.6727167406835296,1.3026734506751048,0.0,0.0,0.0,1.0,0.0,0.0,1.0,0.0,0.0,0.0,0.0,0.0,0.0,1.0,0.0,0.0,0.0,1.0,0.0,1.0,0.0,1.0,0.0,2351.2,9666489.0
-0.23591595301160442,-1.0,-1.0,-1.0,-0.28338443109671263,0.22006822423891337,-0.043149170277413204,-1.0,-1.0,0.0,1.0,0.0,0.0,0.0,0.0,0.0,1.0,0.0,1.0,0.0,0.0,0.0,1.0,0.0,0.0,0.0,1.0,0.0,1.0,0.0,1807.3,2920778.0
-0.12858856647385095,0.0,0.0,0.0,-0.14500531512934176,-0.4957456394413337,-0.2524765825857139,0.0,0.0,0.0,1.0,0.0,0.0,0.0,0.0,1.0,0.0,0.0,0.0,0.0,0.0,1.0,0.0,0.0,1.0,0.0,1.0,0.0,1.0,0.0,3007.2,5539262.0
-0.18854746944447728,-1.0,-1.0,-1.0,-0.2200708490623227,0.32273926755486887,0.010625483180813026,-1.0,-1.0,0.0,0.0,1.0,0.0,0.0,1.0,0.0,0.0,0.0,0.0,1.0,0.0,0.0,1.0,0.0,0.0,0.0,1.0,0.0,1.0,0.0,1463.9,2511760.0
0.03394662137283095,0.0,2.0,-1.0,0.035182348592328924,-0.3195983780652637,-0.4436058323295157,0.0,0.0,0.0,1.0,0.0,0.0,1.0,0.0,0.0,0.0,0.0,0.0,1.0,0.0,0.0,0.0,0.0,1.0,0.0,1.0,0.0,1.0,0.0,3157.8,6896951.0
0.3385872599208944,1.0,0.0,0.0,0.30748139475031866,-0.4743601295831456,0.1010949101957895,0.0,2.5,0.0,0.0,0.0,1.0,0.0,1.0,0.0,0.0,0.0,0.0,0.0,0.0,1.0,0.0,0.0,0.0,1.0,0.0,1.0,1.0,0.0,2090.0,5904877.0
-0.49162024444418023,0.0,-1.0,0.0,-0.7116566010452591,-0.8891806655081419,-0.3334352133187104,0.0,0.0,0.0,0.0,0.0,1.0,0.0,1.0,0.0,0.0,0.0,1.0,0.0,0.0,0.0,0.0,0.0,1.0,0.0,1.0,0.0,1.0,0.0,2824.4,3044421.0
-0.7576344264826405,-1.0,0.0,-1.0,-1.4860885724660287,-0.9107549720023171,-0.728555761313173,-1.0,-1.0,0.0,0.0,1.0,0.0,0.0,0.0,1.0,0.0,0.0,1.0,0.0,0.0,0.0,0.0,0.0,0.0,1.0,1.0,0.0,1.0,0.0,2130.3,1103495.0
0.9979926595479327,0.0,0.0,0.0,0.7302494407088684,0.7251850421574305,0.6001510220959708,0.0,0.0,0.0,1.0,0.0,0.0,0.0,0.0,0.0,1.0,0.0,0.0,0.0,0.0,1.0,0.0,0.0,0.0,1.0,1.0,0.0,1.0,0.0,2055.4,8659811.0
-0.5223598721953651,0.0,0.0,0.0,-0.7771017505399712,-0.9224946900946129,-0.5504935186350478,0.0,0.0,0.0,0.0,0.0,1.0,1.0,0.0,0.0,0.0,0.0,0.0,1.0,0.0,0.0,0.0,1.0,0.0,0.0,1.0,0.0,1.0,0.0,3992.9,4045606.0
0.06492380420710078,-1.0,-1.0,-1.0,0.06629742487674305,0.8721374782776599,0.2983765124683124,-1.0,-1.0,0.0,0.0,0.0,1.0,0.0,1.0,0.0,0.0,0.0,0.0,1.0,0.0,0.0,0.0,0.0,0.0,1.0,1.0,0.0,1.0,0.0,2043.6,4596669.0
-0.5123825587057997,-1.0,-1.0,0.0,-0.7554130992910894,-0.37917229838450156,-0.35700544758274744,-1.0,-1.0,0.0,0.0,1.0,0.0,0.0,0.0,0.0,1.0,0.0,1.0,0.0,0.0,0.0,1.0,0.0,0.0,0.0,1.0,0.0,1.0,0.0,1491.1,1542096.0
-0.3727001698518842,-1.0,0.0,0.0,-0.4908650345485588,-0.07641114758318857,-0.43722694665683814,-1.0,-1.0,0.0,0.0,1.0,0.0,0.0,0.0,0.0,1.0,0.0,1.0,0.0,0.0,0.0,0.0,0.0,0.0,1.0,1.0,0.0,1.0,0.0,1991.4,2644977.0
0.31772992362604097,1.0,-2.0,0.0,0.2909146965724015,-0.4894295338010342,2.0855612088959203,0.0,3.0,0.0,0.0,0.0,1.0,0.0,0.0,1.0,0.0,0.0,1.0,0.0,0.0,0.0,0.0,0.0,1.0,0.0,1.0,0.0,0.0,1.0,3036.1,8894609.0
0.7535959900701977,0.0,0.0,-1.0,0.5924833211355817,0.46032052519791467,0.4151849121734597,0.0,0.0,0.0,1.0,0.0,0.0,0.0,0.0,1.0,0.0,0.0,0.0,0.0,0.0,1.0,0.0,0.0,0.0,1.0,1.0,0.0,1.0,0.0,2024.1,7486741.0
-0.04154838403154712,0.0,-1.0,-1.0,-0.0447161698140236,-0.40141597476990415,0.17750489922870863,0.0,0.0,0.0,0.0,0.0,1.0,0.0,0.0,1.0,0.0,0.0,0.0,0.0,0.0,1.0,0.0,0.0,0.0,1.0,1.0,0.0,1.0,0.0,1962.6,3974658.0
0.11395517335582205,0.0,1.0,-1.0,0.1137501096536833,-0.23288923215549986,-0.28038870210891564,0.0,0.0,0.0,1.0,0.0,0.0,0.0,1.0,0.0,0.0,0.0,0.0,0.0,0.0,1.0,0.0,0.0,0.0,1.0,1.0,0.0,1.0,0.0,2020.5,4753226.0
0.13329215711893203,-1.0,0.0,0.0,0.13189467466636753,1.0203256741970776,-0.054278060444796085,-1.0,-1.0,0.0,0.0,0.0,1.0,0.0,1.0,0.0,0.0,0.0,0.0,0.0,0.0,1.0,1.0,0.0,0.0,0.0,1.0,0.0,1.0,0.0,1340.7,3208563.0
-0.4328491168889785,-1.0,-1.0,-1.0,-0.5967883226711347,-0.20678380639763164,-0.26671580877726037,-1.0,-1.0,0.0,1.0,0.0,0.0,1.0,0.0,0.0,0.0,0.0,1.0,0.0,0.0,0.0,0.0,0.0,0.0,1.0,1.0,0.0,1.0,0.0,1994.0,2395990.0
-0.6315401883811806,-1.0,-2.0,-1.0,-1.049008674685391,-0.6374460964150095,-0.06973984646086906,-1.0,-1.0,0.0,1.0,0.0,0.0,1.0,0.0,0.0,0.0,0.0,0.0,1.0,0.0,0.0,0.0,0.0,0.0,1.0,1.0,0.0,1.0,0.0,2151.1,1685172.0
1.007969973037498,1.0,-2.0,0.0,0.7355098447203463,0.009268198493917511,3.6527390733715674,0.0,1.0,0.0,0.0,0.0,1.0,1.0,0.0,0.0,0.0,0.0,1.0,0.0,0.0,0.0,0.0,0.0,0.0,1.0,1.0,0.0,1.0,0.0,1656.8,7015223.0
-0.2544927605088428,-1.0,0.0,0.0,-0.3092867570785139,0.17980305078200415,-0.3477643336150015,-1.0,-1.0,1.0,0.0,0.0,0.0,1.0,0.0,0.0,0.0,0.0,0.0,0.0,0.0,1.0,1.0,0.0,0.0,0.0,1.0,0.0,1.0,0.0,1553.4,2449712.0
-0.2502167690133148,-1.0,0.0,0.0,-0.30326816724274414,0.1890712492759219,-0.3445281458441955,-1.0,-1.0,0.0,1.0,0.0,0.0,0.0,1.0,0.0,0.0,0.0,0.0,0.0,0.0,1.0,0.0,1.0,0.0,0.0,1.0,0.0,1.0,0.0,4911.2,7789163.0
-0.49584872492309134,-1.0,-1.0,0.0,-0.72042259295834,-0.3433352642080197,-0.3382355585120727,-1.0,-1.0,0.0,0.0,0.0,1.0,0.0,1.0,0.0,0.0,0.0,0.0,0.0,1.0,0.0,0.0,0.0,0.0,1.0,1.0,0.0,1.0,0.0,1880.7,2010468.0
-0.47613165302704546,0.0,-1.0,-1.0,-0.6801536657977922,-0.8723949282358242,-0.3158519264306646,0.0,0.0,0.0,0.0,0.0,1.0,0.0,0.0,0.0,1.0,0.0,1.0,0.0,0.0,0.0,0.0,0.0,0.0,1.0,1.0,0.0,1.0,0.0,2160.1,2398791.0
-0.7741207492487319,-1.0,-1.0,-1.0,-1.5593198649411688,-0.9464890261955334,-0.6541414214055842,-1.0,-1.0,0.0,0.0,0.0,1.0,0.0,0.0,0.0,1.0,0.0,0.0,0.0,0.0,1.0,0.0,0.0,1.0,0.0,1.0,0.0,1.0,0.0,3479.8,1681787.0
-0.22522597427278437,0.0,0.0,-1.0,-0.26876143191490065,-0.6004762824226042,-0.3256144262059294,0.0,1.5,0.0,0.0,1.0,0.0,0.0,1.0,0.0,0.0,0.0,1.0,0.0,0.0,0.0,0.0,0.0,0.0,1.0,0.0,1.0,1.0,0.0,1931.8,3165447.0
0.5891128505422196,0.0,1.0,-1.0,0.488514660051745,0.28206217416489654,-0.010679419643659743,0.0,0.0,0.0,0.0,0.0,1.0,0.0,0.0,1.0,0.0,0.0,1.0,0.0,0.0,0.0,0.0,0.0,0.0,1.0,1.0,0.0,1.0,0.0,1945.1,6521142.0
-0.09148246249599112,0.0,0.0,0.0,-0.10108383201473038,-0.4555319559760573,-0.22439366426349755,0.0,0.0,1.0,0.0,0.0,0.0,0.0,0.0,1.0,0.0,0.0,1.0,0.0,0.0,0.0,0.0,0.0,0.0,1.0,1.0,0.0,1.0,0.0,2369.1,4548909.0
0.46107066075946374,0.0,0.0,-1.0,0.39985895074422634,0.14329664671429476,0.19379371100843215,0.0,0.0,0.0,0.0,0.0,1.0,0.0,0.0,0.0,1.0,0.0,1.0,0.0,0.0,0.0,0.0,0.0,0.0,1.0,1.0,0.0,1.0,0.0,2015.5,6213988.0
-0.6359587129265597,-1.0,0.0,-1.0,-1.0616306550276855,-0.6470232348587244,-0.6364682404127936,-1.0,-1.0,0.0,0.0,0.0,1.0,0.0,1.0,0.0,0.0,0.0,0.0,0.0,0.0,1.0,0.0,1.0,0.0,0.0,1.0,0.0,1.0,0.0,4874.2,3773118.0
0.5663075625660701,0.0,0.0,-1.0,0.47325828058791325,0.2573469781811159,0.2734398878121573,0.0,0.0,0.0,0.0,1.0,0.0,0.0,1.0,0.0,0.0,0.0,1.0,0.0,0.0,0.0,0.0,0.0,1.0,0.0,1.0,0.0,1.0,0.0,2608.3,8619388.0
-0.16341414165409585,-1.0,0.0,0.0,-0.18795465197251482,0.37721567870245215,-0.2788335340968338,-1.0,-1.0,0.0,0.0,0.0,1.0,0.0,0.0,0.0,1.0,0.0,1.0,0.0,0.0,0.0,0.0,0.0,0.0,1.0,1.0,0.0,1.0,0.0,2185.1,3864786.0
1.1674644558206935,0.0,0.0,-1.0,0.8162339090386207,0.9088498423119004,0.7284119307455816,0.0,0.0,0.0,1.0,0.0,0.0,1.0,0.0,0.0,0.0,0.0,0.0,1.0,0.0,0.0,0.0,0.0,1.0,0.0,1.0,0.0,1.0,0.0,2790.4,12751849.0
-0.7266572436483707,-1.0,1.0,-1.0,-1.360853912499408,-0.8436120229130464,-0.7575376206828356,-1.0,-1.0,0.0,0.0,0.0,1.0,0.0,0.0,1.0,0.0,0.0,0.0,0.0,0.0,1.0,1.0,0.0,0.0,0.0,1.0,0.0,1.0,0.0,1588.9,926646.0
0.12502524022757802,-1.0,-1.0,0.0,0.12417557694639164,1.002407157108837,0.36660613796947206,-1.0,-1.0,0.0,1.0,0.0,0.0,1.0,0.0,0.0,0.0,0.0,0.0,0.0,0.0,1.0,0.0,0.0,0.0,1.0,1.0,0.0,1.0,0.0,1803.5,4284755.0
0.514663087503415,0.0,-1.0,-1.0,0.43787366973119235,0.2013773572761794,0.8089390697758041,0.0,1.5,0.0,0.0,0.0,1.0,0.0,0.0,1.0,0.0,0.0,0.0,0.0,1.0,0.0,0.0,1.0,0.0,0.0,0.0,1.0,1.0,0.0,5477.6,17505862.0
-0.44330154054471366,-1.0,0.0,-1.0,-0.6163271866318474,-0.22943940271609725,-0.49066000251703484,-1.0,-1.0,0.0,0.0,0.0,1.0,0.0,1.0,0.0,0.0,0.0,1.0,0.0,0.0,0.0,0.0,0.0,0.0,1.0,1.0,0.0,1.0,0.0,2005.6,2365806.0
1.2673326127495816,1.0,-2.0,-1.0,0.8638140961148588,0.19665744137649915,4.241617374732565,0.0,1.0,1.0,0.0,0.0,0.0,0.0,1.0,0.0,0.0,0.0,1.0,0.0,0.0,0.0,1.0,0.0,0.0,0.0,1.0,0.0,1.0,0.0,1732.7,8282479.0
0.12873109952370218,0.0,1.0,0.0,0.12764282653468212,-0.21687584475767538,-0.2720015821362434,0.0,0.0,1.0,0.0,0.0,0.0,0.0,1.0,0.0,0.0,0.0,0.0,0.0,0.0,1.0,0.0,0.0,0.0,1.0,1.0,0.0,1.0,0.0,2051.8,4890670.0
0.5540022092622727,0.0,0.0,0.0,0.4649339135550363,0.24401107034820088,0.26412685856061546,0.0,0.0,0.0,0.0,0.0,1.0,0.0,1.0,0.0,0.0,0.0,0.0,0.0,0.0,1.0,0.0,0.0,1.0,0.0,1.0,0.0,1.0,0.0,2581.7,8464620.0
0.5312919433193574,0.0,-1.0,0.0,0.4493967132435716,0.21939885434768613,0.8278168317721724,0.0,0.0,0.0,0.0,0.0,1.0,0.0,1.0,0.0,0.0,0.0,1.0,0.0,0.0,0.0,0.0,1.0,0.0,0.0,1.0,0.0,1.0,0.0,3868.9,12500029.0
0.33074794217909304,0.0,-1.0,0.0,0.30128511129858765,0.0020595996653150544,0.600151022095971,0.0,0.0,0.0,0.0,1.0,0.0,0.0,1.0,0.0,0.0,0.0,0.0,0.0,0.0,1.0,0.0,0.0,1.0,0.0,1.0,0.0,1.0,0.0,2532.9,7114410.0
-0.33022532099630586,0.0,0.0,0.0,-0.42197911024276463,-0.714269163931261,-0.40508081480016533,0.0,1.5,0.0,0.0,1.0,0.0,0.0,0.0,1.0,0.0,0.0,0.0,0.0,0.0,1.0,0.0,0.0,1.0,0.0,0.0,1.0,1.0,0.0,3083.4,4371028.0
0.22479837512323195,0.0,-1.0,0.0,0.21377529148420382,-0.11276308167599923,0.4798727099476817,0.0,0.0,0.0,0.0,1.0,0.0,0.0,0.0,1.0,0.0,0.0,0.0,0.0,0.0,1.0,0.0,0.0,1.0,0.0,1.0,0.0,1.0,0.0,2543.7,6577499.0
-0.6201850554097229,-1.0,-1.0,0.0,-1.017245690105889,-0.6128338804144946,-0.47938728178206064,-1.0,-1.0,0.0,1.0,0.0,0.0,0.0,0.0,1.0,0.0,0.0,1.0,0.0,0.0,0.0,1.0,0.0,0.0,0.0,1.0,0.0,1.0,0.0,1540.4,1243565.0
-0.10711358696297685,0.0,2.0,-1.0,-0.11936425757944755,-0.47247216322327357,-0.5076607756063356,0.0,0.0,1.0,0.0,0.0,0.0,0.0,1.0,0.0,0.0,0.0,0.0,0.0,1.0,0.0,1.0,0.0,0.0,0.0,1.0,0.0,1.0,0.0,1700.3,3208806.0
-0.09974937938734524,-1.0,0.0,-1.0,-0.1107125461965468,0.5152088562785608,-0.2306502939537224,-1.0,-1.0,0.0,0.0,0.0,1.0,0.0,1.0,0.0,0.0,0.0,0.0,0.0,1.0,0.0,1.0,0.0,0.0,0.0,1.0,0.0,1.0,0.0,1498.4,2851006.0
0.6325854307467546,0.0,-2.0,0.0,0.5170016276228147,0.3291755165089784,2.8004350874669637,0.0,0.0,0.0,0.0,0.0,1.0,0.0,1.0,0.0,0.0,0.0,1.0,0.0,0.0,0.0,0.0,0.0,0.0,1.0,1.0,0.0,1.0,0.0,1720.6,5925918.0
-0.6995284531600763,-1.0,0.0,-1.0,-1.2621664131418524,-0.7848104524683016,-0.6845795652721094,-1.0,-1.0,0.0,1.0,0.0,0.0,0.0,0.0,1.0,0.0,0.0,1.0,0.0,0.0,0.0,0.0,0.0,0.0,1.0,1.0,0.0,1.0,0.0,2405.1,1539986.0
0.38210735114204625,1.0,-2.0,0.0,0.34123557142540645,-0.4429169080260025,2.231729023210658,0.0,1.0,0.0,0.0,0.0,1.0,0.0,1.0,0.0,0.0,0.0,0.0,0.0,0.0,1.0,0.0,0.0,0.0,1.0,1.0,0.0,1.0,0.0,1886.6,5503024.0
-0.6833271964936867,-1.0,0.0,-1.0,-1.2073400486955415,-0.7496942781746799,-0.6723180093849445,-1.0,-1.0,0.0,0.0,0.0,1.0,0.0,1.0,0.0,0.0,0.0,0.0,0.0,0.0,1.0,1.0,0.0,0.0,0.0,1.0,0.0,1.0,0.0,1455.2,981387.0
-0.47879226995759616,-1.0,1.0,0.0,-0.6854989363105689,-0.30636545021561434,-0.616844357347045,-1.0,-1.0,0.0,1.0,0.0,0.0,0.0,1.0,0.0,0.0,0.0,1.0,0.0,0.0,0.0,0.0,0.0,0.0,1.0,1.0,0.0,1.0,0.0,2010.7,2221622.0
-0.4022995332042615,-1.0,1.0,0.0,-0.5416663314388429,-0.14056767715775245,-0.573425504755398,-1.0,-1.0,0.0,0.0,0.0,1.0,0.0,1.0,0.0,0.0,0.0,0.0,1.0,0.0,0.0,1.0,0.0,0.0,0.0,1.0,0.0,1.0,0.0,1368.7,1732637.0
0.18113575085222908,0.0,-2.0,0.0,0.1754947015256389,-0.16008238398661265,1.7754265475270132,0.0,0.0,0.0,0.0,0.0,1.0,0.0,1.0,0.0,0.0,0.0,0.0,0.0,1.0,0.0,0.0,0.0,0.0,1.0,1.0,0.0,1.0,0.0,1765.4,4402731.0
-0.36182014704659626,0.0,0.0,-1.0,-0.47278807377271503,-0.7485100083671238,-0.42899264666223186,0.0,0.0,0.0,0.0,0.0,1.0,1.0,0.0,0.0,0.0,0.0,0.0,1.0,0.0,0.0,1.0,0.0,0.0,0.0,1.0,0.0,1.0,0.0,1365.7,1845197.0
0.22289793445855283,0.0,1.0,0.0,0.2121376157312424,-0.11482268134131428,-0.21855054745509778,0.0,0.0,0.0,0.0,0.0,1.0,0.0,1.0,0.0,0.0,0.0,0.0,1.0,0.0,0.0,0.0,0.0,0.0,1.0,1.0,0.0,1.0,0.0,1889.5,4878311.0
-0.6267890867194829,-1.0,0.0,0.0,-1.0356025432848361,-0.6271480980884342,-0.6295284155265096,-1.0,-1.0,0.0,0.0,0.0,1.0,0.0,0.0,1.0,0.0,0.0,1.0,0.0,0.0,0.0,0.0,0.0,0.0,1.0,1.0,0.0,1.0,0.0,2049.6,1626153.0
0.02173629010226768,-1.0,0.0,0.0,0.022661805440247436,0.7785286734890906,-0.13870660362093445,-1.0,-1.0,0.0,0.0,0.0,1.0,1.0,0.0,0.0,0.0,0.0,0.0,0.0,0.0,1.0,1.0,0.0,0.0,0.0,1.0,0.0,1.0,0.0,1293.8,2792538.0
-0.24242496228813035,-1.0,0.0,0.0,-0.29238820674883664,0.20595996653150545,-0.338631092572949,-1.0,-1.0,0.0,1.0,0.0,0.0,0.0,1.0,0.0,0.0,0.0,1.0,0.0,0.0,0.0,0.0,0.0,0.0,1.0,1.0,0.0,1.0,0.0,2092.0,3352221.0
-0.6009906046964638,-1.0,0.0,-1.0,-0.9656314287640299,-0.5712299671751304,-0.6100034159759803,-1.0,-1.0,0.0,0.0,0.0,1.0,1.0,0.0,0.0,0.0,0.0,0.0,1.0,0.0,0.0,0.0,0.0,0.0,1.0,1.0,0.0,1.0,0.0,1944.3,1648183.0
0.86785998503403,0.0,0.0,-1.0,0.6591308926318605,0.5841539550749822,0.5016630409377755,0.0,0.0,0.0,0.0,0.0,1.0,0.0,0.0,1.0,0.0,0.0,1.0,0.0,0.0,0.0,0.0,1.0,0.0,0.0,1.0,0.0,1.0,0.0,4442.8,17501522.0
-0.3358791319737262,-1.0,0.0,0.0,-0.43089387200957247,0.003398339447769793,-0.4093597741860088,-1.0,-1.0,0.0,0.0,0.0,1.0,1.0,0.0,0.0,0.0,0.0,0.0,0.0,0.0,1.0,0.0,0.0,0.0,1.0,1.0,0.0,1.0,0.0,1812.9,2548394.0
1.463315556294616,1.0,0.0,-1.0,0.9513924248242954,0.33825491836690913,0.9523201668434584,0.0,1.0,0.0,0.0,0.0,1.0,0.0,0.0,1.0,0.0,0.0,0.0,1.0,0.0,0.0,0.0,0.0,0.0,1.0,1.0,0.0,1.0,0.0,2182.4,11332330.0
-0.36353054364480747,-1.0,0.0,0.0,-0.47560949075706543,-0.05653601081289834,-0.43028712177055417,-1.0,-1.0,1.0,0.0,0.0,0.0,0.0,0.0,1.0,0.0,0.0,0.0,1.0,0.0,0.0,1.0,0.0,0.0,0.0,1.0,0.0,1.0,0.0,1731.0,2332522.0
-0.5111472722737583,-1.0,0.0,-1.0,-0.7527584995036035,-0.37649481881959207,-0.5420075151471566,-1.0,-1.0,1.0,0.0,0.0,0.0,0.0,1.0,0.0,0.0,0.0,0.0,0.0,0.0,1.0,0.0,0.0,0.0,1.0,1.0,0.0,1.0,0.0,2499.4,2591378.0
1.078238766614009,1.0,1.0,0.0,0.7718355443467069,0.06003733024393379,0.26695852286007093,0.0,1.0,0.0,0.0,0.0,1.0,1.0,0.0,0.0,0.0,0.0,0.0,1.0,0.0,0.0,0.0,0.0,1.0,0.0,1.0,0.0,1.0,0.0,2532.6,11098106.0
0.3785440248957729,0.0,-2.0,-1.0,0.3385119647703641,0.053858531247988624,2.223638553783643,0.0,0.0,0.0,0.0,0.0,1.0,0.0,1.0,0.0,0.0,0.0,1.0,0.0,0.0,0.0,1.0,0.0,0.0,0.0,1.0,0.0,1.0,0.0,1436.6,4179644.0
0.29981827036144015,0.0,0.0,1.0,0.2764777434918446,-0.03146038488768764,0.07175347440714835,0.0,0.0,1.0,0.0,0.0,0.0,0.0,1.0,0.0,0.0,0.0,1.0,0.0,0.0,0.0,0.0,0.0,0.0,1.0,1.0,0.0,1.0,0.0,1871.5,5134835.0
1.0046917128909267,0.0,0.0,-1.0,0.7337843089362508,0.7324451309776662,0.6052210496035672,0.0,0.0,0.0,1.0,0.0,0.0,0.0,1.0,0.0,0.0,0.0,0.0,1.0,0.0,0.0,0.0,0.0,0.0,1.0,1.0,0.0,1.0,0.0,2018.0,8530691.0
-0.12326733261274939,-1.0,0.0,0.0,-0.13859364473417424,0.4642337645620132,-0.24844932669315536,-1.0,-1.0,1.0,0.0,0.0,0.0,0.0,0.0,1.0,0.0,0.0,1.0,0.0,0.0,0.0,1.0,0.0,0.0,0.0,1.0,0.0,1.0,0.0,1782.0,3302402.0
-0.7279875521136461,-1.0,-1.0,-1.0,-1.365938246934399,-0.8464954624444875,-0.6017691159813737,-1.0,-1.0,1.0,0.0,0.0,0.0,0.0,0.0,1.0,0.0,0.0,1.0,0.0,0.0,0.0,0.0,0.0,1.0,0.0,1.0,0.0,1.0,0.0,3832.5,2224383.0
0.6944447743820601,0.0,0.0,0.0,0.5562592242206436,0.3962154856149836,0.37041764801064353,0.0,0.0,1.0,0.0,0.0,0.0,0.0,1.0,0.0,0.0,0.0,0.0,0.0,1.0,0.0,0.0,0.0,0.0,1.0,1.0,0.0,1.0,0.0,2084.3,7449913.0
-0.4340844033210199,-1.0,-1.0,0.0,-0.5990787516322851,-0.20946128596254113,-0.26811815681127626,-1.0,-1.0,0.0,1.0,0.0,0.0,1.0,0.0,0.0,0.0,0.0,0.0,0.0,1.0,0.0,0.0,1.0,0.0,0.0,1.0,0.0,1.0,0.0,4261.0,5108939.0
-0.3845779240061287,-1.0,2.0,1.0,-0.510958785103722,-0.10215614339962674,-0.6336563528163822,-1.0,-1.0,0.0,1.0,0.0,0.0,0.0,1.0,0.0,0.0,0.0,1.0,0.0,0.0,0.0,0.0,0.0,0.0,1.0,1.0,0.0,1.0,0.0,1980.5,2580988.0
1.6762124217552945,1.0,-1.0,-1.0,1.0389727509127211,0.492072686704855,2.1275777134535514,0.0,4.5,1.0,0.0,0.0,0.0,1.0,0.0,0.0,0.0,0.0,0.0,0.0,0.0,1.0,0.0,0.0,0.0,1.0,0.0,1.0,0.0,1.0,2572.9,14962957.0
0.7872337898350181,0.0,-1.0,-1.0,0.6125431482736345,0.496775439273991,1.1183725571277034,0.0,0.0,0.0,0.0,0.0,1.0,0.0,1.0,0.0,0.0,0.0,1.0,0.0,0.0,0.0,0.0,0.0,0.0,1.0,1.0,0.0,1.0,0.0,1963.9,7403117.0
0.9791307859509926,0.0,-1.0,0.0,0.7202327591447449,0.7047435154791787,1.3362219305657934,0.0,0.0,0.0,1.0,0.0,0.0,0.0,0.0,0.0,1.0,0.0,0.0,0.0,1.0,0.0,0.0,0.0,0.0,1.0,1.0,0.0,1.0,0.0,2098.3,8757255.0
0.3474243090116523,0.0,-1.0,0.0,0.31442307043808554,0.02013258672845461,0.619082720555186,0.0,0.0,1.0,0.0,0.0,0.0,1.0,0.0,0.0,0.0,0.0,0.0,0.0,1.0,0.0,0.0,0.0,0.0,1.0,1.0,0.0,1.0,0.0,1804.4,5131533.0
1.2744592652421283,0.0,-2.0,0.0,0.8671290526544441,1.0248053034691382,4.257798313586595,0.0,0.0,1.0,0.0,0.0,0.0,0.0,1.0,0.0,0.0,0.0,0.0,1.0,0.0,0.0,0.0,0.0,0.0,1.0,1.0,0.0,1.0,0.0,2011.7,9646303.0
1.0556235227043271,0.0,1.0,0.0,0.7602800295945857,0.7876424020081095,0.25412164470254045,0.0,0.0,1.0,0.0,0.0,0.0,1.0,0.0,0.0,0.0,0.0,1.0,0.0,0.0,0.0,0.0,0.0,0.0,1.0,1.0,0.0,1.0,0.0,2018.3,8748321.0
-0.04663206280956379,1.0,-2.0,-1.0,-0.050319490773227615,-0.7526806976893867,1.258283741752216,0.0,1.0,0.0,0.0,1.0,0.0,1.0,0.0,0.0,0.0,0.0,1.0,0.0,0.0,0.0,0.0,0.0,0.0,1.0,1.0,0.0,1.0,0.0,1874.5,3776180.0
2.2307610077086624,1.0,0.0,0.0,1.2379745042822274,0.8927334749308099,1.5331439564193377,0.0,1.0,0.0,0.0,0.0,1.0,0.0,1.0,0.0,0.0,0.0,0.0,1.0,0.0,0.0,0.0,0.0,0.0,1.0,1.0,0.0,1.0,0.0,1815.2,12357700.0
-0.029955695977004537,-1.0,1.0,0.0,-0.03204839345930705,0.6664864516959514,-0.3620754750903435,-1.0,-1.0,1.0,0.0,0.0,0.0,0.0,1.0,0.0,0.0,0.0,0.0,0.0,1.0,0.0,0.0,0.0,1.0,0.0,1.0,0.0,1.0,0.0,3460.5,7092641.0
0.1843189889655665,0.0,0.0,-1.0,0.17833284242997857,-0.15663255454721003,-0.01565955304651119,0.0,0.0,0.0,0.0,0.0,1.0,0.0,0.0,0.0,1.0,0.0,0.0,0.0,1.0,0.0,1.0,0.0,0.0,0.0,1.0,0.0,1.0,0.0,1499.6,3749900.0
-0.24993170291361294,-1.0,-1.0,1.0,-0.3028681423427365,0.1896891291755163,-0.05906042681720932,-1.0,-1.0,1.0,0.0,0.0,0.0,0.0,1.0,0.0,0.0,0.0,0.0,0.0,0.0,1.0,0.0,0.0,0.0,1.0,1.0,0.0,1.0,0.0,2069.6,3283627.0
0.9736195080234229,0.0,-2.0,0.0,0.7172879821395811,0.6987706764497648,3.574746948095143,0.0,0.0,0.0,1.0,0.0,0.0,1.0,0.0,0.0,0.0,0.0,0.0,1.0,0.0,0.0,0.0,0.0,0.0,1.0,1.0,0.0,1.0,0.0,1738.8,7236712.0
0.22831419035288816,0.0,0.0,0.0,0.21679832668668242,-0.10895282229516656,0.01763722335089267,0.0,0.0,1.0,0.0,0.0,0.0,0.0,1.0,0.0,0.0,0.0,1.0,0.0,0.0,0.0,0.0,0.0,0.0,1.0,1.0,0.0,1.0,0.0,2124.4,5508994.0
-0.03337648917342687,-1.0,-2.0,-1.0,-0.03577068073347069,0.6590718929008174,1.2883802880207116,-1.0,-1.0,0.0,0.0,1.0,0.0,1.0,0.0,0.0,0.0,0.0,0.0,1.0,0.0,0.0,0.0,1.0,0.0,0.0,1.0,0.0,1.0,0.0,4345.5,8875249.0
2.395861790452661,1.0,-1.0,-1.0,1.2906512550754967,1.0120186222136403,2.9445533161935233,0.0,1.0,0.0,0.0,1.0,0.0,1.0,0.0,0.0,0.0,0.0,0.0,0.0,0.0,1.0,0.0,0.0,0.0,1.0,1.0,0.0,1.0,0.0,1854.8,13271836.0
-0.7127840267962131,-1.0,-1.0,0.0,-1.3092381997557858,-0.8135418677994466,-0.5845094478704085,-1.0,-1.0,0.0,0.0,0.0,1.0,1.0,0.0,0.0,0.0,0.0,1.0,0.0,0.0,0.0,0.0,0.0,0.0,1.0,1.0,0.0,1.0,0.0,1821.4,1115425.0
0.6840398617429418,0.0,-2.0,-1.0,0.549757030201475,0.3849391774473836,2.9172614659930605,0.0,0.0,0.0,1.0,0.0,0.0,1.0,0.0,0.0,0.0,0.0,0.0,0.0,0.0,1.0,0.0,0.0,0.0,1.0,1.0,0.0,1.0,0.0,2016.5,7163415.0
0.4687674454514143,0.0,0.0,1.0,0.4054032060157401,0.15163802535882087,0.19961884899588303,0.0,0.0,0.0,1.0,0.0,0.0,0.0,1.0,0.0,0.0,0.0,0.0,1.0,0.0,0.0,1.0,0.0,0.0,0.0,1.0,0.0,1.0,0.0,1216.2,3769369.0
0.8703305578981128,0.0,-1.0,-1.0,0.6605265616246179,0.5868314346398917,1.212707430646698,0.0,0.0,0.0,0.0,0.0,1.0,0.0,1.0,0.0,0.0,0.0,0.0,0.0,1.0,0.0,0.0,0.0,0.0,1.0,1.0,0.0,1.0,0.0,1924.1,7589612.0
0.6101127198869241,0.0,2.0,0.0,0.5023713473511664,0.30482075046662804,-0.18197083835242076,0.0,0.0,0.0,0.0,0.0,1.0,0.0,1.0,0.0,0.0,0.0,1.0,0.0,0.0,0.0,1.0,0.0,0.0,0.0,1.0,0.0,1.0,0.0,1282.5,4356396.0
-0.6875556769725978,-1.0,0.0,0.0,-1.221377911820944,-0.7588594966853319,-0.6755182395138525,-1.0,-1.0,1.0,0.0,0.0,0.0,0.0,1.0,0.0,0.0,0.0,0.0,1.0,0.0,0.0,0.0,0.0,1.0,0.0,1.0,0.0,1.0,0.0,3545.3,2359397.0
-0.7204808114881636,-1.0,-1.0,0.0,-1.337562882362062,-0.8302246250884985,-0.5932471548515847,-1.0,-1.0,0.0,0.0,0.0,1.0,1.0,0.0,0.0,0.0,0.0,0.0,0.0,0.0,1.0,0.0,0.0,0.0,1.0,1.0,0.0,1.0,0.0,1933.4,1152693.0
0.11870627501751986,-1.0,-2.0,0.0,0.11823714567567127,0.9887108193344918,1.6336815231657107,-1.0,-1.0,1.0,0.0,0.0,0.0,0.0,1.0,0.0,0.0,0.0,1.0,0.0,0.0,0.0,0.0,0.0,1.0,0.0,1.0,0.0,1.0,0.0,3463.2,8181810.0
1.2089415733273152,1.0,0.0,0.0,0.8362552253620347,0.15446997489862885,0.7598029521223997,0.0,1.0,0.0,1.0,0.0,0.0,1.0,0.0,0.0,0.0,0.0,0.0,1.0,0.0,0.0,0.0,0.0,1.0,0.0,1.0,0.0,1.0,0.0,2868.3,13358247.0
-0.7011913387416705,-1.0,0.0,1.0,-1.2679578911428306,-0.7884147518826029,-0.6858380827385339,-1.0,-1.0,0.0,1.0,0.0,0.0,0.0,0.0,0.0,1.0,0.0,1.0,0.0,0.0,0.0,1.0,0.0,0.0,0.0,1.0,0.0,1.0,0.0,1574.3,1002514.0
0.08473589813638054,-1.0,-1.0,0.0,0.08572851757366134,0.9150801312994785,0.320868017475414,-1.0,-1.0,0.0,1.0,0.0,0.0,0.0,1.0,0.0,0.0,0.0,0.0,0.0,1.0,0.0,0.0,0.0,0.0,1.0,1.0,0.0,1.0,0.0,2079.1,4763218.0
0.0003563326246275515,0.0,0.0,0.0,0.00037544495905504963,-0.3560018021497072,-0.1548875424749644,0.0,0.0,0.0,0.0,0.0,1.0,0.0,0.0,0.0,1.0,0.0,1.0,0.0,0.0,0.0,0.0,0.0,0.0,1.0,1.0,0.0,1.0,0.0,2045.3,4322537.0
-0.35987219536530013,-1.0,0.0,-1.0,-0.46958392848443076,-0.04860655210143533,-0.42751838334442016,-1.0,-1.0,0.0,1.0,0.0,0.0,0.0,0.0,1.0,0.0,0.0,1.0,0.0,0.0,0.0,0.0,0.0,1.0,0.0,1.0,0.0,1.0,0.0,3498.5,4741167.0
-0.13999121046192567,-1.0,0.0,-1.0,-0.1588768303108699,0.4279848104524682,-0.2611064166411966,-1.0,-1.0,0.0,0.0,0.0,1.0,0.0,1.0,0.0,0.0,0.0,0.0,0.0,1.0,0.0,0.0,0.0,0.0,1.0,1.0,0.0,1.0,0.0,1977.0,3594186.0
0.18251357033412147,0.0,0.0,0.0,0.17672408496154232,-0.1585891742292592,-0.017025943438629138,0.0,0.0,0.0,0.0,0.0,1.0,1.0,0.0,0.0,0.0,0.0,0.0,1.0,0.0,0.0,0.0,0.0,0.0,1.0,1.0,0.0,1.0,0.0,1778.1,4439560.0
0.6284044612844606,0.0,-1.0,0.0,0.5142949851815058,0.32464439724528543,0.9380629618309632,0.0,0.0,1.0,0.0,0.0,0.0,0.0,1.0,0.0,0.0,0.0,0.0,0.0,0.0,1.0,0.0,0.0,1.0,0.0,1.0,0.0,1.0,0.0,3012.7,10349528.0
1.8478222137758191,1.0,-1.0,-1.0,1.1046458170778355,0.6160605865568212,2.3223962172560717,0.0,1.0,1.0,0.0,0.0,0.0,1.0,0.0,0.0,0.0,1.0,0.0,0.0,0.0,0.0,0.0,0.0,0.0,1.0,1.0,0.0,1.0,0.0,2200.5,13207181.0
0.8047178439500661,1.0,0.0,0.0,0.6228214512024602,-0.13758125764304577,0.4538753348555401,0.0,1.0,0.0,0.0,0.0,1.0,0.0,1.0,0.0,0.0,0.0,1.0,0.0,0.0,0.0,0.0,0.0,0.0,1.0,1.0,0.0,1.0,0.0,1717.3,6536731.0
-0.010428668147426597,-1.0,-1.0,0.0,-0.011047425761340438,0.7088112248181757,0.21283328239334057,-1.0,-1.0,0.0,1.0,0.0,0.0,0.0,0.0,1.0,0.0,0.0,0.0,0.0,0.0,1.0,0.0,0.0,1.0,0.0,1.0,0.0,1.0,0.0,3165.4,6617902.0
-0.26803340024468153,0.0,-1.0,0.0,-0.32857463040981877,-0.6468687648838258,-0.07961021916182731,0.0,0.0,0.0,1.0,0.0,0.0,0.0,1.0,0.0,0.0,0.0,0.0,0.0,0.0,1.0,0.0,0.0,1.0,0.0,1.0,0.0,1.0,0.0,2677.3,4145799.0
-0.06402109489137772,-1.0,0.0,0.0,-0.06971344956816393,0.5926498036944069,-0.20361014724654342,-1.0,-1.0,0.0,0.0,1.0,0.0,0.0,1.0,0.0,0.0,1.0,0.0,0.0,0.0,0.0,0.0,0.0,0.0,1.0,1.0,0.0,1.0,0.0,1837.3,3633996.0
-0.4460571795084984,-1.0,-2.0,0.0,-0.6215390015219671,-0.23541224174551087,0.3513960554466838,-1.0,-1.0,1.0,0.0,0.0,0.0,1.0,0.0,0.0,0.0,0.0,0.0,0.0,0.0,1.0,0.0,0.0,0.0,1.0,1.0,0.0,1.0,0.0,2216.5,2601728.0
-0.7245667589172238,-1.0,-1.0,-1.0,-1.3529132719257273,-0.8390809036493533,-0.5978856906564067,-1.0,-1.0,0.0,0.0,0.0,1.0,0.0,1.0,0.0,0.0,0.0,0.0,0.0,1.0,0.0,1.0,0.0,0.0,0.0,1.0,0.0,1.0,0.0,1591.1,934930.0
-0.0037296148044325184,-1.0,0.0,0.0,-0.0039376676883342,0.7233314024586472,-0.15797989967817902,-1.0,-1.0,0.0,1.0,0.0,0.0,0.0,0.0,1.0,0.0,0.0,1.0,0.0,0.0,0.0,0.0,0.0,0.0,1.0,1.0,0.0,1.0,0.0,2074.3,4365987.0
1.2326970816358043,0.0,0.0,-1.0,0.8475538663863897,0.9795456008238397,0.7777817730713219,0.0,0.0,0.0,0.0,0.0,1.0,0.0,1.0,0.0,0.0,0.0,0.0,1.0,0.0,0.0,0.0,0.0,0.0,1.0,1.0,0.0,1.0,0.0,1906.6,8974748.0
-0.16788017721609183,0.0,0.0,0.0,-0.19359075542892798,-0.5383278625217225,-0.2822135524352313,0.0,0.0,0.0,0.0,0.0,1.0,1.0,0.0,0.0,0.0,0.0,0.0,0.0,0.0,1.0,0.0,0.0,0.0,1.0,1.0,0.0,1.0,0.0,1770.7,3115193.0
-0.5863097005618176,-1.0,-2.0,0.0,-0.9277862629767135,-0.5394091523460128,0.03295517879937441,-1.0,-1.0,0.0,1.0,0.0,0.0,0.0,0.0,1.0,0.0,0.0,0.0,0.0,0.0,1.0,0.0,0.0,0.0,1.0,1.0,0.0,1.0,0.0,2054.5,1805084.0
0.35098763525792565,0.0,0.0,0.0,0.3172093019995528,0.023994336100920336,0.1104798547311268,0.0,1.5,0.0,1.0,0.0,0.0,1.0,0.0,0.0,0.0,0.0,0.0,0.0,0.0,1.0,0.0,1.0,0.0,0.0,0.0,1.0,1.0,0.0,4483.9,12785392.0
0.2845672340273902,0.0,1.0,0.0,0.2640280977338098,-0.04798867220184091,-0.18354578306754638,0.0,0.0,0.0,1.0,0.0,0.0,0.0,1.0,0.0,0.0,0.0,1.0,0.0,0.0,0.0,0.0,0.0,1.0,0.0,1.0,0.0,1.0,0.0,2986.4,8097922.0
-0.18926013469373196,-1.0,0.0,-1.0,-0.22099587973836793,0.32119456780588257,-0.2983944912892612,-1.0,-1.0,0.0,0.0,0.0,1.0,0.0,0.0,1.0,0.0,0.0,0.0,1.0,0.0,0.0,0.0,0.0,0.0,1.0,1.0,0.0,1.0,0.0,2157.8,3699117.0
-0.33084296421232656,1.0,-1.0,-1.0,-0.42294934594560885,-0.9580227843212977,-0.15091422304525265,0.0,1.0,0.0,0.0,0.0,1.0,0.0,1.0,0.0,0.0,0.0,0.0,0.0,0.0,1.0,0.0,0.0,1.0,0.0,1.0,0.0,1.0,0.0,3088.2,4373818.0
-0.516088418001924,0.0,1.0,0.0,-0.7634170875192016,-0.9156980111990732,-0.6380144190144009,0.0,0.0,0.0,0.0,0.0,1.0,0.0,1.0,0.0,0.0,0.0,1.0,0.0,0.0,0.0,0.0,0.0,1.0,0.0,1.0,0.0,1.0,0.0,2693.9,2765019.0
-0.08915442268175916,-1.0,0.0,-1.0,-0.09838803231109398,0.5381733925468236,-0.2226317398105032,-1.0,1.0,0.0,1.0,0.0,0.0,1.0,0.0,0.0,0.0,0.0,0.0,0.0,1.0,0.0,0.0,1.0,0.0,0.0,1.0,0.0,0.0,1.0,4673.8,9447065.0
-0.13723557149814097,-1.0,0.0,-1.0,-0.1555078489321103,0.4339576494818818,-0.2590208734111217,-1.0,-1.0,0.0,1.0,0.0,0.0,0.0,0.0,1.0,0.0,0.0,0.0,0.0,1.0,0.0,0.0,0.0,0.0,1.0,1.0,0.0,1.0,0.0,2196.8,4006524.0
-0.02040598163699199,-1.0,-2.0,1.0,-0.021725770768144245,0.6871854283323676,1.3178295967350457,-1.0,-1.0,0.0,1.0,0.0,0.0,0.0,1.0,0.0,0.0,0.0,1.0,0.0,0.0,0.0,0.0,0.0,0.0,1.0,1.0,0.0,1.0,0.0,1771.4,3666267.0
-0.42277678136617913,0.0,2.0,0.0,-0.5782952406062475,-0.8145716676321041,-0.6510023192679023,0.0,0.0,0.0,0.0,0.0,1.0,0.0,1.0,0.0,0.0,0.0,0.0,0.0,1.0,0.0,0.0,0.0,0.0,1.0,1.0,0.0,1.0,0.0,1793.7,2193336.0
-0.2214250929434261,1.0,-1.0,-1.0,-0.26361045625327695,-0.8789684838342882,-0.02669854910914942,0.0,1.0,0.0,0.0,0.0,1.0,0.0,1.0,0.0,0.0,0.0,1.0,0.0,0.0,0.0,0.0,0.0,1.0,0.0,1.0,0.0,1.0,0.0,3020.0,4972732.0
0.011378888479766374,1.0,1.0,1.0,0.011923898207548262,-0.7107678445002255,-0.3386131137520001,0.0,1.0,0.0,0.0,0.0,1.0,0.0,0.0,1.0,0.0,0.0,1.0,0.0,0.0,0.0,1.0,0.0,0.0,0.0,1.0,0.0,1.0,0.0,1215.6,2597251.0
-0.23772137164304957,-1.0,1.0,-1.0,-0.2858741612380405,0.21615498487481483,-0.4800075511047985,-1.0,-1.0,1.0,0.0,0.0,0.0,0.0,0.0,1.0,0.0,0.0,0.0,1.0,0.0,0.0,0.0,0.0,0.0,1.0,1.0,0.0,1.0,0.0,2566.1,4137323.0
-0.6924968227007636,-1.0,1.0,-1.0,-1.238021177804071,-0.7695694149449701,-0.738147462289423,-1.0,-1.0,0.0,0.0,1.0,0.0,0.0,0.0,1.0,0.0,1.0,0.0,0.0,0.0,0.0,0.0,0.0,1.0,0.0,1.0,0.0,1.0,0.0,3257.9,2134250.0
-0.21824185483008857,-1.0,0.0,0.0,-0.2593157223147609,0.25837677801377346,-0.32032865284694617,-1.0,-1.0,0.0,0.0,0.0,1.0,0.0,1.0,0.0,0.0,0.0,0.0,0.0,1.0,0.0,0.0,0.0,0.0,1.0,1.0,0.0,1.0,0.0,2043.3,3378188.0
1.1505030228884323,0.0,0.0,-1.0,0.8079361120067355,0.8904679152989636,0.7155750525880511,0.0,0.0,1.0,0.0,0.0,0.0,1.0,0.0,0.0,0.0,0.0,1.0,0.0,0.0,0.0,1.0,0.0,0.0,0.0,1.0,0.0,1.0,0.0,1571.1,7123682.0
-0.21258804385266813,-1.0,-1.0,0.0,-0.25173046849541947,0.2706313960223981,-0.016666367019650775,-1.0,-1.0,1.0,0.0,0.0,0.0,1.0,0.0,0.0,0.0,0.0,0.0,0.0,1.0,0.0,0.0,0.0,1.0,0.0,1.0,0.0,1.0,0.0,3255.2,5420559.0
0.022021356201969502,0.0,0.0,0.0,0.022955809014959905,-0.33252236596511564,-0.13849085776954745,0.0,0.0,0.0,0.0,0.0,1.0,0.0,0.0,1.0,0.0,0.0,1.0,0.0,0.0,0.0,0.0,0.0,0.0,1.0,1.0,0.0,1.0,0.0,1980.5,4275900.0
0.9571806962739488,0.0,-1.0,0.0,0.7084554340587345,0.6809551393447899,1.3113032847305874,0.0,0.0,1.0,0.0,0.0,0.0,1.0,0.0,0.0,0.0,0.0,0.0,0.0,0.0,1.0,1.0,0.0,0.0,0.0,1.0,0.0,1.0,0.0,1545.7,6379568.0
-0.14669026380491954,-1.0,-2.0,-1.0,-0.16711194934232768,0.4134646328119972,1.0311033602416353,-1.0,-1.0,0.0,0.0,1.0,0.0,0.0,0.0,1.0,0.0,0.0,0.0,0.0,1.0,0.0,0.0,0.0,0.0,1.0,1.0,0.0,1.0,0.0,2155.8,3888848.0
0.566592628665772,0.0,0.0,1.0,0.4734503491677145,0.2576559181309131,0.2736556336635444,0.0,0.0,0.0,1.0,0.0,0.0,1.0,0.0,0.0,0.0,0.0,1.0,0.0,0.0,0.0,0.0,0.0,1.0,0.0,1.0,0.0,1.0,0.0,2395.3,7916946.0
-0.7340689622406193,-1.0,0.0,0.0,-1.3894971381263905,-0.8596769003025038,-0.7107207709318422,-1.0,-1.0,0.0,0.0,1.0,0.0,0.0,0.0,0.0,1.0,0.0,0.0,0.0,0.0,1.0,0.0,0.0,0.0,1.0,1.0,0.0,1.0,0.0,2077.2,1179019.0
1.8526683374707513,1.0,-1.0,0.0,1.1064424739301155,0.6195619059878571,2.327897736466442,0.0,1.0,0.0,0.0,1.0,0.0,0.0,0.0,0.0,1.0,0.0,0.0,0.0,1.0,0.0,0.0,0.0,0.0,1.0,1.0,0.0,1.0,0.0,2044.9,12294143.0
-0.29649249919825144,-1.0,-1.0,0.0,-0.37029641347328957,0.08876874557507866,-0.1119181604070405,-1.0,-1.0,0.0,1.0,0.0,0.0,1.0,0.0,0.0,0.0,0.0,0.0,0.0,0.0,1.0,0.0,0.0,0.0,1.0,1.0,0.0,1.0,0.0,2046.7,3046718.0
0.8466700716228576,0.0,2.0,-1.0,0.647084142490802,0.5611894188067192,-0.07455097894680067,0.0,0.0,0.0,1.0,0.0,0.0,0.0,1.0,0.0,0.0,0.0,1.0,0.0,0.0,0.0,0.0,0.0,0.0,1.0,1.0,0.0,1.0,0.0,2211.9,8614687.0
-0.5621265931037758,0.0,0.0,1.0,-0.8682537102390905,-0.9655918130913305,-0.5805900649035436,0.0,0.0,1.0,0.0,0.0,0.0,0.0,1.0,0.0,0.0,0.0,0.0,0.0,1.0,0.0,0.0,0.0,0.0,1.0,1.0,0.0,1.0,0.0,1984.1,1844221.0
0.7156821988098492,1.0,-1.0,0.0,0.5694081110010443,-0.20190942052305266,1.0371442440804732,0.0,1.0,0.0,0.0,0.0,1.0,1.0,0.0,0.0,0.0,0.0,0.0,0.0,0.0,1.0,0.0,0.0,0.0,1.0,1.0,0.0,1.0,0.0,1907.8,6904328.0
-0.37189248256939555,-1.0,0.0,0.0,-0.48951241456618916,-0.07466048786767072,-0.4366156667445748,-1.0,-1.0,0.0,0.0,0.0,1.0,0.0,0.0,1.0,0.0,0.0,0.0,0.0,0.0,1.0,0.0,0.0,1.0,0.0,1.0,0.0,1.0,0.0,2848.3,3787954.0
2.131367960945944,1.0,0.0,0.0,1.2049498508293075,0.820922099933492,1.4579205695690476,0.0,2.5,0.0,0.0,1.0,0.0,0.0,1.0,0.0,0.0,0.0,0.0,0.0,0.0,1.0,0.0,0.0,0.0,1.0,0.0,1.0,1.0,0.0,2027.5,13378864.0
0.11647325723652198,0.0,-1.0,-1.0,0.1161306081045425,-0.23016026259895733,0.3568975746570541,0.0,0.0,0.0,1.0,0.0,0.0,0.0,1.0,0.0,0.0,0.0,0.0,0.0,0.0,1.0,0.0,0.0,1.0,0.0,1.0,0.0,1.0,0.0,3104.3,7319319.0
1.0491145134278013,0.0,-2.0,-1.0,0.75693065868461,0.7805882731544056,3.7461570270221674,0.0,2.0,0.0,1.0,0.0,0.0,0.0,0.0,1.0,0.0,0.0,1.0,0.0,0.0,0.0,0.0,1.0,0.0,0.0,1.0,0.0,0.0,1.0,4898.4,21615007.0
-0.09053224216365156,0.0,-1.0,-1.0,-0.09998267603340516,-0.4545021561433998,0.1218964060336923,0.0,0.0,1.0,0.0,0.0,0.0,0.0,0.0,1.0,0.0,0.0,1.0,0.0,0.0,0.0,1.0,0.0,0.0,0.0,1.0,0.0,1.0,0.0,1720.6,3307165.0
1.0717297573374827,1.0,-2.0,-1.0,0.7685226042432801,0.055334577674797575,3.7975045396522886,0.0,3.0,0.0,1.0,0.0,0.0,0.0,1.0,0.0,0.0,0.0,0.0,1.0,0.0,0.0,0.0,0.0,0.0,1.0,1.0,0.0,0.0,1.0,2313.5,10556293.0
0.9439726336544287,0.0,-2.0,1.0,0.7013049618523155,0.6666409216708501,3.5074342424623786,0.0,1.5,0.0,0.0,0.0,1.0,1.0,0.0,0.0,0.0,0.0,0.0,1.0,0.0,0.0,0.0,0.0,1.0,0.0,0.0,1.0,1.0,0.0,2579.4,10574250.0
-0.1638417408036487,0.0,-1.0,0.0,-0.18849298137473178,-0.5339512132329279,0.038672443861131604,0.0,0.0,0.0,0.0,1.0,0.0,1.0,0.0,0.0,0.0,0.0,0.0,1.0,0.0,0.0,0.0,0.0,1.0,0.0,1.0,0.0,1.0,0.0,2374.4,4197464.0
-0.6491667755460796,-1.0,-1.0,-1.0,-1.1002841778763464,-0.6756516702066038,-0.5122885241185883,-1.0,-1.0,0.0,0.0,0.0,1.0,1.0,0.0,0.0,0.0,0.0,1.0,0.0,0.0,0.0,0.0,0.0,0.0,1.0,1.0,0.0,1.0,0.0,1994.2,1488271.0
-0.1174234775688611,-1.0,0.0,0.0,-0.1315967261433318,0.47690030250370075,-0.2440265367397205,-1.0,1.0,0.0,1.0,0.0,0.0,0.0,0.0,1.0,0.0,0.0,0.0,0.0,0.0,1.0,0.0,1.0,0.0,0.0,1.0,0.0,0.0,1.0,5006.8,9790185.0
1.2229098122127071,0.0,-1.0,1.0,0.842913428817588,0.9689386625474674,1.6129699214325526,0.0,0.0,0.0,0.0,0.0,1.0,0.0,1.0,0.0,0.0,0.0,1.0,0.0,0.0,0.0,0.0,0.0,1.0,0.0,1.0,0.0,1.0,0.0,2445.0,11458737.0
0.17595705004097842,0.0,2.0,-1.0,0.17086110120973086,-0.16569479307459622,-0.37911939734992167,0.0,0.0,0.0,0.0,0.0,1.0,0.0,1.0,0.0,0.0,0.0,1.0,0.0,0.0,0.0,0.0,0.0,0.0,1.0,1.0,0.0,1.0,0.0,1861.5,4622104.0
-0.4107564941620837,0.0,-2.0,0.0,-0.5566404543329614,-0.8015446997489865,0.43154563923697875,0.0,0.0,0.0,1.0,0.0,0.0,1.0,0.0,0.0,0.0,0.0,1.0,0.0,0.0,0.0,0.0,0.0,0.0,1.0,1.0,0.0,1.0,0.0,1917.1,2392733.0
-0.535520423798268,-1.0,-1.0,-1.0,-0.8064073311824225,-0.4293235502349232,-0.38327250498912274,-1.0,-1.0,1.0,0.0,0.0,0.0,0.0,1.0,0.0,0.0,0.0,1.0,0.0,0.0,0.0,0.0,0.0,1.0,0.0,1.0,0.0,1.0,0.0,3780.1,3725289.0
-0.7203857894549296,-1.0,0.0,0.0,-1.337208532497586,-0.830018665121967,-0.700364970065263,-1.0,-1.0,0.0,0.0,1.0,0.0,0.0,0.0,1.0,0.0,0.0,0.0,0.0,1.0,0.0,0.0,0.0,0.0,1.0,1.0,0.0,1.0,0.0,1904.3,1135725.0
1.1305008848926847,0.0,-1.0,-1.0,0.798066409924299,0.8687906288215229,1.5080635011955916,0.0,0.0,0.0,0.0,0.0,1.0,0.0,0.0,1.0,0.0,0.0,1.0,0.0,0.0,0.0,0.0,0.0,0.0,1.0,1.0,0.0,1.0,0.0,2070.0,9298647.0
1.2426743951253698,0.0,-1.0,0.0,0.8522635575614343,0.9903584990667437,1.6354074899768072,0.0,1.5,0.0,1.0,0.0,0.0,0.0,0.0,1.0,0.0,0.0,1.0,0.0,0.0,0.0,0.0,0.0,1.0,0.0,0.0,1.0,1.0,0.0,3164.6,14962862.0
-0.4388355049827177,0.0,0.0,0.0,-0.6079345845696542,-0.8319752848040163,-0.4872799841786375,0.0,0.0,0.0,0.0,0.0,1.0,0.0,0.0,1.0,0.0,0.0,1.0,0.0,0.0,0.0,0.0,0.0,0.0,1.0,1.0,0.0,1.0,0.0,1972.9,2345778.0
0.20987991590550079,0.0,-1.0,1.0,0.20085087740514215,-0.12893093904872246,0.462936660613797,0.0,0.0,0.0,0.0,0.0,1.0,0.0,0.0,1.0,0.0,0.0,0.0,0.0,0.0,1.0,0.0,0.0,0.0,1.0,1.0,0.0,1.0,0.0,1736.4,4435460.0
0.0815526600230431,-1.0,-1.0,0.0,0.08263045263217939,0.9081804724206733,0.31725427446468074,-1.0,-1.0,0.0,1.0,0.0,0.0,1.0,0.0,0.0,0.0,1.0,0.0,0.0,0.0,0.0,0.0,0.0,1.0,0.0,1.0,0.0,1.0,0.0,2934.9,6704192.0
0.05656186528251247,-1.0,0.0,0.0,0.057988000457797124,0.854013001222887,-0.1123496521098146,-1.0,-1.0,1.0,0.0,0.0,0.0,0.0,1.0,0.0,0.0,0.0,0.0,0.0,0.0,1.0,0.0,1.0,0.0,0.0,1.0,0.0,1.0,0.0,5127.2,11442372.0
0.10017697853689841,-1.0,2.0,0.0,0.10062907369827707,0.9485486258608482,-0.41353086064615874,-1.0,-1.0,0.0,1.0,0.0,0.0,1.0,0.0,0.0,0.0,0.0,1.0,0.0,0.0,0.0,0.0,0.0,0.0,1.0,1.0,0.0,1.0,0.0,1799.9,4182068.0
-0.43384684823793496,-1.0,1.0,-1.0,-0.5986378993616439,-0.20894638604621235,-0.5913324104205245,-1.0,-1.0,0.0,1.0,0.0,0.0,0.0,1.0,0.0,0.0,0.0,0.0,1.0,0.0,0.0,1.0,0.0,0.0,0.0,1.0,0.0,1.0,0.0,1590.5,1907805.0
0.046489529759713204,-1.0,-2.0,-1.0,0.047891512263534664,0.8321812447705477,1.4697146761115405,-1.0,-1.0,0.0,1.0,0.0,0.0,1.0,0.0,0.0,0.0,0.0,1.0,0.0,0.0,0.0,1.0,0.0,0.0,0.0,1.0,0.0,1.0,0.0,1545.8,3416991.0
-0.23396800133030826,-1.0,0.0,-1.0,-0.2807046964544999,0.22429040355280938,-0.3322306323151326,-1.0,-1.0,0.0,0.0,0.0,1.0,0.0,0.0,1.0,0.0,0.0,0.0,0.0,1.0,0.0,0.0,0.0,0.0,1.0,1.0,0.0,1.0,0.0,2104.2,3409225.0
0.050575477188773275,-1.0,-2.0,-1.0,0.05199887656716999,0.8410375233314022,1.4789917477211842,-1.0,-1.0,0.0,0.0,0.0,1.0,1.0,0.0,0.0,0.0,0.0,1.0,0.0,0.0,0.0,0.0,0.0,1.0,0.0,1.0,0.0,1.0,0.0,3008.4,6675940.0
0.3339786913090474,0.0,1.0,-1.0,0.3038431275627441,0.005560919096350507,-0.15549882238722781,0.0,1.5,1.0,0.0,0.0,0.0,1.0,0.0,0.0,0.0,0.0,1.0,0.0,0.0,0.0,1.0,0.0,0.0,0.0,0.0,1.0,1.0,0.0,1731.6,4875493.0
0.2563456901569052,1.0,0.0,0.0,0.24059690010777818,-0.533779579927485,0.03885223207062079,0.0,1.0,1.0,0.0,0.0,0.0,0.0,1.0,0.0,0.0,0.0,0.0,1.0,0.0,0.0,0.0,1.0,0.0,0.0,1.0,0.0,1.0,0.0,5219.7,13843688.0
-0.41968856528607557,-1.0,1.0,0.0,-0.5726893205722009,-0.1782583510330181,-0.5832958774563562,-1.0,-1.0,0.0,1.0,0.0,0.0,0.0,1.0,0.0,0.0,0.0,0.0,0.0,1.0,0.0,0.0,0.0,0.0,1.0,1.0,0.0,1.0,0.0,2127.3,2615090.0
-0.12811345630768117,-1.0,-1.0,-1.0,-0.14443126257370234,0.4537298062689064,0.07923266392190004,-1.0,-1.0,0.0,0.0,1.0,0.0,0.0,1.0,0.0,0.0,0.0,0.0,0.0,0.0,1.0,0.0,0.0,0.0,1.0,1.0,0.0,1.0,0.0,1946.1,3586662.0
-0.15495718069627376,0.0,-1.0,0.0,-0.17736357497921212,-0.5243225847975801,0.048758562413476966,0.0,1.5,0.0,1.0,0.0,0.0,0.0,1.0,0.0,0.0,0.0,0.0,0.0,1.0,0.0,0.0,0.0,1.0,0.0,0.0,1.0,1.0,0.0,3320.3,5931716.0
0.05827226188072385,0.0,0.0,-1.0,0.059692971557103035,-0.29323550234923085,-0.11105517700149216,0.0,0.0,1.0,0.0,0.0,0.0,1.0,0.0,0.0,0.0,0.0,1.0,0.0,0.0,0.0,0.0,0.0,0.0,1.0,1.0,0.0,1.0,0.0,2302.7,5147225.0
-0.7124989606965113,-1.0,-1.0,1.0,-1.3082035581282807,-0.8129239878998521,-0.584185829093328,-1.0,-1.0,0.0,0.0,0.0,1.0,0.0,1.0,0.0,0.0,0.0,0.0,0.0,1.0,0.0,0.0,0.0,0.0,1.0,1.0,0.0,1.0,0.0,1784.6,1093960.0
-0.3571165564015154,0.0,2.0,-1.0,-0.4650677403412255,-0.7434124991954689,-0.6211862426062097,0.0,0.0,0.0,0.0,0.0,1.0,0.0,0.0,0.0,1.0,0.0,1.0,0.0,0.0,0.0,0.0,0.0,1.0,0.0,1.0,0.0,1.0,0.0,3296.2,4486128.0
1.928115831858512,1.0,1.0,0.0,1.1340275594998221,0.6740726437965286,0.7493662465615504,0.0,1.0,0.0,1.0,0.0,0.0,1.0,0.0,0.0,0.0,0.0,1.0,0.0,0.0,0.0,0.0,0.0,1.0,0.0,1.0,0.0,1.0,0.0,2842.9,17543252.0
-0.028197788362176218,0.0,0.0,-1.0,-0.03014063212832095,-0.38694728712106585,-0.17649808525556882,0.0,0.0,0.0,0.0,0.0,1.0,0.0,1.0,0.0,0.0,0.0,0.0,0.0,1.0,0.0,0.0,0.0,0.0,1.0,1.0,0.0,1.0,0.0,1890.0,3880737.0
-0.27363970020548495,-1.0,0.0,1.0,-0.33666454875978913,0.13830211752590585,-0.3622552632998327,-1.0,-1.0,0.0,0.0,0.0,1.0,1.0,0.0,0.0,0.0,0.0,1.0,0.0,0.0,0.0,0.0,0.0,0.0,1.0,1.0,0.0,1.0,0.0,1681.5,2583961.0
-0.514092955304011,-1.0,0.0,-1.0,-0.7590997268798357,-0.3828795777820688,-0.5442368889448229,-1.0,-1.0,0.0,0.0,0.0,1.0,0.0,1.0,0.0,0.0,0.0,1.0,0.0,0.0,0.0,0.0,0.0,0.0,1.0,1.0,0.0,1.0,0.0,2104.3,2168692.0
0.8257652243113872,0.0,-1.0,1.0,0.6350635424187365,0.5385338224882537,1.162115028496431,0.0,0.0,0.0,0.0,1.0,0.0,1.0,0.0,0.0,0.0,0.0,0.0,0.0,1.0,0.0,0.0,0.0,1.0,0.0,1.0,0.0,1.0,0.0,2235.7,8609010.0
-0.20845458540699102,0.0,1.0,0.0,-0.2462191495918445,-0.5823003153761988,-0.46339512054799437,0.0,0.0,1.0,0.0,0.0,0.0,0.0,0.0,1.0,0.0,0.0,0.0,0.0,0.0,1.0,0.0,0.0,0.0,1.0,1.0,0.0,1.0,0.0,2296.5,3844111.0
-0.5878300530935608,-1.0,2.0,0.0,-0.9316432726599038,-0.5427045118105169,-0.7259524280397691,-1.0,-1.0,0.0,1.0,0.0,0.0,1.0,0.0,0.0,0.0,0.0,1.0,0.0,0.0,0.0,0.0,0.0,0.0,1.0,1.0,0.0,1.0,0.0,1893.4,1657482.0
-0.6970103692793765,-1.0,0.0,0.0,-1.253456356891865,-0.7793525133552166,-0.6826738102515235,-1.0,-1.0,0.0,0.0,0.0,1.0,1.0,0.0,0.0,0.0,0.0,1.0,0.0,0.0,0.0,0.0,0.0,0.0,1.0,1.0,0.0,1.0,0.0,1955.9,1262729.0
0.17600456105759535,1.0,-2.0,-1.0,0.17090370364770574,-0.591825963828281,1.7637762715521115,0.0,1.0,0.0,0.0,0.0,1.0,0.0,1.0,0.0,0.0,0.0,1.0,0.0,0.0,0.0,0.0,0.0,0.0,1.0,1.0,0.0,1.0,0.0,2063.9,5124870.0
0.8636790155717359,0.0,0.0,0.0,0.656764789974082,0.579622835811289,0.4984987684507651,0.0,0.0,1.0,0.0,0.0,0.0,0.0,1.0,0.0,0.0,0.0,0.0,0.0,1.0,0.0,0.0,0.0,0.0,1.0,1.0,0.0,1.0,0.0,2192.9,8619193.0
1.0249314059697592,0.0,-1.0,-1.0,0.7443929552048276,0.7543798674132712,1.3882166807500762,0.0,0.0,0.0,0.0,1.0,0.0,1.0,0.0,0.0,0.0,0.0,1.0,0.0,0.0,0.0,0.0,1.0,0.0,0.0,1.0,0.0,1.0,0.0,3927.3,16769178.0
-0.24883894953142238,1.0,0.0,-1.0,-0.3013361128201878,-0.8987749672824012,-0.343485374229158,0.0,3.0,0.0,0.0,1.0,0.0,1.0,0.0,0.0,0.0,0.0,0.0,0.0,0.0,1.0,0.0,0.0,0.0,1.0,1.0,0.0,0.0,1.0,1859.6,3404718.0
0.28613509757575056,1.0,-1.0,-1.0,0.26531474331524507,-0.5122567634249426,0.5495046834828572,0.0,1.0,0.0,1.0,0.0,0.0,1.0,0.0,0.0,0.0,0.0,0.0,0.0,0.0,1.0,0.0,1.0,0.0,0.0,1.0,0.0,1.0,0.0,4781.3,12980751.0
-0.32723212694943615,1.0,-1.0,-1.0,-0.4172897585076042,-0.9554139580785651,-0.14681505186889832,0.0,3.0,0.0,0.0,0.0,1.0,0.0,1.0,0.0,0.0,0.0,0.0,0.0,0.0,1.0,0.0,1.0,0.0,0.0,1.0,0.0,0.0,1.0,4753.8,7218936.0
1.669133280279365,1.0,0.0,0.0,1.0361741227884436,0.48695801420265594,1.10808867154492,0.0,3.0,0.0,0.0,0.0,1.0,0.0,0.0,1.0,0.0,0.0,0.0,1.0,0.0,0.0,1.0,0.0,0.0,0.0,1.0,0.0,0.0,1.0,1426.2,8473516.0
-0.26138185791830465,-1.0,0.0,0.0,-0.3190559526512554,0.16487095320847,-0.35297819169018885,-1.0,-1.0,0.0,0.0,0.0,1.0,0.0,1.0,0.0,0.0,0.0,1.0,0.0,0.0,0.0,0.0,0.0,1.0,0.0,1.0,0.0,1.0,0.0,2931.7,4580781.0
0.10036702260336637,0.0,1.0,1.0,0.10081116443910136,-0.24761536976250245,-0.2881016162960032,0.0,0.0,1.0,0.0,0.0,0.0,1.0,0.0,0.0,0.0,0.0,1.0,0.0,0.0,0.0,0.0,0.0,0.0,1.0,1.0,0.0,1.0,0.0,1822.5,4235308.0
-0.34690168782886516,-1.0,-1.0,0.0,-0.4484928497094696,-0.020493016669884886,-0.1691447474874597,-1.0,-1.0,0.0,1.0,0.0,0.0,0.0,1.0,0.0,0.0,0.0,0.0,0.0,0.0,1.0,0.0,0.0,0.0,1.0,1.0,0.0,1.0,0.0,2051.4,2836060.0
2.031927403166609,1.0,-1.0,0.0,1.1708447685506895,0.7490763982750849,2.531400010787292,0.0,1.0,0.0,1.0,0.0,0.0,0.0,1.0,0.0,0.0,0.0,0.0,1.0,0.0,0.0,0.0,0.0,0.0,1.0,1.0,0.0,1.0,0.0,1897.8,12125803.0
-0.5189390789989426,-1.0,-1.0,0.0,-0.769615460532158,-0.3933835360751755,-0.3644486794556012,-1.0,-1.0,0.0,0.0,0.0,1.0,1.0,0.0,0.0,0.0,0.0,1.0,0.0,0.0,0.0,0.0,0.0,1.0,0.0,1.0,0.0,1.0,0.0,2626.3,2679877.0
0.6534427670416079,1.0,-1.0,-1.0,0.5304016339661245,-0.24687734654909788,0.966487477751209,0.0,1.0,1.0,0.0,0.0,0.0,0.0,0.0,0.0,1.0,0.0,1.0,0.0,0.0,0.0,0.0,0.0,0.0,1.0,1.0,0.0,1.0,0.0,2718.6,9482477.0
-0.3878086731360832,-1.0,1.0,-1.0,-0.5164909378084696,-0.10915878226169788,-0.5652001941712661,-1.0,-1.0,0.0,0.0,0.0,1.0,1.0,0.0,0.0,0.0,0.0,0.0,1.0,0.0,0.0,0.0,0.0,0.0,1.0,1.0,0.0,1.0,0.0,2076.9,2692493.0
0.31321637704742805,0.0,-2.0,0.0,0.28729525730769395,-0.016940207247216368,2.0753132809550348,0.0,0.0,0.0,0.0,0.0,1.0,1.0,0.0,0.0,0.0,0.0,0.0,0.0,1.0,0.0,0.0,1.0,0.0,0.0,1.0,0.0,1.0,0.0,3915.7,10853929.0
-0.5688256464467696,-1.0,0.0,-1.0,-0.8844125044765989,-0.5015125185042159,-0.5856600924111396,-1.0,-1.0,0.0,1.0,0.0,0.0,0.0,0.0,1.0,0.0,0.0,0.0,0.0,0.0,1.0,0.0,0.0,1.0,0.0,1.0,0.0,1.0,0.0,3321.4,3040410.0
0.6495943746956327,0.0,1.0,-1.0,0.5279419265591264,0.34760893351354827,0.023651138958307186,0.0,1.5,0.0,1.0,0.0,0.0,1.0,0.0,0.0,0.0,0.0,0.0,0.0,0.0,1.0,0.0,0.0,1.0,0.0,0.0,1.0,1.0,0.0,3323.8,11566492.0
1.241819196826264,0.0,-1.0,0.0,0.8518606900251788,0.9894316792173519,1.6344366336455651,0.0,0.0,0.0,0.0,0.0,1.0,0.0,1.0,0.0,0.0,0.0,0.0,0.0,1.0,0.0,0.0,1.0,0.0,0.0,1.0,0.0,1.0,0.0,3986.4,18841321.0
0.28181159506360565,0.0,1.0,0.0,0.261762922868105,-0.0509750917165476,-0.18510994049010254,0.0,0.0,0.0,1.0,0.0,0.0,1.0,0.0,0.0,0.0,0.0,0.0,1.0,0.0,0.0,0.0,1.0,0.0,0.0,1.0,0.0,1.0,0.0,4333.8,11726396.0
0.17723984748963673,0.0,-1.0,0.0,0.17201076548398433,-0.16430456330050866,0.42588231063806825,0.0,0.0,0.0,0.0,0.0,1.0,0.0,1.0,0.0,0.0,0.0,1.0,0.0,0.0,0.0,0.0,0.0,0.0,1.0,1.0,0.0,1.0,0.0,1737.7,4319401.0
0.5498687508165957,1.0,-1.0,0.0,0.4621229411708773,-0.3217094677222116,0.848905988745258,0.0,1.0,0.0,0.0,0.0,1.0,0.0,0.0,1.0,0.0,1.0,0.0,0.0,0.0,0.0,0.0,0.0,1.0,0.0,1.0,0.0,1.0,0.0,2895.9,9469593.0
0.40790583316506523,1.0,-1.0,0.0,0.36074813121251115,-0.42427753105490135,0.6877438377591196,0.0,1.0,1.0,0.0,0.0,0.0,0.0,1.0,0.0,0.0,1.0,0.0,0.0,0.0,0.0,0.0,0.0,0.0,1.0,1.0,0.0,1.0,0.0,2225.6,6612703.0
0.22080744972740574,0.0,-1.0,1.0,0.2103332404256198,-0.1170882409731609,0.4753420470685533,0.0,0.0,0.0,0.0,0.0,1.0,0.0,1.0,0.0,0.0,0.0,0.0,0.0,1.0,0.0,0.0,0.0,0.0,1.0,1.0,0.0,1.0,0.0,1774.1,4572565.0
-0.2675582900785118,-1.0,2.0,-1.0,-0.3278918782181557,0.15148355538392216,-0.5805181496197479,-1.0,-1.0,0.0,0.0,0.0,1.0,0.0,1.0,0.0,0.0,1.0,0.0,0.0,0.0,0.0,0.0,0.0,0.0,1.0,1.0,0.0,1.0,0.0,2180.1,3378065.0
0.14925585870223684,0.0,1.0,0.0,0.14664303983191382,-0.19463216837227265,-0.26035130616134183,0.0,0.0,0.0,0.0,0.0,1.0,0.0,0.0,1.0,0.0,0.0,1.0,0.0,0.0,0.0,0.0,0.0,0.0,1.0,1.0,0.0,1.0,0.0,1871.7,4542242.0
-0.13172429357057144,0.0,1.0,-1.0,-0.14880189183731718,-0.4991439788891035,-0.41984142679923037,0.0,0.0,0.0,1.0,0.0,0.0,0.0,1.0,0.0,0.0,0.0,1.0,0.0,0.0,0.0,0.0,0.0,0.0,1.0,1.0,0.0,1.0,0.0,2164.8,3973274.0
-0.7599624662968725,-1.0,-1.0,0.0,-1.4961273714223542,-0.915800991182339,-0.6380683554772477,-1.0,-1.0,0.0,1.0,0.0,0.0,0.0,1.0,0.0,0.0,0.0,0.0,1.0,0.0,0.0,0.0,0.0,0.0,1.0,1.0,0.0,1.0,0.0,2096.1,1075509.0
0.44805264220641167,0.0,-1.0,-1.0,0.39041500956145353,0.1291883890068866,0.7333201488646374,0.0,0.0,0.0,0.0,0.0,1.0,1.0,0.0,0.0,0.0,0.0,0.0,0.0,0.0,1.0,0.0,0.0,0.0,1.0,1.0,0.0,1.0,0.0,1779.9,5438840.0
-0.49285553087622175,-1.0,-1.0,-1.0,-0.7142099534689529,-0.3368475252622773,-0.3348375613527264,-1.0,-1.0,0.0,0.0,1.0,0.0,1.0,0.0,0.0,0.0,0.0,0.0,1.0,0.0,0.0,1.0,0.0,0.0,0.0,1.0,0.0,1.0,0.0,1348.3,1449827.0
0.07076765925098895,0.0,1.0,1.0,0.07206608906783009,-0.2796936345497845,-0.304902824472771,0.0,0.0,0.0,0.0,1.0,0.0,1.0,0.0,0.0,0.0,1.0,0.0,0.0,0.0,0.0,0.0,0.0,0.0,1.0,1.0,0.0,1.0,0.0,1402.4,3171668.0
0.26290221045004825,1.0,0.0,-1.0,0.24608695748401885,-0.5290425006972604,0.04381438665252333,0.0,1.0,0.0,0.0,1.0,0.0,1.0,0.0,0.0,0.0,0.0,0.0,0.0,0.0,1.0,1.0,0.0,0.0,0.0,1.0,0.0,1.0,0.0,1351.7,3603632.0
1.12066610445297,1.0,-1.0,-1.0,0.7931796457203123,0.09069103859603926,1.4968986533863107,0.0,1.0,0.0,1.0,0.0,0.0,0.0,1.0,0.0,0.0,0.0,0.0,1.0,0.0,0.0,0.0,0.0,0.0,1.0,1.0,0.0,1.0,0.0,2171.3,9708751.0
-0.6411374137378102,-1.0,1.0,-1.0,-1.0766183646146446,-0.6582480530346915,-0.7089948041207457,-1.0,-1.0,0.0,0.0,0.0,1.0,0.0,1.0,0.0,0.0,0.0,0.0,0.0,0.0,1.0,0.0,0.0,0.0,1.0,1.0,0.0,1.0,0.0,1985.3,1515181.0
-0.11024931405969746,-1.0,-2.0,-1.0,-0.1230697919922495,0.49245027997682933,1.113841894248575,-1.0,-1.0,0.0,0.0,0.0,1.0,0.0,1.0,0.0,0.0,0.0,1.0,0.0,0.0,0.0,0.0,0.0,0.0,1.0,1.0,0.0,1.0,0.0,2063.2,3880054.0
0.5738143031915527,0.0,-1.0,0.0,0.47830449524789237,0.26548239685911046,0.8760899660200284,0.0,0.0,1.0,0.0,0.0,0.0,0.0,1.0,0.0,0.0,0.0,1.0,0.0,0.0,0.0,0.0,0.0,0.0,1.0,1.0,0.0,1.0,0.0,2058.6,6835375.0
-0.6255538002874415,-1.0,-1.0,-1.0,-1.0321445896778227,-0.6244706185235246,-0.48548210208374526,-1.0,-1.0,0.0,0.0,1.0,0.0,0.0,0.0,1.0,0.0,0.0,0.0,0.0,0.0,1.0,0.0,0.0,1.0,0.0,1.0,0.0,1.0,0.0,3260.5,2595358.0
0.34200805311731675,0.0,2.0,0.0,0.31017389918684635,0.014262727682306658,-0.3037162222901421,0.0,1.5,0.0,0.0,0.0,1.0,0.0,0.0,0.0,1.0,0.0,1.0,0.0,0.0,0.0,0.0,0.0,0.0,1.0,0.0,1.0,1.0,0.0,2107.7,5970060.0
0.3095105177513037,0.0,-1.0,0.0,0.28431422474390655,-0.02095642659458082,0.5760414232034663,0.0,0.0,1.0,0.0,0.0,0.0,0.0,0.0,0.0,1.0,0.0,1.0,0.0,0.0,0.0,0.0,0.0,1.0,0.0,1.0,0.0,1.0,0.0,3607.4,9971214.0
1.679395659868632,1.0,-1.0,1.0,1.0402287862174273,0.4943725729977899,2.131191456464285,0.0,1.0,0.0,1.0,0.0,0.0,0.0,0.0,1.0,0.0,0.0,0.0,1.0,0.0,0.0,1.0,0.0,0.0,0.0,1.0,0.0,1.0,0.0,1456.4,8224873.0
-0.6410423917045762,-1.0,-1.0,-1.0,-1.0763414404051956,-0.65804209306816,-0.5030653889717911,-1.0,-1.0,0.0,1.0,0.0,0.0,1.0,0.0,0.0,0.0,0.0,0.0,0.0,1.0,0.0,0.0,0.0,0.0,1.0,1.0,0.0,1.0,0.0,2214.3,1690397.0
0.7175351284579113,0.0,-1.0,0.0,0.5705476179666877,0.4212396215485614,1.0392477661314972,0.0,0.0,0.0,0.0,0.0,1.0,1.0,0.0,0.0,0.0,0.0,0.0,1.0,0.0,0.0,1.0,0.0,0.0,0.0,1.0,0.0,1.0,0.0,1196.8,4335887.0
0.23962181230772903,1.0,-2.0,1.0,0.22646292226209278,-0.5458625646306666,1.9082181190557521,0.0,1.0,0.0,0.0,0.0,1.0,1.0,0.0,0.0,0.0,0.0,1.0,0.0,0.0,0.0,0.0,0.0,0.0,1.0,1.0,0.0,1.0,0.0,1611.7,4217819.0
-0.769512180636885,-1.0,0.0,1.0,-1.5383334287628112,-0.9364999678187553,-0.737545171787634,-1.0,-1.0,0.0,0.0,0.0,1.0,1.0,0.0,0.0,0.0,0.0,1.0,0.0,0.0,0.0,0.0,0.0,1.0,0.0,1.0,0.0,1.0,0.0,2629.7,1296442.0
-0.31497428466225585,0.0,0.0,0.0,-0.39829964037728177,-0.6977408766171076,-0.3935384117509573,0.0,0.0,0.0,1.0,0.0,0.0,0.0,0.0,1.0,0.0,0.0,0.0,0.0,1.0,0.0,0.0,0.0,0.0,1.0,1.0,0.0,1.0,0.0,1903.6,2759649.0
0.4028696654036656,0.0,1.0,-1.0,0.3569672049756011,0.08022140696402123,-0.1163948868233221,0.0,0.0,0.0,0.0,0.0,1.0,1.0,0.0,0.0,0.0,0.0,1.0,0.0,0.0,0.0,1.0,0.0,0.0,0.0,1.0,0.0,1.0,0.0,1355.4,4012797.0
-0.5489185304842559,0.0,0.0,0.0,-0.8370996276544794,-0.9512775954173909,-0.5705938404559429,0.0,1.5,0.0,0.0,0.0,1.0,0.0,0.0,1.0,0.0,0.0,1.0,0.0,0.0,0.0,0.0,0.0,0.0,1.0,0.0,1.0,1.0,0.0,2234.4,2138991.0
-0.2037985057785272,-1.0,1.0,-1.0,-0.24004517956725163,0.28968269292656235,-0.4607522338685028,-1.0,-1.0,0.0,1.0,0.0,0.0,0.0,1.0,0.0,0.0,0.0,0.0,0.0,0.0,1.0,1.0,0.0,0.0,0.0,1.0,0.0,1.0,0.0,1632.1,2747967.0
-0.47822213775819256,0.0,0.0,-1.0,-0.6843512461552036,-0.8746604878676708,-0.5170888693119504,0.0,0.0,0.0,1.0,0.0,0.0,0.0,1.0,0.0,0.0,0.0,1.0,0.0,0.0,0.0,0.0,1.0,0.0,0.0,1.0,0.0,1.0,0.0,4668.2,5163496.0
-0.4764642301433643,-1.0,-1.0,-1.0,-0.6808203499779294,-0.3013194310355926,-0.316229481670592,-1.0,-1.0,0.0,0.0,0.0,1.0,0.0,0.0,1.0,0.0,0.0,1.0,0.0,0.0,0.0,0.0,0.0,1.0,0.0,1.0,0.0,1.0,0.0,3365.9,3735476.0
0.06359349574182531,-1.0,0.0,-1.0,0.06497982747720656,0.8692540387462186,-0.10702792110893357,-1.0,-1.0,1.0,0.0,0.0,0.0,0.0,0.0,1.0,0.0,0.0,0.0,1.0,0.0,0.0,0.0,0.0,1.0,0.0,1.0,0.0,1.0,0.0,4063.6,9128877.0
0.8988846788849165,0.0,1.0,-1.0,0.6765251000719164,0.6177769196112505,0.16515344923679906,0.0,0.0,0.0,1.0,0.0,0.0,0.0,1.0,0.0,0.0,0.0,1.0,0.0,0.0,0.0,0.0,0.0,0.0,1.0,1.0,0.0,1.0,0.0,1862.0,7456565.0
0.9639747716501766,0.0,1.0,0.0,0.7121148222468286,0.6883182081482913,0.20209992628683424,0.0,0.0,0.0,1.0,0.0,0.0,0.0,1.0,0.0,0.0,0.0,0.0,1.0,0.0,0.0,0.0,0.0,0.0,1.0,1.0,0.0,1.0,0.0,1862.8,7714972.0
1.3116603912532219,1.0,0.0,0.0,0.8842665383477496,0.2286842161721479,0.837543373905539,0.0,1.0,0.0,0.0,0.0,1.0,1.0,0.0,0.0,0.0,0.0,1.0,0.0,0.0,0.0,1.0,0.0,0.0,0.0,1.0,0.0,1.0,0.0,1317.7,6421679.0
0.07613640412870756,1.0,0.0,1.0,0.07733818383460156,-0.6639806054364851,-0.09753510364790272,0.0,1.0,0.0,0.0,1.0,0.0,0.0,1.0,0.0,0.0,0.0,0.0,1.0,0.0,0.0,0.0,1.0,0.0,0.0,1.0,0.0,1.0,0.0,3654.1,8305404.0
0.03964794336686832,0.0,-1.0,1.0,0.04097816898687642,-0.31341957906931855,0.26968231423383254,0.0,0.0,0.0,1.0,0.0,0.0,0.0,0.0,1.0,0.0,0.0,0.0,0.0,0.0,1.0,0.0,0.0,0.0,1.0,1.0,0.0,1.0,0.0,1769.2,3885340.0
0.17101590431281266,0.0,-2.0,0.0,0.16642105719947395,-0.1710497522044154,1.7524496143542905,0.0,0.0,0.0,0.0,1.0,0.0,1.0,0.0,0.0,0.0,0.0,0.0,1.0,0.0,0.0,0.0,0.0,0.0,1.0,1.0,0.0,1.0,0.0,1591.6,3935390.0
-0.0862087396515065,0.0,0.0,-1.0,-0.09498683279727632,-0.4498165669048079,-0.22040236601283678,0.0,0.0,0.0,0.0,0.0,1.0,0.0,0.0,1.0,0.0,0.0,1.0,0.0,0.0,0.0,0.0,0.0,0.0,1.0,1.0,0.0,1.0,0.0,2067.6,3992949.0
-0.07732417954413158,0.0,1.0,-1.0,-0.0847940875301588,-0.44018793846946,-0.3889628018194566,0.0,0.0,1.0,0.0,0.0,0.0,0.0,0.0,1.0,0.0,0.0,0.0,0.0,0.0,1.0,0.0,0.0,0.0,1.0,1.0,0.0,1.0,0.0,2472.5,4821128.0
-0.5503438609827652,0.0,-1.0,-1.0,-0.8404177716574945,-0.9528222951663772,-0.4001006813973139,0.0,0.0,0.0,1.0,0.0,0.0,1.0,0.0,0.0,0.0,0.0,0.0,0.0,1.0,0.0,1.0,0.0,0.0,0.0,1.0,0.0,1.0,0.0,1473.9,1406543.0
-0.02577472651471038,0.0,0.0,-1.0,-0.027516639784179675,-0.3843212975477892,-0.17466424551877882,0.0,0.0,1.0,0.0,0.0,0.0,0.0,1.0,0.0,0.0,0.0,0.0,0.0,1.0,0.0,0.0,0.0,0.0,1.0,1.0,0.0,1.0,0.0,2255.7,4643133.0
-0.5503438609827652,0.0,0.0,-1.0,-0.8404177716574945,-0.9528222951663772,-0.5716725697128782,0.0,0.0,0.0,1.0,0.0,0.0,0.0,0.0,0.0,1.0,0.0,0.0,0.0,1.0,0.0,1.0,0.0,0.0,0.0,1.0,0.0,1.0,0.0,1697.8,1620211.0
-0.6724471736883988,-1.0,-1.0,-1.0,-1.1720535473158302,-0.7261118620068225,-0.5387173909135038,-1.0,-1.0,0.0,0.0,1.0,0.0,1.0,0.0,0.0,0.0,0.0,0.0,0.0,0.0,1.0,0.0,0.0,0.0,1.0,1.0,0.0,1.0,0.0,1932.1,1347253.0
0.4527087218348756,1.0,-2.0,-1.0,0.39380245870137254,-0.3919074896483663,2.3920281907912475,0.0,1.0,0.0,1.0,0.0,0.0,0.0,1.0,0.0,0.0,0.0,0.0,0.0,1.0,0.0,0.0,0.0,0.0,1.0,1.0,0.0,1.0,0.0,2005.2,6146941.0
-0.4930455749426896,-1.0,0.0,0.0,-0.7146033242978928,-0.3372594451953402,-0.5283076535840778,-1.0,-1.0,0.0,0.0,0.0,1.0,0.0,1.0,0.0,0.0,0.0,1.0,0.0,0.0,0.0,0.0,0.0,0.0,1.0,1.0,0.0,1.0,0.0,1851.8,1990500.0
0.5830314404152466,0.0,1.0,-1.0,0.4844677493442178,0.2754714552358885,-0.014131353265852726,0.0,0.0,0.0,0.0,1.0,0.0,0.0,1.0,0.0,0.0,0.0,0.0,0.0,0.0,1.0,1.0,0.0,0.0,0.0,1.0,0.0,1.0,0.0,1345.2,4492699.0
-0.6118231164851348,-1.0,-1.0,0.0,-0.9944501946874217,-0.5947094033597221,-0.4698944643210297,-1.0,-1.0,0.0,1.0,0.0,0.0,1.0,0.0,0.0,0.0,0.0,1.0,0.0,0.0,0.0,0.0,0.0,1.0,0.0,1.0,0.0,1.0,0.0,3124.6,2577483.0
0.8918055374089867,0.0,2.0,1.0,0.6725812311402358,0.6101049108579518,-0.0540551230650294,0.0,0.0,0.0,0.0,0.0,1.0,1.0,0.0,0.0,0.0,0.0,1.0,0.0,0.0,0.0,0.0,0.0,1.0,0.0,1.0,0.0,1.0,0.0,2248.3,8970043.0
0.7137342471285532,1.0,-2.0,-1.0,0.5682088433240816,-0.20331681362768453,2.9846820445515183,0.0,1.0,0.0,0.0,1.0,0.0,0.0,1.0,0.0,0.0,0.0,1.0,0.0,0.0,0.0,0.0,0.0,0.0,1.0,1.0,0.0,1.0,0.0,1910.2,6905182.0
-0.6913565583019561,-1.0,0.0,0.0,-1.2341571265540237,-0.7670978953465921,-0.6783948508656802,-1.0,-1.0,0.0,1.0,0.0,0.0,0.0,1.0,0.0,0.0,0.0,0.0,1.0,0.0,0.0,0.0,0.0,1.0,0.0,1.0,0.0,1.0,0.0,2939.3,1932590.0
-0.5766649641885709,-1.0,1.0,0.0,-0.9036404591773697,-0.518504215743065,-0.6723989140792146,-1.0,-1.0,1.0,0.0,0.0,0.0,1.0,0.0,0.0,0.0,0.0,0.0,1.0,0.0,0.0,0.0,0.0,0.0,1.0,1.0,0.0,1.0,0.0,2116.0,1902072.0
-0.24271002838783226,-1.0,-1.0,-1.0,-0.2927842890416668,0.20534208663191078,-0.05086208446450079,-1.0,-1.0,0.0,0.0,1.0,0.0,1.0,0.0,0.0,0.0,0.0,0.0,0.0,1.0,0.0,0.0,0.0,0.0,1.0,1.0,0.0,1.0,0.0,1989.8,3187262.0
0.5462579135537055,0.0,1.0,0.0,0.4596612540487389,0.23561820171204217,-0.03500476438755139,0.0,0.0,0.0,0.0,0.0,1.0,0.0,1.0,0.0,0.0,0.0,1.0,0.0,0.0,0.0,0.0,0.0,1.0,0.0,1.0,0.0,1.0,0.0,2450.2,7993532.0
1.4444061716810588,1.0,0.0,1.0,0.9432514060261482,0.32459290725365264,0.9380090253681165,0.0,1.0,0.0,0.0,0.0,1.0,1.0,0.0,0.0,0.0,0.0,0.0,0.0,0.0,1.0,0.0,0.0,1.0,0.0,1.0,0.0,1.0,0.0,2374.0,12232747.0
-0.3240488888360987,0.0,1.0,-1.0,-0.41232536553221016,-0.707575465018987,-0.5290088276010858,0.0,0.0,0.0,0.0,0.0,1.0,0.0,1.0,0.0,0.0,0.0,0.0,1.0,0.0,0.0,0.0,0.0,0.0,1.0,1.0,0.0,1.0,0.0,1977.5,2829012.0
-0.013849461343848932,-1.0,0.0,-1.0,-0.01469644723733036,0.7013966660230416,-0.1656388774024199,-1.0,-1.0,1.0,0.0,0.0,0.0,0.0,1.0,0.0,0.0,0.0,1.0,0.0,0.0,0.0,0.0,0.0,0.0,1.0,1.0,0.0,1.0,0.0,2390.2,4979982.0
0.655723295839223,0.0,0.0,1.0,0.5318565451564405,0.35425114243418937,0.3411121698639003,0.0,0.0,1.0,0.0,0.0,0.0,0.0,1.0,0.0,0.0,0.0,1.0,0.0,0.0,0.0,1.0,0.0,0.0,0.0,1.0,0.0,1.0,0.0,1403.8,4903193.0
-0.6339632502286466,-1.0,0.0,-1.0,-1.055911757150264,-0.6426980755615629,-0.634958019453084,-1.0,-1.0,0.0,0.0,0.0,1.0,0.0,1.0,0.0,0.0,0.0,1.0,0.0,0.0,0.0,0.0,0.0,0.0,1.0,1.0,0.0,1.0,0.0,1978.3,1539711.0
0.382772505374684,1.0,0.0,1.0,0.3417432025611995,-0.4424363347707623,0.13453551716078474,0.0,4.5,0.0,1.0,0.0,0.0,1.0,0.0,0.0,0.0,0.0,1.0,0.0,0.0,0.0,0.0,0.0,1.0,0.0,0.0,1.0,0.0,1.0,2871.2,8829023.0
-0.4397382142984403,-1.0,-1.0,0.0,-0.6096256030823637,-0.22171590397116578,-0.2745365958900415,-1.0,-1.0,0.0,0.0,0.0,1.0,0.0,0.0,1.0,0.0,0.0,1.0,0.0,0.0,0.0,0.0,0.0,0.0,1.0,1.0,0.0,1.0,0.0,2050.9,2434623.0
0.1024099963178963,0.0,1.0,1.0,0.1027666636739306,-0.24540130012228892,-0.2869419823447978,0.0,0.0,0.0,0.0,0.0,1.0,0.0,1.0,0.0,0.0,0.0,1.0,0.0,0.0,0.0,0.0,0.0,1.0,0.0,1.0,0.0,1.0,0.0,2356.0,5485239.0
0.12269720041334606,-1.0,-1.0,0.0,0.12199160888935762,0.9973611379288151,0.36396325128998047,-1.0,-1.0,1.0,0.0,0.0,0.0,1.0,0.0,0.0,0.0,0.0,0.0,0.0,1.0,0.0,1.0,0.0,0.0,0.0,1.0,0.0,1.0,0.0,1463.3,3469338.0
0.24480051311897966,1.0,-1.0,0.0,0.23085984786462005,-0.5421209585720109,0.5025799608061704,0.0,2.5,0.0,0.0,1.0,0.0,0.0,0.0,1.0,0.0,0.0,1.0,0.0,0.0,0.0,1.0,0.0,0.0,0.0,0.0,1.0,1.0,0.0,1507.8,3962348.0
0.6305899680488415,0.0,1.0,1.0,0.5157106845020678,0.32701293686039773,0.012863846388953885,0.0,0.0,1.0,0.0,0.0,0.0,0.0,1.0,0.0,0.0,0.0,1.0,0.0,0.0,0.0,0.0,0.0,0.0,1.0,1.0,0.0,1.0,0.0,1909.9,6569865.0
-0.5553800287441648,0.0,0.0,0.0,-0.8522259132402306,-0.958280234279462,-0.5754840797540497,0.0,0.0,0.0,0.0,0.0,1.0,1.0,0.0,0.0,0.0,0.0,1.0,0.0,0.0,0.0,0.0,0.0,0.0,1.0,1.0,0.0,1.0,0.0,1772.6,1672803.0
-0.27197681462389073,-1.0,-1.0,0.0,-0.3342585387518241,0.1419064169402072,-0.0840869455781089,-1.0,-1.0,0.0,0.0,0.0,1.0,0.0,1.0,0.0,0.0,1.0,0.0,0.0,0.0,0.0,1.0,0.0,0.0,0.0,1.0,0.0,1.0,0.0,1457.6,2244996.0
-0.14906581463576846,-1.0,-1.0,0.0,-0.17004766433076055,0.40831563364870954,0.05544668380647606,-1.0,-1.0,0.0,1.0,0.0,0.0,0.0,0.0,1.0,0.0,0.0,1.0,0.0,0.0,0.0,1.0,0.0,0.0,0.0,1.0,0.0,1.0,0.0,1568.1,2820855.0
1.7353636374434322,1.0,-1.0,-1.0,1.0620724153233192,0.5348093797601424,2.194728609697776,0.0,1.0,1.0,0.0,0.0,0.0,0.0,1.0,0.0,0.0,0.0,1.0,0.0,0.0,0.0,1.0,0.0,0.0,0.0,1.0,0.0,1.0,0.0,1732.6,9988786.0
-0.59177346747277,-1.0,-2.0,0.0,-0.9417134049837103,-0.5512518504215744,0.020549792344618113,-1.0,-1.0,0.0,1.0,0.0,0.0,0.0,0.0,1.0,0.0,0.0,1.0,0.0,0.0,0.0,0.0,0.0,1.0,0.0,1.0,0.0,1.0,0.0,3248.9,2817121.0
-0.7018564929743082,-1.0,1.0,0.0,-1.2702833860427,-0.7898564716483235,-0.7434602038798294,-1.0,-1.0,0.0,0.0,0.0,1.0,1.0,0.0,0.0,0.0,0.0,0.0,0.0,1.0,0.0,0.0,1.0,0.0,0.0,1.0,0.0,1.0,0.0,4359.3,2769899.0
-0.10521314629829771,-1.0,1.0,1.0,-0.11712477761902212,0.5033661582029992,-0.40479315366498253,-1.0,-1.0,1.0,0.0,0.0,0.0,0.0,0.0,1.0,0.0,0.0,0.0,0.0,0.0,1.0,0.0,0.0,0.0,1.0,1.0,0.0,1.0,0.0,2215.0,4189008.0
1.237970804480289,0.0,0.0,0.0,0.8500458857930713,0.9852609898950891,0.7817730713219827,0.0,0.0,0.0,0.0,0.0,1.0,1.0,0.0,0.0,0.0,1.0,0.0,0.0,0.0,0.0,0.0,0.0,0.0,1.0,1.0,0.0,1.0,0.0,1768.0,8341954.0
0.42462971101424163,0.0,-1.0,0.0,0.3732076230113091,0.10380382313187869,0.7067294726811816,0.0,0.0,0.0,0.0,0.0,1.0,0.0,0.0,1.0,0.0,0.0,0.0,1.0,0.0,0.0,0.0,0.0,0.0,1.0,1.0,0.0,1.0,0.0,1792.4,5388671.0
-0.1039303488496393,0.0,-1.0,0.0,-0.11561580330774372,-0.4690223337838708,0.10668632351090424,0.0,0.0,1.0,0.0,0.0,0.0,1.0,0.0,0.0,0.0,0.0,0.0,0.0,1.0,0.0,0.0,0.0,0.0,1.0,1.0,0.0,1.0,0.0,2138.8,4050673.0
0.5857870793790311,0.0,1.0,0.0,0.486303423456479,0.2784578747505952,-0.012567195843296571,0.0,0.0,0.0,1.0,0.0,0.0,1.0,0.0,0.0,0.0,0.0,1.0,0.0,0.0,0.0,1.0,0.0,0.0,0.0,1.0,0.0,1.0,0.0,1307.9,4375710.0
0.40595788148376916,0.0,-1.0,0.0,0.35928729902676176,0.0835682564201582,0.6855324427824022,0.0,0.0,0.0,0.0,0.0,1.0,0.0,1.0,0.0,0.0,0.0,0.0,0.0,1.0,0.0,1.0,0.0,0.0,0.0,1.0,0.0,1.0,0.0,1337.9,3969683.0
-0.4333717380717652,0.0,-1.0,-1.0,-0.5977567453886952,-0.8260539357662355,-0.26730910986857476,0.0,0.0,0.0,0.0,0.0,1.0,0.0,1.0,0.0,0.0,0.0,1.0,0.0,0.0,0.0,0.0,0.0,0.0,1.0,1.0,0.0,1.0,0.0,1928.4,2315044.0
0.43484457958689193,0.0,-2.0,-1.0,0.380746284845447,0.11487417133294711,2.3514679707304795,0.0,0.0,0.0,0.0,0.0,1.0,1.0,0.0,0.0,0.0,0.0,1.0,0.0,0.0,0.0,0.0,0.0,0.0,1.0,1.0,0.0,1.0,0.0,1773.2,5369072.0
-0.14787803922034398,-1.0,1.0,0.0,-0.1685787888480534,0.41089013323035334,-0.4290106254831807,-1.0,-1.0,0.0,0.0,0.0,1.0,0.0,0.0,1.0,0.0,0.0,0.0,0.0,0.0,1.0,0.0,0.0,0.0,1.0,1.0,0.0,1.0,0.0,1904.4,3430586.0
-0.27093157225831715,0.0,0.0,0.0,-0.3327489846523708,-0.6500096543734312,-0.36020567771165557,0.0,0.0,0.0,0.0,1.0,0.0,0.0,1.0,0.0,0.0,0.0,0.0,0.0,0.0,1.0,0.0,0.0,1.0,0.0,1.0,0.0,1.0,0.0,2581.6,3981860.0
0.5564727821263558,0.0,-1.0,0.0,0.46661047682619144,0.2466885499131106,0.8564031570809586,0.0,0.0,0.0,0.0,0.0,1.0,0.0,1.0,0.0,0.0,0.0,1.0,0.0,0.0,0.0,0.0,0.0,0.0,1.0,1.0,0.0,1.0,0.0,1786.2,5865702.0
0.05504151275076925,-1.0,0.0,1.0,0.05647016112575518,0.8507176417583832,-0.11350029665054555,-1.0,-1.0,0.0,0.0,0.0,1.0,1.0,0.0,0.0,0.0,0.0,1.0,0.0,0.0,0.0,0.0,0.0,0.0,1.0,1.0,0.0,1.0,0.0,1628.3,3628667.0
-0.1900678219762206,0.0,-2.0,0.0,-0.22204522624018228,-0.5623736886142757,0.9326153790834396,0.0,0.0,0.0,0.0,0.0,1.0,0.0,1.0,0.0,0.0,0.0,0.0,0.0,1.0,0.0,1.0,0.0,0.0,0.0,1.0,0.0,1.0,0.0,1314.5,2251213.0
0.013991994393700169,1.0,1.0,-1.0,0.014643297107195653,-0.7088798781403532,-0.337129861023714,0.0,2.5,1.0,0.0,0.0,0.0,0.0,1.0,0.0,0.0,1.0,0.0,0.0,0.0,0.0,0.0,1.0,0.0,0.0,0.0,1.0,1.0,0.0,6639.8,14223116.0
-0.029955695977004537,-1.0,1.0,0.0,-0.03204839345930705,0.6664864516959514,-0.3620754750903435,-1.0,-1.0,0.0,0.0,1.0,0.0,1.0,0.0,0.0,0.0,1.0,0.0,0.0,0.0,0.0,0.0,0.0,0.0,1.0,1.0,0.0,1.0,0.0,1771.6,3631071.0
0.6573861814208172,0.0,0.0,-1.0,0.5329161583276845,0.35605329214134,0.34237068733032494,0.0,0.0,0.0,0.0,0.0,1.0,0.0,0.0,1.0,0.0,0.0,0.0,0.0,0.0,1.0,0.0,1.0,0.0,0.0,1.0,0.0,1.0,0.0,4531.3,15842784.0
0.1952940338040884,0.0,-2.0,0.0,0.18806012233342614,-0.14473836648001565,1.8075726793836857,0.0,0.0,0.0,0.0,1.0,0.0,1.0,0.0,0.0,0.0,0.0,1.0,0.0,0.0,0.0,0.0,0.0,0.0,1.0,1.0,0.0,1.0,0.0,1664.9,4201708.0
0.28974593483864086,0.0,0.0,-1.0,0.26827199072215296,-0.04237626311385734,0.06413045432480542,0.0,0.0,0.0,0.0,1.0,0.0,0.0,1.0,0.0,0.0,0.0,0.0,1.0,0.0,0.0,1.0,0.0,0.0,0.0,1.0,0.0,1.0,0.0,1250.5,3404486.0
-0.48549132330059014,0.0,0.0,0.0,-0.6990783633226385,-0.882538456587501,-0.5225903885223206,0.0,0.0,0.0,0.0,0.0,1.0,0.0,1.0,0.0,0.0,0.0,0.0,1.0,0.0,0.0,0.0,0.0,1.0,0.0,1.0,0.0,1.0,0.0,2707.0,2952796.0
-0.5941965293202359,-1.0,0.0,-1.0,-0.9479489448172184,-0.5565038295681278,-0.6048614731845885,-1.0,-1.0,0.0,0.0,0.0,1.0,0.0,1.0,0.0,0.0,0.0,1.0,0.0,0.0,0.0,0.0,0.0,1.0,0.0,1.0,0.0,1.0,0.0,3155.1,2719696.0
-0.5812260217838009,-1.0,0.0,-1.0,-0.9149905313977477,-0.5283902941365773,-0.5950450369464769,-1.0,-1.0,0.0,1.0,0.0,0.0,0.0,1.0,0.0,0.0,0.0,1.0,0.0,0.0,0.0,0.0,0.0,1.0,0.0,1.0,0.0,1.0,0.0,3255.0,2894672.0
-0.16902044161489924,0.0,0.0,0.0,-0.1950345837836907,-0.5395636223209114,-0.28307653584077946,0.0,0.0,0.0,1.0,0.0,0.0,0.0,1.0,0.0,0.0,0.0,0.0,1.0,0.0,0.0,0.0,0.0,1.0,0.0,1.0,0.0,1.0,0.0,2767.4,4862045.0
-0.31245620078155606,0.0,1.0,0.0,-0.3944404080685944,-0.6950119070605651,-0.5224285791337803,0.0,0.0,0.0,0.0,1.0,0.0,0.0,1.0,0.0,0.0,0.0,1.0,0.0,0.0,0.0,0.0,0.0,1.0,0.0,1.0,0.0,1.0,0.0,2478.0,3605490.0
0.5988526089487001,1.0,0.0,0.0,0.49496397178715523,-0.2863186801398813,0.29807087251218056,0.0,1.0,0.0,0.0,0.0,1.0,0.0,0.0,1.0,0.0,0.0,1.0,0.0,0.0,0.0,0.0,0.0,0.0,1.0,1.0,0.0,1.0,0.0,2022.2,6821083.0
0.4259600194795169,1.0,0.0,-1.0,0.37419244906252014,-0.41123339984123936,0.16722101364592507,0.0,1.0,0.0,1.0,0.0,0.0,1.0,0.0,0.0,0.0,1.0,0.0,0.0,0.0,0.0,0.0,1.0,0.0,0.0,1.0,0.0,1.0,0.0,4786.7,14404138.0
0.9725742656578494,1.0,1.0,0.0,0.7167285643523181,-0.01630516401707767,0.20698117617446646,0.0,1.0,0.0,1.0,0.0,0.0,0.0,0.0,1.0,0.0,0.0,0.0,1.0,0.0,0.0,0.0,0.0,0.0,1.0,1.0,0.0,1.0,0.0,2108.2,8769480.0
0.4605005285600601,0.0,0.0,0.0,0.39944710736868866,0.14267876681470035,0.19336221930565792,0.0,2.0,0.0,0.0,0.0,1.0,1.0,0.0,0.0,0.0,0.0,0.0,1.0,0.0,0.0,0.0,1.0,0.0,0.0,1.0,0.0,0.0,1.0,3839.2,12282030.0
-0.32248102528773837,0.0,0.0,1.0,-0.40988875022990234,-0.7058762952951021,-0.39921971917081667,0.0,0.0,1.0,0.0,0.0,0.0,1.0,0.0,0.0,0.0,0.0,0.0,0.0,0.0,1.0,0.0,0.0,1.0,0.0,1.0,0.0,1.0,0.0,2787.5,3996996.0
0.1111520233754203,-1.0,0.0,-1.0,0.11109380714816121,0.972337001995237,-0.07103432156919151,-1.0,-1.0,0.0,0.0,0.0,1.0,0.0,1.0,0.0,0.0,0.0,1.0,0.0,0.0,0.0,1.0,0.0,0.0,0.0,1.0,0.0,1.0,0.0,1449.8,3402101.0
0.6106828520863277,0.0,0.0,-1.0,0.5027450288029199,0.3054386303662225,0.307024325344744,0.0,0.0,0.0,0.0,1.0,0.0,0.0,0.0,1.0,0.0,0.0,0.0,0.0,0.0,1.0,0.0,0.0,0.0,1.0,1.0,0.0,1.0,0.0,1813.8,6163292.0
0.08972455488116324,0.0,0.0,-1.0,0.09056552307101129,-0.25914912788826683,-0.08725121806511928,0.0,0.0,0.0,0.0,1.0,0.0,1.0,0.0,0.0,0.0,0.0,1.0,0.0,0.0,0.0,0.0,0.0,0.0,1.0,1.0,0.0,1.0,0.0,1736.3,3996094.0
0.32043805157320865,0.0,-2.0,-1.0,0.2930804330446731,-0.009113728519019256,2.091709965660452,0.0,0.0,1.0,0.0,0.0,0.0,1.0,0.0,0.0,0.0,0.0,1.0,0.0,0.0,0.0,0.0,0.0,1.0,0.0,1.0,0.0,1.0,0.0,3234.5,9014875.0
-0.2766804052689716,-1.0,2.0,-1.0,-0.3410783065469022,0.1317113985968976,-0.5846604699663795,-1.0,1.0,1.0,0.0,0.0,0.0,0.0,0.0,1.0,0.0,0.0,1.0,0.0,0.0,0.0,0.0,1.0,0.0,0.0,1.0,0.0,0.0,1.0,5692.3,9160927.0
-0.0007839317741799651,-1.0,0.0,0.0,-0.000826447118312029,0.7297161614211237,-0.15575052588051272,-1.0,-1.0,0.0,0.0,0.0,1.0,0.0,0.0,1.0,0.0,0.0,1.0,0.0,0.0,0.0,0.0,0.0,0.0,1.0,1.0,0.0,1.0,0.0,1974.6,4168381.0
-0.09509329975888141,0.0,-1.0,-1.0,-0.10527870557127074,-0.4594451953401559,0.11671850560040276,0.0,0.0,0.0,0.0,0.0,1.0,0.0,1.0,0.0,0.0,0.0,0.0,0.0,0.0,1.0,0.0,0.0,1.0,0.0,1.0,0.0,1.0,0.0,2925.4,5594828.0
0.9327125227162051,0.0,0.0,-1.0,0.6951706703093175,0.6544377936538586,0.550745222128333,0.0,0.0,0.0,0.0,0.0,1.0,1.0,0.0,0.0,0.0,0.0,0.0,0.0,0.0,1.0,0.0,0.0,1.0,0.0,1.0,0.0,1.0,0.0,2537.6,10342750.0
0.9868750816595601,0.0,-1.0,-1.0,0.7243568803012084,0.7131363841153375,1.3450135740098164,0.0,0.0,0.0,0.0,0.0,1.0,1.0,0.0,0.0,0.0,0.0,1.0,0.0,0.0,0.0,0.0,0.0,0.0,1.0,1.0,0.0,1.0,0.0,1808.7,7578091.0
-0.6268841087527168,-1.0,-1.0,-1.0,-1.0358690083146642,-0.6273540580549656,-0.4869923230434547,-1.0,-1.0,1.0,0.0,0.0,0.0,1.0,0.0,0.0,0.0,0.0,0.0,1.0,0.0,0.0,0.0,0.0,0.0,1.0,1.0,0.0,1.0,0.0,2431.1,1928349.0
0.6625173712154507,0.0,-1.0,0.0,0.5361791498333289,0.36161421123769055,0.9767893421549414,0.0,0.0,0.0,0.0,0.0,1.0,0.0,1.0,0.0,0.0,0.0,0.0,0.0,0.0,1.0,0.0,1.0,0.0,0.0,1.0,0.0,1.0,0.0,4202.1,14737185.0
0.4557969379149792,1.0,0.0,0.0,0.39604327005816103,-0.38967625667760836,0.18980241275777138,0.0,1.0,1.0,0.0,0.0,0.0,0.0,1.0,0.0,0.0,0.0,0.0,0.0,0.0,1.0,0.0,1.0,0.0,0.0,1.0,0.0,1.0,0.0,4928.8,15141274.0
1.1779643904930457,0.0,1.0,-1.0,0.8213382250733247,0.9202291304627662,0.3235648406177523,0.0,0.0,0.0,0.0,0.0,1.0,0.0,1.0,0.0,0.0,0.0,1.0,0.0,0.0,0.0,1.0,0.0,0.0,0.0,1.0,0.0,1.0,0.0,1327.6,6096339.0
-0.6515423263769284,-1.0,0.0,-1.0,-1.1073885672078583,-0.6808006693698914,-0.6482623469552865,-1.0,-1.0,0.0,1.0,0.0,0.0,0.0,1.0,0.0,0.0,0.0,1.0,0.0,0.0,0.0,0.0,0.0,1.0,0.0,1.0,0.0,1.0,0.0,3314.8,2457261.0
-0.18522169828128882,0.0,-1.0,0.0,-0.21576469824923117,-0.5571217094677223,0.014401035580086681,0.0,0.0,0.0,0.0,0.0,1.0,0.0,0.0,0.0,1.0,0.0,0.0,0.0,0.0,1.0,0.0,0.0,0.0,1.0,1.0,0.0,1.0,0.0,1955.9,3369625.0
